# Blender 5.1.1
# www.blender.org
o Pocong
v 0.000000 0.500000 -0.245106
v 0.000000 1.400000 -0.245106
v 0.075742 0.500000 -0.233109
v 0.075742 1.400000 -0.233109
v 0.144069 0.500000 -0.198295
v 0.144069 1.400000 -0.198295
v 0.198295 0.500000 -0.144069
v 0.198295 1.400000 -0.144069
v 0.233109 0.500000 -0.075742
v 0.233109 1.400000 -0.075742
v 0.245106 0.500000 -0.000000
v 0.245106 1.400000 -0.000000
v 0.233109 0.500000 0.075742
v 0.233109 1.400000 0.075742
v 0.198295 0.500000 0.144069
v 0.198295 1.400000 0.144069
v 0.144069 0.500000 0.198295
v 0.144069 1.400000 0.198295
v 0.075742 0.500000 0.233109
v 0.075742 1.400000 0.233109
v 0.000000 0.500000 0.245106
v 0.000000 1.400000 0.245106
v -0.075742 0.500000 0.233109
v -0.075742 1.400000 0.233109
v -0.144069 0.500000 0.198295
v -0.144069 1.400000 0.198295
v -0.198295 0.500000 0.144069
v -0.198295 1.400000 0.144069
v -0.233109 0.500000 0.075742
v -0.233109 1.400000 0.075742
v -0.245106 0.500000 0.000000
v -0.245106 1.400000 -0.000000
v -0.233109 0.500000 -0.075742
v -0.233109 1.400000 -0.075742
v -0.198295 0.500000 -0.144069
v -0.198295 1.400000 -0.144069
v -0.144069 0.500000 -0.198295
v -0.144069 1.400000 -0.198295
v -0.075742 0.500000 -0.233109
v -0.075742 1.400000 -0.233109
v 0.000000 2.248091 0.000000
v -0.000000 2.236108 -0.078317
v -0.000000 2.206857 -0.145877
v -0.000000 1.950000 -0.291754
v -0.000000 1.693143 -0.145877
v -0.000000 1.651908 0.000000
v 0.024201 2.236108 -0.074484
v 0.045078 2.206857 -0.138737
v 0.063751 2.159723 -0.196204
v 0.078078 2.098296 -0.240300
v 0.087085 2.026764 -0.268020
v 0.090157 1.950000 -0.277474
v 0.087085 1.873236 -0.268020
v 0.078078 1.801704 -0.240300
v 0.063751 1.740278 -0.196204
v 0.045078 1.693143 -0.138737
v 0.024201 1.663892 -0.074484
v 0.046033 2.236108 -0.063360
v 0.085744 2.206857 -0.118017
v 0.121261 2.159723 -0.166901
v 0.148513 2.098296 -0.204411
v 0.165645 2.026764 -0.227991
v 0.171489 1.950000 -0.236034
v 0.165645 1.873236 -0.227991
v 0.148513 1.801704 -0.204411
v 0.121261 1.740278 -0.166901
v 0.085744 1.693143 -0.118017
v 0.046033 1.663892 -0.063360
v 0.063360 2.236108 -0.046033
v 0.118017 2.206857 -0.085744
v 0.166901 2.159723 -0.121261
v 0.204411 2.098296 -0.148513
v 0.227991 2.026764 -0.165645
v 0.236034 1.950000 -0.171489
v 0.227991 1.873236 -0.165645
v 0.204411 1.801704 -0.148513
v 0.166901 1.740278 -0.121261
v 0.118017 1.693143 -0.085744
v 0.063360 1.663892 -0.046033
v 0.074484 2.236108 -0.024201
v 0.138737 2.206857 -0.045078
v 0.196204 2.159723 -0.063751
v 0.240300 2.098296 -0.078078
v 0.268020 2.026764 -0.087085
v 0.277474 1.950000 -0.090157
v 0.268020 1.873236 -0.087085
v 0.240300 1.801704 -0.078078
v 0.196204 1.740278 -0.063751
v 0.138737 1.693143 -0.045078
v 0.074484 1.663892 -0.024201
v 0.078317 2.236108 0.000000
v 0.145877 2.206857 0.000000
v 0.206301 2.159723 -0.000000
v 0.252666 2.098296 -0.000000
v 0.281813 2.026764 -0.000000
v 0.291754 1.950000 0.000000
v 0.281813 1.873236 -0.000000
v 0.252666 1.801704 -0.000000
v 0.206301 1.740278 -0.000000
v 0.145877 1.693143 0.000000
v 0.078317 1.663892 0.000000
v 0.074484 2.236108 0.024201
v 0.138737 2.206857 0.045078
v 0.196204 2.159723 0.063751
v 0.240300 2.098296 0.078078
v 0.268020 2.026764 0.087085
v 0.277474 1.950000 0.090157
v 0.268020 1.873236 0.087085
v 0.240300 1.801704 0.078078
v 0.196204 1.740278 0.063751
v 0.138737 1.693143 0.045078
v 0.074484 1.663892 0.024201
v 0.063360 2.236108 0.046033
v 0.118017 2.206857 0.085744
v 0.166901 2.159723 0.121261
v 0.204411 2.098296 0.148514
v 0.227991 2.026764 0.165645
v 0.236034 1.950000 0.171489
v 0.227991 1.873236 0.165645
v 0.204411 1.801704 0.148514
v 0.166901 1.740278 0.121261
v 0.118017 1.693143 0.085744
v 0.063360 1.663892 0.046033
v 0.046033 2.236108 0.063360
v 0.085744 2.206857 0.118017
v 0.121261 2.159723 0.166901
v 0.148514 2.098296 0.204411
v 0.165645 2.026764 0.227991
v 0.171489 1.950000 0.236034
v 0.165645 1.873236 0.227991
v 0.148514 1.801704 0.204411
v 0.121261 1.740278 0.166901
v 0.085744 1.693143 0.118017
v 0.046033 1.663892 0.063360
v 0.024201 2.236108 0.074484
v 0.045078 2.206857 0.138737
v 0.063751 2.159723 0.196204
v 0.078078 2.098296 0.240300
v 0.087085 2.026764 0.268020
v 0.090157 1.950000 0.277474
v 0.087085 1.873236 0.268020
v 0.078078 1.801704 0.240300
v 0.063751 1.740278 0.196204
v 0.045078 1.693143 0.138737
v 0.024201 1.663892 0.074484
v -0.000000 2.236108 0.078317
v -0.000000 2.206857 0.145877
v 0.000000 2.159723 0.206301
v 0.000000 2.098296 0.252666
v 0.000000 2.026764 0.281813
v -0.000000 1.950000 0.291754
v 0.000000 1.873236 0.281813
v 0.000000 1.801704 0.252666
v 0.000000 1.740278 0.206301
v -0.000000 1.693143 0.145877
v -0.000000 1.663892 0.078317
v -0.024201 2.236108 0.074484
v -0.045078 2.206857 0.138737
v -0.063751 2.159723 0.196204
v -0.078078 2.098296 0.240300
v -0.087085 2.026764 0.268020
v -0.090157 1.950000 0.277474
v -0.087085 1.873236 0.268020
v -0.078078 1.801704 0.240300
v -0.063751 1.740278 0.196204
v -0.045078 1.693143 0.138737
v -0.024201 1.663892 0.074484
v -0.046034 2.236108 0.063360
v -0.085744 2.206857 0.118017
v -0.121261 2.159723 0.166901
v -0.148514 2.098296 0.204411
v -0.165645 2.026764 0.227991
v -0.171489 1.950000 0.236034
v -0.165645 1.873236 0.227991
v -0.148514 1.801704 0.204411
v -0.121261 1.740278 0.166901
v -0.085744 1.693143 0.118017
v -0.046034 1.663892 0.063360
v -0.063360 2.236108 0.046033
v -0.118017 2.206857 0.085744
v -0.166901 2.159723 0.121261
v -0.204411 2.098296 0.148514
v -0.227991 2.026764 0.165645
v -0.236034 1.950000 0.171489
v -0.227991 1.873236 0.165645
v -0.204411 1.801704 0.148514
v -0.166901 1.740278 0.121261
v -0.118017 1.693143 0.085744
v -0.063360 1.663892 0.046033
v -0.074484 2.236108 0.024201
v -0.138737 2.206857 0.045078
v -0.196204 2.159723 0.063751
v -0.240300 2.098296 0.078078
v -0.268020 2.026764 0.087085
v -0.277474 1.950000 0.090157
v -0.268020 1.873236 0.087085
v -0.240300 1.801704 0.078078
v -0.196204 1.740278 0.063751
v -0.138737 1.693143 0.045078
v -0.074484 1.663892 0.024201
v -0.078317 2.236108 -0.000000
v -0.145877 2.206857 -0.000000
v -0.206301 2.159723 0.000000
v -0.252666 2.098296 0.000000
v -0.281813 2.026764 -0.000000
v -0.291754 1.950000 -0.000000
v -0.281813 1.873236 -0.000000
v -0.252666 1.801704 0.000000
v -0.206301 1.740278 0.000000
v -0.145877 1.693143 -0.000000
v -0.078317 1.663892 -0.000000
v -0.074484 2.236108 -0.024201
v -0.138737 2.206857 -0.045078
v -0.196204 2.159723 -0.063751
v -0.240300 2.098296 -0.078078
v -0.268020 2.026764 -0.087085
v -0.277474 1.950000 -0.090157
v -0.268020 1.873236 -0.087085
v -0.240300 1.801704 -0.078078
v -0.196204 1.740278 -0.063751
v -0.138737 1.693143 -0.045078
v -0.074484 1.663892 -0.024201
v -0.063360 2.236108 -0.046034
v -0.118017 2.206857 -0.085744
v -0.166901 2.159723 -0.121261
v -0.204411 2.098296 -0.148514
v -0.227991 2.026764 -0.165645
v -0.236034 1.950000 -0.171489
v -0.227991 1.873236 -0.165645
v -0.204411 1.801704 -0.148514
v -0.166901 1.740278 -0.121261
v -0.118017 1.693143 -0.085744
v -0.063360 1.663892 -0.046034
v -0.046034 2.236108 -0.063360
v -0.085744 2.206857 -0.118017
v -0.121261 2.159723 -0.166901
v -0.148514 2.098296 -0.204411
v -0.165645 2.026764 -0.227991
v -0.171489 1.950000 -0.236034
v -0.165645 1.873236 -0.227991
v -0.148514 1.801704 -0.204411
v -0.121261 1.740278 -0.166901
v -0.085744 1.693143 -0.118017
v -0.046034 1.663892 -0.063360
v -0.024201 2.236108 -0.074484
v -0.045078 2.206857 -0.138737
v -0.063751 2.159723 -0.196204
v -0.078078 2.098296 -0.240300
v -0.087085 2.026764 -0.268020
v -0.090157 1.950000 -0.277475
v -0.087085 1.873236 -0.268020
v -0.078078 1.801704 -0.240300
v -0.063751 1.740278 -0.196204
v -0.045078 1.693143 -0.138737
v -0.024201 1.663892 -0.074484
v -0.000000 2.159723 -0.206301
v -0.000000 2.098296 -0.252666
v -0.000000 2.026764 -0.281813
v -0.000000 1.873236 -0.281813
v -0.000000 1.801704 -0.252666
v -0.000000 1.740278 -0.206301
v 0.000000 1.663892 -0.078317
v 0.357192 1.750000 0.000000
v 0.352087 1.769107 0.000000
v 0.338140 1.783094 0.000000
v 0.319087 1.788214 0.000000
v 0.300035 1.783094 0.000000
v 0.286088 1.769107 0.000000
v 0.280983 1.750000 0.000000
v 0.286088 1.730893 0.000000
v 0.300035 1.716906 0.000000
v 0.319087 1.711786 0.000000
v 0.338140 1.716906 0.000000
v 0.352087 1.730893 0.000000
v 0.354136 1.750000 -0.046623
v 0.349075 1.769107 -0.045957
v 0.335247 1.783094 -0.044136
v 0.316358 1.788214 -0.041649
v 0.297468 1.783094 -0.039162
v 0.283640 1.769107 -0.037342
v 0.278579 1.750000 -0.036676
v 0.283640 1.730893 -0.037342
v 0.297468 1.716906 -0.039162
v 0.316358 1.711786 -0.041649
v 0.335247 1.716906 -0.044136
v 0.349075 1.730893 -0.045957
v 0.345021 1.750000 -0.092448
v 0.340090 1.769107 -0.091127
v 0.326618 1.783094 -0.087517
v 0.308215 1.788214 -0.082586
v 0.289812 1.783094 -0.077655
v 0.276340 1.769107 -0.074045
v 0.271408 1.750000 -0.072724
v 0.276340 1.730893 -0.074045
v 0.289812 1.716906 -0.077655
v 0.308215 1.711786 -0.082586
v 0.326618 1.716906 -0.087517
v 0.340090 1.730893 -0.091127
v 0.330003 1.750000 -0.136692
v 0.325286 1.769107 -0.134738
v 0.312400 1.783094 -0.129401
v 0.294798 1.788214 -0.122109
v 0.277196 1.783094 -0.114818
v 0.264311 1.769107 -0.109481
v 0.259594 1.750000 -0.107527
v 0.264311 1.730893 -0.109481
v 0.277196 1.716906 -0.114818
v 0.294798 1.711786 -0.122109
v 0.312400 1.716906 -0.129401
v 0.325286 1.730893 -0.134738
v 0.309337 1.750000 -0.178596
v 0.304916 1.769107 -0.176044
v 0.292838 1.783094 -0.169070
v 0.276338 1.788214 -0.159544
v 0.259838 1.783094 -0.150018
v 0.247759 1.769107 -0.143044
v 0.243338 1.750000 -0.140491
v 0.247759 1.730893 -0.143044
v 0.259838 1.716906 -0.150018
v 0.276338 1.711786 -0.159544
v 0.292838 1.716906 -0.169070
v 0.304916 1.730893 -0.176044
v 0.283380 1.750000 -0.217445
v 0.279330 1.769107 -0.214337
v 0.268264 1.783094 -0.205846
v 0.253149 1.788214 -0.194248
v 0.238034 1.783094 -0.182650
v 0.226969 1.769107 -0.174159
v 0.222919 1.750000 -0.171051
v 0.226969 1.730893 -0.174159
v 0.238034 1.716906 -0.182650
v 0.253149 1.711786 -0.194248
v 0.268264 1.716906 -0.205846
v 0.279330 1.730893 -0.214337
v 0.252573 1.750000 -0.252573
v 0.248963 1.769107 -0.248963
v 0.239101 1.783094 -0.239101
v 0.225629 1.788214 -0.225629
v 0.212157 1.783094 -0.212157
v 0.202295 1.769107 -0.202295
v 0.198685 1.750000 -0.198685
v 0.202295 1.730893 -0.202295
v 0.212157 1.716906 -0.212157
v 0.225629 1.711786 -0.225629
v 0.239101 1.716906 -0.239101
v 0.248963 1.730893 -0.248963
v 0.217445 1.750000 -0.283380
v 0.214337 1.769107 -0.279329
v 0.205847 1.783094 -0.268264
v 0.194248 1.788214 -0.253149
v 0.182650 1.783094 -0.238034
v 0.174159 1.769107 -0.226969
v 0.171051 1.750000 -0.222919
v 0.174159 1.730893 -0.226969
v 0.182650 1.716906 -0.238034
v 0.194248 1.711786 -0.253149
v 0.205846 1.716906 -0.268264
v 0.214337 1.730893 -0.279329
v 0.178596 1.750000 -0.309337
v 0.176044 1.769107 -0.304916
v 0.169070 1.783094 -0.292838
v 0.159544 1.788214 -0.276338
v 0.150018 1.783094 -0.259838
v 0.143044 1.769107 -0.247759
v 0.140491 1.750000 -0.243338
v 0.143044 1.730893 -0.247759
v 0.150018 1.716906 -0.259838
v 0.159544 1.711786 -0.276338
v 0.169070 1.716906 -0.292838
v 0.176044 1.730893 -0.304916
v 0.136692 1.750000 -0.330003
v 0.134738 1.769107 -0.325286
v 0.129401 1.783094 -0.312400
v 0.122110 1.788214 -0.294798
v 0.114819 1.783094 -0.277196
v 0.109481 1.769107 -0.264311
v 0.107527 1.750000 -0.259594
v 0.109481 1.730893 -0.264311
v 0.114819 1.716906 -0.277196
v 0.122110 1.711786 -0.294798
v 0.129401 1.716906 -0.312400
v 0.134738 1.730893 -0.325286
v 0.092448 1.750000 -0.345021
v 0.091127 1.769107 -0.340090
v 0.087517 1.783094 -0.326618
v 0.082586 1.788214 -0.308215
v 0.077655 1.783094 -0.289812
v 0.074045 1.769107 -0.276340
v 0.072724 1.750000 -0.271408
v 0.074045 1.730893 -0.276340
v 0.077655 1.716906 -0.289812
v 0.082586 1.711786 -0.308215
v 0.087517 1.716906 -0.326618
v 0.091127 1.730893 -0.340090
v 0.046623 1.750000 -0.354136
v 0.045957 1.769107 -0.349075
v 0.044136 1.783094 -0.335247
v 0.041649 1.788214 -0.316358
v 0.039162 1.783094 -0.297468
v 0.037342 1.769107 -0.283640
v 0.036676 1.750000 -0.278579
v 0.037342 1.730893 -0.283640
v 0.039162 1.716906 -0.297468
v 0.041649 1.711786 -0.316358
v 0.044136 1.716906 -0.335247
v 0.045957 1.730893 -0.349075
v -0.000000 1.750000 -0.357192
v -0.000000 1.769107 -0.352087
v -0.000000 1.783094 -0.338140
v -0.000000 1.788214 -0.319087
v -0.000000 1.783094 -0.300035
v -0.000000 1.769107 -0.286088
v -0.000000 1.750000 -0.280983
v -0.000000 1.730893 -0.286088
v -0.000000 1.716906 -0.300035
v -0.000000 1.711786 -0.319087
v -0.000000 1.716906 -0.338140
v -0.000000 1.730893 -0.352087
v -0.046623 1.750000 -0.354136
v -0.045957 1.769107 -0.349075
v -0.044136 1.783094 -0.335247
v -0.041649 1.788214 -0.316358
v -0.039162 1.783094 -0.297468
v -0.037342 1.769107 -0.283640
v -0.036676 1.750000 -0.278579
v -0.037342 1.730893 -0.283640
v -0.039162 1.716906 -0.297468
v -0.041649 1.711786 -0.316358
v -0.044136 1.716906 -0.335247
v -0.045957 1.730893 -0.349075
v -0.092448 1.750000 -0.345021
v -0.091127 1.769107 -0.340090
v -0.087517 1.783094 -0.326618
v -0.082586 1.788214 -0.308215
v -0.077655 1.783094 -0.289812
v -0.074045 1.769107 -0.276340
v -0.072724 1.750000 -0.271408
v -0.074045 1.730893 -0.276340
v -0.077655 1.716906 -0.289812
v -0.082586 1.711786 -0.308215
v -0.087517 1.716906 -0.326618
v -0.091127 1.730893 -0.340090
v -0.136692 1.750000 -0.330003
v -0.134738 1.769107 -0.325286
v -0.129401 1.783094 -0.312400
v -0.122109 1.788214 -0.294798
v -0.114818 1.783094 -0.277196
v -0.109481 1.769107 -0.264311
v -0.107527 1.750000 -0.259594
v -0.109481 1.730893 -0.264311
v -0.114818 1.716906 -0.277196
v -0.122109 1.711786 -0.294798
v -0.129401 1.716906 -0.312400
v -0.134738 1.730893 -0.325286
v -0.178596 1.750000 -0.309337
v -0.176044 1.769107 -0.304916
v -0.169070 1.783094 -0.292838
v -0.159544 1.788214 -0.276338
v -0.150018 1.783094 -0.259838
v -0.143044 1.769107 -0.247759
v -0.140491 1.750000 -0.243338
v -0.143044 1.730893 -0.247759
v -0.150018 1.716906 -0.259838
v -0.159544 1.711786 -0.276338
v -0.169070 1.716906 -0.292838
v -0.176044 1.730893 -0.304916
v -0.217445 1.750000 -0.283380
v -0.214337 1.769107 -0.279329
v -0.205846 1.783094 -0.268264
v -0.194248 1.788214 -0.253149
v -0.182650 1.783094 -0.238034
v -0.174159 1.769107 -0.226969
v -0.171051 1.750000 -0.222919
v -0.174159 1.730893 -0.226969
v -0.182650 1.716906 -0.238034
v -0.194248 1.711786 -0.253149
v -0.205846 1.716906 -0.268264
v -0.214337 1.730893 -0.279329
v -0.252573 1.750000 -0.252573
v -0.248963 1.769107 -0.248963
v -0.239101 1.783094 -0.239101
v -0.225629 1.788214 -0.225629
v -0.212157 1.783094 -0.212157
v -0.202295 1.769107 -0.202295
v -0.198685 1.750000 -0.198685
v -0.202295 1.730893 -0.202295
v -0.212157 1.716906 -0.212157
v -0.225629 1.711786 -0.225629
v -0.239101 1.716906 -0.239101
v -0.248963 1.730893 -0.248963
v -0.283380 1.750000 -0.217445
v -0.279329 1.769107 -0.214337
v -0.268264 1.783094 -0.205846
v -0.253149 1.788214 -0.194248
v -0.238034 1.783094 -0.182650
v -0.226969 1.769107 -0.174159
v -0.222919 1.750000 -0.171051
v -0.226969 1.730893 -0.174159
v -0.238034 1.716906 -0.182650
v -0.253149 1.711786 -0.194248
v -0.268264 1.716906 -0.205846
v -0.279329 1.730893 -0.214337
v -0.309337 1.750000 -0.178596
v -0.304916 1.769107 -0.176044
v -0.292838 1.783094 -0.169070
v -0.276338 1.788214 -0.159544
v -0.259838 1.783094 -0.150018
v -0.247759 1.769107 -0.143044
v -0.243338 1.750000 -0.140491
v -0.247759 1.730893 -0.143044
v -0.259838 1.716906 -0.150018
v -0.276338 1.711786 -0.159544
v -0.292838 1.716906 -0.169070
v -0.304916 1.730893 -0.176044
v -0.330003 1.750000 -0.136692
v -0.325286 1.769107 -0.134738
v -0.312400 1.783094 -0.129401
v -0.294798 1.788214 -0.122110
v -0.277196 1.783094 -0.114818
v -0.264311 1.769107 -0.109481
v -0.259594 1.750000 -0.107527
v -0.264311 1.730893 -0.109481
v -0.277196 1.716906 -0.114818
v -0.294798 1.711786 -0.122110
v -0.312400 1.716906 -0.129401
v -0.325286 1.730893 -0.134738
v -0.345021 1.750000 -0.092448
v -0.340090 1.769107 -0.091127
v -0.326618 1.783094 -0.087517
v -0.308215 1.788214 -0.082586
v -0.289812 1.783094 -0.077655
v -0.276340 1.769107 -0.074045
v -0.271408 1.750000 -0.072724
v -0.276340 1.730893 -0.074045
v -0.289812 1.716906 -0.077655
v -0.308215 1.711786 -0.082586
v -0.326618 1.716906 -0.087517
v -0.340090 1.730893 -0.091127
v -0.354136 1.750000 -0.046623
v -0.349075 1.769107 -0.045957
v -0.335247 1.783094 -0.044136
v -0.316358 1.788214 -0.041649
v -0.297468 1.783094 -0.039162
v -0.283640 1.769107 -0.037342
v -0.278579 1.750000 -0.036676
v -0.283640 1.730893 -0.037342
v -0.297468 1.716906 -0.039162
v -0.316358 1.711786 -0.041649
v -0.335247 1.716906 -0.044136
v -0.349075 1.730893 -0.045957
v -0.357192 1.750000 -0.000000
v -0.352087 1.769107 -0.000000
v -0.338140 1.783094 -0.000000
v -0.319087 1.788214 -0.000000
v -0.300035 1.783094 -0.000000
v -0.286088 1.769107 -0.000000
v -0.280983 1.750000 -0.000000
v -0.286088 1.730893 -0.000000
v -0.300035 1.716906 -0.000000
v -0.319087 1.711786 -0.000000
v -0.338140 1.716906 -0.000000
v -0.352087 1.730893 -0.000000
v -0.354136 1.750000 0.046623
v -0.349075 1.769107 0.045957
v -0.335247 1.783094 0.044136
v -0.316358 1.788214 0.041649
v -0.297468 1.783094 0.039162
v -0.283640 1.769107 0.037342
v -0.278579 1.750000 0.036676
v -0.283640 1.730893 0.037342
v -0.297468 1.716906 0.039162
v -0.316358 1.711786 0.041649
v -0.335247 1.716906 0.044136
v -0.349075 1.730893 0.045957
v -0.345021 1.750000 0.092448
v -0.340090 1.769107 0.091127
v -0.326618 1.783094 0.087517
v -0.308215 1.788214 0.082586
v -0.289812 1.783094 0.077655
v -0.276340 1.769107 0.074045
v -0.271408 1.750000 0.072724
v -0.276340 1.730893 0.074045
v -0.289812 1.716906 0.077655
v -0.308215 1.711786 0.082586
v -0.326618 1.716906 0.087517
v -0.340090 1.730893 0.091127
v -0.330003 1.750000 0.136691
v -0.325286 1.769107 0.134738
v -0.312400 1.783094 0.129400
v -0.294798 1.788214 0.122109
v -0.277196 1.783094 0.114818
v -0.264311 1.769107 0.109481
v -0.259594 1.750000 0.107527
v -0.264311 1.730893 0.109481
v -0.277196 1.716906 0.114818
v -0.294798 1.711786 0.122109
v -0.312401 1.716906 0.129400
v -0.325286 1.730893 0.134738
v -0.309337 1.750000 0.178596
v -0.304916 1.769107 0.176043
v -0.292838 1.783094 0.169070
v -0.276338 1.788214 0.159544
v -0.259838 1.783094 0.150017
v -0.247759 1.769107 0.143044
v -0.243338 1.750000 0.140491
v -0.247759 1.730893 0.143044
v -0.259838 1.716906 0.150017
v -0.276338 1.711786 0.159544
v -0.292838 1.716906 0.169070
v -0.304916 1.730893 0.176043
v -0.283380 1.750000 0.217445
v -0.279329 1.769107 0.214337
v -0.268264 1.783094 0.205846
v -0.253149 1.788214 0.194248
v -0.238034 1.783094 0.182650
v -0.226969 1.769107 0.174159
v -0.222919 1.750000 0.171051
v -0.226969 1.730893 0.174159
v -0.238034 1.716906 0.182650
v -0.253149 1.711786 0.194248
v -0.268264 1.716906 0.205846
v -0.279330 1.730893 0.214337
v -0.252573 1.750000 0.252573
v -0.248963 1.769107 0.248963
v -0.239101 1.783094 0.239101
v -0.225629 1.788214 0.225629
v -0.212157 1.783094 0.212157
v -0.202295 1.769107 0.202295
v -0.198685 1.750000 0.198685
v -0.202295 1.730893 0.202295
v -0.212157 1.716906 0.212157
v -0.225629 1.711786 0.225629
v -0.239101 1.716906 0.239101
v -0.248963 1.730893 0.248963
v -0.217445 1.750000 0.283379
v -0.214337 1.769107 0.279329
v -0.205847 1.783094 0.268264
v -0.194248 1.788214 0.253149
v -0.182650 1.783094 0.238034
v -0.174159 1.769107 0.226969
v -0.171052 1.750000 0.222919
v -0.174159 1.730893 0.226969
v -0.182650 1.716906 0.238034
v -0.194248 1.711786 0.253149
v -0.205847 1.716906 0.268264
v -0.214337 1.730893 0.279329
v -0.178596 1.750000 0.309337
v -0.176044 1.769107 0.304916
v -0.169070 1.783094 0.292838
v -0.159544 1.788214 0.276338
v -0.150018 1.783094 0.259838
v -0.143044 1.769107 0.247759
v -0.140491 1.750000 0.243338
v -0.143044 1.730893 0.247759
v -0.150018 1.716906 0.259838
v -0.159544 1.711786 0.276338
v -0.169070 1.716906 0.292838
v -0.176044 1.730893 0.304916
v -0.136692 1.750000 0.330003
v -0.134738 1.769107 0.325286
v -0.129401 1.783094 0.312400
v -0.122110 1.788214 0.294798
v -0.114818 1.783094 0.277196
v -0.109481 1.769107 0.264311
v -0.107527 1.750000 0.259594
v -0.109481 1.730893 0.264311
v -0.114818 1.716906 0.277196
v -0.122110 1.711786 0.294798
v -0.129401 1.716906 0.312400
v -0.134738 1.730893 0.325286
v -0.092448 1.750000 0.345021
v -0.091127 1.769107 0.340090
v -0.087517 1.783094 0.326618
v -0.082586 1.788214 0.308215
v -0.077655 1.783094 0.289812
v -0.074045 1.769107 0.276340
v -0.072724 1.750000 0.271408
v -0.074045 1.730893 0.276340
v -0.077655 1.716906 0.289812
v -0.082586 1.711786 0.308215
v -0.087517 1.716906 0.326618
v -0.091127 1.730893 0.340090
v -0.046623 1.750000 0.354136
v -0.045957 1.769107 0.349075
v -0.044136 1.783094 0.335247
v -0.041649 1.788214 0.316358
v -0.039163 1.783094 0.297468
v -0.037342 1.769107 0.283640
v -0.036676 1.750000 0.278579
v -0.037342 1.730893 0.283640
v -0.039163 1.716906 0.297468
v -0.041649 1.711786 0.316358
v -0.044136 1.716906 0.335247
v -0.045957 1.730893 0.349075
v -0.000000 1.750000 0.357192
v -0.000000 1.769107 0.352087
v -0.000000 1.783094 0.338140
v -0.000000 1.788214 0.319087
v -0.000000 1.783094 0.300035
v -0.000000 1.769107 0.286088
v -0.000000 1.750000 0.280983
v -0.000000 1.730893 0.286088
v -0.000000 1.716906 0.300035
v -0.000000 1.711786 0.319087
v -0.000000 1.716906 0.338140
v -0.000000 1.730893 0.352087
v 0.046623 1.750000 0.354136
v 0.045957 1.769107 0.349075
v 0.044136 1.783094 0.335247
v 0.041649 1.788214 0.316358
v 0.039162 1.783094 0.297468
v 0.037342 1.769107 0.283640
v 0.036676 1.750000 0.278579
v 0.037342 1.730893 0.283640
v 0.039162 1.716906 0.297468
v 0.041649 1.711786 0.316358
v 0.044136 1.716906 0.335247
v 0.045957 1.730893 0.349075
v 0.092448 1.750000 0.345021
v 0.091127 1.769107 0.340090
v 0.087517 1.783094 0.326618
v 0.082586 1.788214 0.308215
v 0.077655 1.783094 0.289812
v 0.074045 1.769107 0.276340
v 0.072724 1.750000 0.271409
v 0.074045 1.730893 0.276340
v 0.077655 1.716906 0.289812
v 0.082586 1.711786 0.308215
v 0.087517 1.716906 0.326618
v 0.091127 1.730893 0.340090
v 0.136692 1.750000 0.330003
v 0.134738 1.769107 0.325286
v 0.129401 1.783094 0.312400
v 0.122110 1.788214 0.294798
v 0.114818 1.783094 0.277196
v 0.109481 1.769107 0.264311
v 0.107527 1.750000 0.259594
v 0.109481 1.730893 0.264311
v 0.114818 1.716906 0.277196
v 0.122110 1.711786 0.294798
v 0.129401 1.716906 0.312400
v 0.134738 1.730893 0.325286
v 0.178596 1.750000 0.309338
v 0.176044 1.769107 0.304916
v 0.169070 1.783094 0.292838
v 0.159544 1.788214 0.276338
v 0.150018 1.783094 0.259838
v 0.143044 1.769107 0.247759
v 0.140491 1.750000 0.243338
v 0.143044 1.730893 0.247759
v 0.150018 1.716906 0.259838
v 0.159544 1.711786 0.276338
v 0.169070 1.716906 0.292838
v 0.176044 1.730893 0.304916
v 0.217445 1.750000 0.283380
v 0.214337 1.769107 0.279330
v 0.205846 1.783094 0.268264
v 0.194248 1.788214 0.253149
v 0.182650 1.783094 0.238034
v 0.174159 1.769107 0.226969
v 0.171051 1.750000 0.222919
v 0.174159 1.730893 0.226969
v 0.182650 1.716906 0.238034
v 0.194248 1.711786 0.253149
v 0.205846 1.716906 0.268264
v 0.214337 1.730893 0.279330
v 0.252573 1.750000 0.252573
v 0.248963 1.769107 0.248963
v 0.239101 1.783094 0.239101
v 0.225629 1.788214 0.225629
v 0.212157 1.783094 0.212157
v 0.202295 1.769107 0.202295
v 0.198685 1.750000 0.198685
v 0.202295 1.730893 0.202295
v 0.212157 1.716906 0.212157
v 0.225629 1.711786 0.225629
v 0.239101 1.716906 0.239101
v 0.248963 1.730893 0.248963
v 0.283380 1.750000 0.217445
v 0.279329 1.769107 0.214337
v 0.268264 1.783094 0.205846
v 0.253149 1.788214 0.194248
v 0.238034 1.783094 0.182650
v 0.226969 1.769107 0.174159
v 0.222919 1.750000 0.171051
v 0.226969 1.730893 0.174159
v 0.238034 1.716906 0.182650
v 0.253149 1.711786 0.194248
v 0.268264 1.716906 0.205846
v 0.279329 1.730893 0.214337
v 0.309337 1.750000 0.178596
v 0.304916 1.769107 0.176044
v 0.292838 1.783094 0.169070
v 0.276338 1.788214 0.159544
v 0.259838 1.783094 0.150018
v 0.247759 1.769107 0.143044
v 0.243338 1.750000 0.140491
v 0.247759 1.730893 0.143044
v 0.259838 1.716906 0.150018
v 0.276338 1.711786 0.159544
v 0.292838 1.716906 0.169070
v 0.304916 1.730893 0.176044
v 0.330002 1.750000 0.136692
v 0.325286 1.769107 0.134738
v 0.312400 1.783094 0.129401
v 0.294798 1.788214 0.122110
v 0.277196 1.783094 0.114819
v 0.264311 1.769107 0.109481
v 0.259594 1.750000 0.107528
v 0.264311 1.730893 0.109481
v 0.277196 1.716906 0.114819
v 0.294798 1.711786 0.122110
v 0.312400 1.716906 0.129401
v 0.325286 1.730893 0.134738
v 0.345021 1.750000 0.092448
v 0.340090 1.769107 0.091127
v 0.326618 1.783094 0.087517
v 0.308215 1.788214 0.082586
v 0.289812 1.783094 0.077655
v 0.276340 1.769107 0.074045
v 0.271408 1.750000 0.072724
v 0.276340 1.730893 0.074045
v 0.289812 1.716906 0.077655
v 0.308215 1.711786 0.082586
v 0.326618 1.716906 0.087517
v 0.340090 1.730893 0.091127
v 0.354136 1.750000 0.046623
v 0.349075 1.769107 0.045957
v 0.335247 1.783094 0.044136
v 0.316358 1.788214 0.041649
v 0.297468 1.783094 0.039162
v 0.283640 1.769107 0.037342
v 0.278579 1.750000 0.036676
v 0.283640 1.730893 0.037342
v 0.297468 1.716906 0.039162
v 0.316358 1.711786 0.041649
v 0.335247 1.716906 0.044136
v 0.349075 1.730893 0.045957
v 0.357192 0.200000 0.000000
v 0.352087 0.219107 0.000000
v 0.338140 0.233094 0.000000
v 0.319087 0.238214 0.000000
v 0.300035 0.233094 0.000000
v 0.286088 0.219107 0.000000
v 0.280983 0.200000 0.000000
v 0.286088 0.180893 0.000000
v 0.300035 0.166906 0.000000
v 0.319087 0.161786 0.000000
v 0.338140 0.166906 0.000000
v 0.352087 0.180893 0.000000
v 0.354136 0.200000 -0.046623
v 0.349075 0.219107 -0.045957
v 0.335247 0.233094 -0.044136
v 0.316358 0.238214 -0.041649
v 0.297468 0.233094 -0.039162
v 0.283640 0.219107 -0.037342
v 0.278579 0.200000 -0.036676
v 0.283640 0.180893 -0.037342
v 0.297468 0.166906 -0.039162
v 0.316358 0.161786 -0.041649
v 0.335247 0.166906 -0.044136
v 0.349075 0.180893 -0.045957
v 0.345021 0.200000 -0.092448
v 0.340090 0.219107 -0.091127
v 0.326618 0.233094 -0.087517
v 0.308215 0.238214 -0.082586
v 0.289812 0.233094 -0.077655
v 0.276340 0.219107 -0.074045
v 0.271408 0.200000 -0.072724
v 0.276340 0.180893 -0.074045
v 0.289812 0.166906 -0.077655
v 0.308215 0.161786 -0.082586
v 0.326618 0.166906 -0.087517
v 0.340090 0.180893 -0.091127
v 0.330003 0.200000 -0.136692
v 0.325286 0.219107 -0.134738
v 0.312400 0.233094 -0.129401
v 0.294798 0.238214 -0.122109
v 0.277196 0.233094 -0.114818
v 0.264311 0.219107 -0.109481
v 0.259594 0.200000 -0.107527
v 0.264311 0.180893 -0.109481
v 0.277196 0.166906 -0.114818
v 0.294798 0.161786 -0.122109
v 0.312400 0.166906 -0.129401
v 0.325286 0.180893 -0.134738
v 0.309337 0.200000 -0.178596
v 0.304916 0.219107 -0.176044
v 0.292838 0.233094 -0.169070
v 0.276338 0.238214 -0.159544
v 0.259838 0.233094 -0.150018
v 0.247759 0.219107 -0.143044
v 0.243338 0.200000 -0.140491
v 0.247759 0.180893 -0.143044
v 0.259838 0.166906 -0.150018
v 0.276338 0.161786 -0.159544
v 0.292838 0.166906 -0.169070
v 0.304916 0.180893 -0.176044
v 0.283380 0.200000 -0.217445
v 0.279330 0.219107 -0.214337
v 0.268264 0.233094 -0.205846
v 0.253149 0.238214 -0.194248
v 0.238034 0.233094 -0.182650
v 0.226969 0.219107 -0.174159
v 0.222919 0.200000 -0.171051
v 0.226969 0.180893 -0.174159
v 0.238034 0.166906 -0.182650
v 0.253149 0.161786 -0.194248
v 0.268264 0.166906 -0.205846
v 0.279330 0.180893 -0.214337
v 0.252573 0.200000 -0.252573
v 0.248963 0.219107 -0.248963
v 0.239101 0.233094 -0.239101
v 0.225629 0.238214 -0.225629
v 0.212157 0.233094 -0.212157
v 0.202295 0.219107 -0.202295
v 0.198685 0.200000 -0.198685
v 0.202295 0.180893 -0.202295
v 0.212157 0.166906 -0.212157
v 0.225629 0.161786 -0.225629
v 0.239101 0.166906 -0.239101
v 0.248963 0.180893 -0.248963
v 0.217445 0.200000 -0.283380
v 0.214337 0.219107 -0.279329
v 0.205847 0.233094 -0.268264
v 0.194248 0.238214 -0.253149
v 0.182650 0.233094 -0.238034
v 0.174159 0.219107 -0.226969
v 0.171051 0.200000 -0.222919
v 0.174159 0.180893 -0.226969
v 0.182650 0.166906 -0.238034
v 0.194248 0.161786 -0.253149
v 0.205846 0.166906 -0.268264
v 0.214337 0.180893 -0.279329
v 0.178596 0.200000 -0.309337
v 0.176044 0.219107 -0.304916
v 0.169070 0.233094 -0.292838
v 0.159544 0.238214 -0.276338
v 0.150018 0.233094 -0.259838
v 0.143044 0.219107 -0.247759
v 0.140491 0.200000 -0.243338
v 0.143044 0.180893 -0.247759
v 0.150018 0.166906 -0.259838
v 0.159544 0.161786 -0.276338
v 0.169070 0.166906 -0.292838
v 0.176044 0.180893 -0.304916
v 0.136692 0.200000 -0.330003
v 0.134738 0.219107 -0.325286
v 0.129401 0.233094 -0.312400
v 0.122110 0.238214 -0.294798
v 0.114819 0.233094 -0.277196
v 0.109481 0.219107 -0.264311
v 0.107527 0.200000 -0.259594
v 0.109481 0.180893 -0.264311
v 0.114819 0.166906 -0.277196
v 0.122110 0.161786 -0.294798
v 0.129401 0.166906 -0.312400
v 0.134738 0.180893 -0.325286
v 0.092448 0.200000 -0.345021
v 0.091127 0.219107 -0.340090
v 0.087517 0.233094 -0.326618
v 0.082586 0.238214 -0.308215
v 0.077655 0.233094 -0.289812
v 0.074045 0.219107 -0.276340
v 0.072724 0.200000 -0.271408
v 0.074045 0.180893 -0.276340
v 0.077655 0.166906 -0.289812
v 0.082586 0.161786 -0.308215
v 0.087517 0.166906 -0.326618
v 0.091127 0.180893 -0.340090
v 0.046623 0.200000 -0.354136
v 0.045957 0.219107 -0.349075
v 0.044136 0.233094 -0.335247
v 0.041649 0.238214 -0.316358
v 0.039162 0.233094 -0.297468
v 0.037342 0.219107 -0.283640
v 0.036676 0.200000 -0.278579
v 0.037342 0.180893 -0.283640
v 0.039162 0.166906 -0.297468
v 0.041649 0.161786 -0.316358
v 0.044136 0.166906 -0.335247
v 0.045957 0.180893 -0.349075
v -0.000000 0.200000 -0.357192
v -0.000000 0.219107 -0.352087
v -0.000000 0.233094 -0.338140
v -0.000000 0.238214 -0.319087
v -0.000000 0.233094 -0.300035
v -0.000000 0.219107 -0.286088
v -0.000000 0.200000 -0.280983
v -0.000000 0.180893 -0.286088
v -0.000000 0.166906 -0.300035
v -0.000000 0.161786 -0.319087
v -0.000000 0.166906 -0.338140
v -0.000000 0.180893 -0.352087
v -0.046623 0.200000 -0.354136
v -0.045957 0.219107 -0.349075
v -0.044136 0.233094 -0.335247
v -0.041649 0.238214 -0.316358
v -0.039162 0.233094 -0.297468
v -0.037342 0.219107 -0.283640
v -0.036676 0.200000 -0.278579
v -0.037342 0.180893 -0.283640
v -0.039162 0.166906 -0.297468
v -0.041649 0.161786 -0.316358
v -0.044136 0.166906 -0.335247
v -0.045957 0.180893 -0.349075
v -0.092448 0.200000 -0.345021
v -0.091127 0.219107 -0.340090
v -0.087517 0.233094 -0.326618
v -0.082586 0.238214 -0.308215
v -0.077655 0.233094 -0.289812
v -0.074045 0.219107 -0.276340
v -0.072724 0.200000 -0.271408
v -0.074045 0.180893 -0.276340
v -0.077655 0.166906 -0.289812
v -0.082586 0.161786 -0.308215
v -0.087517 0.166906 -0.326618
v -0.091127 0.180893 -0.340090
v -0.136692 0.200000 -0.330003
v -0.134738 0.219107 -0.325286
v -0.129401 0.233094 -0.312400
v -0.122109 0.238214 -0.294798
v -0.114818 0.233094 -0.277196
v -0.109481 0.219107 -0.264311
v -0.107527 0.200000 -0.259594
v -0.109481 0.180893 -0.264311
v -0.114818 0.166906 -0.277196
v -0.122109 0.161786 -0.294798
v -0.129401 0.166906 -0.312400
v -0.134738 0.180893 -0.325286
v -0.178596 0.200000 -0.309337
v -0.176044 0.219107 -0.304916
v -0.169070 0.233094 -0.292838
v -0.159544 0.238214 -0.276338
v -0.150018 0.233094 -0.259838
v -0.143044 0.219107 -0.247759
v -0.140491 0.200000 -0.243338
v -0.143044 0.180893 -0.247759
v -0.150018 0.166906 -0.259838
v -0.159544 0.161786 -0.276338
v -0.169070 0.166906 -0.292838
v -0.176044 0.180893 -0.304916
v -0.217445 0.200000 -0.283380
v -0.214337 0.219107 -0.279329
v -0.205846 0.233094 -0.268264
v -0.194248 0.238214 -0.253149
v -0.182650 0.233094 -0.238034
v -0.174159 0.219107 -0.226969
v -0.171051 0.200000 -0.222919
v -0.174159 0.180893 -0.226969
v -0.182650 0.166906 -0.238034
v -0.194248 0.161786 -0.253149
v -0.205846 0.166906 -0.268264
v -0.214337 0.180893 -0.279329
v -0.252573 0.200000 -0.252573
v -0.248963 0.219107 -0.248963
v -0.239101 0.233094 -0.239101
v -0.225629 0.238214 -0.225629
v -0.212157 0.233094 -0.212157
v -0.202295 0.219107 -0.202295
v -0.198685 0.200000 -0.198685
v -0.202295 0.180893 -0.202295
v -0.212157 0.166906 -0.212157
v -0.225629 0.161786 -0.225629
v -0.239101 0.166906 -0.239101
v -0.248963 0.180893 -0.248963
v -0.283380 0.200000 -0.217445
v -0.279329 0.219107 -0.214337
v -0.268264 0.233094 -0.205846
v -0.253149 0.238214 -0.194248
v -0.238034 0.233094 -0.182650
v -0.226969 0.219107 -0.174159
v -0.222919 0.200000 -0.171051
v -0.226969 0.180893 -0.174159
v -0.238034 0.166906 -0.182650
v -0.253149 0.161786 -0.194248
v -0.268264 0.166906 -0.205846
v -0.279329 0.180893 -0.214337
v -0.309337 0.200000 -0.178596
v -0.304916 0.219107 -0.176044
v -0.292838 0.233094 -0.169070
v -0.276338 0.238214 -0.159544
v -0.259838 0.233094 -0.150018
v -0.247759 0.219107 -0.143044
v -0.243338 0.200000 -0.140491
v -0.247759 0.180893 -0.143044
v -0.259838 0.166906 -0.150018
v -0.276338 0.161786 -0.159544
v -0.292838 0.166906 -0.169070
v -0.304916 0.180893 -0.176044
v -0.330003 0.200000 -0.136692
v -0.325286 0.219107 -0.134738
v -0.312400 0.233094 -0.129401
v -0.294798 0.238214 -0.122110
v -0.277196 0.233094 -0.114818
v -0.264311 0.219107 -0.109481
v -0.259594 0.200000 -0.107527
v -0.264311 0.180893 -0.109481
v -0.277196 0.166906 -0.114818
v -0.294798 0.161786 -0.122110
v -0.312400 0.166906 -0.129401
v -0.325286 0.180893 -0.134738
v -0.345021 0.200000 -0.092448
v -0.340090 0.219107 -0.091127
v -0.326618 0.233094 -0.087517
v -0.308215 0.238214 -0.082586
v -0.289812 0.233094 -0.077655
v -0.276340 0.219107 -0.074045
v -0.271408 0.200000 -0.072724
v -0.276340 0.180893 -0.074045
v -0.289812 0.166906 -0.077655
v -0.308215 0.161786 -0.082586
v -0.326618 0.166906 -0.087517
v -0.340090 0.180893 -0.091127
v -0.354136 0.200000 -0.046623
v -0.349075 0.219107 -0.045957
v -0.335247 0.233094 -0.044136
v -0.316358 0.238214 -0.041649
v -0.297468 0.233094 -0.039162
v -0.283640 0.219107 -0.037342
v -0.278579 0.200000 -0.036676
v -0.283640 0.180893 -0.037342
v -0.297468 0.166906 -0.039162
v -0.316358 0.161786 -0.041649
v -0.335247 0.166906 -0.044136
v -0.349075 0.180893 -0.045957
v -0.357192 0.200000 -0.000000
v -0.352087 0.219107 -0.000000
v -0.338140 0.233094 -0.000000
v -0.319087 0.238214 -0.000000
v -0.300035 0.233094 -0.000000
v -0.286088 0.219107 -0.000000
v -0.280983 0.200000 -0.000000
v -0.286088 0.180893 -0.000000
v -0.300035 0.166906 -0.000000
v -0.319087 0.161786 -0.000000
v -0.338140 0.166906 -0.000000
v -0.352087 0.180893 -0.000000
v -0.354136 0.200000 0.046623
v -0.349075 0.219107 0.045957
v -0.335247 0.233094 0.044136
v -0.316358 0.238214 0.041649
v -0.297468 0.233094 0.039162
v -0.283640 0.219107 0.037342
v -0.278579 0.200000 0.036676
v -0.283640 0.180893 0.037342
v -0.297468 0.166906 0.039162
v -0.316358 0.161786 0.041649
v -0.335247 0.166906 0.044136
v -0.349075 0.180893 0.045957
v -0.345021 0.200000 0.092448
v -0.340090 0.219107 0.091127
v -0.326618 0.233094 0.087517
v -0.308215 0.238214 0.082586
v -0.289812 0.233094 0.077655
v -0.276340 0.219107 0.074045
v -0.271408 0.200000 0.072724
v -0.276340 0.180893 0.074045
v -0.289812 0.166906 0.077655
v -0.308215 0.161786 0.082586
v -0.326618 0.166906 0.087517
v -0.340090 0.180893 0.091127
v -0.330003 0.200000 0.136691
v -0.325286 0.219107 0.134738
v -0.312400 0.233094 0.129400
v -0.294798 0.238214 0.122109
v -0.277196 0.233094 0.114818
v -0.264311 0.219107 0.109481
v -0.259594 0.200000 0.107527
v -0.264311 0.180893 0.109481
v -0.277196 0.166906 0.114818
v -0.294798 0.161786 0.122109
v -0.312401 0.166906 0.129400
v -0.325286 0.180893 0.134738
v -0.309337 0.200000 0.178596
v -0.304916 0.219107 0.176043
v -0.292838 0.233094 0.169070
v -0.276338 0.238214 0.159544
v -0.259838 0.233094 0.150017
v -0.247759 0.219107 0.143044
v -0.243338 0.200000 0.140491
v -0.247759 0.180893 0.143044
v -0.259838 0.166906 0.150017
v -0.276338 0.161786 0.159544
v -0.292838 0.166906 0.169070
v -0.304916 0.180893 0.176043
v -0.283380 0.200000 0.217445
v -0.279329 0.219107 0.214337
v -0.268264 0.233094 0.205846
v -0.253149 0.238214 0.194248
v -0.238034 0.233094 0.182650
v -0.226969 0.219107 0.174159
v -0.222919 0.200000 0.171051
v -0.226969 0.180893 0.174159
v -0.238034 0.166906 0.182650
v -0.253149 0.161786 0.194248
v -0.268264 0.166906 0.205846
v -0.279330 0.180893 0.214337
v -0.252573 0.200000 0.252573
v -0.248963 0.219107 0.248963
v -0.239101 0.233094 0.239101
v -0.225629 0.238214 0.225629
v -0.212157 0.233094 0.212157
v -0.202295 0.219107 0.202295
v -0.198685 0.200000 0.198685
v -0.202295 0.180893 0.202295
v -0.212157 0.166906 0.212157
v -0.225629 0.161786 0.225629
v -0.239101 0.166906 0.239101
v -0.248963 0.180893 0.248963
v -0.217445 0.200000 0.283379
v -0.214337 0.219107 0.279329
v -0.205847 0.233094 0.268264
v -0.194248 0.238214 0.253149
v -0.182650 0.233094 0.238034
v -0.174159 0.219107 0.226969
v -0.171052 0.200000 0.222919
v -0.174159 0.180893 0.226969
v -0.182650 0.166906 0.238034
v -0.194248 0.161786 0.253149
v -0.205847 0.166906 0.268264
v -0.214337 0.180893 0.279329
v -0.178596 0.200000 0.309337
v -0.176044 0.219107 0.304916
v -0.169070 0.233094 0.292838
v -0.159544 0.238214 0.276338
v -0.150018 0.233094 0.259838
v -0.143044 0.219107 0.247759
v -0.140491 0.200000 0.243338
v -0.143044 0.180893 0.247759
v -0.150018 0.166906 0.259838
v -0.159544 0.161786 0.276338
v -0.169070 0.166906 0.292838
v -0.176044 0.180893 0.304916
v -0.136692 0.200000 0.330003
v -0.134738 0.219107 0.325286
v -0.129401 0.233094 0.312400
v -0.122110 0.238214 0.294798
v -0.114818 0.233094 0.277196
v -0.109481 0.219107 0.264311
v -0.107527 0.200000 0.259594
v -0.109481 0.180893 0.264311
v -0.114818 0.166906 0.277196
v -0.122110 0.161786 0.294798
v -0.129401 0.166906 0.312400
v -0.134738 0.180893 0.325286
v -0.092448 0.200000 0.345021
v -0.091127 0.219107 0.340090
v -0.087517 0.233094 0.326618
v -0.082586 0.238214 0.308215
v -0.077655 0.233094 0.289812
v -0.074045 0.219107 0.276340
v -0.072724 0.200000 0.271408
v -0.074045 0.180893 0.276340
v -0.077655 0.166906 0.289812
v -0.082586 0.161786 0.308215
v -0.087517 0.166906 0.326618
v -0.091127 0.180893 0.340090
v -0.046623 0.200000 0.354136
v -0.045957 0.219107 0.349075
v -0.044136 0.233094 0.335247
v -0.041649 0.238214 0.316358
v -0.039163 0.233094 0.297468
v -0.037342 0.219107 0.283640
v -0.036676 0.200000 0.278579
v -0.037342 0.180893 0.283640
v -0.039163 0.166906 0.297468
v -0.041649 0.161786 0.316358
v -0.044136 0.166906 0.335247
v -0.045957 0.180893 0.349075
v -0.000000 0.200000 0.357192
v -0.000000 0.219107 0.352087
v -0.000000 0.233094 0.338140
v -0.000000 0.238214 0.319087
v -0.000000 0.233094 0.300035
v -0.000000 0.219107 0.286088
v -0.000000 0.200000 0.280983
v -0.000000 0.180893 0.286088
v -0.000000 0.166906 0.300035
v -0.000000 0.161786 0.319087
v -0.000000 0.166906 0.338140
v -0.000000 0.180893 0.352087
v 0.046623 0.200000 0.354136
v 0.045957 0.219107 0.349075
v 0.044136 0.233094 0.335247
v 0.041649 0.238214 0.316358
v 0.039162 0.233094 0.297468
v 0.037342 0.219107 0.283640
v 0.036676 0.200000 0.278579
v 0.037342 0.180893 0.283640
v 0.039162 0.166906 0.297468
v 0.041649 0.161786 0.316358
v 0.044136 0.166906 0.335247
v 0.045957 0.180893 0.349075
v 0.092448 0.200000 0.345021
v 0.091127 0.219107 0.340090
v 0.087517 0.233094 0.326618
v 0.082586 0.238214 0.308215
v 0.077655 0.233094 0.289812
v 0.074045 0.219107 0.276340
v 0.072724 0.200000 0.271409
v 0.074045 0.180893 0.276340
v 0.077655 0.166906 0.289812
v 0.082586 0.161786 0.308215
v 0.087517 0.166906 0.326618
v 0.091127 0.180893 0.340090
v 0.136692 0.200000 0.330003
v 0.134738 0.219107 0.325286
v 0.129401 0.233094 0.312400
v 0.122110 0.238214 0.294798
v 0.114818 0.233094 0.277196
v 0.109481 0.219107 0.264311
v 0.107527 0.200000 0.259594
v 0.109481 0.180893 0.264311
v 0.114818 0.166906 0.277196
v 0.122110 0.161786 0.294798
v 0.129401 0.166906 0.312400
v 0.134738 0.180893 0.325286
v 0.178596 0.200000 0.309338
v 0.176044 0.219107 0.304916
v 0.169070 0.233094 0.292838
v 0.159544 0.238214 0.276338
v 0.150018 0.233094 0.259838
v 0.143044 0.219107 0.247759
v 0.140491 0.200000 0.243338
v 0.143044 0.180893 0.247759
v 0.150018 0.166906 0.259838
v 0.159544 0.161786 0.276338
v 0.169070 0.166906 0.292838
v 0.176044 0.180893 0.304916
v 0.217445 0.200000 0.283380
v 0.214337 0.219107 0.279330
v 0.205846 0.233094 0.268264
v 0.194248 0.238214 0.253149
v 0.182650 0.233094 0.238034
v 0.174159 0.219107 0.226969
v 0.171051 0.200000 0.222919
v 0.174159 0.180893 0.226969
v 0.182650 0.166906 0.238034
v 0.194248 0.161786 0.253149
v 0.205846 0.166906 0.268264
v 0.214337 0.180893 0.279330
v 0.252573 0.200000 0.252573
v 0.248963 0.219107 0.248963
v 0.239101 0.233094 0.239101
v 0.225629 0.238214 0.225629
v 0.212157 0.233094 0.212157
v 0.202295 0.219107 0.202295
v 0.198685 0.200000 0.198685
v 0.202295 0.180893 0.202295
v 0.212157 0.166906 0.212157
v 0.225629 0.161786 0.225629
v 0.239101 0.166906 0.239101
v 0.248963 0.180893 0.248963
v 0.283380 0.200000 0.217445
v 0.279329 0.219107 0.214337
v 0.268264 0.233094 0.205846
v 0.253149 0.238214 0.194248
v 0.238034 0.233094 0.182650
v 0.226969 0.219107 0.174159
v 0.222919 0.200000 0.171051
v 0.226969 0.180893 0.174159
v 0.238034 0.166906 0.182650
v 0.253149 0.161786 0.194248
v 0.268264 0.166906 0.205846
v 0.279329 0.180893 0.214337
v 0.309337 0.200000 0.178596
v 0.304916 0.219107 0.176044
v 0.292838 0.233094 0.169070
v 0.276338 0.238214 0.159544
v 0.259838 0.233094 0.150018
v 0.247759 0.219107 0.143044
v 0.243338 0.200000 0.140491
v 0.247759 0.180893 0.143044
v 0.259838 0.166906 0.150018
v 0.276338 0.161786 0.159544
v 0.292838 0.166906 0.169070
v 0.304916 0.180893 0.176044
v 0.330002 0.200000 0.136692
v 0.325286 0.219107 0.134738
v 0.312400 0.233094 0.129401
v 0.294798 0.238214 0.122110
v 0.277196 0.233094 0.114819
v 0.264311 0.219107 0.109481
v 0.259594 0.200000 0.107528
v 0.264311 0.180893 0.109481
v 0.277196 0.166906 0.114819
v 0.294798 0.161786 0.122110
v 0.312400 0.166906 0.129401
v 0.325286 0.180893 0.134738
v 0.345021 0.200000 0.092448
v 0.340090 0.219107 0.091127
v 0.326618 0.233094 0.087517
v 0.308215 0.238214 0.082586
v 0.289812 0.233094 0.077655
v 0.276340 0.219107 0.074045
v 0.271408 0.200000 0.072724
v 0.276340 0.180893 0.074045
v 0.289812 0.166906 0.077655
v 0.308215 0.161786 0.082586
v 0.326618 0.166906 0.087517
v 0.340090 0.180893 0.091127
v 0.354136 0.200000 0.046623
v 0.349075 0.219107 0.045957
v 0.335247 0.233094 0.044136
v 0.316358 0.238214 0.041649
v 0.297468 0.233094 0.039162
v 0.283640 0.219107 0.037342
v 0.278579 0.200000 0.036676
v 0.283640 0.180893 0.037342
v 0.297468 0.166906 0.039162
v 0.316358 0.161786 0.041649
v 0.335247 0.166906 0.044136
v 0.349075 0.180893 0.045957
v 0.033970 0.401389 -0.214476
v 0.033970 1.498611 -0.214476
v 0.000000 0.950000 -0.279297
v 0.086308 0.950000 -0.265627
v 0.098584 0.401389 -0.193481
v 0.098584 1.498611 -0.193481
v 0.164167 0.950000 -0.225956
v 0.153548 0.401389 -0.153548
v 0.153548 1.498611 -0.153548
v 0.225956 0.950000 -0.164167
v 0.193481 0.401389 -0.098584
v 0.193481 1.498611 -0.098584
v 0.265627 0.950000 -0.086308
v 0.214476 0.401389 -0.033970
v 0.214476 1.498611 -0.033970
v 0.279297 0.950000 0.000000
v 0.214476 0.401389 0.033970
v 0.214476 1.498611 0.033970
v 0.265627 0.950000 0.086308
v 0.193481 0.401389 0.098584
v 0.193481 1.498611 0.098584
v 0.225956 0.950000 0.164167
v 0.153548 0.401389 0.153548
v 0.153548 1.498611 0.153548
v 0.164167 0.950000 0.225956
v 0.098584 0.401389 0.193481
v 0.098584 1.498611 0.193481
v 0.086308 0.950000 0.265627
v 0.033970 0.401389 0.214476
v 0.033970 1.498611 0.214476
v 0.000000 0.950000 0.279297
v -0.033970 0.401389 0.214476
v -0.033970 1.498611 0.214476
v -0.086308 0.950000 0.265627
v -0.098584 0.401389 0.193481
v -0.098584 1.498611 0.193481
v -0.164167 0.950000 0.225956
v -0.153548 0.401389 0.153548
v -0.153548 1.498611 0.153548
v -0.225956 0.950000 0.164167
v -0.193481 0.401389 0.098584
v -0.193481 1.498611 0.098584
v -0.265627 0.950000 0.086308
v -0.214476 0.401389 0.033970
v -0.214476 1.498611 0.033970
v -0.279297 0.950000 -0.000000
v -0.214476 0.401389 -0.033970
v -0.214476 1.498611 -0.033970
v -0.265627 0.950000 -0.086308
v -0.193481 0.401389 -0.098584
v -0.193481 1.498611 -0.098584
v -0.225956 0.950000 -0.164167
v -0.153548 0.401389 -0.153548
v -0.153548 1.498611 -0.153548
v -0.164167 0.950000 -0.225956
v -0.098584 0.401389 -0.193481
v -0.098584 1.498611 -0.193481
v -0.086308 0.950000 -0.265627
v -0.033970 0.401389 -0.214476
v -0.033970 1.498611 -0.214476
v -0.000000 2.243247 -0.046402
v -0.000000 2.223965 -0.111999
v 0.034609 2.223965 -0.106517
v 0.054883 2.185300 -0.168914
v 0.071525 2.130552 -0.220132
v 0.083293 2.063500 -0.256350
v 0.089384 1.988713 -0.275097
v 0.089384 1.911288 -0.275097
v 0.083293 1.836500 -0.256350
v 0.071525 1.769448 -0.220132
v 0.054883 1.714700 -0.168914
v 0.034609 1.676035 -0.106517
v 0.022820 2.206857 -0.144077
v 0.012365 2.236013 -0.078069
v 0.045639 1.950000 -0.288154
v 0.022820 1.693143 -0.144077
v 0.065831 2.223965 -0.090609
v 0.104394 2.185300 -0.143687
v 0.136049 2.130552 -0.187256
v 0.158433 2.063500 -0.218064
v 0.170019 1.988713 -0.234012
v 0.170019 1.911288 -0.234012
v 0.158433 1.836500 -0.218064
v 0.136049 1.769448 -0.187256
v 0.104394 1.714700 -0.143687
v 0.065831 1.676035 -0.090609
v 0.066225 1.693143 -0.129974
v 0.093656 1.740278 -0.183811
v 0.127937 1.873236 -0.251090
v 0.132450 1.950000 -0.259948
v 0.114705 2.098296 -0.225121
v 0.093656 2.159723 -0.183811
v 0.035885 1.663987 -0.070427
v 0.035885 2.236013 -0.070427
v 0.114705 1.801704 -0.225121
v 0.127937 2.026764 -0.251090
v 0.066225 2.206857 -0.129974
v 0.090609 2.223965 -0.065831
v 0.143686 2.185300 -0.104394
v 0.187256 2.130552 -0.136049
v 0.218064 2.063500 -0.158433
v 0.234012 1.988713 -0.170019
v 0.234012 1.911288 -0.170019
v 0.218064 1.836500 -0.158433
v 0.187256 1.769448 -0.136049
v 0.143687 1.714700 -0.104394
v 0.090609 1.676035 -0.065831
v 0.103148 2.206857 -0.103148
v 0.055892 2.236013 -0.055892
v 0.145873 1.740278 -0.145873
v 0.178657 1.801704 -0.178657
v 0.206296 1.950000 -0.206296
v 0.199266 2.026764 -0.199266
v 0.145873 2.159723 -0.145873
v 0.103148 1.693143 -0.103148
v 0.199266 1.873236 -0.199266
v 0.178657 2.098296 -0.178657
v 0.055892 1.663987 -0.055892
v 0.106517 2.223965 -0.034609
v 0.168914 2.185300 -0.054883
v 0.220133 2.130552 -0.071525
v 0.256350 2.063500 -0.083293
v 0.275097 1.988713 -0.089384
v 0.275097 1.911288 -0.089384
v 0.256350 1.836500 -0.083293
v 0.220133 1.769448 -0.071525
v 0.168914 1.714700 -0.054883
v 0.106517 1.676035 -0.034609
v 0.070427 1.663987 -0.035885
v 0.129974 1.693143 -0.066225
v 0.070427 2.236013 -0.035885
v 0.225121 1.801704 -0.114705
v 0.251090 1.873236 -0.127937
v 0.251090 2.026764 -0.127937
v 0.225121 2.098296 -0.114705
v 0.129974 2.206857 -0.066225
v 0.183811 1.740278 -0.093656
v 0.259948 1.950000 -0.132450
v 0.183811 2.159723 -0.093656
v 0.111999 2.223965 0.000000
v 0.177606 2.185300 -0.000000
v 0.231461 2.130552 -0.000000
v 0.269542 2.063500 -0.000000
v 0.289254 1.988713 -0.000000
v 0.289254 1.911288 -0.000000
v 0.269542 1.836500 -0.000000
v 0.231461 1.769448 -0.000000
v 0.177606 1.714700 -0.000000
v 0.111999 1.676035 0.000000
v 0.203756 2.159723 -0.032272
v 0.144077 2.206857 -0.022820
v 0.144077 1.693143 -0.022820
v 0.203756 1.740278 -0.032272
v 0.278336 1.873236 -0.044084
v 0.288154 1.950000 -0.045639
v 0.249549 2.098296 -0.039525
v 0.078069 1.663987 -0.012365
v 0.078069 2.236013 -0.012365
v 0.249549 1.801704 -0.039525
v 0.278336 2.026764 -0.044084
v 0.106517 2.223965 0.034609
v 0.168914 2.185300 0.054883
v 0.220133 2.130552 0.071525
v 0.256350 2.063500 0.083293
v 0.275097 1.988713 0.089384
v 0.275097 1.911288 0.089384
v 0.256350 1.836500 0.083293
v 0.220133 1.769448 0.071525
v 0.168914 1.714700 0.054883
v 0.106517 1.676035 0.034609
v 0.078069 1.663987 0.012365
v 0.144077 2.206857 0.022820
v 0.078069 2.236013 0.012365
v 0.203756 1.740278 0.032272
v 0.249549 1.801704 0.039525
v 0.288154 1.950000 0.045639
v 0.278336 2.026764 0.044084
v 0.203756 2.159723 0.032272
v 0.144077 1.693143 0.022820
v 0.278336 1.873236 0.044084
v 0.249549 2.098296 0.039525
v 0.090609 2.223965 0.065831
v 0.143687 2.185300 0.104394
v 0.187256 2.130552 0.136049
v 0.218064 2.063500 0.158433
v 0.234012 1.988713 0.170019
v 0.234012 1.911288 0.170019
v 0.218064 1.836500 0.158433
v 0.187256 1.769448 0.136049
v 0.143687 1.714700 0.104394
v 0.090609 1.676035 0.065831
v 0.225121 2.098296 0.114705
v 0.183811 2.159723 0.093656
v 0.070427 1.663987 0.035885
v 0.129974 1.693143 0.066225
v 0.070427 2.236013 0.035885
v 0.225121 1.801704 0.114705
v 0.251090 1.873236 0.127937
v 0.251090 2.026764 0.127937
v 0.129974 2.206857 0.066225
v 0.183811 1.740278 0.093656
v 0.259948 1.950000 0.132450
v 0.065831 2.223965 0.090609
v 0.104394 2.185300 0.143687
v 0.136049 2.130552 0.187256
v 0.158433 2.063500 0.218064
v 0.170019 1.988713 0.234012
v 0.170019 1.911288 0.234012
v 0.158433 1.836500 0.218064
v 0.136049 1.769448 0.187256
v 0.104394 1.714700 0.143687
v 0.065831 1.676035 0.090609
v 0.145873 2.159723 0.145873
v 0.103148 2.206857 0.103148
v 0.103148 1.693143 0.103148
v 0.145873 1.740278 0.145873
v 0.199266 1.873236 0.199266
v 0.206296 1.950000 0.206296
v 0.178657 2.098296 0.178657
v 0.055892 1.663987 0.055892
v 0.055892 2.236013 0.055892
v 0.178657 1.801704 0.178657
v 0.199266 2.026764 0.199266
v 0.034609 2.223965 0.106517
v 0.054883 2.185300 0.168914
v 0.071525 2.130552 0.220133
v 0.083293 2.063500 0.256350
v 0.089385 1.988713 0.275097
v 0.089385 1.911288 0.275097
v 0.083293 1.836500 0.256350
v 0.071525 1.769448 0.220133
v 0.054883 1.714700 0.168914
v 0.034609 1.676035 0.106517
v 0.127937 2.026764 0.251090
v 0.114705 2.098296 0.225121
v 0.035885 1.663987 0.070427
v 0.066225 2.206857 0.129974
v 0.035885 2.236013 0.070427
v 0.093656 1.740278 0.183811
v 0.114705 1.801704 0.225121
v 0.132450 1.950000 0.259948
v 0.093656 2.159723 0.183811
v 0.066225 1.693143 0.129974
v 0.127937 1.873236 0.251090
v -0.000000 2.223965 0.111999
v -0.000000 2.185300 0.177606
v 0.000000 2.130552 0.231461
v 0.000000 2.063500 0.269542
v -0.000000 1.988713 0.289254
v -0.000000 1.911288 0.289254
v 0.000000 1.836500 0.269542
v 0.000000 1.769448 0.231461
v -0.000000 1.714700 0.177606
v -0.000000 1.676035 0.111999
v 0.039525 2.098296 0.249549
v 0.032272 2.159723 0.203756
v 0.012365 1.663987 0.078069
v 0.022820 1.693143 0.144077
v 0.012365 2.236013 0.078069
v 0.039525 1.801704 0.249549
v 0.044084 1.873236 0.278336
v 0.044084 2.026764 0.278336
v 0.022820 2.206857 0.144077
v 0.032272 1.740278 0.203756
v 0.045639 1.950000 0.288154
v -0.034610 2.223965 0.106517
v -0.054883 2.185300 0.168914
v -0.071525 2.130552 0.220133
v -0.083293 2.063500 0.256350
v -0.089385 1.988713 0.275097
v -0.089385 1.911288 0.275097
v -0.083293 1.836500 0.256350
v -0.071525 1.769448 0.220133
v -0.054883 1.714700 0.168914
v -0.034610 1.676035 0.106517
v -0.045639 1.950000 0.288154
v -0.044084 2.026764 0.278336
v -0.032272 2.159723 0.203756
v -0.022820 2.206857 0.144077
v -0.022820 1.693143 0.144077
v -0.032272 1.740278 0.203756
v -0.044084 1.873236 0.278336
v -0.039525 2.098296 0.249549
v -0.012365 1.663987 0.078069
v -0.012365 2.236013 0.078069
v -0.039525 1.801704 0.249549
v -0.065831 2.223965 0.090609
v -0.104394 2.185300 0.143687
v -0.136049 2.130552 0.187256
v -0.158433 2.063500 0.218064
v -0.170019 1.988713 0.234012
v -0.170019 1.911288 0.234012
v -0.158433 1.836500 0.218064
v -0.136049 1.769448 0.187256
v -0.104394 1.714700 0.143687
v -0.065831 1.676035 0.090609
v -0.127937 2.026764 0.251090
v -0.114705 2.098296 0.225121
v -0.035885 1.663987 0.070427
v -0.066225 2.206857 0.129974
v -0.035885 2.236013 0.070427
v -0.093656 1.740278 0.183811
v -0.114705 1.801704 0.225121
v -0.132450 1.950000 0.259948
v -0.093656 2.159723 0.183811
v -0.066225 1.693143 0.129974
v -0.127937 1.873236 0.251090
v -0.090609 2.223965 0.065831
v -0.143687 2.185300 0.104394
v -0.187256 2.130552 0.136049
v -0.218064 2.063500 0.158433
v -0.234012 1.988713 0.170019
v -0.234012 1.911288 0.170019
v -0.218064 1.836500 0.158433
v -0.187256 1.769448 0.136049
v -0.143687 1.714700 0.104394
v -0.090609 1.676035 0.065831
v -0.199266 1.873236 0.199266
v -0.206296 1.950000 0.206296
v -0.178657 2.098296 0.178657
v -0.145873 2.159723 0.145873
v -0.055892 1.663987 0.055892
v -0.103148 1.693143 0.103148
v -0.055892 2.236013 0.055892
v -0.178657 1.801704 0.178657
v -0.199266 2.026764 0.199266
v -0.103148 2.206857 0.103148
v -0.145873 1.740278 0.145873
v -0.106517 2.223965 0.034609
v -0.168914 2.185300 0.054883
v -0.220133 2.130552 0.071525
v -0.256350 2.063500 0.083293
v -0.275097 1.988713 0.089384
v -0.275097 1.911288 0.089384
v -0.256350 1.836500 0.083293
v -0.220133 1.769448 0.071525
v -0.168914 1.714700 0.054883
v -0.106517 1.676035 0.034609
v -0.259948 1.950000 0.132450
v -0.251090 2.026764 0.127937
v -0.183811 2.159723 0.093656
v -0.129974 2.206857 0.066225
v -0.129974 1.693143 0.066225
v -0.183811 1.740278 0.093656
v -0.251090 1.873236 0.127937
v -0.225121 2.098296 0.114705
v -0.070427 1.663987 0.035885
v -0.070427 2.236013 0.035885
v -0.225121 1.801704 0.114705
v -0.111999 2.223965 -0.000000
v -0.177606 2.185300 -0.000000
v -0.231461 2.130552 0.000000
v -0.269542 2.063500 0.000000
v -0.289254 1.988713 -0.000000
v -0.289254 1.911287 -0.000000
v -0.269542 1.836500 0.000000
v -0.231461 1.769448 0.000000
v -0.177606 1.714700 -0.000000
v -0.111999 1.676035 -0.000000
v -0.249549 1.801704 0.039525
v -0.278336 1.873236 0.044084
v -0.278336 2.026764 0.044084
v -0.249549 2.098296 0.039525
v -0.078069 1.663987 0.012365
v -0.144077 2.206857 0.022820
v -0.078069 2.236013 0.012365
v -0.203756 1.740278 0.032272
v -0.288154 1.950000 0.045639
v -0.203756 2.159723 0.032272
v -0.144077 1.693143 0.022820
v -0.106517 2.223965 -0.034610
v -0.168914 2.185300 -0.054883
v -0.220133 2.130552 -0.071525
v -0.256350 2.063500 -0.083293
v -0.275097 1.988713 -0.089385
v -0.275097 1.911288 -0.089385
v -0.256350 1.836501 -0.083293
v -0.220133 1.769448 -0.071525
v -0.168914 1.714700 -0.054883
v -0.106517 1.676035 -0.034610
v -0.278336 1.873236 -0.044084
v -0.288154 1.950000 -0.045639
v -0.249549 2.098296 -0.039525
v -0.203756 2.159723 -0.032272
v -0.078069 1.663987 -0.012365
v -0.144077 1.693143 -0.022820
v -0.078069 2.236013 -0.012365
v -0.249549 1.801704 -0.039525
v -0.278336 2.026764 -0.044084
v -0.144077 2.206857 -0.022820
v -0.203756 1.740278 -0.032272
v -0.090609 2.223965 -0.065831
v -0.143687 2.185300 -0.104394
v -0.187256 2.130552 -0.136049
v -0.218064 2.063500 -0.158433
v -0.234012 1.988713 -0.170019
v -0.234012 1.911288 -0.170019
v -0.218064 1.836500 -0.158433
v -0.187256 1.769448 -0.136049
v -0.143687 1.714700 -0.104394
v -0.090609 1.676035 -0.065831
v -0.183811 1.740278 -0.093656
v -0.225121 1.801704 -0.114705
v -0.259948 1.950000 -0.132450
v -0.251090 2.026764 -0.127937
v -0.183811 2.159723 -0.093656
v -0.129974 2.206857 -0.066225
v -0.129974 1.693143 -0.066225
v -0.251090 1.873236 -0.127937
v -0.225121 2.098296 -0.114705
v -0.070427 1.663987 -0.035885
v -0.070427 2.236013 -0.035885
v -0.065831 2.223965 -0.090609
v -0.104394 2.185300 -0.143687
v -0.136049 2.130552 -0.187256
v -0.158433 2.063500 -0.218064
v -0.170019 1.988713 -0.234012
v -0.170019 1.911288 -0.234012
v -0.158433 1.836500 -0.218064
v -0.136049 1.769448 -0.187256
v -0.104394 1.714700 -0.143687
v -0.065831 1.676035 -0.090609
v -0.055892 2.236013 -0.055892
v -0.178657 1.801704 -0.178657
v -0.199266 1.873236 -0.199266
v -0.199266 2.026764 -0.199266
v -0.178657 2.098296 -0.178657
v -0.055892 1.663987 -0.055892
v -0.103148 2.206857 -0.103148
v -0.145873 1.740278 -0.145873
v -0.206296 1.950000 -0.206296
v -0.145873 2.159723 -0.145873
v -0.103148 1.693143 -0.103148
v -0.034609 2.223965 -0.106517
v -0.054883 2.185300 -0.168914
v -0.071525 2.130552 -0.220133
v -0.083293 2.063500 -0.256350
v -0.089385 1.988713 -0.275097
v -0.089384 1.911288 -0.275097
v -0.083293 1.836500 -0.256350
v -0.071525 1.769448 -0.220133
v -0.054883 1.714700 -0.168914
v -0.034609 1.676035 -0.106517
v -0.066225 1.693143 -0.129974
v -0.093656 1.740278 -0.183811
v -0.127937 1.873236 -0.251090
v -0.132450 1.950000 -0.259948
v -0.114705 2.098296 -0.225121
v -0.093656 2.159723 -0.183811
v -0.035885 1.663987 -0.070427
v -0.035885 2.236013 -0.070427
v -0.114705 1.801704 -0.225121
v -0.127937 2.026764 -0.251090
v -0.066225 2.206857 -0.129974
v -0.000000 2.130552 -0.231461
v -0.000000 2.063500 -0.269542
v -0.000000 1.836500 -0.269542
v -0.000000 1.769448 -0.231461
v -0.032272 1.740278 -0.203756
v -0.039525 1.801704 -0.249549
v -0.044084 2.026764 -0.278336
v -0.032272 2.159723 -0.203756
v -0.044084 1.873236 -0.278336
v -0.039525 2.098296 -0.249549
v -0.012365 1.663987 -0.078069
v -0.000000 2.185300 -0.177606
v -0.000000 1.988713 -0.289254
v -0.000000 1.911288 -0.289254
v -0.000000 1.714700 -0.177606
v 0.000000 1.676035 -0.111999
v 0.000000 1.656753 -0.046402
v 0.014339 2.243247 -0.044131
v 0.014339 1.656753 -0.044131
v 0.044084 2.026764 -0.278336
v 0.039525 2.098296 -0.249549
v 0.012365 1.663987 -0.078069
v 0.032272 1.740278 -0.203756
v 0.039525 1.801704 -0.249549
v 0.032272 2.159723 -0.203756
v 0.044084 1.873236 -0.278336
v 0.027275 2.243247 -0.037540
v 0.027275 1.656753 -0.037540
v 0.037540 2.243247 -0.027275
v 0.037540 1.656753 -0.027275
v 0.044131 2.243247 -0.014339
v 0.044131 1.656753 -0.014339
v 0.046402 2.243247 0.000000
v 0.046402 1.656753 0.000000
v 0.044131 2.243247 0.014339
v 0.044131 1.656753 0.014339
v 0.037540 2.243247 0.027275
v 0.037540 1.656753 0.027275
v 0.027275 2.243247 0.037540
v 0.027275 1.656753 0.037540
v 0.014339 2.243247 0.044131
v 0.014339 1.656753 0.044131
v -0.000000 2.243247 0.046402
v -0.000000 1.656753 0.046402
v -0.014339 2.243247 0.044131
v -0.014339 1.656753 0.044131
v -0.027275 2.243247 0.037540
v -0.027275 1.656753 0.037540
v -0.037540 2.243247 0.027275
v -0.037540 1.656753 0.027275
v -0.044131 2.243247 0.014339
v -0.044131 1.656753 0.014339
v -0.046402 2.243247 0.000000
v -0.046402 1.656753 0.000000
v -0.044131 2.243247 -0.014339
v -0.044131 1.656753 -0.014339
v -0.037540 2.243247 -0.027275
v -0.037540 1.656753 -0.027275
v -0.027275 2.243247 -0.037540
v -0.027275 1.656753 -0.037540
v -0.014339 2.243247 -0.044131
v -0.014339 1.656753 -0.044131
v -0.022820 2.206857 -0.144077
v -0.012365 2.236013 -0.078069
v -0.045639 1.950000 -0.288154
v -0.022820 1.693143 -0.144077
v 0.355886 1.759888 0.000000
v 0.356427 1.750000 -0.023361
v 0.352841 1.759888 -0.046452
v 0.351333 1.769107 -0.023028
v 0.346026 1.777016 0.000000
v 0.343066 1.777016 -0.045165
v 0.337416 1.783094 -0.022115
v 0.328948 1.786904 0.000000
v 0.326133 1.786904 -0.042936
v 0.318404 1.788214 -0.020869
v 0.309227 1.786904 0.000000
v 0.306582 1.786904 -0.040362
v 0.299392 1.783094 -0.019623
v 0.292149 1.777016 0.000000
v 0.289650 1.777016 -0.038133
v 0.285475 1.769107 -0.018711
v 0.282289 1.759888 0.000000
v 0.279874 1.759888 -0.036846
v 0.280381 1.750000 -0.018377
v 0.282289 1.740112 0.000000
v 0.279874 1.740112 -0.036846
v 0.285475 1.730893 -0.018711
v 0.292149 1.722985 0.000000
v 0.289650 1.722985 -0.038133
v 0.299392 1.716906 -0.019623
v 0.309227 1.713096 0.000000
v 0.306582 1.713096 -0.040362
v 0.318404 1.711786 -0.020869
v 0.328948 1.713096 0.000000
v 0.326133 1.713096 -0.042936
v 0.337416 1.716906 -0.022115
v 0.346026 1.722985 0.000000
v 0.343066 1.722985 -0.045165
v 0.351333 1.730893 -0.023028
v 0.355886 1.740112 0.000000
v 0.352841 1.740112 -0.046452
v 0.350329 1.750000 -0.069685
v 0.343760 1.759888 -0.092110
v 0.345322 1.769107 -0.068689
v 0.334235 1.777016 -0.089558
v 0.331642 1.783094 -0.065968
v 0.317739 1.786904 -0.085138
v 0.312956 1.788214 -0.062251
v 0.298691 1.786904 -0.080034
v 0.294270 1.783094 -0.058534
v 0.282194 1.777016 -0.075614
v 0.280591 1.769107 -0.055813
v 0.272670 1.759888 -0.073062
v 0.275584 1.750000 -0.054817
v 0.272670 1.740112 -0.073062
v 0.280591 1.730893 -0.055813
v 0.282194 1.722985 -0.075614
v 0.294270 1.716906 -0.058534
v 0.298691 1.713096 -0.080034
v 0.312956 1.711786 -0.062251
v 0.317739 1.713096 -0.085138
v 0.331642 1.716906 -0.065968
v 0.334235 1.722985 -0.089558
v 0.345322 1.730893 -0.068689
v 0.343760 1.740112 -0.092110
v 0.338236 1.750000 -0.114816
v 0.328796 1.759888 -0.136192
v 0.333402 1.769107 -0.113175
v 0.319686 1.777016 -0.132418
v 0.320195 1.783094 -0.108691
v 0.303908 1.786904 -0.125883
v 0.302153 1.788214 -0.102567
v 0.285689 1.786904 -0.118336
v 0.284112 1.783094 -0.096443
v 0.269911 1.777016 -0.111801
v 0.270905 1.769107 -0.091960
v 0.260801 1.759888 -0.108027
v 0.266071 1.750000 -0.090319
v 0.260801 1.740112 -0.108027
v 0.270905 1.730893 -0.091960
v 0.269911 1.722985 -0.111801
v 0.284112 1.716906 -0.096443
v 0.285689 1.713096 -0.118336
v 0.302153 1.711786 -0.102567
v 0.303908 1.713096 -0.125883
v 0.320195 1.716906 -0.108691
v 0.319686 1.722985 -0.132418
v 0.333402 1.730893 -0.113175
v 0.328796 1.740112 -0.136192
v 0.320356 1.750000 -0.157982
v 0.308206 1.759888 -0.177943
v 0.315777 1.769107 -0.155724
v 0.299667 1.777016 -0.173013
v 0.303268 1.783094 -0.149555
v 0.284877 1.786904 -0.164474
v 0.286181 1.788214 -0.141129
v 0.267799 1.786904 -0.154614
v 0.269093 1.783094 -0.132702
v 0.253008 1.777016 -0.146075
v 0.256584 1.769107 -0.126533
v 0.244469 1.759888 -0.141144
v 0.252006 1.750000 -0.124275
v 0.244469 1.740112 -0.141144
v 0.256584 1.730893 -0.126533
v 0.253008 1.722985 -0.146075
v 0.269093 1.716906 -0.132702
v 0.267799 1.713096 -0.154614
v 0.286181 1.711786 -0.141129
v 0.284877 1.713096 -0.164474
v 0.303268 1.716906 -0.149555
v 0.299667 1.722985 -0.173013
v 0.315777 1.730893 -0.155724
v 0.308206 1.740112 -0.177943
v 0.296994 1.750000 -0.198445
v 0.282343 1.759888 -0.216650
v 0.292750 1.769107 -0.195609
v 0.274521 1.777016 -0.210647
v 0.281153 1.783094 -0.187860
v 0.260972 1.786904 -0.200251
v 0.265311 1.788214 -0.177275
v 0.245327 1.786904 -0.188246
v 0.249470 1.783094 -0.166690
v 0.231777 1.777016 -0.177849
v 0.237873 1.769107 -0.158942
v 0.223955 1.759888 -0.171847
v 0.233628 1.750000 -0.156106
v 0.223955 1.740112 -0.171847
v 0.237873 1.730893 -0.158942
v 0.231777 1.722985 -0.177849
v 0.249470 1.716906 -0.166690
v 0.245327 1.713096 -0.188246
v 0.265311 1.711786 -0.177275
v 0.260972 1.713096 -0.200251
v 0.281153 1.716906 -0.187860
v 0.274521 1.722985 -0.210647
v 0.292750 1.730893 -0.195609
v 0.282343 1.740112 -0.216650
v 0.268551 1.750000 -0.235513
v 0.251649 1.759888 -0.251649
v 0.264713 1.769107 -0.232147
v 0.244677 1.777016 -0.244677
v 0.254227 1.783094 -0.222951
v 0.232601 1.786904 -0.232601
v 0.239902 1.788214 -0.210389
v 0.218657 1.786904 -0.218657
v 0.225578 1.783094 -0.197827
v 0.206581 1.777016 -0.206581
v 0.215092 1.769107 -0.188631
v 0.199608 1.759888 -0.199608
v 0.211254 1.750000 -0.185265
v 0.199608 1.740112 -0.199608
v 0.215092 1.730893 -0.188631
v 0.206581 1.722985 -0.206581
v 0.225578 1.716906 -0.197827
v 0.218657 1.713096 -0.218657
v 0.239902 1.711786 -0.210389
v 0.232601 1.713096 -0.232601
v 0.254227 1.716906 -0.222951
v 0.244677 1.722985 -0.244677
v 0.264713 1.730893 -0.232147
v 0.251649 1.740112 -0.251649
v 0.235513 1.750000 -0.268551
v 0.216650 1.759888 -0.282343
v 0.232147 1.769107 -0.264713
v 0.210647 1.777016 -0.274521
v 0.222951 1.783094 -0.254227
v 0.200251 1.786904 -0.260972
v 0.210389 1.788214 -0.239902
v 0.188246 1.786904 -0.245326
v 0.197827 1.783094 -0.225578
v 0.177849 1.777016 -0.231777
v 0.188631 1.769107 -0.215092
v 0.171847 1.759888 -0.223955
v 0.185265 1.750000 -0.211254
v 0.171847 1.740112 -0.223955
v 0.188631 1.730893 -0.215092
v 0.177849 1.722985 -0.231777
v 0.197827 1.716906 -0.225578
v 0.188246 1.713096 -0.245327
v 0.210389 1.711786 -0.239902
v 0.200251 1.713096 -0.260972
v 0.222951 1.716906 -0.254227
v 0.210647 1.722985 -0.274521
v 0.232147 1.730893 -0.264713
v 0.216650 1.740112 -0.282343
v 0.198445 1.750000 -0.296994
v 0.177943 1.759888 -0.308206
v 0.195609 1.769107 -0.292750
v 0.173013 1.777016 -0.299667
v 0.187860 1.783094 -0.281153
v 0.164474 1.786904 -0.284877
v 0.177275 1.788214 -0.265311
v 0.154614 1.786904 -0.267799
v 0.166690 1.783094 -0.249470
v 0.146074 1.777016 -0.253008
v 0.158942 1.769107 -0.237873
v 0.141144 1.759888 -0.244469
v 0.156106 1.750000 -0.233628
v 0.141144 1.740112 -0.244469
v 0.158942 1.730893 -0.237873
v 0.146075 1.722985 -0.253008
v 0.166690 1.716906 -0.249470
v 0.154614 1.713096 -0.267799
v 0.177275 1.711786 -0.265311
v 0.164474 1.713096 -0.284877
v 0.187860 1.716906 -0.281153
v 0.173013 1.722985 -0.299667
v 0.195609 1.730893 -0.292749
v 0.177943 1.740112 -0.308206
v 0.157982 1.750000 -0.320356
v 0.136192 1.759888 -0.328796
v 0.155724 1.769107 -0.315777
v 0.132418 1.777016 -0.319686
v 0.149555 1.783094 -0.303268
v 0.125883 1.786904 -0.303908
v 0.141129 1.788214 -0.286181
v 0.118336 1.786904 -0.285689
v 0.132702 1.783094 -0.269093
v 0.111801 1.777016 -0.269911
v 0.126533 1.769107 -0.256584
v 0.108027 1.759888 -0.260801
v 0.124275 1.750000 -0.252006
v 0.108027 1.740112 -0.260801
v 0.126533 1.730893 -0.256584
v 0.111801 1.722985 -0.269910
v 0.132702 1.716906 -0.269093
v 0.118336 1.713096 -0.285689
v 0.141129 1.711786 -0.286181
v 0.125883 1.713096 -0.303908
v 0.149555 1.716906 -0.303268
v 0.132418 1.722985 -0.319686
v 0.155724 1.730893 -0.315777
v 0.136192 1.740112 -0.328796
v 0.114816 1.750000 -0.338236
v 0.092110 1.759888 -0.343760
v 0.113175 1.769107 -0.333402
v 0.089558 1.777016 -0.334235
v 0.108691 1.783094 -0.320195
v 0.085138 1.786904 -0.317739
v 0.102567 1.788214 -0.302153
v 0.080034 1.786904 -0.298691
v 0.096443 1.783094 -0.284112
v 0.075614 1.777016 -0.282194
v 0.091960 1.769107 -0.270905
v 0.073062 1.759888 -0.272670
v 0.090319 1.750000 -0.266071
v 0.073062 1.740112 -0.272670
v 0.091960 1.730893 -0.270905
v 0.075614 1.722985 -0.282194
v 0.096443 1.716906 -0.284112
v 0.080034 1.713096 -0.298691
v 0.102567 1.711786 -0.302153
v 0.085138 1.713096 -0.317739
v 0.108691 1.716906 -0.320195
v 0.089558 1.722985 -0.334235
v 0.113175 1.730893 -0.333402
v 0.092110 1.740112 -0.343760
v 0.069685 1.750000 -0.350329
v 0.046452 1.759888 -0.352841
v 0.068689 1.769107 -0.345322
v 0.045165 1.777016 -0.343066
v 0.065968 1.783094 -0.331642
v 0.042936 1.786904 -0.326133
v 0.062251 1.788214 -0.312956
v 0.040362 1.786904 -0.306582
v 0.058534 1.783094 -0.294270
v 0.038133 1.777016 -0.289650
v 0.055813 1.769107 -0.280590
v 0.036846 1.759888 -0.279874
v 0.054817 1.750000 -0.275584
v 0.036846 1.740112 -0.279874
v 0.055813 1.730893 -0.280591
v 0.038133 1.722985 -0.289650
v 0.058534 1.716906 -0.294270
v 0.040362 1.713096 -0.306582
v 0.062251 1.711786 -0.312956
v 0.042936 1.713096 -0.326133
v 0.065968 1.716906 -0.331642
v 0.045165 1.722985 -0.343066
v 0.068689 1.730893 -0.345322
v 0.046452 1.740112 -0.352841
v 0.023361 1.750000 -0.356427
v -0.000000 1.759888 -0.355886
v 0.023028 1.769107 -0.351333
v -0.000000 1.777016 -0.346026
v 0.022115 1.783094 -0.337416
v -0.000000 1.786904 -0.328948
v 0.020869 1.788214 -0.318404
v -0.000000 1.786904 -0.309227
v 0.019623 1.783094 -0.299392
v -0.000000 1.777016 -0.292149
v 0.018711 1.769107 -0.285475
v -0.000000 1.759888 -0.282289
v 0.018377 1.750000 -0.280381
v -0.000000 1.740112 -0.282289
v 0.018711 1.730893 -0.285475
v -0.000000 1.722985 -0.292149
v 0.019623 1.716906 -0.299392
v -0.000000 1.713096 -0.309227
v 0.020869 1.711786 -0.318404
v -0.000000 1.713096 -0.328948
v 0.022115 1.716906 -0.337416
v -0.000000 1.722985 -0.346026
v 0.023028 1.730893 -0.351333
v -0.000000 1.740112 -0.355886
v -0.023361 1.750000 -0.356427
v -0.046452 1.759888 -0.352841
v -0.023028 1.769107 -0.351333
v -0.045165 1.777016 -0.343066
v -0.022115 1.783094 -0.337416
v -0.042936 1.786904 -0.326133
v -0.020869 1.788214 -0.318404
v -0.040362 1.786904 -0.306582
v -0.019623 1.783094 -0.299392
v -0.038133 1.777016 -0.289650
v -0.018711 1.769107 -0.285475
v -0.036846 1.759888 -0.279874
v -0.018377 1.750000 -0.280381
v -0.036846 1.740112 -0.279874
v -0.018711 1.730893 -0.285475
v -0.038133 1.722985 -0.289650
v -0.019623 1.716906 -0.299392
v -0.040362 1.713096 -0.306582
v -0.020869 1.711786 -0.318404
v -0.042936 1.713096 -0.326133
v -0.022115 1.716906 -0.337416
v -0.045165 1.722985 -0.343066
v -0.023028 1.730893 -0.351333
v -0.046452 1.740112 -0.352841
v -0.069685 1.750000 -0.350329
v -0.092110 1.759888 -0.343760
v -0.068689 1.769107 -0.345322
v -0.089558 1.777016 -0.334235
v -0.065968 1.783094 -0.331642
v -0.085138 1.786904 -0.317739
v -0.062251 1.788214 -0.312956
v -0.080034 1.786904 -0.298691
v -0.058534 1.783094 -0.294270
v -0.075614 1.777016 -0.282194
v -0.055813 1.769107 -0.280591
v -0.073062 1.759888 -0.272670
v -0.054817 1.750000 -0.275584
v -0.073062 1.740112 -0.272670
v -0.055813 1.730893 -0.280591
v -0.075614 1.722985 -0.282194
v -0.058534 1.716906 -0.294270
v -0.080034 1.713096 -0.298691
v -0.062251 1.711786 -0.312956
v -0.085138 1.713096 -0.317739
v -0.065968 1.716906 -0.331642
v -0.089558 1.722985 -0.334235
v -0.068689 1.730893 -0.345322
v -0.092110 1.740112 -0.343760
v -0.114816 1.750000 -0.338236
v -0.136192 1.759888 -0.328796
v -0.113175 1.769107 -0.333402
v -0.132418 1.777016 -0.319686
v -0.108691 1.783094 -0.320195
v -0.125883 1.786904 -0.303908
v -0.102567 1.788214 -0.302153
v -0.118336 1.786904 -0.285689
v -0.096443 1.783094 -0.284112
v -0.111801 1.777016 -0.269911
v -0.091960 1.769107 -0.270905
v -0.108027 1.759888 -0.260801
v -0.090319 1.750000 -0.266071
v -0.108027 1.740112 -0.260801
v -0.091960 1.730893 -0.270905
v -0.111801 1.722985 -0.269911
v -0.096443 1.716906 -0.284112
v -0.118336 1.713096 -0.285689
v -0.102567 1.711786 -0.302153
v -0.125883 1.713096 -0.303908
v -0.108691 1.716906 -0.320195
v -0.132418 1.722985 -0.319686
v -0.113175 1.730893 -0.333402
v -0.136192 1.740112 -0.328796
v -0.157982 1.750000 -0.320356
v -0.177943 1.759888 -0.308206
v -0.155724 1.769107 -0.315777
v -0.173013 1.777016 -0.299667
v -0.149555 1.783094 -0.303268
v -0.164474 1.786904 -0.284877
v -0.141129 1.788214 -0.286181
v -0.154614 1.786904 -0.267799
v -0.132702 1.783094 -0.269093
v -0.146074 1.777016 -0.253009
v -0.126533 1.769107 -0.256584
v -0.141144 1.759888 -0.244469
v -0.124275 1.750000 -0.252006
v -0.141144 1.740112 -0.244469
v -0.126533 1.730893 -0.256584
v -0.146075 1.722985 -0.253008
v -0.132702 1.716906 -0.269093
v -0.154614 1.713096 -0.267799
v -0.141129 1.711786 -0.286181
v -0.164474 1.713096 -0.284877
v -0.149555 1.716906 -0.303268
v -0.173013 1.722985 -0.299667
v -0.155724 1.730893 -0.315777
v -0.177943 1.740112 -0.308206
v -0.198445 1.750000 -0.296994
v -0.216650 1.759888 -0.282343
v -0.195609 1.769107 -0.292750
v -0.210647 1.777016 -0.274521
v -0.187860 1.783094 -0.281153
v -0.200251 1.786904 -0.260972
v -0.177275 1.788214 -0.265311
v -0.188246 1.786904 -0.245327
v -0.166690 1.783094 -0.249470
v -0.177849 1.777016 -0.231777
v -0.158942 1.769107 -0.237873
v -0.171847 1.759888 -0.223955
v -0.156106 1.750000 -0.233628
v -0.171847 1.740112 -0.223955
v -0.158942 1.730893 -0.237873
v -0.177849 1.722985 -0.231777
v -0.166690 1.716906 -0.249470
v -0.188246 1.713096 -0.245327
v -0.177275 1.711786 -0.265311
v -0.200251 1.713096 -0.260972
v -0.187860 1.716906 -0.281153
v -0.210647 1.722985 -0.274521
v -0.195609 1.730893 -0.292750
v -0.216650 1.740112 -0.282343
v -0.235513 1.750000 -0.268551
v -0.251649 1.759888 -0.251649
v -0.232147 1.769107 -0.264713
v -0.244677 1.777016 -0.244677
v -0.222951 1.783094 -0.254227
v -0.232601 1.786904 -0.232601
v -0.210389 1.788214 -0.239902
v -0.218657 1.786904 -0.218657
v -0.197827 1.783094 -0.225578
v -0.206581 1.777016 -0.206581
v -0.188631 1.769107 -0.215092
v -0.199608 1.759888 -0.199608
v -0.185265 1.750000 -0.211254
v -0.199608 1.740112 -0.199608
v -0.188631 1.730893 -0.215092
v -0.206581 1.722985 -0.206581
v -0.197827 1.716906 -0.225578
v -0.218657 1.713096 -0.218657
v -0.210389 1.711786 -0.239902
v -0.232601 1.713096 -0.232601
v -0.222951 1.716906 -0.254227
v -0.244677 1.722985 -0.244677
v -0.232147 1.730893 -0.264713
v -0.251649 1.740112 -0.251649
v -0.268551 1.750000 -0.235513
v -0.282343 1.759888 -0.216650
v -0.264713 1.769107 -0.232147
v -0.274521 1.777016 -0.210647
v -0.254227 1.783094 -0.222951
v -0.260972 1.786904 -0.200251
v -0.239903 1.788214 -0.210389
v -0.245327 1.786904 -0.188246
v -0.225578 1.783094 -0.197827
v -0.231777 1.777016 -0.177849
v -0.215092 1.769107 -0.188631
v -0.223955 1.759888 -0.171847
v -0.211254 1.750000 -0.185265
v -0.223955 1.740112 -0.171847
v -0.215092 1.730893 -0.188631
v -0.231777 1.722985 -0.177849
v -0.225578 1.716906 -0.197827
v -0.245327 1.713096 -0.188246
v -0.239902 1.711786 -0.210389
v -0.260972 1.713096 -0.200251
v -0.254227 1.716906 -0.222951
v -0.274521 1.722985 -0.210647
v -0.264713 1.730893 -0.232147
v -0.282343 1.740112 -0.216650
v -0.296994 1.750000 -0.198445
v -0.308206 1.759888 -0.177943
v -0.292749 1.769107 -0.195609
v -0.299667 1.777016 -0.173013
v -0.281153 1.783094 -0.187860
v -0.284877 1.786904 -0.164474
v -0.265311 1.788214 -0.177275
v -0.267799 1.786904 -0.154614
v -0.249470 1.783094 -0.166690
v -0.253008 1.777016 -0.146075
v -0.237873 1.769107 -0.158942
v -0.244469 1.759888 -0.141144
v -0.233628 1.750000 -0.156106
v -0.244469 1.740112 -0.141144
v -0.237873 1.730893 -0.158942
v -0.253008 1.722985 -0.146075
v -0.249470 1.716906 -0.166690
v -0.267799 1.713096 -0.154614
v -0.265311 1.711786 -0.177275
v -0.284877 1.713096 -0.164474
v -0.281153 1.716906 -0.187860
v -0.299667 1.722985 -0.173013
v -0.292749 1.730893 -0.195609
v -0.308206 1.740112 -0.177943
v -0.320356 1.750000 -0.157982
v -0.328796 1.759888 -0.136192
v -0.315777 1.769107 -0.155724
v -0.319686 1.777016 -0.132418
v -0.303268 1.783094 -0.149555
v -0.303908 1.786904 -0.125883
v -0.286181 1.788214 -0.141129
v -0.285689 1.786904 -0.118336
v -0.269093 1.783094 -0.132702
v -0.269911 1.777016 -0.111801
v -0.256584 1.769107 -0.126533
v -0.260801 1.759888 -0.108027
v -0.252006 1.750000 -0.124275
v -0.260801 1.740112 -0.108027
v -0.256584 1.730893 -0.126533
v -0.269910 1.722985 -0.111801
v -0.269093 1.716906 -0.132702
v -0.285689 1.713096 -0.118336
v -0.286181 1.711786 -0.141129
v -0.303908 1.713096 -0.125883
v -0.303268 1.716906 -0.149555
v -0.319686 1.722985 -0.132418
v -0.315777 1.730893 -0.155724
v -0.328796 1.740112 -0.136192
v -0.338236 1.750000 -0.114816
v -0.343760 1.759888 -0.092110
v -0.333402 1.769107 -0.113175
v -0.334235 1.777016 -0.089558
v -0.320195 1.783094 -0.108691
v -0.317739 1.786904 -0.085138
v -0.302153 1.788214 -0.102567
v -0.298691 1.786904 -0.080034
v -0.284112 1.783094 -0.096443
v -0.282194 1.777016 -0.075614
v -0.270905 1.769107 -0.091960
v -0.272670 1.759888 -0.073062
v -0.266071 1.750000 -0.090319
v -0.272670 1.740112 -0.073062
v -0.270905 1.730893 -0.091960
v -0.282194 1.722985 -0.075614
v -0.284112 1.716906 -0.096443
v -0.298691 1.713096 -0.080034
v -0.302153 1.711786 -0.102567
v -0.317739 1.713096 -0.085138
v -0.320195 1.716906 -0.108691
v -0.334235 1.722985 -0.089558
v -0.333402 1.730893 -0.113175
v -0.343760 1.740112 -0.092110
v -0.350329 1.750000 -0.069685
v -0.352841 1.759888 -0.046452
v -0.345322 1.769107 -0.068689
v -0.343066 1.777016 -0.045165
v -0.331642 1.783094 -0.065968
v -0.326133 1.786904 -0.042936
v -0.312956 1.788214 -0.062251
v -0.306582 1.786904 -0.040362
v -0.294270 1.783094 -0.058534
v -0.289650 1.777016 -0.038133
v -0.280590 1.769107 -0.055813
v -0.279874 1.759888 -0.036846
v -0.275584 1.750000 -0.054817
v -0.279874 1.740112 -0.036846
v -0.280591 1.730893 -0.055813
v -0.289650 1.722985 -0.038133
v -0.294270 1.716906 -0.058534
v -0.306582 1.713096 -0.040362
v -0.312956 1.711786 -0.062251
v -0.326133 1.713096 -0.042936
v -0.331642 1.716906 -0.065968
v -0.343066 1.722985 -0.045165
v -0.345322 1.730893 -0.068689
v -0.352841 1.740112 -0.046452
v -0.356427 1.750000 -0.023362
v -0.355886 1.759888 -0.000000
v -0.351333 1.769107 -0.023028
v -0.346026 1.777016 -0.000000
v -0.337416 1.783094 -0.022115
v -0.328948 1.786904 -0.000000
v -0.318404 1.788214 -0.020869
v -0.309227 1.786904 -0.000000
v -0.299392 1.783094 -0.019623
v -0.292149 1.777015 -0.000000
v -0.285475 1.769107 -0.018711
v -0.282289 1.759888 -0.000000
v -0.280381 1.750000 -0.018377
v -0.282289 1.740112 -0.000000
v -0.285475 1.730893 -0.018711
v -0.292149 1.722985 -0.000000
v -0.299392 1.716906 -0.019623
v -0.309227 1.713096 -0.000000
v -0.318404 1.711786 -0.020869
v -0.328948 1.713096 -0.000000
v -0.337416 1.716906 -0.022115
v -0.346026 1.722985 -0.000000
v -0.351333 1.730893 -0.023028
v -0.355886 1.740112 -0.000000
v -0.356427 1.750000 0.023361
v -0.352841 1.759888 0.046452
v -0.351333 1.769107 0.023028
v -0.343066 1.777016 0.045165
v -0.337416 1.783094 0.022115
v -0.326133 1.786904 0.042936
v -0.318404 1.788214 0.020869
v -0.306582 1.786904 0.040362
v -0.299392 1.783094 0.019623
v -0.289650 1.777016 0.038133
v -0.285475 1.769107 0.018711
v -0.279874 1.759888 0.036846
v -0.280381 1.750000 0.018377
v -0.279874 1.740112 0.036846
v -0.285475 1.730893 0.018711
v -0.289650 1.722985 0.038133
v -0.299392 1.716906 0.019623
v -0.306582 1.713096 0.040362
v -0.318404 1.711786 0.020869
v -0.326133 1.713096 0.042936
v -0.337416 1.716906 0.022115
v -0.343066 1.722985 0.045165
v -0.351333 1.730893 0.023028
v -0.352841 1.740112 0.046452
v -0.350329 1.750000 0.069685
v -0.343760 1.759888 0.092110
v -0.345322 1.769107 0.068689
v -0.334235 1.777016 0.089558
v -0.331642 1.783094 0.065968
v -0.317739 1.786904 0.085138
v -0.312956 1.788214 0.062251
v -0.298691 1.786904 0.080034
v -0.294270 1.783094 0.058534
v -0.282194 1.777016 0.075614
v -0.280591 1.769107 0.055813
v -0.272670 1.759888 0.073062
v -0.275584 1.750000 0.054817
v -0.272670 1.740112 0.073062
v -0.280591 1.730893 0.055813
v -0.282194 1.722985 0.075614
v -0.294270 1.716906 0.058534
v -0.298691 1.713096 0.080034
v -0.312956 1.711786 0.062251
v -0.317739 1.713096 0.085138
v -0.331642 1.716906 0.065968
v -0.334235 1.722985 0.089558
v -0.345322 1.730893 0.068689
v -0.343760 1.740112 0.092110
v -0.338236 1.750000 0.114815
v -0.328796 1.759888 0.136192
v -0.333402 1.769107 0.113175
v -0.319686 1.777016 0.132418
v -0.320195 1.783094 0.108691
v -0.303908 1.786904 0.125883
v -0.302153 1.788214 0.102567
v -0.285689 1.786904 0.118336
v -0.284112 1.783094 0.096443
v -0.269911 1.777016 0.111800
v -0.270905 1.769107 0.091960
v -0.260801 1.759888 0.108027
v -0.266071 1.750000 0.090319
v -0.260801 1.740112 0.108027
v -0.270905 1.730893 0.091960
v -0.269911 1.722985 0.111801
v -0.284112 1.716906 0.096443
v -0.285689 1.713096 0.118336
v -0.302153 1.711786 0.102567
v -0.303908 1.713096 0.125883
v -0.320195 1.716906 0.108691
v -0.319686 1.722985 0.132418
v -0.333402 1.730893 0.113175
v -0.328796 1.740112 0.136192
v -0.320356 1.750000 0.157982
v -0.308206 1.759888 0.177943
v -0.315777 1.769107 0.155724
v -0.299667 1.777016 0.173013
v -0.303268 1.783094 0.149555
v -0.284877 1.786904 0.164474
v -0.286181 1.788214 0.141129
v -0.267799 1.786904 0.154614
v -0.269093 1.783094 0.132702
v -0.253009 1.777016 0.146074
v -0.256584 1.769107 0.126533
v -0.244469 1.759888 0.141144
v -0.252006 1.750000 0.124275
v -0.244469 1.740112 0.141144
v -0.256584 1.730893 0.126533
v -0.253008 1.722985 0.146074
v -0.269093 1.716906 0.132702
v -0.267799 1.713096 0.154614
v -0.286181 1.711786 0.141129
v -0.284877 1.713096 0.164474
v -0.303268 1.716906 0.149555
v -0.299667 1.722985 0.173013
v -0.315777 1.730893 0.155724
v -0.308206 1.740112 0.177943
v -0.296994 1.750000 0.198445
v -0.282343 1.759888 0.216650
v -0.292750 1.769107 0.195609
v -0.274521 1.777016 0.210647
v -0.281153 1.783094 0.187860
v -0.260972 1.786904 0.200251
v -0.265311 1.788214 0.177275
v -0.245327 1.786904 0.188246
v -0.249470 1.783094 0.166690
v -0.231777 1.777016 0.177849
v -0.237873 1.769107 0.158942
v -0.223955 1.759888 0.171847
v -0.233628 1.750000 0.156106
v -0.223955 1.740112 0.171847
v -0.237873 1.730893 0.158942
v -0.231777 1.722985 0.177849
v -0.249470 1.716906 0.166690
v -0.245327 1.713096 0.188246
v -0.265311 1.711786 0.177275
v -0.260972 1.713096 0.200251
v -0.281153 1.716906 0.187860
v -0.274521 1.722985 0.210647
v -0.292750 1.730893 0.195609
v -0.282343 1.740112 0.216650
v -0.268551 1.750000 0.235513
v -0.251650 1.759888 0.251649
v -0.264713 1.769107 0.232147
v -0.244677 1.777016 0.244677
v -0.254227 1.783094 0.222951
v -0.232601 1.786904 0.232601
v -0.239903 1.788214 0.210389
v -0.218657 1.786904 0.218657
v -0.225578 1.783094 0.197827
v -0.206581 1.777016 0.206580
v -0.215092 1.769107 0.188631
v -0.199608 1.759888 0.199608
v -0.211254 1.750000 0.185265
v -0.199608 1.740112 0.199608
v -0.215092 1.730893 0.188631
v -0.206581 1.722985 0.206581
v -0.225578 1.716906 0.197827
v -0.218657 1.713096 0.218657
v -0.239903 1.711786 0.210389
v -0.232601 1.713096 0.232601
v -0.254227 1.716906 0.222951
v -0.244677 1.722985 0.244677
v -0.264713 1.730893 0.232147
v -0.251650 1.740112 0.251649
v -0.235513 1.750000 0.268551
v -0.216650 1.759888 0.282343
v -0.232147 1.769107 0.264713
v -0.210647 1.777016 0.274521
v -0.222951 1.783094 0.254227
v -0.200251 1.786904 0.260972
v -0.210389 1.788214 0.239902
v -0.188246 1.786904 0.245326
v -0.197827 1.783094 0.225578
v -0.177849 1.777016 0.231777
v -0.188631 1.769107 0.215092
v -0.171847 1.759888 0.223955
v -0.185265 1.750000 0.211254
v -0.171847 1.740112 0.223955
v -0.188631 1.730893 0.215092
v -0.177849 1.722985 0.231777
v -0.197827 1.716906 0.225578
v -0.188246 1.713096 0.245326
v -0.210389 1.711786 0.239902
v -0.200251 1.713096 0.260972
v -0.222951 1.716906 0.254227
v -0.210647 1.722985 0.274521
v -0.232147 1.730893 0.264713
v -0.216650 1.740112 0.282343
v -0.198445 1.750000 0.296994
v -0.177943 1.759888 0.308206
v -0.195609 1.769107 0.292750
v -0.173013 1.777016 0.299667
v -0.187860 1.783094 0.281153
v -0.164474 1.786904 0.284877
v -0.177275 1.788214 0.265311
v -0.154614 1.786904 0.267799
v -0.166690 1.783094 0.249470
v -0.146075 1.777016 0.253008
v -0.158942 1.769107 0.237873
v -0.141144 1.759888 0.244469
v -0.156106 1.750000 0.233628
v -0.141144 1.740112 0.244469
v -0.158942 1.730893 0.237873
v -0.146075 1.722985 0.253009
v -0.166690 1.716906 0.249470
v -0.154614 1.713096 0.267799
v -0.177275 1.711786 0.265311
v -0.164474 1.713096 0.284877
v -0.187860 1.716906 0.281153
v -0.173013 1.722985 0.299667
v -0.195609 1.730893 0.292749
v -0.177943 1.740112 0.308206
v -0.157982 1.750000 0.320356
v -0.136192 1.759888 0.328796
v -0.155724 1.769107 0.315777
v -0.132418 1.777016 0.319686
v -0.149555 1.783094 0.303268
v -0.125883 1.786904 0.303908
v -0.141129 1.788214 0.286181
v -0.118336 1.786904 0.285689
v -0.132702 1.783094 0.269093
v -0.111801 1.777016 0.269911
v -0.126533 1.769107 0.256584
v -0.108027 1.759888 0.260801
v -0.124275 1.750000 0.252006
v -0.108027 1.740112 0.260801
v -0.126533 1.730893 0.256584
v -0.111801 1.722985 0.269910
v -0.132702 1.716906 0.269093
v -0.118336 1.713096 0.285689
v -0.141129 1.711786 0.286181
v -0.125883 1.713096 0.303908
v -0.149555 1.716906 0.303268
v -0.132418 1.722985 0.319686
v -0.155724 1.730893 0.315777
v -0.136192 1.740112 0.328796
v -0.114816 1.750000 0.338236
v -0.092110 1.759888 0.343760
v -0.113175 1.769107 0.333402
v -0.089558 1.777016 0.334235
v -0.108691 1.783094 0.320195
v -0.085138 1.786904 0.317739
v -0.102567 1.788214 0.302153
v -0.080034 1.786904 0.298691
v -0.096443 1.783094 0.284112
v -0.075614 1.777016 0.282194
v -0.091960 1.769107 0.270905
v -0.073062 1.759888 0.272670
v -0.090319 1.750000 0.266071
v -0.073062 1.740112 0.272670
v -0.091960 1.730893 0.270905
v -0.075614 1.722985 0.282194
v -0.096443 1.716906 0.284112
v -0.080034 1.713096 0.298691
v -0.102567 1.711786 0.302153
v -0.085138 1.713096 0.317739
v -0.108691 1.716906 0.320195
v -0.089558 1.722985 0.334235
v -0.113175 1.730893 0.333402
v -0.092110 1.740112 0.343760
v -0.069685 1.750000 0.350329
v -0.046453 1.759888 0.352841
v -0.068689 1.769107 0.345322
v -0.045166 1.777016 0.343066
v -0.065968 1.783094 0.331642
v -0.042936 1.786904 0.326133
v -0.062251 1.788214 0.312956
v -0.040362 1.786904 0.306582
v -0.058534 1.783094 0.294270
v -0.038133 1.777016 0.289650
v -0.055813 1.769107 0.280590
v -0.036846 1.759888 0.279874
v -0.054817 1.750000 0.275584
v -0.036846 1.740112 0.279874
v -0.055813 1.730893 0.280591
v -0.038133 1.722985 0.289650
v -0.058534 1.716906 0.294270
v -0.040362 1.713096 0.306582
v -0.062251 1.711786 0.312956
v -0.042936 1.713096 0.326133
v -0.065968 1.716906 0.331642
v -0.045166 1.722985 0.343066
v -0.068689 1.730893 0.345322
v -0.046453 1.740112 0.352841
v -0.023362 1.750000 0.356427
v -0.000000 1.759888 0.355886
v -0.023028 1.769107 0.351333
v -0.000000 1.777016 0.346026
v -0.022115 1.783094 0.337416
v -0.000000 1.786904 0.328948
v -0.020869 1.788214 0.318404
v -0.000000 1.786904 0.309227
v -0.019623 1.783094 0.299392
v -0.000000 1.777016 0.292149
v -0.018711 1.769107 0.285475
v -0.000000 1.759888 0.282289
v -0.018377 1.750000 0.280381
v -0.000000 1.740112 0.282289
v -0.018711 1.730893 0.285475
v -0.000000 1.722985 0.292149
v -0.019623 1.716906 0.299392
v -0.000000 1.713096 0.309227
v -0.020869 1.711786 0.318404
v -0.000000 1.713096 0.328948
v -0.022115 1.716906 0.337416
v -0.000000 1.722985 0.346026
v -0.023028 1.730893 0.351333
v -0.000000 1.740112 0.355886
v 0.023361 1.750000 0.356427
v 0.046452 1.759888 0.352841
v 0.023028 1.769107 0.351333
v 0.045165 1.777016 0.343066
v 0.022115 1.783094 0.337416
v 0.042936 1.786904 0.326134
v 0.020869 1.788214 0.318404
v 0.040362 1.786904 0.306582
v 0.019623 1.783094 0.299392
v 0.038133 1.777016 0.289650
v 0.018711 1.769107 0.285475
v 0.036846 1.759888 0.279874
v 0.018377 1.750000 0.280381
v 0.036846 1.740112 0.279874
v 0.018711 1.730893 0.285475
v 0.038133 1.722985 0.289650
v 0.019623 1.716906 0.299392
v 0.040362 1.713096 0.306582
v 0.020869 1.711786 0.318404
v 0.042936 1.713096 0.326133
v 0.022115 1.716906 0.337416
v 0.045165 1.722985 0.343066
v 0.023028 1.730893 0.351333
v 0.046452 1.740112 0.352841
v 0.069685 1.750000 0.350329
v 0.092110 1.759888 0.343760
v 0.068689 1.769107 0.345322
v 0.089558 1.777016 0.334235
v 0.065968 1.783094 0.331642
v 0.085138 1.786904 0.317739
v 0.062251 1.788214 0.312956
v 0.080034 1.786904 0.298691
v 0.058534 1.783094 0.294270
v 0.075614 1.777016 0.282194
v 0.055813 1.769107 0.280591
v 0.073062 1.759888 0.272670
v 0.054817 1.750000 0.275584
v 0.073062 1.740112 0.272670
v 0.055813 1.730893 0.280591
v 0.075614 1.722985 0.282194
v 0.058534 1.716906 0.294270
v 0.080034 1.713096 0.298691
v 0.062251 1.711786 0.312956
v 0.085138 1.713096 0.317739
v 0.065968 1.716906 0.331642
v 0.089558 1.722985 0.334235
v 0.068689 1.730893 0.345322
v 0.092110 1.740112 0.343760
v 0.114816 1.750000 0.338236
v 0.136192 1.759888 0.328796
v 0.113175 1.769107 0.333402
v 0.132418 1.777016 0.319686
v 0.108691 1.783094 0.320195
v 0.125883 1.786904 0.303908
v 0.102567 1.788214 0.302153
v 0.118336 1.786904 0.285689
v 0.096443 1.783094 0.284112
v 0.111801 1.777016 0.269911
v 0.091960 1.769107 0.270905
v 0.108027 1.759888 0.260801
v 0.090319 1.750000 0.266071
v 0.108027 1.740112 0.260801
v 0.091960 1.730893 0.270905
v 0.111801 1.722985 0.269910
v 0.096443 1.716906 0.284112
v 0.118336 1.713096 0.285689
v 0.102567 1.711786 0.302153
v 0.125883 1.713096 0.303908
v 0.108691 1.716906 0.320195
v 0.132418 1.722985 0.319686
v 0.113175 1.730893 0.333402
v 0.136192 1.740112 0.328796
v 0.157982 1.750000 0.320356
v 0.177943 1.759888 0.308206
v 0.155724 1.769107 0.315777
v 0.173013 1.777016 0.299667
v 0.149555 1.783094 0.303268
v 0.164474 1.786904 0.284877
v 0.141129 1.788214 0.286181
v 0.154614 1.786904 0.267799
v 0.132702 1.783094 0.269093
v 0.146074 1.777016 0.253008
v 0.126533 1.769107 0.256584
v 0.141144 1.759888 0.244469
v 0.124275 1.750000 0.252006
v 0.141144 1.740112 0.244469
v 0.126533 1.730893 0.256584
v 0.146074 1.722985 0.253008
v 0.132702 1.716906 0.269093
v 0.154614 1.713096 0.267799
v 0.141129 1.711786 0.286181
v 0.164474 1.713096 0.284877
v 0.149555 1.716906 0.303268
v 0.173013 1.722985 0.299667
v 0.155724 1.730893 0.315777
v 0.177943 1.740112 0.308206
v 0.198445 1.750000 0.296994
v 0.216650 1.759888 0.282344
v 0.195609 1.769107 0.292750
v 0.210647 1.777016 0.274521
v 0.187860 1.783094 0.281153
v 0.200251 1.786904 0.260972
v 0.177275 1.788214 0.265311
v 0.188246 1.786904 0.245327
v 0.166690 1.783094 0.249470
v 0.177849 1.777016 0.231777
v 0.158942 1.769107 0.237873
v 0.171846 1.759888 0.223955
v 0.156106 1.750000 0.233628
v 0.171846 1.740112 0.223955
v 0.158942 1.730893 0.237873
v 0.177849 1.722985 0.231777
v 0.166690 1.716906 0.249470
v 0.188246 1.713096 0.245327
v 0.177275 1.711786 0.265311
v 0.200251 1.713096 0.260972
v 0.187860 1.716906 0.281153
v 0.210647 1.722985 0.274521
v 0.195609 1.730893 0.292750
v 0.216650 1.740112 0.282343
v 0.235513 1.750000 0.268551
v 0.251649 1.759888 0.251650
v 0.232147 1.769107 0.264713
v 0.244677 1.777016 0.244677
v 0.222951 1.783094 0.254227
v 0.232601 1.786904 0.232601
v 0.210389 1.788214 0.239903
v 0.218657 1.786904 0.218657
v 0.197827 1.783094 0.225578
v 0.206580 1.777016 0.206581
v 0.188631 1.769107 0.215092
v 0.199608 1.759888 0.199608
v 0.185265 1.750000 0.211254
v 0.199608 1.740112 0.199608
v 0.188631 1.730893 0.215092
v 0.206580 1.722985 0.206581
v 0.197827 1.716906 0.225578
v 0.218657 1.713096 0.218657
v 0.210389 1.711786 0.239903
v 0.232601 1.713096 0.232601
v 0.222951 1.716906 0.254227
v 0.244677 1.722985 0.244677
v 0.232147 1.730893 0.264713
v 0.251649 1.740112 0.251650
v 0.268551 1.750000 0.235513
v 0.282343 1.759888 0.216650
v 0.264713 1.769107 0.232147
v 0.274521 1.777016 0.210647
v 0.254227 1.783094 0.222951
v 0.260972 1.786904 0.200251
v 0.239902 1.788214 0.210389
v 0.245327 1.786904 0.188246
v 0.225578 1.783094 0.197827
v 0.231777 1.777016 0.177849
v 0.215092 1.769107 0.188631
v 0.223955 1.759888 0.171847
v 0.211254 1.750000 0.185265
v 0.223955 1.740112 0.171847
v 0.215092 1.730893 0.188631
v 0.231777 1.722985 0.177849
v 0.225578 1.716906 0.197827
v 0.245327 1.713096 0.188246
v 0.239902 1.711786 0.210389
v 0.260972 1.713096 0.200251
v 0.254227 1.716906 0.222951
v 0.274521 1.722985 0.210647
v 0.264713 1.730893 0.232147
v 0.282343 1.740112 0.216650
v 0.296994 1.750000 0.198445
v 0.308206 1.759888 0.177943
v 0.292750 1.769107 0.195609
v 0.299667 1.777016 0.173013
v 0.281153 1.783094 0.187860
v 0.284877 1.786904 0.164474
v 0.265311 1.788214 0.177275
v 0.267799 1.786904 0.154614
v 0.249470 1.783094 0.166690
v 0.253008 1.777016 0.146075
v 0.237873 1.769107 0.158942
v 0.244469 1.759888 0.141144
v 0.233628 1.750000 0.156106
v 0.244469 1.740112 0.141144
v 0.237873 1.730893 0.158942
v 0.253008 1.722985 0.146075
v 0.249470 1.716906 0.166690
v 0.267799 1.713096 0.154614
v 0.265311 1.711786 0.177275
v 0.284877 1.713096 0.164474
v 0.281153 1.716906 0.187860
v 0.299667 1.722985 0.173013
v 0.292749 1.730893 0.195609
v 0.308206 1.740112 0.177943
v 0.320356 1.750000 0.157982
v 0.328796 1.759888 0.136192
v 0.315777 1.769107 0.155724
v 0.319686 1.777016 0.132418
v 0.303268 1.783094 0.149555
v 0.303908 1.786904 0.125883
v 0.286181 1.788214 0.141129
v 0.285689 1.786904 0.118336
v 0.269093 1.783094 0.132702
v 0.269911 1.777016 0.111801
v 0.256584 1.769107 0.126533
v 0.260801 1.759888 0.108027
v 0.252006 1.750000 0.124275
v 0.260801 1.740112 0.108027
v 0.256584 1.730893 0.126533
v 0.269910 1.722985 0.111801
v 0.269093 1.716906 0.132702
v 0.285689 1.713096 0.118336
v 0.286181 1.711786 0.141129
v 0.303908 1.713096 0.125883
v 0.303268 1.716906 0.149555
v 0.319686 1.722985 0.132418
v 0.315777 1.730893 0.155724
v 0.328796 1.740112 0.136192
v 0.338236 1.750000 0.114816
v 0.343760 1.759888 0.092110
v 0.333402 1.769107 0.113175
v 0.334235 1.777016 0.089558
v 0.320195 1.783094 0.108691
v 0.317739 1.786904 0.085138
v 0.302153 1.788214 0.102567
v 0.298691 1.786904 0.080034
v 0.284112 1.783094 0.096443
v 0.282194 1.777016 0.075614
v 0.270905 1.769107 0.091960
v 0.272670 1.759888 0.073062
v 0.266071 1.750000 0.090319
v 0.272670 1.740112 0.073062
v 0.270905 1.730893 0.091960
v 0.282194 1.722985 0.075614
v 0.284112 1.716906 0.096443
v 0.298691 1.713096 0.080034
v 0.302153 1.711786 0.102567
v 0.317739 1.713096 0.085138
v 0.320195 1.716906 0.108691
v 0.334235 1.722985 0.089558
v 0.333402 1.730893 0.113175
v 0.343760 1.740112 0.092110
v 0.350329 1.750000 0.069685
v 0.352841 1.759888 0.046452
v 0.345322 1.769107 0.068689
v 0.343066 1.777016 0.045165
v 0.331642 1.783094 0.065968
v 0.326133 1.786904 0.042936
v 0.312956 1.788214 0.062251
v 0.306582 1.786904 0.040362
v 0.294270 1.783094 0.058534
v 0.289650 1.777016 0.038133
v 0.280590 1.769107 0.055813
v 0.279874 1.759888 0.036846
v 0.275584 1.750000 0.054817
v 0.279874 1.740112 0.036846
v 0.280591 1.730893 0.055813
v 0.289650 1.722985 0.038133
v 0.294270 1.716906 0.058534
v 0.306582 1.713096 0.040362
v 0.312956 1.711786 0.062251
v 0.326133 1.713096 0.042936
v 0.331642 1.716906 0.065968
v 0.343066 1.722985 0.045165
v 0.345322 1.730893 0.068689
v 0.352841 1.740112 0.046452
v 0.356427 1.750000 0.023361
v 0.351333 1.769107 0.023028
v 0.337416 1.783094 0.022115
v 0.318404 1.788214 0.020869
v 0.299392 1.783094 0.019623
v 0.285475 1.769107 0.018711
v 0.280381 1.750000 0.018377
v 0.285475 1.730893 0.018711
v 0.299392 1.716906 0.019623
v 0.318404 1.711786 0.020869
v 0.337416 1.716906 0.022115
v 0.351333 1.730893 0.023028
v 0.355886 0.209888 0.000000
v 0.356427 0.200000 -0.023361
v 0.352841 0.209888 -0.046452
v 0.351333 0.219107 -0.023028
v 0.346026 0.227015 0.000000
v 0.343066 0.227015 -0.045165
v 0.337416 0.233094 -0.022115
v 0.328948 0.236904 0.000000
v 0.326133 0.236904 -0.042936
v 0.318404 0.238214 -0.020869
v 0.309227 0.236904 0.000000
v 0.306582 0.236904 -0.040362
v 0.299392 0.233094 -0.019623
v 0.292149 0.227015 0.000000
v 0.289650 0.227015 -0.038133
v 0.285475 0.219107 -0.018711
v 0.282289 0.209888 0.000000
v 0.279874 0.209888 -0.036846
v 0.280381 0.200000 -0.018377
v 0.282289 0.190112 0.000000
v 0.279874 0.190112 -0.036846
v 0.285475 0.180893 -0.018711
v 0.292149 0.172984 0.000000
v 0.289650 0.172984 -0.038133
v 0.299392 0.166906 -0.019623
v 0.309227 0.163096 0.000000
v 0.306582 0.163096 -0.040362
v 0.318404 0.161786 -0.020869
v 0.328948 0.163096 0.000000
v 0.326133 0.163096 -0.042936
v 0.337416 0.166906 -0.022115
v 0.346026 0.172984 0.000000
v 0.343066 0.172984 -0.045165
v 0.351333 0.180893 -0.023028
v 0.355886 0.190112 0.000000
v 0.352841 0.190112 -0.046452
v 0.350329 0.200000 -0.069685
v 0.343760 0.209888 -0.092110
v 0.345322 0.219107 -0.068689
v 0.334235 0.227015 -0.089558
v 0.331642 0.233094 -0.065968
v 0.317739 0.236904 -0.085138
v 0.312956 0.238214 -0.062251
v 0.298691 0.236904 -0.080034
v 0.294270 0.233094 -0.058534
v 0.282194 0.227015 -0.075614
v 0.280591 0.219107 -0.055813
v 0.272670 0.209888 -0.073062
v 0.275584 0.200000 -0.054817
v 0.272670 0.190112 -0.073062
v 0.280591 0.180893 -0.055813
v 0.282194 0.172984 -0.075614
v 0.294270 0.166906 -0.058534
v 0.298691 0.163096 -0.080034
v 0.312956 0.161786 -0.062251
v 0.317739 0.163096 -0.085138
v 0.331642 0.166906 -0.065968
v 0.334235 0.172984 -0.089558
v 0.345322 0.180893 -0.068689
v 0.343760 0.190112 -0.092110
v 0.338236 0.200000 -0.114816
v 0.328796 0.209888 -0.136192
v 0.333402 0.219107 -0.113175
v 0.319686 0.227015 -0.132418
v 0.320195 0.233094 -0.108691
v 0.303908 0.236904 -0.125883
v 0.302153 0.238214 -0.102567
v 0.285689 0.236904 -0.118336
v 0.284112 0.233094 -0.096443
v 0.269911 0.227015 -0.111801
v 0.270905 0.219107 -0.091960
v 0.260801 0.209888 -0.108027
v 0.266071 0.200000 -0.090319
v 0.260801 0.190112 -0.108027
v 0.270905 0.180893 -0.091960
v 0.269911 0.172984 -0.111801
v 0.284112 0.166906 -0.096443
v 0.285689 0.163096 -0.118336
v 0.302153 0.161786 -0.102567
v 0.303908 0.163096 -0.125883
v 0.320195 0.166906 -0.108691
v 0.319686 0.172984 -0.132418
v 0.333402 0.180893 -0.113175
v 0.328796 0.190112 -0.136192
v 0.320356 0.200000 -0.157982
v 0.308206 0.209888 -0.177943
v 0.315777 0.219107 -0.155724
v 0.299667 0.227015 -0.173013
v 0.303268 0.233094 -0.149555
v 0.284877 0.236904 -0.164474
v 0.286181 0.238214 -0.141129
v 0.267799 0.236904 -0.154614
v 0.269093 0.233094 -0.132702
v 0.253008 0.227015 -0.146075
v 0.256584 0.219107 -0.126533
v 0.244469 0.209888 -0.141144
v 0.252006 0.200000 -0.124275
v 0.244469 0.190112 -0.141144
v 0.256584 0.180893 -0.126533
v 0.253008 0.172984 -0.146075
v 0.269093 0.166906 -0.132702
v 0.267799 0.163096 -0.154614
v 0.286181 0.161786 -0.141129
v 0.284877 0.163096 -0.164474
v 0.303268 0.166906 -0.149555
v 0.299667 0.172984 -0.173013
v 0.315777 0.180893 -0.155724
v 0.308206 0.190112 -0.177943
v 0.296994 0.200000 -0.198445
v 0.282343 0.209888 -0.216650
v 0.292750 0.219107 -0.195609
v 0.274521 0.227015 -0.210647
v 0.281153 0.233094 -0.187860
v 0.260972 0.236904 -0.200251
v 0.265311 0.238214 -0.177275
v 0.245327 0.236904 -0.188246
v 0.249470 0.233094 -0.166690
v 0.231777 0.227015 -0.177849
v 0.237873 0.219107 -0.158942
v 0.223955 0.209888 -0.171847
v 0.233628 0.200000 -0.156106
v 0.223955 0.190112 -0.171847
v 0.237873 0.180893 -0.158942
v 0.231777 0.172984 -0.177849
v 0.249470 0.166906 -0.166690
v 0.245327 0.163096 -0.188246
v 0.265311 0.161786 -0.177275
v 0.260972 0.163096 -0.200251
v 0.281153 0.166906 -0.187860
v 0.274521 0.172984 -0.210647
v 0.292750 0.180893 -0.195609
v 0.282343 0.190112 -0.216650
v 0.268551 0.200000 -0.235513
v 0.251649 0.209888 -0.251649
v 0.264713 0.219107 -0.232147
v 0.244677 0.227015 -0.244677
v 0.254227 0.233094 -0.222951
v 0.232601 0.236904 -0.232601
v 0.239902 0.238214 -0.210389
v 0.218657 0.236904 -0.218657
v 0.225578 0.233094 -0.197827
v 0.206581 0.227015 -0.206581
v 0.215092 0.219107 -0.188631
v 0.199608 0.209888 -0.199608
v 0.211254 0.200000 -0.185265
v 0.199608 0.190112 -0.199608
v 0.215092 0.180893 -0.188631
v 0.206581 0.172984 -0.206581
v 0.225578 0.166906 -0.197827
v 0.218657 0.163096 -0.218657
v 0.239902 0.161786 -0.210389
v 0.232601 0.163096 -0.232601
v 0.254227 0.166906 -0.222951
v 0.244677 0.172984 -0.244677
v 0.264713 0.180893 -0.232147
v 0.251649 0.190112 -0.251649
v 0.235513 0.200000 -0.268551
v 0.216650 0.209888 -0.282343
v 0.232147 0.219107 -0.264713
v 0.210647 0.227015 -0.274521
v 0.222951 0.233094 -0.254227
v 0.200251 0.236904 -0.260972
v 0.210389 0.238214 -0.239902
v 0.188246 0.236904 -0.245326
v 0.197827 0.233094 -0.225578
v 0.177849 0.227015 -0.231777
v 0.188631 0.219107 -0.215092
v 0.171847 0.209888 -0.223955
v 0.185265 0.200000 -0.211254
v 0.171847 0.190112 -0.223955
v 0.188631 0.180893 -0.215092
v 0.177849 0.172984 -0.231777
v 0.197827 0.166906 -0.225578
v 0.188246 0.163096 -0.245327
v 0.210389 0.161786 -0.239902
v 0.200251 0.163096 -0.260972
v 0.222951 0.166906 -0.254227
v 0.210647 0.172984 -0.274521
v 0.232147 0.180893 -0.264713
v 0.216650 0.190112 -0.282343
v 0.198445 0.200000 -0.296994
v 0.177943 0.209888 -0.308206
v 0.195609 0.219107 -0.292750
v 0.173013 0.227015 -0.299667
v 0.187860 0.233094 -0.281153
v 0.164474 0.236904 -0.284877
v 0.177275 0.238214 -0.265311
v 0.154614 0.236904 -0.267799
v 0.166690 0.233094 -0.249470
v 0.146074 0.227015 -0.253008
v 0.158942 0.219107 -0.237873
v 0.141144 0.209888 -0.244469
v 0.156106 0.200000 -0.233628
v 0.141144 0.190112 -0.244469
v 0.158942 0.180893 -0.237873
v 0.146075 0.172984 -0.253008
v 0.166690 0.166906 -0.249470
v 0.154614 0.163096 -0.267799
v 0.177275 0.161786 -0.265311
v 0.164474 0.163096 -0.284877
v 0.187860 0.166906 -0.281153
v 0.173013 0.172984 -0.299667
v 0.195609 0.180893 -0.292749
v 0.177943 0.190112 -0.308206
v 0.157982 0.200000 -0.320356
v 0.136192 0.209888 -0.328796
v 0.155724 0.219107 -0.315777
v 0.132418 0.227015 -0.319686
v 0.149555 0.233094 -0.303268
v 0.125883 0.236904 -0.303908
v 0.141129 0.238214 -0.286181
v 0.118336 0.236904 -0.285689
v 0.132702 0.233094 -0.269093
v 0.111801 0.227015 -0.269911
v 0.126533 0.219107 -0.256584
v 0.108027 0.209888 -0.260801
v 0.124275 0.200000 -0.252006
v 0.108027 0.190112 -0.260801
v 0.126533 0.180893 -0.256584
v 0.111801 0.172984 -0.269910
v 0.132702 0.166906 -0.269093
v 0.118336 0.163096 -0.285689
v 0.141129 0.161786 -0.286181
v 0.125883 0.163096 -0.303908
v 0.149555 0.166906 -0.303268
v 0.132418 0.172984 -0.319686
v 0.155724 0.180893 -0.315777
v 0.136192 0.190112 -0.328796
v 0.114816 0.200000 -0.338236
v 0.092110 0.209888 -0.343760
v 0.113175 0.219107 -0.333402
v 0.089558 0.227015 -0.334235
v 0.108691 0.233094 -0.320195
v 0.085138 0.236904 -0.317739
v 0.102567 0.238214 -0.302153
v 0.080034 0.236904 -0.298691
v 0.096443 0.233094 -0.284112
v 0.075614 0.227015 -0.282194
v 0.091960 0.219107 -0.270905
v 0.073062 0.209888 -0.272670
v 0.090319 0.200000 -0.266071
v 0.073062 0.190112 -0.272670
v 0.091960 0.180893 -0.270905
v 0.075614 0.172984 -0.282194
v 0.096443 0.166906 -0.284112
v 0.080034 0.163096 -0.298691
v 0.102567 0.161786 -0.302153
v 0.085138 0.163096 -0.317739
v 0.108691 0.166906 -0.320195
v 0.089558 0.172984 -0.334235
v 0.113175 0.180893 -0.333402
v 0.092110 0.190112 -0.343760
v 0.069685 0.200000 -0.350329
v 0.046452 0.209888 -0.352841
v 0.068689 0.219107 -0.345322
v 0.045165 0.227015 -0.343066
v 0.065968 0.233094 -0.331642
v 0.042936 0.236904 -0.326133
v 0.062251 0.238214 -0.312956
v 0.040362 0.236904 -0.306582
v 0.058534 0.233094 -0.294270
v 0.038133 0.227015 -0.289650
v 0.055813 0.219107 -0.280590
v 0.036846 0.209888 -0.279874
v 0.054817 0.200000 -0.275584
v 0.036846 0.190112 -0.279874
v 0.055813 0.180893 -0.280591
v 0.038133 0.172984 -0.289650
v 0.058534 0.166906 -0.294270
v 0.040362 0.163096 -0.306582
v 0.062251 0.161786 -0.312956
v 0.042936 0.163096 -0.326133
v 0.065968 0.166906 -0.331642
v 0.045165 0.172984 -0.343066
v 0.068689 0.180893 -0.345322
v 0.046452 0.190112 -0.352841
v 0.023361 0.200000 -0.356427
v -0.000000 0.209888 -0.355886
v 0.023028 0.219107 -0.351333
v -0.000000 0.227015 -0.346026
v 0.022115 0.233094 -0.337416
v -0.000000 0.236904 -0.328948
v 0.020869 0.238214 -0.318404
v -0.000000 0.236904 -0.309227
v 0.019623 0.233094 -0.299392
v -0.000000 0.227015 -0.292149
v 0.018711 0.219107 -0.285475
v -0.000000 0.209888 -0.282289
v 0.018377 0.200000 -0.280381
v -0.000000 0.190112 -0.282289
v 0.018711 0.180893 -0.285475
v -0.000000 0.172984 -0.292149
v 0.019623 0.166906 -0.299392
v -0.000000 0.163096 -0.309227
v 0.020869 0.161786 -0.318404
v -0.000000 0.163096 -0.328948
v 0.022115 0.166906 -0.337416
v -0.000000 0.172984 -0.346026
v 0.023028 0.180893 -0.351333
v -0.000000 0.190112 -0.355886
v -0.023361 0.200000 -0.356427
v -0.046452 0.209888 -0.352841
v -0.023028 0.219107 -0.351333
v -0.045165 0.227015 -0.343066
v -0.022115 0.233094 -0.337416
v -0.042936 0.236904 -0.326133
v -0.020869 0.238214 -0.318404
v -0.040362 0.236904 -0.306582
v -0.019623 0.233094 -0.299392
v -0.038133 0.227015 -0.289650
v -0.018711 0.219107 -0.285475
v -0.036846 0.209888 -0.279874
v -0.018377 0.200000 -0.280381
v -0.036846 0.190112 -0.279874
v -0.018711 0.180893 -0.285475
v -0.038133 0.172984 -0.289650
v -0.019623 0.166906 -0.299392
v -0.040362 0.163096 -0.306582
v -0.020869 0.161786 -0.318404
v -0.042936 0.163096 -0.326133
v -0.022115 0.166906 -0.337416
v -0.045165 0.172984 -0.343066
v -0.023028 0.180893 -0.351333
v -0.046452 0.190112 -0.352841
v -0.069685 0.200000 -0.350329
v -0.092110 0.209888 -0.343760
v -0.068689 0.219107 -0.345322
v -0.089558 0.227015 -0.334235
v -0.065968 0.233094 -0.331642
v -0.085138 0.236904 -0.317739
v -0.062251 0.238214 -0.312956
v -0.080034 0.236904 -0.298691
v -0.058534 0.233094 -0.294270
v -0.075614 0.227015 -0.282194
v -0.055813 0.219107 -0.280591
v -0.073062 0.209888 -0.272670
v -0.054817 0.200000 -0.275584
v -0.073062 0.190112 -0.272670
v -0.055813 0.180893 -0.280591
v -0.075614 0.172984 -0.282194
v -0.058534 0.166906 -0.294270
v -0.080034 0.163096 -0.298691
v -0.062251 0.161786 -0.312956
v -0.085138 0.163096 -0.317739
v -0.065968 0.166906 -0.331642
v -0.089558 0.172984 -0.334235
v -0.068689 0.180893 -0.345322
v -0.092110 0.190112 -0.343760
v -0.114816 0.200000 -0.338236
v -0.136192 0.209888 -0.328796
v -0.113175 0.219107 -0.333402
v -0.132418 0.227015 -0.319686
v -0.108691 0.233094 -0.320195
v -0.125883 0.236904 -0.303908
v -0.102567 0.238214 -0.302153
v -0.118336 0.236904 -0.285689
v -0.096443 0.233094 -0.284112
v -0.111801 0.227015 -0.269911
v -0.091960 0.219107 -0.270905
v -0.108027 0.209888 -0.260801
v -0.090319 0.200000 -0.266071
v -0.108027 0.190112 -0.260801
v -0.091960 0.180893 -0.270905
v -0.111801 0.172984 -0.269911
v -0.096443 0.166906 -0.284112
v -0.118336 0.163096 -0.285689
v -0.102567 0.161786 -0.302153
v -0.125883 0.163096 -0.303908
v -0.108691 0.166906 -0.320195
v -0.132418 0.172984 -0.319686
v -0.113175 0.180893 -0.333402
v -0.136192 0.190112 -0.328796
v -0.157982 0.200000 -0.320356
v -0.177943 0.209888 -0.308206
v -0.155724 0.219107 -0.315777
v -0.173013 0.227015 -0.299667
v -0.149555 0.233094 -0.303268
v -0.164474 0.236904 -0.284877
v -0.141129 0.238214 -0.286181
v -0.154614 0.236904 -0.267799
v -0.132702 0.233094 -0.269093
v -0.146074 0.227015 -0.253009
v -0.126533 0.219107 -0.256584
v -0.141144 0.209888 -0.244469
v -0.124275 0.200000 -0.252006
v -0.141144 0.190112 -0.244469
v -0.126533 0.180893 -0.256584
v -0.146075 0.172984 -0.253008
v -0.132702 0.166906 -0.269093
v -0.154614 0.163096 -0.267799
v -0.141129 0.161786 -0.286181
v -0.164474 0.163096 -0.284877
v -0.149555 0.166906 -0.303268
v -0.173013 0.172984 -0.299667
v -0.155724 0.180893 -0.315777
v -0.177943 0.190112 -0.308206
v -0.198445 0.200000 -0.296994
v -0.216650 0.209888 -0.282343
v -0.195609 0.219107 -0.292750
v -0.210647 0.227015 -0.274521
v -0.187860 0.233094 -0.281153
v -0.200251 0.236904 -0.260972
v -0.177275 0.238214 -0.265311
v -0.188246 0.236904 -0.245327
v -0.166690 0.233094 -0.249470
v -0.177849 0.227015 -0.231777
v -0.158942 0.219107 -0.237873
v -0.171847 0.209888 -0.223955
v -0.156106 0.200000 -0.233628
v -0.171847 0.190112 -0.223955
v -0.158942 0.180893 -0.237873
v -0.177849 0.172984 -0.231777
v -0.166690 0.166906 -0.249470
v -0.188246 0.163096 -0.245327
v -0.177275 0.161786 -0.265311
v -0.200251 0.163096 -0.260972
v -0.187860 0.166906 -0.281153
v -0.210647 0.172984 -0.274521
v -0.195609 0.180893 -0.292750
v -0.216650 0.190112 -0.282343
v -0.235513 0.200000 -0.268551
v -0.251649 0.209888 -0.251649
v -0.232147 0.219107 -0.264713
v -0.244677 0.227015 -0.244677
v -0.222951 0.233094 -0.254227
v -0.232601 0.236904 -0.232601
v -0.210389 0.238214 -0.239902
v -0.218657 0.236904 -0.218657
v -0.197827 0.233094 -0.225578
v -0.206581 0.227015 -0.206581
v -0.188631 0.219107 -0.215092
v -0.199608 0.209888 -0.199608
v -0.185265 0.200000 -0.211254
v -0.199608 0.190112 -0.199608
v -0.188631 0.180893 -0.215092
v -0.206581 0.172984 -0.206581
v -0.197827 0.166906 -0.225578
v -0.218657 0.163096 -0.218657
v -0.210389 0.161786 -0.239902
v -0.232601 0.163096 -0.232601
v -0.222951 0.166906 -0.254227
v -0.244677 0.172984 -0.244677
v -0.232147 0.180893 -0.264713
v -0.251649 0.190112 -0.251649
v -0.268551 0.200000 -0.235513
v -0.282343 0.209888 -0.216650
v -0.264713 0.219107 -0.232147
v -0.274521 0.227015 -0.210647
v -0.254227 0.233094 -0.222951
v -0.260972 0.236904 -0.200251
v -0.239903 0.238214 -0.210389
v -0.245327 0.236904 -0.188246
v -0.225578 0.233094 -0.197827
v -0.231777 0.227015 -0.177849
v -0.215092 0.219107 -0.188631
v -0.223955 0.209888 -0.171847
v -0.211254 0.200000 -0.185265
v -0.223955 0.190112 -0.171847
v -0.215092 0.180893 -0.188631
v -0.231777 0.172984 -0.177849
v -0.225578 0.166906 -0.197827
v -0.245327 0.163096 -0.188246
v -0.239902 0.161786 -0.210389
v -0.260972 0.163096 -0.200251
v -0.254227 0.166906 -0.222951
v -0.274521 0.172984 -0.210647
v -0.264713 0.180893 -0.232147
v -0.282343 0.190112 -0.216650
v -0.296994 0.200000 -0.198445
v -0.308206 0.209888 -0.177943
v -0.292749 0.219107 -0.195609
v -0.299667 0.227015 -0.173013
v -0.281153 0.233094 -0.187860
v -0.284877 0.236904 -0.164474
v -0.265311 0.238214 -0.177275
v -0.267799 0.236904 -0.154614
v -0.249470 0.233094 -0.166690
v -0.253008 0.227015 -0.146075
v -0.237873 0.219107 -0.158942
v -0.244469 0.209888 -0.141144
v -0.233628 0.200000 -0.156106
v -0.244469 0.190112 -0.141144
v -0.237873 0.180893 -0.158942
v -0.253008 0.172984 -0.146075
v -0.249470 0.166906 -0.166690
v -0.267799 0.163096 -0.154614
v -0.265311 0.161786 -0.177275
v -0.284877 0.163096 -0.164474
v -0.281153 0.166906 -0.187860
v -0.299667 0.172984 -0.173013
v -0.292749 0.180893 -0.195609
v -0.308206 0.190112 -0.177943
v -0.320356 0.200000 -0.157982
v -0.328796 0.209888 -0.136192
v -0.315777 0.219107 -0.155724
v -0.319686 0.227015 -0.132418
v -0.303268 0.233094 -0.149555
v -0.303908 0.236904 -0.125883
v -0.286181 0.238214 -0.141129
v -0.285689 0.236904 -0.118336
v -0.269093 0.233094 -0.132702
v -0.269911 0.227015 -0.111801
v -0.256584 0.219107 -0.126533
v -0.260801 0.209888 -0.108027
v -0.252006 0.200000 -0.124275
v -0.260801 0.190112 -0.108027
v -0.256584 0.180893 -0.126533
v -0.269910 0.172984 -0.111801
v -0.269093 0.166906 -0.132702
v -0.285689 0.163096 -0.118336
v -0.286181 0.161786 -0.141129
v -0.303908 0.163096 -0.125883
v -0.303268 0.166906 -0.149555
v -0.319686 0.172984 -0.132418
v -0.315777 0.180893 -0.155724
v -0.328796 0.190112 -0.136192
v -0.338236 0.200000 -0.114816
v -0.343760 0.209888 -0.092110
v -0.333402 0.219107 -0.113175
v -0.334235 0.227015 -0.089558
v -0.320195 0.233094 -0.108691
v -0.317739 0.236904 -0.085138
v -0.302153 0.238214 -0.102567
v -0.298691 0.236904 -0.080034
v -0.284112 0.233094 -0.096443
v -0.282194 0.227015 -0.075614
v -0.270905 0.219107 -0.091960
v -0.272670 0.209888 -0.073062
v -0.266071 0.200000 -0.090319
v -0.272670 0.190112 -0.073062
v -0.270905 0.180893 -0.091960
v -0.282194 0.172984 -0.075614
v -0.284112 0.166906 -0.096443
v -0.298691 0.163096 -0.080034
v -0.302153 0.161786 -0.102567
v -0.317739 0.163096 -0.085138
v -0.320195 0.166906 -0.108691
v -0.334235 0.172984 -0.089558
v -0.333402 0.180893 -0.113175
v -0.343760 0.190112 -0.092110
v -0.350329 0.200000 -0.069685
v -0.352841 0.209888 -0.046452
v -0.345322 0.219107 -0.068689
v -0.343066 0.227015 -0.045165
v -0.331642 0.233094 -0.065968
v -0.326133 0.236904 -0.042936
v -0.312956 0.238214 -0.062251
v -0.306582 0.236904 -0.040362
v -0.294270 0.233094 -0.058534
v -0.289650 0.227015 -0.038133
v -0.280590 0.219107 -0.055813
v -0.279874 0.209888 -0.036846
v -0.275584 0.200000 -0.054817
v -0.279874 0.190112 -0.036846
v -0.280591 0.180893 -0.055813
v -0.289650 0.172984 -0.038133
v -0.294270 0.166906 -0.058534
v -0.306582 0.163096 -0.040362
v -0.312956 0.161786 -0.062251
v -0.326133 0.163096 -0.042936
v -0.331642 0.166906 -0.065968
v -0.343066 0.172984 -0.045165
v -0.345322 0.180893 -0.068689
v -0.352841 0.190112 -0.046452
v -0.356427 0.200000 -0.023362
v -0.355886 0.209888 -0.000000
v -0.351333 0.219107 -0.023028
v -0.346026 0.227015 -0.000000
v -0.337416 0.233094 -0.022115
v -0.328948 0.236904 -0.000000
v -0.318404 0.238214 -0.020869
v -0.309227 0.236904 -0.000000
v -0.299392 0.233094 -0.019623
v -0.292149 0.227015 -0.000000
v -0.285475 0.219107 -0.018711
v -0.282289 0.209888 -0.000000
v -0.280381 0.200000 -0.018377
v -0.282289 0.190112 -0.000000
v -0.285475 0.180893 -0.018711
v -0.292149 0.172984 -0.000000
v -0.299392 0.166906 -0.019623
v -0.309227 0.163096 -0.000000
v -0.318404 0.161786 -0.020869
v -0.328948 0.163096 -0.000000
v -0.337416 0.166906 -0.022115
v -0.346026 0.172984 -0.000000
v -0.351333 0.180893 -0.023028
v -0.355886 0.190112 -0.000000
v -0.356427 0.200000 0.023361
v -0.352841 0.209888 0.046452
v -0.351333 0.219107 0.023028
v -0.343066 0.227016 0.045165
v -0.337416 0.233094 0.022115
v -0.326133 0.236904 0.042936
v -0.318404 0.238214 0.020869
v -0.306582 0.236904 0.040362
v -0.299392 0.233094 0.019623
v -0.289650 0.227015 0.038133
v -0.285475 0.219107 0.018711
v -0.279874 0.209888 0.036846
v -0.280381 0.200000 0.018377
v -0.279874 0.190112 0.036846
v -0.285475 0.180893 0.018711
v -0.289650 0.172984 0.038133
v -0.299392 0.166906 0.019623
v -0.306582 0.163096 0.040362
v -0.318404 0.161786 0.020869
v -0.326133 0.163096 0.042936
v -0.337416 0.166906 0.022115
v -0.343066 0.172984 0.045165
v -0.351333 0.180893 0.023028
v -0.352841 0.190112 0.046452
v -0.350329 0.200000 0.069685
v -0.343760 0.209888 0.092110
v -0.345322 0.219107 0.068689
v -0.334235 0.227015 0.089558
v -0.331642 0.233094 0.065968
v -0.317739 0.236904 0.085138
v -0.312956 0.238214 0.062251
v -0.298691 0.236904 0.080034
v -0.294270 0.233094 0.058534
v -0.282194 0.227015 0.075614
v -0.280591 0.219107 0.055813
v -0.272670 0.209888 0.073062
v -0.275584 0.200000 0.054817
v -0.272670 0.190112 0.073062
v -0.280591 0.180893 0.055813
v -0.282194 0.172984 0.075614
v -0.294270 0.166906 0.058534
v -0.298691 0.163096 0.080034
v -0.312956 0.161786 0.062251
v -0.317739 0.163096 0.085138
v -0.331642 0.166906 0.065968
v -0.334235 0.172984 0.089558
v -0.345322 0.180893 0.068689
v -0.343760 0.190112 0.092110
v -0.338236 0.200000 0.114815
v -0.328796 0.209888 0.136192
v -0.333402 0.219107 0.113175
v -0.319686 0.227015 0.132418
v -0.320195 0.233094 0.108691
v -0.303908 0.236904 0.125883
v -0.302153 0.238214 0.102567
v -0.285689 0.236904 0.118336
v -0.284112 0.233094 0.096443
v -0.269911 0.227015 0.111800
v -0.270905 0.219107 0.091960
v -0.260801 0.209888 0.108027
v -0.266071 0.200000 0.090319
v -0.260801 0.190112 0.108027
v -0.270905 0.180893 0.091960
v -0.269911 0.172984 0.111801
v -0.284112 0.166906 0.096443
v -0.285689 0.163096 0.118336
v -0.302153 0.161786 0.102567
v -0.303908 0.163096 0.125883
v -0.320195 0.166906 0.108691
v -0.319686 0.172984 0.132418
v -0.333402 0.180893 0.113175
v -0.328796 0.190112 0.136192
v -0.320356 0.200000 0.157982
v -0.308206 0.209888 0.177943
v -0.315777 0.219107 0.155724
v -0.299667 0.227015 0.173013
v -0.303268 0.233094 0.149555
v -0.284877 0.236904 0.164474
v -0.286181 0.238214 0.141129
v -0.267799 0.236904 0.154614
v -0.269093 0.233094 0.132702
v -0.253009 0.227015 0.146074
v -0.256584 0.219107 0.126533
v -0.244469 0.209888 0.141144
v -0.252006 0.200000 0.124275
v -0.244469 0.190112 0.141144
v -0.256584 0.180893 0.126533
v -0.253008 0.172984 0.146074
v -0.269093 0.166906 0.132702
v -0.267799 0.163096 0.154614
v -0.286181 0.161786 0.141129
v -0.284877 0.163096 0.164474
v -0.303268 0.166906 0.149555
v -0.299667 0.172984 0.173013
v -0.315777 0.180893 0.155724
v -0.308206 0.190112 0.177943
v -0.296994 0.200000 0.198445
v -0.282343 0.209888 0.216650
v -0.292750 0.219107 0.195609
v -0.274521 0.227015 0.210647
v -0.281153 0.233094 0.187860
v -0.260972 0.236904 0.200251
v -0.265311 0.238214 0.177275
v -0.245327 0.236904 0.188246
v -0.249470 0.233094 0.166690
v -0.231777 0.227015 0.177849
v -0.237873 0.219107 0.158942
v -0.223955 0.209888 0.171847
v -0.233628 0.200000 0.156106
v -0.223955 0.190112 0.171847
v -0.237873 0.180893 0.158942
v -0.231777 0.172984 0.177849
v -0.249470 0.166906 0.166690
v -0.245327 0.163096 0.188246
v -0.265311 0.161786 0.177275
v -0.260972 0.163096 0.200251
v -0.281153 0.166906 0.187860
v -0.274521 0.172984 0.210647
v -0.292750 0.180893 0.195609
v -0.282343 0.190112 0.216650
v -0.268551 0.200000 0.235513
v -0.251650 0.209888 0.251649
v -0.264713 0.219107 0.232147
v -0.244677 0.227015 0.244677
v -0.254227 0.233094 0.222951
v -0.232601 0.236904 0.232601
v -0.239903 0.238214 0.210389
v -0.218657 0.236904 0.218657
v -0.225578 0.233094 0.197827
v -0.206581 0.227015 0.206580
v -0.215092 0.219107 0.188631
v -0.199608 0.209888 0.199608
v -0.211254 0.200000 0.185265
v -0.199608 0.190112 0.199608
v -0.215092 0.180893 0.188631
v -0.206581 0.172984 0.206581
v -0.225578 0.166906 0.197827
v -0.218657 0.163096 0.218657
v -0.239903 0.161786 0.210389
v -0.232601 0.163096 0.232601
v -0.254227 0.166906 0.222951
v -0.244677 0.172984 0.244677
v -0.264713 0.180893 0.232147
v -0.251650 0.190112 0.251649
v -0.235513 0.200000 0.268551
v -0.216650 0.209888 0.282343
v -0.232147 0.219107 0.264713
v -0.210647 0.227015 0.274521
v -0.222951 0.233094 0.254227
v -0.200251 0.236904 0.260972
v -0.210389 0.238214 0.239902
v -0.188246 0.236904 0.245326
v -0.197827 0.233094 0.225578
v -0.177849 0.227015 0.231777
v -0.188631 0.219107 0.215092
v -0.171847 0.209888 0.223955
v -0.185265 0.200000 0.211254
v -0.171847 0.190112 0.223955
v -0.188631 0.180893 0.215092
v -0.177849 0.172984 0.231777
v -0.197827 0.166906 0.225578
v -0.188246 0.163096 0.245326
v -0.210389 0.161786 0.239902
v -0.200251 0.163096 0.260972
v -0.222951 0.166906 0.254227
v -0.210647 0.172984 0.274521
v -0.232147 0.180893 0.264713
v -0.216650 0.190112 0.282343
v -0.198445 0.200000 0.296994
v -0.177943 0.209888 0.308206
v -0.195609 0.219107 0.292750
v -0.173013 0.227015 0.299667
v -0.187860 0.233094 0.281153
v -0.164474 0.236904 0.284877
v -0.177275 0.238214 0.265311
v -0.154614 0.236904 0.267799
v -0.166690 0.233094 0.249470
v -0.146075 0.227015 0.253008
v -0.158942 0.219107 0.237873
v -0.141144 0.209888 0.244469
v -0.156106 0.200000 0.233628
v -0.141144 0.190112 0.244469
v -0.158942 0.180893 0.237873
v -0.146075 0.172984 0.253009
v -0.166690 0.166906 0.249470
v -0.154614 0.163096 0.267799
v -0.177275 0.161786 0.265311
v -0.164474 0.163096 0.284877
v -0.187860 0.166906 0.281153
v -0.173013 0.172984 0.299667
v -0.195609 0.180893 0.292749
v -0.177943 0.190112 0.308206
v -0.157982 0.200000 0.320356
v -0.136192 0.209888 0.328796
v -0.155724 0.219107 0.315777
v -0.132418 0.227015 0.319686
v -0.149555 0.233094 0.303268
v -0.125883 0.236904 0.303908
v -0.141129 0.238214 0.286181
v -0.118336 0.236904 0.285689
v -0.132702 0.233094 0.269093
v -0.111801 0.227015 0.269911
v -0.126533 0.219107 0.256584
v -0.108027 0.209888 0.260801
v -0.124275 0.200000 0.252006
v -0.108027 0.190112 0.260801
v -0.126533 0.180893 0.256584
v -0.111801 0.172984 0.269910
v -0.132702 0.166906 0.269093
v -0.118336 0.163096 0.285689
v -0.141129 0.161786 0.286181
v -0.125883 0.163096 0.303908
v -0.149555 0.166906 0.303268
v -0.132418 0.172984 0.319686
v -0.155724 0.180893 0.315777
v -0.136192 0.190112 0.328796
v -0.114816 0.200000 0.338236
v -0.092110 0.209888 0.343760
v -0.113175 0.219107 0.333402
v -0.089558 0.227015 0.334235
v -0.108691 0.233094 0.320195
v -0.085138 0.236904 0.317739
v -0.102567 0.238214 0.302153
v -0.080034 0.236904 0.298691
v -0.096443 0.233094 0.284112
v -0.075614 0.227015 0.282194
v -0.091960 0.219107 0.270905
v -0.073062 0.209888 0.272670
v -0.090319 0.200000 0.266071
v -0.073062 0.190112 0.272670
v -0.091960 0.180893 0.270905
v -0.075614 0.172984 0.282194
v -0.096443 0.166906 0.284112
v -0.080034 0.163096 0.298691
v -0.102567 0.161786 0.302153
v -0.085138 0.163096 0.317739
v -0.108691 0.166906 0.320195
v -0.089558 0.172984 0.334235
v -0.113175 0.180893 0.333402
v -0.092110 0.190112 0.343760
v -0.069685 0.200000 0.350329
v -0.046453 0.209888 0.352841
v -0.068689 0.219107 0.345322
v -0.045166 0.227015 0.343066
v -0.065968 0.233094 0.331642
v -0.042936 0.236904 0.326133
v -0.062251 0.238214 0.312956
v -0.040362 0.236904 0.306582
v -0.058534 0.233094 0.294270
v -0.038133 0.227015 0.289650
v -0.055813 0.219107 0.280590
v -0.036846 0.209888 0.279874
v -0.054817 0.200000 0.275584
v -0.036846 0.190112 0.279874
v -0.055813 0.180893 0.280591
v -0.038133 0.172984 0.289650
v -0.058534 0.166906 0.294270
v -0.040362 0.163096 0.306582
v -0.062251 0.161786 0.312956
v -0.042936 0.163096 0.326133
v -0.065968 0.166906 0.331642
v -0.045166 0.172984 0.343066
v -0.068689 0.180893 0.345322
v -0.046453 0.190112 0.352841
v -0.023362 0.200000 0.356427
v -0.000000 0.209888 0.355886
v -0.023028 0.219107 0.351333
v -0.000000 0.227015 0.346026
v -0.022115 0.233094 0.337416
v -0.000000 0.236904 0.328948
v -0.020869 0.238214 0.318404
v -0.000000 0.236904 0.309227
v -0.019623 0.233094 0.299392
v -0.000000 0.227015 0.292149
v -0.018711 0.219107 0.285475
v -0.000000 0.209888 0.282289
v -0.018377 0.200000 0.280381
v -0.000000 0.190112 0.282289
v -0.018711 0.180893 0.285475
v -0.000000 0.172984 0.292149
v -0.019623 0.166906 0.299392
v -0.000000 0.163096 0.309227
v -0.020869 0.161786 0.318404
v -0.000000 0.163096 0.328948
v -0.022115 0.166906 0.337416
v -0.000000 0.172984 0.346026
v -0.023028 0.180893 0.351333
v -0.000000 0.190112 0.355886
v 0.023361 0.200000 0.356427
v 0.046452 0.209888 0.352841
v 0.023028 0.219107 0.351333
v 0.045165 0.227015 0.343066
v 0.022115 0.233094 0.337416
v 0.042936 0.236904 0.326134
v 0.020869 0.238214 0.318404
v 0.040362 0.236904 0.306582
v 0.019623 0.233094 0.299392
v 0.038133 0.227015 0.289650
v 0.018711 0.219107 0.285475
v 0.036846 0.209888 0.279874
v 0.018377 0.200000 0.280381
v 0.036846 0.190112 0.279874
v 0.018711 0.180893 0.285475
v 0.038133 0.172984 0.289650
v 0.019623 0.166906 0.299392
v 0.040362 0.163096 0.306582
v 0.020869 0.161786 0.318404
v 0.042936 0.163096 0.326133
v 0.022115 0.166906 0.337416
v 0.045165 0.172984 0.343066
v 0.023028 0.180893 0.351333
v 0.046452 0.190112 0.352841
v 0.069685 0.200000 0.350329
v 0.092110 0.209888 0.343760
v 0.068689 0.219107 0.345322
v 0.089558 0.227015 0.334235
v 0.065968 0.233094 0.331642
v 0.085138 0.236904 0.317739
v 0.062251 0.238214 0.312956
v 0.080034 0.236904 0.298691
v 0.058534 0.233094 0.294270
v 0.075614 0.227015 0.282194
v 0.055813 0.219107 0.280591
v 0.073062 0.209888 0.272670
v 0.054817 0.200000 0.275584
v 0.073062 0.190112 0.272670
v 0.055813 0.180893 0.280591
v 0.075614 0.172984 0.282194
v 0.058534 0.166906 0.294270
v 0.080034 0.163096 0.298691
v 0.062251 0.161786 0.312956
v 0.085138 0.163096 0.317739
v 0.065968 0.166906 0.331642
v 0.089558 0.172984 0.334235
v 0.068689 0.180893 0.345322
v 0.092110 0.190112 0.343760
v 0.114816 0.200000 0.338236
v 0.136192 0.209888 0.328796
v 0.113175 0.219107 0.333402
v 0.132418 0.227015 0.319686
v 0.108691 0.233094 0.320195
v 0.125883 0.236904 0.303908
v 0.102567 0.238214 0.302153
v 0.118336 0.236904 0.285689
v 0.096443 0.233094 0.284112
v 0.111801 0.227015 0.269911
v 0.091960 0.219107 0.270905
v 0.108027 0.209888 0.260801
v 0.090319 0.200000 0.266071
v 0.108027 0.190112 0.260801
v 0.091960 0.180893 0.270905
v 0.111801 0.172984 0.269910
v 0.096443 0.166906 0.284112
v 0.118336 0.163096 0.285689
v 0.102567 0.161786 0.302153
v 0.125883 0.163096 0.303908
v 0.108691 0.166906 0.320195
v 0.132418 0.172984 0.319686
v 0.113175 0.180893 0.333402
v 0.136192 0.190112 0.328796
v 0.157982 0.200000 0.320356
v 0.177943 0.209888 0.308206
v 0.155724 0.219107 0.315777
v 0.173013 0.227015 0.299667
v 0.149555 0.233094 0.303268
v 0.164474 0.236904 0.284877
v 0.141129 0.238214 0.286181
v 0.154614 0.236904 0.267799
v 0.132702 0.233094 0.269093
v 0.146074 0.227015 0.253008
v 0.126533 0.219107 0.256584
v 0.141144 0.209888 0.244469
v 0.124275 0.200000 0.252006
v 0.141144 0.190112 0.244469
v 0.126533 0.180893 0.256584
v 0.146074 0.172984 0.253008
v 0.132702 0.166906 0.269093
v 0.154614 0.163096 0.267799
v 0.141129 0.161786 0.286181
v 0.164474 0.163096 0.284877
v 0.149555 0.166906 0.303268
v 0.173013 0.172984 0.299667
v 0.155724 0.180893 0.315777
v 0.177943 0.190112 0.308206
v 0.198445 0.200000 0.296994
v 0.216650 0.209888 0.282344
v 0.195609 0.219107 0.292750
v 0.210647 0.227015 0.274521
v 0.187860 0.233094 0.281153
v 0.200251 0.236904 0.260972
v 0.177275 0.238214 0.265311
v 0.188246 0.236904 0.245327
v 0.166690 0.233094 0.249470
v 0.177849 0.227015 0.231777
v 0.158942 0.219107 0.237873
v 0.171846 0.209888 0.223955
v 0.156106 0.200000 0.233628
v 0.171846 0.190112 0.223955
v 0.158942 0.180893 0.237873
v 0.177849 0.172984 0.231777
v 0.166690 0.166906 0.249470
v 0.188246 0.163096 0.245327
v 0.177275 0.161786 0.265311
v 0.200251 0.163096 0.260972
v 0.187860 0.166906 0.281153
v 0.210647 0.172984 0.274521
v 0.195609 0.180893 0.292750
v 0.216650 0.190112 0.282343
v 0.235513 0.200000 0.268551
v 0.251649 0.209888 0.251650
v 0.232147 0.219107 0.264713
v 0.244677 0.227015 0.244677
v 0.222951 0.233094 0.254227
v 0.232601 0.236904 0.232601
v 0.210389 0.238214 0.239903
v 0.218657 0.236904 0.218657
v 0.197827 0.233094 0.225578
v 0.206580 0.227015 0.206581
v 0.188631 0.219107 0.215092
v 0.199608 0.209888 0.199608
v 0.185265 0.200000 0.211254
v 0.199608 0.190112 0.199608
v 0.188631 0.180893 0.215092
v 0.206580 0.172984 0.206581
v 0.197827 0.166906 0.225578
v 0.218657 0.163096 0.218657
v 0.210389 0.161786 0.239903
v 0.232601 0.163096 0.232601
v 0.222951 0.166906 0.254227
v 0.244677 0.172984 0.244677
v 0.232147 0.180893 0.264713
v 0.251649 0.190112 0.251650
v 0.268551 0.200000 0.235513
v 0.282343 0.209888 0.216650
v 0.264713 0.219107 0.232147
v 0.274521 0.227015 0.210647
v 0.254227 0.233094 0.222951
v 0.260972 0.236904 0.200251
v 0.239902 0.238214 0.210389
v 0.245327 0.236904 0.188246
v 0.225578 0.233094 0.197827
v 0.231777 0.227015 0.177849
v 0.215092 0.219107 0.188631
v 0.223955 0.209888 0.171847
v 0.211254 0.200000 0.185265
v 0.223955 0.190112 0.171847
v 0.215092 0.180893 0.188631
v 0.231777 0.172984 0.177849
v 0.225578 0.166906 0.197827
v 0.245327 0.163096 0.188246
v 0.239902 0.161786 0.210389
v 0.260972 0.163096 0.200251
v 0.254227 0.166906 0.222951
v 0.274521 0.172984 0.210647
v 0.264713 0.180893 0.232147
v 0.282343 0.190112 0.216650
v 0.296994 0.200000 0.198445
v 0.308206 0.209888 0.177943
v 0.292750 0.219107 0.195609
v 0.299667 0.227015 0.173013
v 0.281153 0.233094 0.187860
v 0.284877 0.236904 0.164474
v 0.265311 0.238214 0.177275
v 0.267799 0.236904 0.154614
v 0.249470 0.233094 0.166690
v 0.253008 0.227015 0.146075
v 0.237873 0.219107 0.158942
v 0.244469 0.209888 0.141144
v 0.233628 0.200000 0.156106
v 0.244469 0.190112 0.141144
v 0.237873 0.180893 0.158942
v 0.253008 0.172984 0.146075
v 0.249470 0.166906 0.166690
v 0.267799 0.163096 0.154614
v 0.265311 0.161786 0.177275
v 0.284877 0.163096 0.164474
v 0.281153 0.166906 0.187860
v 0.299667 0.172984 0.173013
v 0.292749 0.180893 0.195609
v 0.308206 0.190112 0.177943
v 0.320356 0.200000 0.157982
v 0.328796 0.209888 0.136192
v 0.315777 0.219107 0.155724
v 0.319686 0.227015 0.132418
v 0.303268 0.233094 0.149555
v 0.303908 0.236904 0.125883
v 0.286181 0.238214 0.141129
v 0.285689 0.236904 0.118336
v 0.269093 0.233094 0.132702
v 0.269911 0.227015 0.111801
v 0.256584 0.219107 0.126533
v 0.260801 0.209888 0.108027
v 0.252006 0.200000 0.124275
v 0.260801 0.190112 0.108027
v 0.256584 0.180893 0.126533
v 0.269910 0.172984 0.111801
v 0.269093 0.166906 0.132702
v 0.285689 0.163096 0.118336
v 0.286181 0.161786 0.141129
v 0.303908 0.163096 0.125883
v 0.303268 0.166906 0.149555
v 0.319686 0.172984 0.132418
v 0.315777 0.180893 0.155724
v 0.328796 0.190112 0.136192
v 0.338236 0.200000 0.114816
v 0.343760 0.209888 0.092110
v 0.333402 0.219107 0.113175
v 0.334235 0.227015 0.089558
v 0.320195 0.233094 0.108691
v 0.317739 0.236904 0.085138
v 0.302153 0.238214 0.102567
v 0.298691 0.236904 0.080034
v 0.284112 0.233094 0.096443
v 0.282194 0.227015 0.075614
v 0.270905 0.219107 0.091960
v 0.272670 0.209888 0.073062
v 0.266071 0.200000 0.090319
v 0.272670 0.190112 0.073062
v 0.270905 0.180893 0.091960
v 0.282194 0.172984 0.075614
v 0.284112 0.166906 0.096443
v 0.298691 0.163096 0.080034
v 0.302153 0.161786 0.102567
v 0.317739 0.163096 0.085138
v 0.320195 0.166906 0.108691
v 0.334235 0.172984 0.089558
v 0.333402 0.180893 0.113175
v 0.343760 0.190112 0.092110
v 0.350329 0.200000 0.069685
v 0.352841 0.209888 0.046452
v 0.345322 0.219107 0.068689
v 0.343066 0.227015 0.045165
v 0.331642 0.233094 0.065968
v 0.326133 0.236904 0.042936
v 0.312956 0.238214 0.062251
v 0.306582 0.236904 0.040362
v 0.294270 0.233094 0.058534
v 0.289650 0.227015 0.038133
v 0.280590 0.219107 0.055813
v 0.279874 0.209888 0.036846
v 0.275584 0.200000 0.054817
v 0.279874 0.190112 0.036846
v 0.280591 0.180893 0.055813
v 0.289650 0.172984 0.038133
v 0.294270 0.166906 0.058534
v 0.306582 0.163096 0.040362
v 0.312956 0.161786 0.062251
v 0.326133 0.163096 0.042936
v 0.331642 0.166906 0.065968
v 0.343066 0.172984 0.045165
v 0.345322 0.180893 0.068689
v 0.352841 0.190112 0.046452
v 0.356427 0.200000 0.023361
v 0.351333 0.219107 0.023028
v 0.337416 0.233094 0.022115
v 0.318404 0.238214 0.020869
v 0.299392 0.233094 0.019623
v 0.285475 0.219107 0.018711
v 0.280381 0.200000 0.018377
v 0.285475 0.180893 0.018711
v 0.299392 0.166906 0.019623
v 0.318404 0.161786 0.020869
v 0.337416 0.166906 0.022115
v 0.351333 0.180893 0.023028
v 0.042995 0.950000 -0.271460
v 0.124777 0.950000 -0.244888
v 0.194344 0.950000 -0.194344
v 0.244888 0.950000 -0.124777
v 0.271460 0.950000 -0.042995
v 0.271460 0.950000 0.042995
v 0.244888 0.950000 0.124777
v 0.194344 0.950000 0.194344
v 0.124777 0.950000 0.244888
v 0.042995 0.950000 0.271460
v -0.042995 0.950000 0.271460
v -0.124777 0.950000 0.244888
v -0.194344 0.950000 0.194344
v -0.244888 0.950000 0.124777
v -0.271460 0.950000 0.042995
v -0.271460 0.950000 -0.042995
v -0.244888 0.950000 -0.124777
v -0.194344 0.950000 -0.194344
v 0.000000 1.798001 -0.000000
v -0.124777 0.950000 -0.244888
v -0.042995 0.950000 -0.271460
v 0.000000 0.101999 -0.000000
v 0.042165 2.063500 -0.266217
v 0.008365 1.657840 -0.052812
v 0.017534 2.223953 -0.110707
v 0.036208 1.769448 -0.228605
v 0.045248 1.988713 -0.285686
v 0.027783 2.185300 -0.175415
v 0.027783 1.714700 -0.175415
v 0.045248 1.911288 -0.285686
v 0.036208 2.130552 -0.228605
v 0.017534 1.676047 -0.110707
v 0.008365 2.242159 -0.052812
v 0.042165 1.836501 -0.266217
v 0.080629 1.714700 -0.158244
v 0.131315 1.911288 -0.257721
v 0.105078 2.130552 -0.206228
v 0.050886 1.676047 -0.099870
v 0.024275 2.242159 -0.047642
v 0.122366 1.836501 -0.240158
v 0.122366 2.063500 -0.240158
v 0.024275 1.657840 -0.047642
v 0.050886 2.223953 -0.099870
v 0.105078 1.769448 -0.206228
v 0.131315 1.988713 -0.257721
v 0.080629 2.185300 -0.158244
v 0.079257 2.223953 -0.079257
v 0.163663 1.769448 -0.163663
v 0.204528 1.988713 -0.204528
v 0.125583 2.185300 -0.125583
v 0.125583 1.714700 -0.125583
v 0.204528 1.911288 -0.204528
v 0.163663 2.130552 -0.163663
v 0.079257 1.676047 -0.079257
v 0.037809 2.242159 -0.037809
v 0.190590 1.836501 -0.190590
v 0.190590 2.063500 -0.190590
v 0.037809 1.657840 -0.037809
v 0.099870 1.676047 -0.050886
v 0.047642 2.242159 -0.024275
v 0.240158 1.836501 -0.122366
v 0.240158 2.063500 -0.122366
v 0.047642 1.657840 -0.024275
v 0.099870 2.223953 -0.050886
v 0.206228 1.769448 -0.105078
v 0.257721 1.988713 -0.131315
v 0.158244 2.185300 -0.080629
v 0.158244 1.714700 -0.080629
v 0.257721 1.911288 -0.131315
v 0.206228 2.130552 -0.105078
v 0.175415 2.185300 -0.027783
v 0.175415 1.714700 -0.027783
v 0.285686 1.911288 -0.045248
v 0.228605 2.130552 -0.036208
v 0.110707 1.676047 -0.017534
v 0.052812 2.242159 -0.008365
v 0.266217 1.836501 -0.042165
v 0.266217 2.063500 -0.042165
v 0.052812 1.657840 -0.008365
v 0.110707 2.223953 -0.017534
v 0.228605 1.769448 -0.036208
v 0.285686 1.988713 -0.045248
v 0.052812 1.657840 0.008365
v 0.110707 2.223953 0.017534
v 0.228605 1.769448 0.036208
v 0.285686 1.988713 0.045248
v 0.175415 2.185300 0.027783
v 0.175415 1.714700 0.027783
v 0.285686 1.911288 0.045248
v 0.228605 2.130552 0.036208
v 0.110707 1.676047 0.017534
v 0.052812 2.242159 0.008365
v 0.266217 1.836501 0.042165
v 0.266217 2.063500 0.042165
v 0.206228 2.130552 0.105078
v 0.099870 1.676047 0.050886
v 0.047642 2.242159 0.024275
v 0.240158 1.836501 0.122366
v 0.240158 2.063500 0.122366
v 0.047642 1.657840 0.024275
v 0.099870 2.223953 0.050886
v 0.206228 1.769448 0.105078
v 0.257721 1.988713 0.131315
v 0.158244 2.185300 0.080629
v 0.158244 1.714700 0.080629
v 0.257721 1.911288 0.131315
v 0.125583 2.185300 0.125583
v 0.125583 1.714700 0.125583
v 0.204528 1.911288 0.204528
v 0.163663 2.130552 0.163663
v 0.079257 1.676047 0.079257
v 0.037809 2.242159 0.037809
v 0.190590 1.836501 0.190590
v 0.190590 2.063500 0.190590
v 0.037809 1.657840 0.037809
v 0.079257 2.223953 0.079257
v 0.163663 1.769448 0.163663
v 0.204528 1.988713 0.204528
v 0.122366 2.063500 0.240158
v 0.024275 1.657840 0.047642
v 0.050886 2.223953 0.099870
v 0.105078 1.769448 0.206228
v 0.131315 1.988713 0.257721
v 0.080629 2.185300 0.158244
v 0.080629 1.714700 0.158244
v 0.131315 1.911288 0.257721
v 0.105078 2.130552 0.206228
v 0.050886 1.676047 0.099870
v 0.024275 2.242159 0.047642
v 0.122366 1.836501 0.240158
v 0.036208 2.130552 0.228605
v 0.017534 1.676047 0.110707
v 0.008365 2.242159 0.052812
v 0.042165 1.836501 0.266217
v 0.042165 2.063500 0.266217
v 0.008365 1.657840 0.052812
v 0.017534 2.223953 0.110707
v 0.036208 1.769448 0.228605
v 0.045248 1.988713 0.285686
v 0.027783 2.185300 0.175415
v 0.027783 1.714700 0.175415
v 0.045248 1.911288 0.285686
v -0.045248 1.988713 0.285686
v -0.027783 2.185300 0.175415
v -0.027783 1.714700 0.175415
v -0.045248 1.911288 0.285686
v -0.036208 2.130552 0.228605
v -0.017534 1.676047 0.110707
v -0.008365 2.242159 0.052812
v -0.042165 1.836501 0.266217
v -0.042165 2.063500 0.266217
v -0.008365 1.657840 0.052812
v -0.017534 2.223953 0.110707
v -0.036208 1.769448 0.228605
v -0.122366 2.063500 0.240158
v -0.024275 1.657840 0.047642
v -0.050886 2.223953 0.099870
v -0.105078 1.769448 0.206228
v -0.131315 1.988713 0.257721
v -0.080629 2.185300 0.158244
v -0.080629 1.714700 0.158244
v -0.131315 1.911288 0.257721
v -0.105078 2.130552 0.206228
v -0.050886 1.676047 0.099870
v -0.024275 2.242159 0.047642
v -0.122366 1.836501 0.240158
v -0.204528 1.911288 0.204528
v -0.163663 2.130552 0.163663
v -0.079257 1.676047 0.079257
v -0.037809 2.242159 0.037809
v -0.190590 1.836501 0.190590
v -0.190590 2.063500 0.190590
v -0.037809 1.657840 0.037809
v -0.079257 2.223953 0.079257
v -0.163663 1.769448 0.163663
v -0.204528 1.988713 0.204528
v -0.125583 2.185300 0.125583
v -0.125583 1.714700 0.125583
v -0.257721 1.988713 0.131315
v -0.158244 2.185300 0.080629
v -0.158244 1.714700 0.080629
v -0.257721 1.911288 0.131315
v -0.206228 2.130552 0.105078
v -0.099870 1.676047 0.050886
v -0.047642 2.242159 0.024275
v -0.240158 1.836501 0.122366
v -0.240158 2.063500 0.122366
v -0.047642 1.657840 0.024275
v -0.099870 2.223953 0.050886
v -0.206228 1.769448 0.105078
v -0.266217 1.836500 0.042165
v -0.266217 2.063500 0.042165
v -0.052812 1.657840 0.008365
v -0.110707 2.223953 0.017534
v -0.228605 1.769448 0.036208
v -0.285686 1.988713 0.045248
v -0.175415 2.185300 0.027783
v -0.175415 1.714700 0.027783
v -0.285686 1.911288 0.045248
v -0.228605 2.130552 0.036208
v -0.110707 1.676047 0.017534
v -0.052812 2.242159 0.008365
v -0.285686 1.911288 -0.045248
v -0.228605 2.130552 -0.036208
v -0.110707 1.676047 -0.017534
v -0.052812 2.242159 -0.008365
v -0.266217 1.836500 -0.042165
v -0.266217 2.063500 -0.042165
v -0.052812 1.657840 -0.008365
v -0.110707 2.223953 -0.017534
v -0.228605 1.769448 -0.036208
v -0.285686 1.988713 -0.045248
v -0.175415 2.185300 -0.027783
v -0.175415 1.714700 -0.027783
v -0.206228 1.769448 -0.105078
v -0.257721 1.988713 -0.131315
v -0.158244 2.185300 -0.080629
v -0.158244 1.714700 -0.080629
v -0.257721 1.911288 -0.131315
v -0.206228 2.130552 -0.105078
v -0.099870 1.676047 -0.050886
v -0.047642 2.242159 -0.024275
v -0.240158 1.836501 -0.122366
v -0.240158 2.063500 -0.122366
v -0.047642 1.657840 -0.024275
v -0.099870 2.223953 -0.050886
v -0.037809 2.242159 -0.037809
v -0.190590 1.836501 -0.190590
v -0.190590 2.063500 -0.190590
v -0.037809 1.657840 -0.037809
v -0.079257 2.223953 -0.079257
v -0.163663 1.769448 -0.163663
v -0.204528 1.988713 -0.204528
v -0.125583 2.185300 -0.125583
v -0.125583 1.714700 -0.125583
v -0.204528 1.911288 -0.204528
v -0.163663 2.130552 -0.163663
v -0.079257 1.676047 -0.079257
v -0.080629 1.714700 -0.158244
v -0.131315 1.911288 -0.257721
v -0.105078 2.130552 -0.206228
v -0.050886 1.676047 -0.099870
v -0.024275 2.242159 -0.047642
v -0.122366 1.836501 -0.240158
v -0.122366 2.063500 -0.240158
v -0.024275 1.657840 -0.047642
v -0.050886 2.223953 -0.099870
v -0.105078 1.769448 -0.206228
v -0.131315 1.988713 -0.257721
v -0.080629 2.185300 -0.158244
v -0.017534 2.223953 -0.110707
v -0.036208 1.769448 -0.228605
v -0.045248 1.988713 -0.285686
v -0.027783 2.185300 -0.175415
v -0.027783 1.714700 -0.175415
v -0.045248 1.911288 -0.285686
v -0.036208 2.130552 -0.228605
v -0.017534 1.676047 -0.110707
v -0.008365 2.242159 -0.052812
v -0.042165 1.836501 -0.266217
v -0.042165 2.063500 -0.266217
v -0.008365 1.657840 -0.052812
v 0.355124 1.759888 -0.023276
v 0.345285 1.777016 -0.022631
v 0.328243 1.786904 -0.021514
v 0.308565 1.786904 -0.020224
v 0.291523 1.777016 -0.019107
v 0.281684 1.759888 -0.018463
v 0.281684 1.740112 -0.018463
v 0.291523 1.722985 -0.019107
v 0.308565 1.713096 -0.020224
v 0.328243 1.713096 -0.021514
v 0.345285 1.722985 -0.022631
v 0.355124 1.740112 -0.023276
v 0.349048 1.759888 -0.069430
v 0.339377 1.777016 -0.067506
v 0.322627 1.786904 -0.064174
v 0.303285 1.786904 -0.060327
v 0.286535 1.777016 -0.056995
v 0.276865 1.759888 -0.055072
v 0.276865 1.740112 -0.055072
v 0.286535 1.722985 -0.056995
v 0.303285 1.713096 -0.060327
v 0.322627 1.713096 -0.064174
v 0.339377 1.722985 -0.067506
v 0.349048 1.740112 -0.069430
v 0.336999 1.759888 -0.114396
v 0.327662 1.777016 -0.111226
v 0.311490 1.786904 -0.105737
v 0.292816 1.786904 -0.099398
v 0.276644 1.777016 -0.093908
v 0.267308 1.759888 -0.090739
v 0.267308 1.740112 -0.090739
v 0.276644 1.722985 -0.093908
v 0.292816 1.713096 -0.099398
v 0.311490 1.713096 -0.105737
v 0.327662 1.722985 -0.111226
v 0.336999 1.740112 -0.114396
v 0.319184 1.759888 -0.157404
v 0.310341 1.777016 -0.153043
v 0.295024 1.786904 -0.145490
v 0.277337 1.786904 -0.136768
v 0.262020 1.777016 -0.129214
v 0.253177 1.759888 -0.124853
v 0.253177 1.740112 -0.124853
v 0.262020 1.722985 -0.129214
v 0.277337 1.713096 -0.136768
v 0.295024 1.713096 -0.145490
v 0.310341 1.722985 -0.153043
v 0.319184 1.740112 -0.157404
v 0.295908 1.759888 -0.197720
v 0.287710 1.777016 -0.192242
v 0.273510 1.786904 -0.182753
v 0.257113 1.786904 -0.171797
v 0.242913 1.777016 -0.162309
v 0.234714 1.759888 -0.156831
v 0.234714 1.740112 -0.156831
v 0.242913 1.722985 -0.162309
v 0.257113 1.713096 -0.171797
v 0.273510 1.713096 -0.182753
v 0.287710 1.722985 -0.192242
v 0.295908 1.740112 -0.197720
v 0.267569 1.759888 -0.234652
v 0.260156 1.777016 -0.228151
v 0.247316 1.786904 -0.216890
v 0.232489 1.786904 -0.203888
v 0.219649 1.777016 -0.192627
v 0.212236 1.759888 -0.186126
v 0.212236 1.740112 -0.186126
v 0.219649 1.722985 -0.192627
v 0.232489 1.713096 -0.203888
v 0.247316 1.713096 -0.216890
v 0.260156 1.722985 -0.228151
v 0.267569 1.740112 -0.234652
v 0.234652 1.759888 -0.267569
v 0.228151 1.777016 -0.260156
v 0.216890 1.786904 -0.247316
v 0.203888 1.786904 -0.232489
v 0.192627 1.777016 -0.219649
v 0.186126 1.759888 -0.212236
v 0.186126 1.740112 -0.212236
v 0.192627 1.722985 -0.219649
v 0.203888 1.713096 -0.232489
v 0.216890 1.713096 -0.247316
v 0.228151 1.722985 -0.260156
v 0.234652 1.740112 -0.267569
v 0.197720 1.759888 -0.295908
v 0.192242 1.777016 -0.287710
v 0.182753 1.786904 -0.273510
v 0.171797 1.786904 -0.257113
v 0.162309 1.777016 -0.242913
v 0.156831 1.759888 -0.234714
v 0.156831 1.740112 -0.234714
v 0.162309 1.722985 -0.242913
v 0.171797 1.713096 -0.257113
v 0.182753 1.713096 -0.273510
v 0.192242 1.722985 -0.287710
v 0.197720 1.740112 -0.295908
v 0.157404 1.759888 -0.319184
v 0.153043 1.777016 -0.310341
v 0.145490 1.786904 -0.295024
v 0.136768 1.786904 -0.277337
v 0.129214 1.777016 -0.262020
v 0.124853 1.759888 -0.253177
v 0.124853 1.740112 -0.253177
v 0.129214 1.722985 -0.262020
v 0.136768 1.713096 -0.277337
v 0.145490 1.713096 -0.295024
v 0.153043 1.722985 -0.310341
v 0.157404 1.740112 -0.319184
v 0.114396 1.759888 -0.336999
v 0.111226 1.777016 -0.327662
v 0.105737 1.786904 -0.311490
v 0.099398 1.786904 -0.292816
v 0.093908 1.777016 -0.276644
v 0.090739 1.759888 -0.267308
v 0.090739 1.740112 -0.267308
v 0.093908 1.722985 -0.276644
v 0.099398 1.713096 -0.292816
v 0.105737 1.713096 -0.311490
v 0.111226 1.722985 -0.327662
v 0.114396 1.740112 -0.336999
v 0.069430 1.759888 -0.349048
v 0.067506 1.777016 -0.339377
v 0.064174 1.786904 -0.322627
v 0.060327 1.786904 -0.303285
v 0.056995 1.777016 -0.286535
v 0.055072 1.759888 -0.276865
v 0.055072 1.740112 -0.276865
v 0.056995 1.722985 -0.286535
v 0.060327 1.713096 -0.303285
v 0.064174 1.713096 -0.322627
v 0.067506 1.722985 -0.339377
v 0.069430 1.740112 -0.349048
v 0.023276 1.759888 -0.355124
v 0.022631 1.777016 -0.345285
v 0.021514 1.786904 -0.328243
v 0.020224 1.786904 -0.308565
v 0.019107 1.777016 -0.291523
v 0.018463 1.759888 -0.281684
v 0.018463 1.740112 -0.281684
v 0.019107 1.722985 -0.291523
v 0.020224 1.713096 -0.308565
v 0.021514 1.713096 -0.328243
v 0.022631 1.722985 -0.345285
v 0.023276 1.740112 -0.355124
v -0.023276 1.759888 -0.355124
v -0.022631 1.777016 -0.345285
v -0.021514 1.786904 -0.328243
v -0.020224 1.786904 -0.308565
v -0.019107 1.777016 -0.291523
v -0.018463 1.759888 -0.281684
v -0.018463 1.740112 -0.281684
v -0.019107 1.722985 -0.291523
v -0.020224 1.713096 -0.308565
v -0.021514 1.713096 -0.328243
v -0.022631 1.722985 -0.345285
v -0.023276 1.740112 -0.355124
v -0.069430 1.759888 -0.349048
v -0.067506 1.777016 -0.339377
v -0.064174 1.786904 -0.322627
v -0.060327 1.786904 -0.303285
v -0.056995 1.777016 -0.286535
v -0.055072 1.759888 -0.276865
v -0.055072 1.740112 -0.276865
v -0.056995 1.722985 -0.286535
v -0.060327 1.713096 -0.303285
v -0.064174 1.713096 -0.322627
v -0.067506 1.722985 -0.339377
v -0.069430 1.740112 -0.349048
v -0.114396 1.759888 -0.336999
v -0.111226 1.777016 -0.327662
v -0.105737 1.786904 -0.311490
v -0.099398 1.786904 -0.292816
v -0.093908 1.777016 -0.276644
v -0.090739 1.759888 -0.267308
v -0.090739 1.740112 -0.267308
v -0.093908 1.722985 -0.276644
v -0.099398 1.713096 -0.292816
v -0.105737 1.713096 -0.311490
v -0.111226 1.722985 -0.327662
v -0.114396 1.740112 -0.336999
v -0.157404 1.759888 -0.319184
v -0.153043 1.777016 -0.310341
v -0.145490 1.786904 -0.295024
v -0.136768 1.786904 -0.277337
v -0.129214 1.777016 -0.262020
v -0.124853 1.759888 -0.253177
v -0.124853 1.740112 -0.253177
v -0.129214 1.722985 -0.262020
v -0.136768 1.713096 -0.277337
v -0.145490 1.713096 -0.295024
v -0.153043 1.722985 -0.310341
v -0.157404 1.740112 -0.319184
v -0.197720 1.759888 -0.295908
v -0.192242 1.777016 -0.287710
v -0.182753 1.786904 -0.273510
v -0.171797 1.786904 -0.257113
v -0.162309 1.777016 -0.242913
v -0.156831 1.759888 -0.234714
v -0.156831 1.740112 -0.234714
v -0.162309 1.722985 -0.242913
v -0.171797 1.713096 -0.257113
v -0.182753 1.713096 -0.273510
v -0.192242 1.722985 -0.287710
v -0.197720 1.740112 -0.295908
v -0.234652 1.759888 -0.267569
v -0.228151 1.777016 -0.260156
v -0.216890 1.786904 -0.247316
v -0.203888 1.786904 -0.232489
v -0.192627 1.777016 -0.219649
v -0.186126 1.759888 -0.212236
v -0.186126 1.740112 -0.212236
v -0.192627 1.722985 -0.219649
v -0.203888 1.713096 -0.232489
v -0.216890 1.713096 -0.247316
v -0.228151 1.722985 -0.260156
v -0.234652 1.740112 -0.267569
v -0.267569 1.759888 -0.234652
v -0.260156 1.777016 -0.228151
v -0.247316 1.786904 -0.216890
v -0.232489 1.786904 -0.203888
v -0.219649 1.777016 -0.192627
v -0.212236 1.759888 -0.186126
v -0.212236 1.740112 -0.186126
v -0.219649 1.722985 -0.192627
v -0.232489 1.713096 -0.203888
v -0.247316 1.713096 -0.216890
v -0.260156 1.722985 -0.228151
v -0.267569 1.740112 -0.234652
v -0.295908 1.759888 -0.197720
v -0.287710 1.777016 -0.192242
v -0.273510 1.786904 -0.182753
v -0.257113 1.786904 -0.171797
v -0.242913 1.777016 -0.162309
v -0.234714 1.759888 -0.156831
v -0.234714 1.740112 -0.156831
v -0.242913 1.722985 -0.162309
v -0.257113 1.713096 -0.171797
v -0.273510 1.713096 -0.182753
v -0.287710 1.722985 -0.192242
v -0.295908 1.740112 -0.197720
v -0.319184 1.759888 -0.157404
v -0.310341 1.777016 -0.153043
v -0.295024 1.786904 -0.145490
v -0.277337 1.786904 -0.136768
v -0.262020 1.777016 -0.129214
v -0.253177 1.759888 -0.124853
v -0.253177 1.740112 -0.124853
v -0.262020 1.722985 -0.129214
v -0.277337 1.713096 -0.136768
v -0.295024 1.713096 -0.145490
v -0.310341 1.722985 -0.153043
v -0.319184 1.740112 -0.157404
v -0.336999 1.759888 -0.114396
v -0.327662 1.777016 -0.111226
v -0.311490 1.786904 -0.105737
v -0.292816 1.786904 -0.099398
v -0.276645 1.777016 -0.093908
v -0.267308 1.759888 -0.090739
v -0.267308 1.740112 -0.090739
v -0.276644 1.722985 -0.093908
v -0.292816 1.713096 -0.099398
v -0.311490 1.713096 -0.105737
v -0.327662 1.722985 -0.111226
v -0.336999 1.740112 -0.114396
v -0.349048 1.759888 -0.069430
v -0.339377 1.777016 -0.067506
v -0.322627 1.786904 -0.064174
v -0.303285 1.786904 -0.060327
v -0.286535 1.777016 -0.056995
v -0.276865 1.759888 -0.055072
v -0.276865 1.740112 -0.055072
v -0.286535 1.722985 -0.056995
v -0.303285 1.713096 -0.060327
v -0.322627 1.713096 -0.064174
v -0.339377 1.722985 -0.067506
v -0.349048 1.740112 -0.069430
v -0.355124 1.759888 -0.023276
v -0.345285 1.777016 -0.022631
v -0.328243 1.786904 -0.021514
v -0.308565 1.786904 -0.020224
v -0.291523 1.777015 -0.019107
v -0.281684 1.759888 -0.018463
v -0.281684 1.740112 -0.018463
v -0.291523 1.722984 -0.019107
v -0.308565 1.713096 -0.020224
v -0.328243 1.713096 -0.021514
v -0.345285 1.722985 -0.022631
v -0.355124 1.740112 -0.023276
v -0.355124 1.759888 0.023276
v -0.345285 1.777016 0.022631
v -0.328243 1.786904 0.021514
v -0.308565 1.786904 0.020224
v -0.291523 1.777016 0.019107
v -0.281684 1.759888 0.018463
v -0.281684 1.740112 0.018463
v -0.291523 1.722985 0.019107
v -0.308565 1.713096 0.020224
v -0.328243 1.713096 0.021514
v -0.345285 1.722985 0.022631
v -0.355124 1.740112 0.023276
v -0.349048 1.759888 0.069430
v -0.339377 1.777016 0.067506
v -0.322627 1.786904 0.064174
v -0.303285 1.786904 0.060327
v -0.286535 1.777016 0.056995
v -0.276865 1.759888 0.055072
v -0.276865 1.740112 0.055072
v -0.286535 1.722985 0.056995
v -0.303285 1.713096 0.060327
v -0.322627 1.713096 0.064174
v -0.339377 1.722985 0.067506
v -0.349048 1.740112 0.069430
v -0.336999 1.759888 0.114396
v -0.327662 1.777016 0.111226
v -0.311490 1.786904 0.105737
v -0.292816 1.786904 0.099398
v -0.276644 1.777016 0.093908
v -0.267308 1.759888 0.090739
v -0.267308 1.740112 0.090739
v -0.276645 1.722985 0.093908
v -0.292816 1.713096 0.099398
v -0.311490 1.713096 0.105737
v -0.327662 1.722985 0.111226
v -0.336999 1.740112 0.114396
v -0.319184 1.759888 0.157404
v -0.310341 1.777016 0.153043
v -0.295024 1.786904 0.145490
v -0.277337 1.786904 0.136768
v -0.262020 1.777016 0.129214
v -0.253177 1.759888 0.124853
v -0.253177 1.740112 0.124853
v -0.262020 1.722985 0.129214
v -0.277337 1.713096 0.136768
v -0.295024 1.713096 0.145490
v -0.310341 1.722985 0.153043
v -0.319184 1.740112 0.157404
v -0.295908 1.759888 0.197720
v -0.287710 1.777016 0.192242
v -0.273510 1.786904 0.182753
v -0.257113 1.786904 0.171797
v -0.242913 1.777016 0.162309
v -0.234714 1.759888 0.156831
v -0.234714 1.740112 0.156831
v -0.242913 1.722985 0.162309
v -0.257113 1.713096 0.171797
v -0.273510 1.713096 0.182753
v -0.287710 1.722985 0.192242
v -0.295908 1.740112 0.197720
v -0.267569 1.759888 0.234652
v -0.260156 1.777016 0.228151
v -0.247316 1.786904 0.216890
v -0.232489 1.786904 0.203888
v -0.219649 1.777016 0.192627
v -0.212236 1.759888 0.186126
v -0.212236 1.740112 0.186126
v -0.219649 1.722985 0.192627
v -0.232489 1.713096 0.203888
v -0.247316 1.713096 0.216890
v -0.260156 1.722985 0.228151
v -0.267569 1.740112 0.234652
v -0.234652 1.759888 0.267569
v -0.228151 1.777016 0.260156
v -0.216890 1.786904 0.247316
v -0.203888 1.786904 0.232489
v -0.192627 1.777016 0.219649
v -0.186126 1.759888 0.212236
v -0.186126 1.740112 0.212236
v -0.192627 1.722985 0.219649
v -0.203888 1.713096 0.232489
v -0.216890 1.713096 0.247316
v -0.228151 1.722985 0.260156
v -0.234652 1.740112 0.267569
v -0.197720 1.759888 0.295908
v -0.192242 1.777016 0.287710
v -0.182753 1.786904 0.273510
v -0.171797 1.786904 0.257113
v -0.162309 1.777016 0.242913
v -0.156831 1.759888 0.234714
v -0.156831 1.740112 0.234714
v -0.162309 1.722985 0.242913
v -0.171797 1.713096 0.257113
v -0.182753 1.713096 0.273510
v -0.192242 1.722985 0.287710
v -0.197720 1.740112 0.295908
v -0.157404 1.759888 0.319184
v -0.153043 1.777016 0.310341
v -0.145490 1.786904 0.295024
v -0.136768 1.786904 0.277337
v -0.129214 1.777016 0.262020
v -0.124853 1.759888 0.253177
v -0.124853 1.740112 0.253177
v -0.129214 1.722985 0.262020
v -0.136768 1.713096 0.277337
v -0.145490 1.713096 0.295024
v -0.153043 1.722985 0.310341
v -0.157404 1.740112 0.319184
v -0.114396 1.759888 0.336999
v -0.111226 1.777016 0.327662
v -0.105737 1.786904 0.311490
v -0.099398 1.786904 0.292816
v -0.093908 1.777016 0.276644
v -0.090739 1.759888 0.267308
v -0.090739 1.740112 0.267308
v -0.093908 1.722985 0.276644
v -0.099398 1.713096 0.292816
v -0.105737 1.713096 0.311490
v -0.111226 1.722985 0.327662
v -0.114396 1.740112 0.336999
v -0.069430 1.759888 0.349048
v -0.067506 1.777016 0.339377
v -0.064175 1.786904 0.322627
v -0.060327 1.786904 0.303285
v -0.056996 1.777016 0.286535
v -0.055072 1.759888 0.276865
v -0.055072 1.740112 0.276865
v -0.056996 1.722985 0.286535
v -0.060327 1.713096 0.303285
v -0.064175 1.713096 0.322627
v -0.067506 1.722985 0.339377
v -0.069430 1.740112 0.349048
v -0.023276 1.759888 0.355124
v -0.022631 1.777016 0.345285
v -0.021514 1.786904 0.328243
v -0.020224 1.786904 0.308565
v -0.019108 1.777016 0.291523
v -0.018463 1.759888 0.281684
v -0.018463 1.740112 0.281684
v -0.019108 1.722985 0.291523
v -0.020224 1.713096 0.308565
v -0.021514 1.713096 0.328243
v -0.022631 1.722985 0.345285
v -0.023276 1.740112 0.355124
v 0.023276 1.759888 0.355124
v 0.022631 1.777016 0.345285
v 0.021514 1.786904 0.328243
v 0.020224 1.786904 0.308565
v 0.019107 1.777016 0.291523
v 0.018463 1.759888 0.281684
v 0.018463 1.740112 0.281684
v 0.019107 1.722985 0.291523
v 0.020224 1.713096 0.308565
v 0.021514 1.713096 0.328243
v 0.022631 1.722985 0.345285
v 0.023276 1.740112 0.355124
v 0.069430 1.759888 0.349048
v 0.067506 1.777016 0.339377
v 0.064174 1.786904 0.322627
v 0.060327 1.786904 0.303285
v 0.056995 1.777016 0.286535
v 0.055072 1.759888 0.276865
v 0.055072 1.740112 0.276865
v 0.056995 1.722985 0.286535
v 0.060327 1.713096 0.303285
v 0.064174 1.713096 0.322627
v 0.067506 1.722985 0.339377
v 0.069430 1.740112 0.349048
v 0.114396 1.759888 0.336999
v 0.111226 1.777016 0.327662
v 0.105737 1.786904 0.311490
v 0.099398 1.786904 0.292816
v 0.093908 1.777016 0.276644
v 0.090739 1.759888 0.267308
v 0.090739 1.740112 0.267308
v 0.093908 1.722985 0.276644
v 0.099398 1.713096 0.292816
v 0.105737 1.713096 0.311490
v 0.111226 1.722985 0.327662
v 0.114396 1.740112 0.336999
v 0.157404 1.759888 0.319184
v 0.153043 1.777016 0.310341
v 0.145490 1.786904 0.295024
v 0.136768 1.786904 0.277337
v 0.129214 1.777016 0.262020
v 0.124853 1.759888 0.253177
v 0.124853 1.740112 0.253177
v 0.129214 1.722985 0.262020
v 0.136768 1.713096 0.277337
v 0.145490 1.713096 0.295024
v 0.153043 1.722985 0.310341
v 0.157404 1.740112 0.319184
v 0.197720 1.759888 0.295908
v 0.192242 1.777016 0.287710
v 0.182753 1.786904 0.273510
v 0.171797 1.786904 0.257113
v 0.162309 1.777016 0.242913
v 0.156831 1.759888 0.234714
v 0.156831 1.740112 0.234714
v 0.162309 1.722985 0.242913
v 0.171797 1.713096 0.257113
v 0.182753 1.713096 0.273510
v 0.192242 1.722985 0.287710
v 0.197720 1.740112 0.295908
v 0.234652 1.759888 0.267569
v 0.228150 1.777016 0.260156
v 0.216890 1.786904 0.247316
v 0.203887 1.786904 0.232489
v 0.192627 1.777016 0.219649
v 0.186126 1.759888 0.212236
v 0.186126 1.740112 0.212236
v 0.192627 1.722985 0.219649
v 0.203888 1.713096 0.232489
v 0.216890 1.713096 0.247316
v 0.228150 1.722985 0.260156
v 0.234652 1.740112 0.267569
v 0.267569 1.759888 0.234652
v 0.260156 1.777016 0.228151
v 0.247316 1.786904 0.216890
v 0.232489 1.786904 0.203888
v 0.219649 1.777016 0.192627
v 0.212236 1.759888 0.186126
v 0.212236 1.740112 0.186126
v 0.219649 1.722985 0.192627
v 0.232489 1.713096 0.203888
v 0.247316 1.713096 0.216890
v 0.260156 1.722985 0.228151
v 0.267569 1.740112 0.234652
v 0.295908 1.759888 0.197720
v 0.287710 1.777016 0.192242
v 0.273510 1.786904 0.182753
v 0.257113 1.786904 0.171797
v 0.242913 1.777016 0.162309
v 0.234714 1.759888 0.156831
v 0.234714 1.740112 0.156831
v 0.242913 1.722985 0.162309
v 0.257113 1.713096 0.171797
v 0.273510 1.713096 0.182753
v 0.287710 1.722985 0.192242
v 0.295908 1.740112 0.197720
v 0.319184 1.759888 0.157404
v 0.310341 1.777016 0.153043
v 0.295024 1.786904 0.145490
v 0.277337 1.786904 0.136768
v 0.262020 1.777016 0.129214
v 0.253177 1.759888 0.124853
v 0.253177 1.740112 0.124853
v 0.262020 1.722985 0.129214
v 0.277337 1.713096 0.136768
v 0.295024 1.713096 0.145490
v 0.310341 1.722985 0.153043
v 0.319184 1.740112 0.157404
v 0.336999 1.759888 0.114396
v 0.327662 1.777016 0.111226
v 0.311490 1.786904 0.105737
v 0.292816 1.786904 0.099398
v 0.276644 1.777016 0.093908
v 0.267308 1.759888 0.090739
v 0.267308 1.740112 0.090739
v 0.276644 1.722985 0.093908
v 0.292816 1.713096 0.099398
v 0.311490 1.713096 0.105737
v 0.327662 1.722985 0.111226
v 0.336999 1.740112 0.114396
v 0.349048 1.759888 0.069430
v 0.339377 1.777016 0.067506
v 0.322627 1.786904 0.064174
v 0.303285 1.786904 0.060327
v 0.286535 1.777016 0.056995
v 0.276865 1.759888 0.055072
v 0.276865 1.740112 0.055072
v 0.286535 1.722985 0.056995
v 0.303285 1.713096 0.060327
v 0.322627 1.713096 0.064174
v 0.339377 1.722985 0.067506
v 0.349048 1.740112 0.069430
v 0.355124 1.759888 0.023276
v 0.345285 1.777016 0.022631
v 0.328243 1.786904 0.021514
v 0.308565 1.786904 0.020224
v 0.291523 1.777016 0.019107
v 0.281684 1.759888 0.018463
v 0.281684 1.740112 0.018463
v 0.291523 1.722985 0.019107
v 0.308565 1.713096 0.020224
v 0.328243 1.713096 0.021514
v 0.345285 1.722985 0.022631
v 0.355124 1.740112 0.023276
v 0.355124 0.209888 -0.023276
v 0.345285 0.227015 -0.022631
v 0.328243 0.236904 -0.021514
v 0.308565 0.236904 -0.020224
v 0.291523 0.227015 -0.019107
v 0.281684 0.209888 -0.018463
v 0.281684 0.190112 -0.018463
v 0.291523 0.172984 -0.019107
v 0.308565 0.163096 -0.020224
v 0.328243 0.163096 -0.021514
v 0.345285 0.172984 -0.022631
v 0.355124 0.190112 -0.023276
v 0.349048 0.209888 -0.069430
v 0.339377 0.227015 -0.067506
v 0.322627 0.236904 -0.064174
v 0.303285 0.236904 -0.060327
v 0.286535 0.227015 -0.056995
v 0.276865 0.209888 -0.055072
v 0.276865 0.190112 -0.055072
v 0.286535 0.172984 -0.056995
v 0.303285 0.163096 -0.060327
v 0.322627 0.163096 -0.064174
v 0.339377 0.172984 -0.067506
v 0.349048 0.190112 -0.069430
v 0.336999 0.209888 -0.114396
v 0.327662 0.227015 -0.111226
v 0.311490 0.236904 -0.105737
v 0.292816 0.236904 -0.099398
v 0.276644 0.227015 -0.093908
v 0.267308 0.209888 -0.090739
v 0.267308 0.190112 -0.090739
v 0.276644 0.172984 -0.093908
v 0.292816 0.163096 -0.099398
v 0.311490 0.163096 -0.105737
v 0.327662 0.172984 -0.111226
v 0.336999 0.190112 -0.114396
v 0.319184 0.209888 -0.157404
v 0.310341 0.227015 -0.153043
v 0.295024 0.236904 -0.145490
v 0.277337 0.236904 -0.136768
v 0.262020 0.227015 -0.129214
v 0.253177 0.209888 -0.124853
v 0.253177 0.190112 -0.124853
v 0.262020 0.172984 -0.129214
v 0.277337 0.163096 -0.136768
v 0.295024 0.163096 -0.145490
v 0.310341 0.172984 -0.153043
v 0.319184 0.190112 -0.157404
v 0.295908 0.209888 -0.197720
v 0.287710 0.227015 -0.192242
v 0.273510 0.236904 -0.182753
v 0.257113 0.236904 -0.171797
v 0.242913 0.227015 -0.162309
v 0.234714 0.209888 -0.156831
v 0.234714 0.190112 -0.156831
v 0.242913 0.172984 -0.162309
v 0.257113 0.163096 -0.171797
v 0.273510 0.163096 -0.182753
v 0.287710 0.172984 -0.192242
v 0.295908 0.190112 -0.197720
v 0.267569 0.209888 -0.234652
v 0.260156 0.227015 -0.228151
v 0.247316 0.236904 -0.216890
v 0.232489 0.236904 -0.203888
v 0.219649 0.227015 -0.192627
v 0.212236 0.209888 -0.186126
v 0.212236 0.190112 -0.186126
v 0.219649 0.172984 -0.192627
v 0.232489 0.163096 -0.203888
v 0.247316 0.163096 -0.216890
v 0.260156 0.172984 -0.228151
v 0.267569 0.190112 -0.234652
v 0.234652 0.209888 -0.267569
v 0.228151 0.227015 -0.260156
v 0.216890 0.236904 -0.247316
v 0.203888 0.236904 -0.232489
v 0.192627 0.227015 -0.219649
v 0.186126 0.209888 -0.212236
v 0.186126 0.190112 -0.212236
v 0.192627 0.172984 -0.219649
v 0.203888 0.163096 -0.232489
v 0.216890 0.163096 -0.247316
v 0.228151 0.172984 -0.260156
v 0.234652 0.190112 -0.267569
v 0.197720 0.209888 -0.295908
v 0.192242 0.227015 -0.287710
v 0.182753 0.236904 -0.273510
v 0.171797 0.236904 -0.257113
v 0.162309 0.227015 -0.242913
v 0.156831 0.209888 -0.234714
v 0.156831 0.190112 -0.234714
v 0.162309 0.172984 -0.242913
v 0.171797 0.163096 -0.257113
v 0.182753 0.163096 -0.273510
v 0.192242 0.172984 -0.287710
v 0.197720 0.190112 -0.295908
v 0.157404 0.209888 -0.319184
v 0.153043 0.227015 -0.310341
v 0.145490 0.236904 -0.295024
v 0.136768 0.236904 -0.277337
v 0.129214 0.227015 -0.262020
v 0.124853 0.209888 -0.253177
v 0.124853 0.190112 -0.253177
v 0.129214 0.172984 -0.262020
v 0.136768 0.163096 -0.277337
v 0.145490 0.163096 -0.295024
v 0.153043 0.172984 -0.310341
v 0.157404 0.190112 -0.319184
v 0.114396 0.209888 -0.336999
v 0.111226 0.227015 -0.327662
v 0.105737 0.236904 -0.311490
v 0.099398 0.236904 -0.292816
v 0.093908 0.227015 -0.276644
v 0.090739 0.209888 -0.267308
v 0.090739 0.190112 -0.267308
v 0.093908 0.172984 -0.276644
v 0.099398 0.163096 -0.292816
v 0.105737 0.163096 -0.311490
v 0.111226 0.172984 -0.327662
v 0.114396 0.190112 -0.336999
v 0.069430 0.209888 -0.349048
v 0.067506 0.227015 -0.339377
v 0.064174 0.236904 -0.322627
v 0.060327 0.236904 -0.303285
v 0.056995 0.227015 -0.286535
v 0.055072 0.209888 -0.276865
v 0.055072 0.190112 -0.276865
v 0.056995 0.172984 -0.286535
v 0.060327 0.163096 -0.303285
v 0.064174 0.163096 -0.322627
v 0.067506 0.172984 -0.339377
v 0.069430 0.190112 -0.349048
v 0.023276 0.209888 -0.355124
v 0.022631 0.227015 -0.345285
v 0.021514 0.236904 -0.328243
v 0.020224 0.236904 -0.308565
v 0.019107 0.227015 -0.291523
v 0.018463 0.209888 -0.281684
v 0.018463 0.190112 -0.281684
v 0.019107 0.172984 -0.291523
v 0.020224 0.163096 -0.308565
v 0.021514 0.163096 -0.328243
v 0.022631 0.172984 -0.345285
v 0.023276 0.190112 -0.355124
v -0.023276 0.209888 -0.355124
v -0.022631 0.227015 -0.345285
v -0.021514 0.236904 -0.328243
v -0.020224 0.236904 -0.308565
v -0.019107 0.227015 -0.291523
v -0.018463 0.209888 -0.281684
v -0.018463 0.190112 -0.281684
v -0.019107 0.172984 -0.291523
v -0.020224 0.163096 -0.308565
v -0.021514 0.163096 -0.328243
v -0.022631 0.172984 -0.345285
v -0.023276 0.190112 -0.355124
v -0.069430 0.209888 -0.349048
v -0.067506 0.227015 -0.339377
v -0.064174 0.236904 -0.322627
v -0.060327 0.236904 -0.303285
v -0.056995 0.227015 -0.286535
v -0.055072 0.209888 -0.276865
v -0.055072 0.190112 -0.276865
v -0.056995 0.172984 -0.286535
v -0.060327 0.163096 -0.303285
v -0.064174 0.163096 -0.322627
v -0.067506 0.172984 -0.339377
v -0.069430 0.190112 -0.349048
v -0.114396 0.209888 -0.336999
v -0.111226 0.227015 -0.327662
v -0.105737 0.236904 -0.311490
v -0.099398 0.236904 -0.292816
v -0.093908 0.227015 -0.276644
v -0.090739 0.209888 -0.267308
v -0.090739 0.190112 -0.267308
v -0.093908 0.172984 -0.276644
v -0.099398 0.163096 -0.292816
v -0.105737 0.163096 -0.311490
v -0.111226 0.172984 -0.327662
v -0.114396 0.190112 -0.336999
v -0.157404 0.209888 -0.319184
v -0.153043 0.227015 -0.310341
v -0.145490 0.236904 -0.295024
v -0.136768 0.236904 -0.277337
v -0.129214 0.227015 -0.262020
v -0.124853 0.209888 -0.253177
v -0.124853 0.190112 -0.253177
v -0.129214 0.172984 -0.262020
v -0.136768 0.163096 -0.277337
v -0.145490 0.163096 -0.295024
v -0.153043 0.172984 -0.310341
v -0.157404 0.190112 -0.319184
v -0.197720 0.209888 -0.295908
v -0.192242 0.227015 -0.287710
v -0.182753 0.236904 -0.273510
v -0.171797 0.236904 -0.257113
v -0.162309 0.227015 -0.242913
v -0.156831 0.209888 -0.234714
v -0.156831 0.190112 -0.234714
v -0.162309 0.172984 -0.242913
v -0.171797 0.163096 -0.257113
v -0.182753 0.163096 -0.273510
v -0.192242 0.172984 -0.287710
v -0.197720 0.190112 -0.295908
v -0.234652 0.209888 -0.267569
v -0.228151 0.227015 -0.260156
v -0.216890 0.236904 -0.247316
v -0.203888 0.236904 -0.232489
v -0.192627 0.227015 -0.219649
v -0.186126 0.209888 -0.212236
v -0.186126 0.190112 -0.212236
v -0.192627 0.172984 -0.219649
v -0.203888 0.163096 -0.232489
v -0.216890 0.163096 -0.247316
v -0.228151 0.172984 -0.260156
v -0.234652 0.190112 -0.267569
v -0.267569 0.209888 -0.234652
v -0.260156 0.227015 -0.228151
v -0.247316 0.236904 -0.216890
v -0.232489 0.236904 -0.203888
v -0.219649 0.227015 -0.192627
v -0.212236 0.209888 -0.186126
v -0.212236 0.190112 -0.186126
v -0.219649 0.172984 -0.192627
v -0.232489 0.163096 -0.203888
v -0.247316 0.163096 -0.216890
v -0.260156 0.172984 -0.228151
v -0.267569 0.190112 -0.234652
v -0.295908 0.209888 -0.197720
v -0.287710 0.227015 -0.192242
v -0.273510 0.236904 -0.182753
v -0.257113 0.236904 -0.171797
v -0.242913 0.227015 -0.162309
v -0.234714 0.209888 -0.156831
v -0.234714 0.190112 -0.156831
v -0.242913 0.172984 -0.162309
v -0.257113 0.163096 -0.171797
v -0.273510 0.163096 -0.182753
v -0.287710 0.172984 -0.192242
v -0.295908 0.190112 -0.197720
v -0.319184 0.209888 -0.157404
v -0.310341 0.227015 -0.153043
v -0.295024 0.236904 -0.145490
v -0.277337 0.236904 -0.136768
v -0.262020 0.227015 -0.129214
v -0.253177 0.209888 -0.124853
v -0.253177 0.190112 -0.124853
v -0.262020 0.172984 -0.129214
v -0.277337 0.163096 -0.136768
v -0.295024 0.163096 -0.145490
v -0.310341 0.172984 -0.153043
v -0.319184 0.190112 -0.157404
v -0.336999 0.209888 -0.114396
v -0.327662 0.227015 -0.111226
v -0.311490 0.236904 -0.105737
v -0.292816 0.236904 -0.099398
v -0.276645 0.227015 -0.093908
v -0.267308 0.209888 -0.090739
v -0.267308 0.190112 -0.090739
v -0.276644 0.172984 -0.093908
v -0.292816 0.163096 -0.099398
v -0.311490 0.163096 -0.105737
v -0.327662 0.172984 -0.111226
v -0.336999 0.190112 -0.114396
v -0.349048 0.209888 -0.069430
v -0.339377 0.227015 -0.067506
v -0.322627 0.236904 -0.064174
v -0.303285 0.236904 -0.060327
v -0.286535 0.227015 -0.056995
v -0.276865 0.209888 -0.055072
v -0.276865 0.190112 -0.055072
v -0.286535 0.172984 -0.056995
v -0.303285 0.163096 -0.060327
v -0.322627 0.163096 -0.064174
v -0.339377 0.172984 -0.067506
v -0.349048 0.190112 -0.069430
v -0.355124 0.209888 -0.023276
v -0.345285 0.227015 -0.022631
v -0.328243 0.236904 -0.021514
v -0.308565 0.236904 -0.020224
v -0.291523 0.227015 -0.019107
v -0.281684 0.209888 -0.018463
v -0.281684 0.190112 -0.018463
v -0.291523 0.172984 -0.019107
v -0.308565 0.163096 -0.020224
v -0.328243 0.163096 -0.021514
v -0.345285 0.172984 -0.022631
v -0.355124 0.190112 -0.023276
v -0.355124 0.209888 0.023276
v -0.345285 0.227015 0.022631
v -0.328243 0.236904 0.021514
v -0.308565 0.236904 0.020224
v -0.291523 0.227015 0.019107
v -0.281684 0.209888 0.018463
v -0.281684 0.190112 0.018463
v -0.291523 0.172984 0.019107
v -0.308565 0.163096 0.020224
v -0.328243 0.163096 0.021514
v -0.345285 0.172984 0.022631
v -0.355124 0.190112 0.023276
v -0.349048 0.209888 0.069430
v -0.339377 0.227015 0.067506
v -0.322627 0.236904 0.064174
v -0.303285 0.236904 0.060327
v -0.286535 0.227015 0.056995
v -0.276865 0.209888 0.055072
v -0.276865 0.190112 0.055072
v -0.286535 0.172984 0.056995
v -0.303285 0.163096 0.060327
v -0.322627 0.163096 0.064174
v -0.339377 0.172984 0.067506
v -0.349048 0.190112 0.069430
v -0.336999 0.209888 0.114396
v -0.327662 0.227015 0.111226
v -0.311490 0.236904 0.105737
v -0.292816 0.236904 0.099398
v -0.276644 0.227015 0.093908
v -0.267308 0.209888 0.090739
v -0.267308 0.190112 0.090739
v -0.276645 0.172984 0.093908
v -0.292816 0.163096 0.099398
v -0.311490 0.163096 0.105737
v -0.327662 0.172984 0.111226
v -0.336999 0.190112 0.114396
v -0.319184 0.209888 0.157404
v -0.310341 0.227015 0.153043
v -0.295024 0.236904 0.145490
v -0.277337 0.236904 0.136768
v -0.262020 0.227015 0.129214
v -0.253177 0.209888 0.124853
v -0.253177 0.190112 0.124853
v -0.262020 0.172984 0.129214
v -0.277337 0.163096 0.136768
v -0.295024 0.163096 0.145490
v -0.310341 0.172984 0.153043
v -0.319184 0.190112 0.157404
v -0.295908 0.209888 0.197720
v -0.287710 0.227015 0.192242
v -0.273510 0.236904 0.182753
v -0.257113 0.236904 0.171797
v -0.242913 0.227015 0.162309
v -0.234714 0.209888 0.156831
v -0.234714 0.190112 0.156831
v -0.242913 0.172984 0.162309
v -0.257113 0.163096 0.171797
v -0.273510 0.163096 0.182753
v -0.287710 0.172984 0.192242
v -0.295908 0.190112 0.197720
v -0.267569 0.209888 0.234652
v -0.260156 0.227015 0.228151
v -0.247316 0.236904 0.216890
v -0.232489 0.236904 0.203888
v -0.219649 0.227015 0.192627
v -0.212236 0.209888 0.186126
v -0.212236 0.190112 0.186126
v -0.219649 0.172984 0.192627
v -0.232489 0.163096 0.203888
v -0.247316 0.163096 0.216890
v -0.260156 0.172984 0.228151
v -0.267569 0.190112 0.234652
v -0.234652 0.209888 0.267569
v -0.228151 0.227015 0.260156
v -0.216890 0.236904 0.247316
v -0.203888 0.236904 0.232489
v -0.192627 0.227015 0.219649
v -0.186126 0.209888 0.212236
v -0.186126 0.190112 0.212236
v -0.192627 0.172984 0.219649
v -0.203888 0.163096 0.232489
v -0.216890 0.163096 0.247316
v -0.228151 0.172984 0.260156
v -0.234652 0.190112 0.267569
v -0.197720 0.209888 0.295908
v -0.192242 0.227015 0.287710
v -0.182753 0.236904 0.273510
v -0.171797 0.236904 0.257113
v -0.162309 0.227015 0.242913
v -0.156831 0.209888 0.234714
v -0.156831 0.190112 0.234714
v -0.162309 0.172984 0.242913
v -0.171797 0.163096 0.257113
v -0.182753 0.163096 0.273510
v -0.192242 0.172984 0.287710
v -0.197720 0.190112 0.295908
v -0.157404 0.209888 0.319184
v -0.153043 0.227015 0.310341
v -0.145490 0.236904 0.295024
v -0.136768 0.236904 0.277337
v -0.129214 0.227015 0.262020
v -0.124853 0.209888 0.253177
v -0.124853 0.190112 0.253177
v -0.129214 0.172984 0.262020
v -0.136768 0.163096 0.277337
v -0.145490 0.163096 0.295024
v -0.153043 0.172984 0.310341
v -0.157404 0.190112 0.319184
v -0.114396 0.209888 0.336999
v -0.111226 0.227015 0.327662
v -0.105737 0.236904 0.311490
v -0.099398 0.236904 0.292816
v -0.093908 0.227015 0.276644
v -0.090739 0.209888 0.267308
v -0.090739 0.190112 0.267308
v -0.093908 0.172984 0.276644
v -0.099398 0.163096 0.292816
v -0.105737 0.163096 0.311490
v -0.111226 0.172984 0.327662
v -0.114396 0.190112 0.336999
v -0.069430 0.209888 0.349048
v -0.067506 0.227015 0.339377
v -0.064175 0.236904 0.322627
v -0.060327 0.236904 0.303285
v -0.056996 0.227015 0.286535
v -0.055072 0.209888 0.276865
v -0.055072 0.190112 0.276865
v -0.056996 0.172984 0.286535
v -0.060327 0.163096 0.303285
v -0.064175 0.163096 0.322627
v -0.067506 0.172984 0.339377
v -0.069430 0.190112 0.349048
v -0.023276 0.209888 0.355124
v -0.022631 0.227015 0.345285
v -0.021514 0.236904 0.328243
v -0.020224 0.236904 0.308565
v -0.019108 0.227015 0.291523
v -0.018463 0.209888 0.281684
v -0.018463 0.190112 0.281684
v -0.019108 0.172984 0.291523
v -0.020224 0.163096 0.308565
v -0.021514 0.163096 0.328243
v -0.022631 0.172984 0.345285
v -0.023276 0.190112 0.355124
v 0.023276 0.209888 0.355124
v 0.022631 0.227015 0.345285
v 0.021514 0.236904 0.328243
v 0.020224 0.236904 0.308565
v 0.019107 0.227015 0.291523
v 0.018463 0.209888 0.281684
v 0.018463 0.190112 0.281684
v 0.019107 0.172984 0.291523
v 0.020224 0.163096 0.308565
v 0.021514 0.163096 0.328243
v 0.022631 0.172984 0.345285
v 0.023276 0.190112 0.355124
v 0.069430 0.209888 0.349048
v 0.067506 0.227015 0.339377
v 0.064174 0.236904 0.322627
v 0.060327 0.236904 0.303285
v 0.056995 0.227015 0.286535
v 0.055072 0.209888 0.276865
v 0.055072 0.190112 0.276865
v 0.056995 0.172984 0.286535
v 0.060327 0.163096 0.303285
v 0.064174 0.163096 0.322627
v 0.067506 0.172984 0.339377
v 0.069430 0.190112 0.349048
v 0.114396 0.209888 0.336999
v 0.111226 0.227015 0.327662
v 0.105737 0.236904 0.311490
v 0.099398 0.236904 0.292816
v 0.093908 0.227015 0.276644
v 0.090739 0.209888 0.267308
v 0.090739 0.190112 0.267308
v 0.093908 0.172984 0.276644
v 0.099398 0.163096 0.292816
v 0.105737 0.163096 0.311490
v 0.111226 0.172984 0.327662
v 0.114396 0.190112 0.336999
v 0.157404 0.209888 0.319184
v 0.153043 0.227015 0.310341
v 0.145490 0.236904 0.295024
v 0.136768 0.236904 0.277337
v 0.129214 0.227015 0.262020
v 0.124853 0.209888 0.253177
v 0.124853 0.190112 0.253177
v 0.129214 0.172984 0.262020
v 0.136768 0.163096 0.277337
v 0.145490 0.163096 0.295024
v 0.153043 0.172984 0.310341
v 0.157404 0.190112 0.319184
v 0.197720 0.209888 0.295908
v 0.192242 0.227015 0.287710
v 0.182753 0.236904 0.273510
v 0.171797 0.236904 0.257113
v 0.162309 0.227015 0.242913
v 0.156831 0.209888 0.234714
v 0.156831 0.190112 0.234714
v 0.162309 0.172984 0.242913
v 0.171797 0.163096 0.257113
v 0.182753 0.163096 0.273510
v 0.192242 0.172984 0.287710
v 0.197720 0.190112 0.295908
v 0.234652 0.209888 0.267569
v 0.228150 0.227015 0.260156
v 0.216890 0.236904 0.247316
v 0.203887 0.236904 0.232489
v 0.192627 0.227015 0.219649
v 0.186126 0.209888 0.212236
v 0.186126 0.190112 0.212236
v 0.192627 0.172984 0.219649
v 0.203888 0.163096 0.232489
v 0.216890 0.163096 0.247316
v 0.228150 0.172984 0.260156
v 0.234652 0.190112 0.267569
v 0.267569 0.209888 0.234652
v 0.260156 0.227015 0.228151
v 0.247316 0.236904 0.216890
v 0.232489 0.236904 0.203888
v 0.219649 0.227015 0.192627
v 0.212236 0.209888 0.186126
v 0.212236 0.190112 0.186126
v 0.219649 0.172984 0.192627
v 0.232489 0.163096 0.203888
v 0.247316 0.163096 0.216890
v 0.260156 0.172984 0.228151
v 0.267569 0.190112 0.234652
v 0.295908 0.209888 0.197720
v 0.287710 0.227015 0.192242
v 0.273510 0.236904 0.182753
v 0.257113 0.236904 0.171797
v 0.242913 0.227015 0.162309
v 0.234714 0.209888 0.156831
v 0.234714 0.190112 0.156831
v 0.242913 0.172984 0.162309
v 0.257113 0.163096 0.171797
v 0.273510 0.163096 0.182753
v 0.287710 0.172984 0.192242
v 0.295908 0.190112 0.197720
v 0.319184 0.209888 0.157404
v 0.310341 0.227015 0.153043
v 0.295024 0.236904 0.145490
v 0.277337 0.236904 0.136768
v 0.262020 0.227015 0.129214
v 0.253177 0.209888 0.124853
v 0.253177 0.190112 0.124853
v 0.262020 0.172984 0.129214
v 0.277337 0.163096 0.136768
v 0.295024 0.163096 0.145490
v 0.310341 0.172984 0.153043
v 0.319184 0.190112 0.157404
v 0.336999 0.209888 0.114396
v 0.327662 0.227015 0.111226
v 0.311490 0.236904 0.105737
v 0.292816 0.236904 0.099398
v 0.276644 0.227015 0.093908
v 0.267308 0.209888 0.090739
v 0.267308 0.190112 0.090739
v 0.276644 0.172984 0.093908
v 0.292816 0.163096 0.099398
v 0.311490 0.163096 0.105737
v 0.327662 0.172984 0.111226
v 0.336999 0.190112 0.114396
v 0.349048 0.209888 0.069430
v 0.339377 0.227015 0.067506
v 0.322627 0.236904 0.064174
v 0.303285 0.236904 0.060327
v 0.286535 0.227015 0.056995
v 0.276865 0.209888 0.055072
v 0.276865 0.190112 0.055072
v 0.286535 0.172984 0.056995
v 0.303285 0.163096 0.060327
v 0.322627 0.163096 0.064174
v 0.339377 0.172984 0.067506
v 0.349048 0.190112 0.069430
v 0.355124 0.209888 0.023276
v 0.345285 0.227015 0.022631
v 0.328243 0.236904 0.021514
v 0.308565 0.236904 0.020224
v 0.291523 0.227015 0.019107
v 0.281684 0.209888 0.018463
v 0.281684 0.190112 0.018463
v 0.291523 0.172984 0.019107
v 0.308565 0.163096 0.020224
v 0.328243 0.163096 0.021514
v 0.345285 0.172984 0.022631
v 0.355124 0.190112 0.023276
vn -0.0000 -0.1430 -0.9897
vn -0.0000 0.1430 -0.9897
vn 0.3058 -0.1430 -0.9413
vn 0.3058 0.1430 -0.9413
vn 0.5817 -0.1430 -0.8007
vn 0.5817 0.1430 -0.8007
vn 0.8007 -0.1430 -0.5817
vn 0.8007 0.1430 -0.5817
vn 0.9413 -0.1430 -0.3058
vn 0.9413 0.1430 -0.3058
vn 0.9897 -0.1430 -0.0000
vn 0.9897 0.1430 -0.0000
vn 0.9413 -0.1430 0.3058
vn 0.9413 0.1430 0.3058
vn 0.8007 -0.1430 0.5817
vn 0.8007 0.1430 0.5817
vn 0.5817 -0.1430 0.8007
vn 0.5817 0.1430 0.8007
vn 0.3058 -0.1430 0.9413
vn 0.3058 0.1430 0.9413
vn -0.0000 -0.1430 0.9897
vn -0.0000 0.1430 0.9897
vn -0.3058 -0.1430 0.9413
vn -0.3058 0.1430 0.9413
vn -0.5817 -0.1430 0.8007
vn -0.5817 0.1430 0.8007
vn -0.8007 -0.1430 0.5817
vn -0.8007 0.1430 0.5817
vn -0.9413 -0.1430 0.3058
vn -0.9413 0.1430 0.3058
vn -0.9897 -0.1430 -0.0000
vn -0.9897 0.1430 -0.0000
vn -0.9413 -0.1430 -0.3058
vn -0.9413 0.1430 -0.3058
vn -0.8007 -0.1430 -0.5817
vn -0.8007 0.1430 -0.5817
vn -0.5817 -0.1430 -0.8007
vn -0.5817 0.1430 -0.8007
vn -0.3058 -0.1430 -0.9413
vn -0.3058 0.1430 -0.9413
vn -0.0000 1.0000 -0.0000
vn -0.0000 0.9584 -0.2854
vn -0.0000 0.8602 -0.5100
vn -0.0000 -0.0000 -1.0000
vn -0.0000 -0.8602 -0.5100
vn -0.0000 -1.0000 -0.0000
vn 0.0882 0.9584 -0.2714
vn 0.1576 0.8602 -0.4850
vn 0.2208 0.6997 -0.6795
vn 0.2689 0.4925 -0.8277
vn 0.2989 0.2541 -0.9198
vn 0.3090 -0.0000 -0.9511
vn 0.2989 -0.2541 -0.9198
vn 0.2689 -0.4925 -0.8277
vn 0.2208 -0.6997 -0.6795
vn 0.1576 -0.8602 -0.4850
vn 0.0882 -0.9584 -0.2714
vn 0.1677 0.9584 -0.2309
vn 0.2998 0.8602 -0.4126
vn 0.4199 0.6997 -0.5780
vn 0.5116 0.4925 -0.7041
vn 0.5685 0.2541 -0.7825
vn 0.5878 -0.0000 -0.8090
vn 0.5685 -0.2541 -0.7825
vn 0.5116 -0.4925 -0.7041
vn 0.4199 -0.6997 -0.5780
vn 0.2998 -0.8602 -0.4126
vn 0.1677 -0.9584 -0.2309
vn 0.2309 0.9584 -0.1677
vn 0.4126 0.8602 -0.2998
vn 0.5780 0.6997 -0.4199
vn 0.7041 0.4925 -0.5116
vn 0.7825 0.2541 -0.5685
vn 0.8090 -0.0000 -0.5878
vn 0.7825 -0.2541 -0.5685
vn 0.7041 -0.4925 -0.5116
vn 0.5780 -0.6997 -0.4199
vn 0.4126 -0.8602 -0.2998
vn 0.2309 -0.9584 -0.1677
vn 0.2714 0.9584 -0.0882
vn 0.4850 0.8602 -0.1576
vn 0.6795 0.6997 -0.2208
vn 0.8277 0.4925 -0.2689
vn 0.9198 0.2541 -0.2989
vn 0.9511 -0.0000 -0.3090
vn 0.9198 -0.2541 -0.2989
vn 0.8277 -0.4925 -0.2689
vn 0.6795 -0.6997 -0.2208
vn 0.4850 -0.8602 -0.1576
vn 0.2714 -0.9584 -0.0882
vn 0.2854 0.9584 -0.0000
vn 0.5100 0.8602 -0.0000
vn 0.7145 0.6997 -0.0000
vn 0.8703 0.4925 -0.0000
vn 0.9672 0.2541 -0.0000
vn 1.0000 -0.0000 -0.0000
vn 0.9672 -0.2541 -0.0000
vn 0.8703 -0.4925 -0.0000
vn 0.7145 -0.6997 -0.0000
vn 0.5100 -0.8602 -0.0000
vn 0.2854 -0.9584 -0.0000
vn 0.2714 0.9584 0.0882
vn 0.4850 0.8602 0.1576
vn 0.6795 0.6997 0.2208
vn 0.8277 0.4925 0.2689
vn 0.9198 0.2541 0.2989
vn 0.9511 -0.0000 0.3090
vn 0.9198 -0.2541 0.2989
vn 0.8277 -0.4925 0.2689
vn 0.6795 -0.6997 0.2208
vn 0.4850 -0.8602 0.1576
vn 0.2714 -0.9584 0.0882
vn 0.2309 0.9584 0.1677
vn 0.4126 0.8602 0.2998
vn 0.5780 0.6997 0.4199
vn 0.7041 0.4925 0.5116
vn 0.7825 0.2541 0.5685
vn 0.8090 -0.0000 0.5878
vn 0.7825 -0.2541 0.5685
vn 0.7041 -0.4925 0.5116
vn 0.5780 -0.6997 0.4199
vn 0.4126 -0.8602 0.2998
vn 0.2309 -0.9584 0.1677
vn 0.1677 0.9584 0.2309
vn 0.2998 0.8602 0.4126
vn 0.4199 0.6997 0.5780
vn 0.5116 0.4925 0.7041
vn 0.5685 0.2541 0.7825
vn 0.5878 -0.0000 0.8090
vn 0.5685 -0.2541 0.7825
vn 0.5116 -0.4925 0.7041
vn 0.4199 -0.6997 0.5780
vn 0.2998 -0.8602 0.4126
vn 0.1677 -0.9584 0.2309
vn 0.0882 0.9584 0.2714
vn 0.1576 0.8602 0.4850
vn 0.2208 0.6997 0.6795
vn 0.2689 0.4925 0.8277
vn 0.2989 0.2541 0.9198
vn 0.3090 -0.0000 0.9511
vn 0.2989 -0.2541 0.9198
vn 0.2689 -0.4925 0.8277
vn 0.2208 -0.6997 0.6795
vn 0.1576 -0.8602 0.4850
vn 0.0882 -0.9584 0.2714
vn -0.0000 0.9584 0.2854
vn -0.0000 0.8602 0.5100
vn -0.0000 0.6997 0.7145
vn -0.0000 0.4925 0.8703
vn -0.0000 0.2541 0.9672
vn -0.0000 -0.0000 1.0000
vn -0.0000 -0.2541 0.9672
vn -0.0000 -0.4925 0.8703
vn -0.0000 -0.6997 0.7145
vn -0.0000 -0.8602 0.5100
vn -0.0000 -0.9584 0.2854
vn -0.0882 0.9584 0.2714
vn -0.1576 0.8602 0.4850
vn -0.2208 0.6997 0.6795
vn -0.2689 0.4925 0.8277
vn -0.2989 0.2541 0.9198
vn -0.3090 -0.0000 0.9511
vn -0.2989 -0.2541 0.9198
vn -0.2689 -0.4925 0.8277
vn -0.2208 -0.6997 0.6795
vn -0.1576 -0.8602 0.4850
vn -0.0882 -0.9584 0.2714
vn -0.1677 0.9584 0.2309
vn -0.2998 0.8602 0.4126
vn -0.4199 0.6997 0.5780
vn -0.5116 0.4925 0.7041
vn -0.5685 0.2541 0.7825
vn -0.5878 -0.0000 0.8090
vn -0.5685 -0.2541 0.7825
vn -0.5116 -0.4925 0.7041
vn -0.4199 -0.6997 0.5780
vn -0.2998 -0.8602 0.4126
vn -0.1677 -0.9584 0.2309
vn -0.2309 0.9584 0.1677
vn -0.4126 0.8602 0.2998
vn -0.5780 0.6997 0.4199
vn -0.7041 0.4925 0.5116
vn -0.7825 0.2541 0.5685
vn -0.8090 -0.0000 0.5878
vn -0.7825 -0.2541 0.5685
vn -0.7041 -0.4925 0.5116
vn -0.5780 -0.6997 0.4199
vn -0.4126 -0.8602 0.2998
vn -0.2309 -0.9584 0.1677
vn -0.2714 0.9584 0.0882
vn -0.4850 0.8602 0.1576
vn -0.6795 0.6997 0.2208
vn -0.8277 0.4925 0.2689
vn -0.9198 0.2541 0.2989
vn -0.9511 -0.0000 0.3090
vn -0.9198 -0.2541 0.2989
vn -0.8277 -0.4925 0.2689
vn -0.6795 -0.6997 0.2208
vn -0.4850 -0.8602 0.1576
vn -0.2714 -0.9584 0.0882
vn -0.2854 0.9584 -0.0000
vn -0.5100 0.8602 -0.0000
vn -0.7145 0.6997 -0.0000
vn -0.8703 0.4925 -0.0000
vn -0.9672 0.2541 -0.0000
vn -1.0000 -0.0000 -0.0000
vn -0.9672 -0.2541 -0.0000
vn -0.8703 -0.4925 -0.0000
vn -0.7145 -0.6997 -0.0000
vn -0.5100 -0.8602 -0.0000
vn -0.2854 -0.9584 -0.0000
vn -0.2714 0.9584 -0.0882
vn -0.4850 0.8602 -0.1576
vn -0.6795 0.6997 -0.2208
vn -0.8277 0.4925 -0.2689
vn -0.9198 0.2541 -0.2989
vn -0.9511 -0.0000 -0.3090
vn -0.9198 -0.2541 -0.2989
vn -0.8277 -0.4925 -0.2689
vn -0.6795 -0.6997 -0.2208
vn -0.4850 -0.8602 -0.1576
vn -0.2714 -0.9584 -0.0882
vn -0.2309 0.9584 -0.1677
vn -0.4126 0.8602 -0.2998
vn -0.5780 0.6997 -0.4199
vn -0.7041 0.4925 -0.5116
vn -0.7825 0.2541 -0.5685
vn -0.8090 -0.0000 -0.5878
vn -0.7825 -0.2541 -0.5685
vn -0.7041 -0.4925 -0.5116
vn -0.5780 -0.6997 -0.4199
vn -0.4126 -0.8602 -0.2998
vn -0.2309 -0.9584 -0.1677
vn -0.1677 0.9584 -0.2309
vn -0.2998 0.8602 -0.4126
vn -0.4199 0.6997 -0.5780
vn -0.5116 0.4925 -0.7041
vn -0.5685 0.2541 -0.7825
vn -0.5878 -0.0000 -0.8090
vn -0.5685 -0.2541 -0.7825
vn -0.5116 -0.4925 -0.7041
vn -0.4199 -0.6997 -0.5780
vn -0.2998 -0.8602 -0.4126
vn -0.1677 -0.9584 -0.2309
vn -0.0882 0.9584 -0.2714
vn -0.1576 0.8602 -0.4850
vn -0.2208 0.6997 -0.6795
vn -0.2689 0.4925 -0.8277
vn -0.2989 0.2541 -0.9198
vn -0.3090 -0.0000 -0.9511
vn -0.2989 -0.2541 -0.9198
vn -0.2689 -0.4925 -0.8277
vn -0.2208 -0.6997 -0.6795
vn -0.1576 -0.8602 -0.4850
vn -0.0882 -0.9584 -0.2714
vn -0.0000 0.6997 -0.7145
vn -0.0000 0.4925 -0.8703
vn -0.0000 0.2541 -0.9672
vn -0.0000 -0.2541 -0.9672
vn -0.0000 -0.4925 -0.8703
vn -0.0000 -0.6997 -0.7145
vn -0.0000 -0.9584 -0.2854
vn 0.8673 0.4978 -0.0000
vn 0.5031 0.8642 -0.0000
vn 0.0027 1.0000 -0.0000
vn -0.4990 0.8666 -0.0000
vn -0.8659 0.5001 -0.0000
vn -0.8659 -0.5001 -0.0000
vn -0.4990 -0.8666 -0.0000
vn 0.0027 -1.0000 -0.0000
vn 0.5031 -0.8642 -0.0000
vn 0.8673 -0.4978 -0.0000
vn 0.9914 -0.0000 -0.1305
vn 0.8599 0.4978 -0.1132
vn 0.4988 0.8642 -0.0657
vn 0.0027 1.0000 -0.0004
vn -0.4947 0.8666 0.0651
vn -0.8585 0.5001 0.1130
vn -0.9914 -0.0000 0.1305
vn -0.8585 -0.5001 0.1130
vn -0.4947 -0.8666 0.0651
vn 0.0027 -1.0000 -0.0004
vn 0.4988 -0.8642 -0.0657
vn 0.8599 -0.4978 -0.1132
vn 0.9659 -0.0000 -0.2588
vn 0.8377 0.4978 -0.2245
vn 0.4859 0.8642 -0.1302
vn 0.0027 1.0000 -0.0007
vn -0.4820 0.8666 0.1291
vn -0.8364 0.5001 0.2241
vn -0.9659 -0.0000 0.2588
vn -0.8364 -0.5001 0.2241
vn -0.4820 -0.8666 0.1291
vn 0.0026 -1.0000 -0.0007
vn 0.4859 -0.8642 -0.1302
vn 0.8377 -0.4978 -0.2245
vn 0.9239 -0.0000 -0.3827
vn 0.8013 0.4978 -0.3319
vn 0.4648 0.8642 -0.1925
vn 0.0025 1.0000 -0.0010
vn -0.4610 0.8666 0.1910
vn -0.8000 0.5001 0.3314
vn -0.9239 -0.0000 0.3827
vn -0.8000 -0.5001 0.3314
vn -0.4610 -0.8666 0.1910
vn 0.0025 -1.0000 -0.0010
vn 0.4648 -0.8642 -0.1925
vn 0.8013 -0.4978 -0.3319
vn 0.8660 -0.0000 -0.5000
vn 0.7511 0.4978 -0.4336
vn 0.4357 0.8642 -0.2515
vn 0.0024 1.0000 -0.0014
vn -0.4321 0.8666 0.2495
vn -0.7499 0.5001 0.4330
vn -0.8660 -0.0000 0.5000
vn -0.7499 -0.5001 0.4330
vn -0.4321 -0.8666 0.2495
vn 0.0024 -1.0000 -0.0014
vn 0.4357 -0.8642 -0.2515
vn 0.7511 -0.4978 -0.4336
vn 0.7934 -0.0000 -0.6088
vn 0.6881 0.4978 -0.5280
vn 0.3991 0.8642 -0.3063
vn 0.0022 1.0000 -0.0017
vn -0.3959 0.8666 0.3038
vn -0.6870 0.5001 0.5272
vn -0.7934 -0.0000 0.6088
vn -0.6870 -0.5001 0.5272
vn -0.3959 -0.8666 0.3038
vn 0.0022 -1.0000 -0.0017
vn 0.3991 -0.8642 -0.3063
vn 0.6881 -0.4978 -0.5280
vn 0.7071 -0.0000 -0.7071
vn 0.6133 0.4978 -0.6133
vn 0.3557 0.8642 -0.3557
vn 0.0019 1.0000 -0.0019
vn -0.3528 0.8666 0.3528
vn -0.6123 0.5001 0.6123
vn -0.7071 -0.0000 0.7071
vn -0.6123 -0.5001 0.6123
vn -0.3528 -0.8666 0.3528
vn 0.0019 -1.0000 -0.0019
vn 0.3557 -0.8642 -0.3557
vn 0.6133 -0.4978 -0.6133
vn 0.6088 -0.0000 -0.7934
vn 0.5280 0.4978 -0.6881
vn 0.3063 0.8642 -0.3991
vn 0.0017 1.0000 -0.0022
vn -0.3038 0.8666 0.3959
vn -0.5272 0.5001 0.6870
vn -0.6088 -0.0000 0.7934
vn -0.5272 -0.5001 0.6870
vn -0.3038 -0.8666 0.3959
vn 0.0017 -1.0000 -0.0022
vn 0.3063 -0.8642 -0.3991
vn 0.5280 -0.4978 -0.6881
vn 0.5000 -0.0000 -0.8660
vn 0.4337 0.4978 -0.7511
vn 0.2515 0.8642 -0.4357
vn 0.0014 1.0000 -0.0024
vn -0.2495 0.8666 0.4321
vn -0.4330 0.5001 0.7499
vn -0.5000 -0.0000 0.8660
vn -0.4330 -0.5001 0.7499
vn -0.2495 -0.8666 0.4321
vn 0.0014 -1.0000 -0.0024
vn 0.2515 -0.8642 -0.4357
vn 0.4337 -0.4978 -0.7511
vn 0.3827 -0.0000 -0.9239
vn 0.3319 0.4978 -0.8013
vn 0.1925 0.8642 -0.4648
vn 0.0010 1.0000 -0.0025
vn -0.1910 0.8666 0.4610
vn -0.3314 0.5001 0.8000
vn -0.3827 -0.0000 0.9239
vn -0.3314 -0.5001 0.8000
vn -0.1909 -0.8666 0.4610
vn 0.0010 -1.0000 -0.0025
vn 0.1925 -0.8642 -0.4648
vn 0.3319 -0.4978 -0.8013
vn 0.2588 -0.0000 -0.9659
vn 0.2245 0.4978 -0.8377
vn 0.1302 0.8642 -0.4859
vn 0.0007 1.0000 -0.0026
vn -0.1291 0.8666 0.4820
vn -0.2241 0.5001 0.8364
vn -0.2588 -0.0000 0.9659
vn -0.2241 -0.5001 0.8364
vn -0.1291 -0.8666 0.4820
vn 0.0007 -1.0000 -0.0026
vn 0.1302 -0.8642 -0.4859
vn 0.2245 -0.4978 -0.8377
vn 0.1305 -0.0000 -0.9914
vn 0.1132 0.4978 -0.8599
vn 0.0657 0.8642 -0.4988
vn 0.0004 1.0000 -0.0027
vn -0.0651 0.8666 0.4947
vn -0.1130 0.5001 0.8585
vn -0.1305 -0.0000 0.9914
vn -0.1130 -0.5001 0.8585
vn -0.0651 -0.8666 0.4947
vn 0.0004 -1.0000 -0.0027
vn 0.0657 -0.8642 -0.4988
vn 0.1132 -0.4978 -0.8599
vn -0.0000 0.4978 -0.8673
vn -0.0000 0.8642 -0.5031
vn -0.0000 1.0000 -0.0027
vn -0.0000 0.8666 0.4990
vn -0.0000 0.5001 0.8659
vn -0.0000 -0.5001 0.8659
vn -0.0000 -0.8666 0.4990
vn -0.0000 -1.0000 -0.0027
vn -0.0000 -0.8642 -0.5031
vn -0.0000 -0.4978 -0.8673
vn -0.1305 -0.0000 -0.9914
vn -0.1132 0.4978 -0.8599
vn -0.0657 0.8642 -0.4988
vn -0.0004 1.0000 -0.0027
vn 0.0651 0.8666 0.4947
vn 0.1130 0.5001 0.8585
vn 0.1305 -0.0000 0.9914
vn 0.1130 -0.5001 0.8585
vn 0.0651 -0.8666 0.4947
vn -0.0004 -1.0000 -0.0027
vn -0.0657 -0.8642 -0.4988
vn -0.1132 -0.4978 -0.8599
vn -0.2588 -0.0000 -0.9659
vn -0.2245 0.4978 -0.8377
vn -0.1302 0.8642 -0.4859
vn -0.0007 1.0000 -0.0026
vn 0.1291 0.8666 0.4820
vn 0.2241 0.5001 0.8364
vn 0.2588 -0.0000 0.9659
vn 0.2241 -0.5001 0.8364
vn 0.1291 -0.8666 0.4820
vn -0.0007 -1.0000 -0.0026
vn -0.1302 -0.8642 -0.4859
vn -0.2245 -0.4978 -0.8377
vn -0.3827 -0.0000 -0.9239
vn -0.3319 0.4978 -0.8013
vn -0.1925 0.8642 -0.4648
vn -0.0011 1.0000 -0.0025
vn 0.1910 0.8666 0.4610
vn 0.3314 0.5001 0.8000
vn 0.3827 -0.0000 0.9239
vn 0.3314 -0.5001 0.8000
vn 0.1910 -0.8666 0.4610
vn -0.0011 -1.0000 -0.0025
vn -0.1925 -0.8642 -0.4648
vn -0.3319 -0.4978 -0.8013
vn -0.5000 -0.0000 -0.8660
vn -0.4337 0.4978 -0.7511
vn -0.2515 0.8642 -0.4357
vn -0.0014 1.0000 -0.0024
vn 0.2495 0.8666 0.4321
vn 0.4330 0.5002 0.7499
vn 0.5000 -0.0000 0.8660
vn 0.4330 -0.5001 0.7499
vn 0.2495 -0.8666 0.4321
vn -0.0014 -1.0000 -0.0024
vn -0.2515 -0.8642 -0.4357
vn -0.4337 -0.4978 -0.7511
vn -0.6088 -0.0000 -0.7934
vn -0.5280 0.4978 -0.6881
vn -0.3063 0.8642 -0.3991
vn -0.0017 1.0000 -0.0022
vn 0.3038 0.8666 0.3959
vn 0.5271 0.5002 0.6870
vn 0.6088 -0.0000 0.7934
vn 0.5272 -0.5001 0.6870
vn 0.3038 -0.8666 0.3959
vn -0.0017 -1.0000 -0.0022
vn -0.3063 -0.8642 -0.3991
vn -0.5280 -0.4978 -0.6881
vn -0.7071 -0.0000 -0.7071
vn -0.6133 0.4978 -0.6133
vn -0.3557 0.8642 -0.3557
vn -0.0019 1.0000 -0.0019
vn 0.3528 0.8666 0.3528
vn 0.6123 0.5002 0.6123
vn 0.7071 -0.0000 0.7071
vn 0.6123 -0.5001 0.6123
vn 0.3528 -0.8666 0.3528
vn -0.0019 -1.0000 -0.0019
vn -0.3557 -0.8642 -0.3557
vn -0.6133 -0.4978 -0.6133
vn -0.7934 -0.0000 -0.6088
vn -0.6881 0.4978 -0.5280
vn -0.3991 0.8642 -0.3063
vn -0.0022 1.0000 -0.0017
vn 0.3959 0.8666 0.3038
vn 0.6870 0.5002 0.5272
vn 0.7934 -0.0000 0.6088
vn 0.6870 -0.5001 0.5272
vn 0.3959 -0.8666 0.3038
vn -0.0022 -1.0000 -0.0017
vn -0.3991 -0.8642 -0.3063
vn -0.6881 -0.4978 -0.5280
vn -0.8660 -0.0000 -0.5000
vn -0.7511 0.4978 -0.4336
vn -0.4357 0.8642 -0.2515
vn -0.0024 1.0000 -0.0014
vn 0.4321 0.8666 0.2495
vn 0.7499 0.5001 0.4330
vn 0.8660 -0.0000 0.5000
vn 0.7499 -0.5001 0.4330
vn 0.4321 -0.8666 0.2495
vn -0.0024 -1.0000 -0.0014
vn -0.4357 -0.8642 -0.2515
vn -0.7511 -0.4978 -0.4336
vn -0.9239 -0.0000 -0.3827
vn -0.8013 0.4978 -0.3319
vn -0.4648 0.8642 -0.1925
vn -0.0025 1.0000 -0.0010
vn 0.4610 0.8666 0.1910
vn 0.8000 0.5001 0.3314
vn 0.9239 -0.0000 0.3827
vn 0.8000 -0.5001 0.3314
vn 0.4610 -0.8666 0.1910
vn -0.0025 -1.0000 -0.0010
vn -0.4648 -0.8642 -0.1925
vn -0.8013 -0.4978 -0.3319
vn -0.9659 -0.0000 -0.2588
vn -0.8377 0.4978 -0.2245
vn -0.4859 0.8642 -0.1302
vn -0.0027 1.0000 -0.0007
vn 0.4820 0.8666 0.1291
vn 0.8364 0.5001 0.2241
vn 0.9659 -0.0000 0.2588
vn 0.8364 -0.5001 0.2241
vn 0.4820 -0.8666 0.1291
vn -0.0026 -1.0000 -0.0007
vn -0.4859 -0.8642 -0.1302
vn -0.8377 -0.4978 -0.2245
vn -0.9914 -0.0000 -0.1305
vn -0.8599 0.4978 -0.1132
vn -0.4988 0.8642 -0.0657
vn -0.0027 1.0000 -0.0004
vn 0.4947 0.8666 0.0651
vn 0.8585 0.5001 0.1130
vn 0.9914 -0.0000 0.1305
vn 0.8585 -0.5001 0.1130
vn 0.4947 -0.8666 0.0651
vn -0.0027 -1.0000 -0.0004
vn -0.4988 -0.8642 -0.0657
vn -0.8599 -0.4978 -0.1132
vn -0.8673 0.4978 -0.0000
vn -0.5031 0.8642 -0.0000
vn -0.0027 1.0000 -0.0000
vn 0.4990 0.8666 -0.0000
vn 0.8659 0.5001 -0.0000
vn 0.8659 -0.5001 -0.0000
vn 0.4990 -0.8666 -0.0000
vn -0.0027 -1.0000 -0.0000
vn -0.5031 -0.8642 -0.0000
vn -0.8673 -0.4978 -0.0000
vn -0.8599 0.4978 0.1132
vn -0.4988 0.8642 0.0657
vn -0.0027 1.0000 0.0004
vn 0.4947 0.8666 -0.0651
vn 0.8585 0.5001 -0.1130
vn 0.8585 -0.5001 -0.1130
vn 0.4947 -0.8666 -0.0651
vn -0.0027 -1.0000 0.0004
vn -0.4988 -0.8642 0.0657
vn -0.8599 -0.4978 0.1132
vn -0.8377 0.4978 0.2245
vn -0.4859 0.8642 0.1302
vn -0.0027 1.0000 0.0007
vn 0.4820 0.8666 -0.1291
vn 0.8364 0.5001 -0.2241
vn 0.8364 -0.5001 -0.2241
vn 0.4820 -0.8666 -0.1291
vn -0.0026 -1.0000 0.0007
vn -0.4859 -0.8642 0.1302
vn -0.8377 -0.4978 0.2245
vn -0.8013 0.4978 0.3319
vn -0.4648 0.8642 0.1925
vn -0.0025 1.0000 0.0010
vn 0.4610 0.8666 -0.1910
vn 0.8000 0.5001 -0.3314
vn 0.8000 -0.5001 -0.3314
vn 0.4610 -0.8666 -0.1910
vn -0.0025 -1.0000 0.0010
vn -0.4648 -0.8642 0.1925
vn -0.8013 -0.4978 0.3319
vn -0.7511 0.4978 0.4336
vn -0.4357 0.8642 0.2515
vn -0.0024 1.0000 0.0014
vn 0.4321 0.8666 -0.2495
vn 0.7499 0.5002 -0.4330
vn 0.7499 -0.5001 -0.4330
vn 0.4321 -0.8666 -0.2495
vn -0.0024 -1.0000 0.0014
vn -0.4357 -0.8642 0.2515
vn -0.7511 -0.4978 0.4336
vn -0.6881 0.4978 0.5280
vn -0.3991 0.8642 0.3063
vn -0.0022 1.0000 0.0017
vn 0.3959 0.8666 -0.3038
vn 0.6870 0.5002 -0.5272
vn 0.6870 -0.5001 -0.5272
vn 0.3959 -0.8666 -0.3038
vn -0.0022 -1.0000 0.0017
vn -0.3991 -0.8642 0.3063
vn -0.6881 -0.4978 0.5280
vn -0.6133 0.4978 0.6133
vn -0.3557 0.8642 0.3557
vn -0.0019 1.0000 0.0019
vn 0.3528 0.8666 -0.3528
vn 0.6123 0.5001 -0.6123
vn 0.6123 -0.5001 -0.6123
vn 0.3528 -0.8666 -0.3528
vn -0.0019 -1.0000 0.0019
vn -0.3557 -0.8642 0.3557
vn -0.6133 -0.4978 0.6133
vn -0.5280 0.4978 0.6881
vn -0.3063 0.8642 0.3991
vn -0.0017 1.0000 0.0022
vn 0.3038 0.8666 -0.3959
vn 0.5272 0.5001 -0.6870
vn 0.5272 -0.5001 -0.6870
vn 0.3038 -0.8666 -0.3959
vn -0.0017 -1.0000 0.0022
vn -0.3063 -0.8642 0.3991
vn -0.5280 -0.4978 0.6881
vn -0.4337 0.4978 0.7511
vn -0.2515 0.8642 0.4357
vn -0.0014 1.0000 0.0024
vn 0.2495 0.8666 -0.4321
vn 0.4330 0.5002 -0.7499
vn 0.4330 -0.5001 -0.7499
vn 0.2495 -0.8666 -0.4321
vn -0.0014 -1.0000 0.0024
vn -0.2515 -0.8642 0.4357
vn -0.4337 -0.4978 0.7511
vn -0.3319 0.4978 0.8013
vn -0.1925 0.8642 0.4648
vn -0.0010 1.0000 0.0025
vn 0.1910 0.8666 -0.4610
vn 0.3314 0.5001 -0.8000
vn 0.3314 -0.5001 -0.8000
vn 0.1909 -0.8666 -0.4610
vn -0.0010 -1.0000 0.0025
vn -0.1925 -0.8642 0.4648
vn -0.3319 -0.4978 0.8013
vn -0.2245 0.4978 0.8377
vn -0.1302 0.8642 0.4859
vn -0.0007 1.0000 0.0026
vn 0.1291 0.8666 -0.4820
vn 0.2241 0.5001 -0.8364
vn 0.2241 -0.5001 -0.8364
vn 0.1291 -0.8666 -0.4820
vn -0.0007 -1.0000 0.0026
vn -0.1302 -0.8642 0.4859
vn -0.2245 -0.4978 0.8377
vn -0.1132 0.4978 0.8599
vn -0.0657 0.8642 0.4988
vn -0.0004 1.0000 0.0027
vn 0.0651 0.8666 -0.4947
vn 0.1130 0.5001 -0.8585
vn 0.1130 -0.5001 -0.8585
vn 0.0651 -0.8666 -0.4947
vn -0.0004 -1.0000 0.0027
vn -0.0657 -0.8642 0.4988
vn -0.1132 -0.4978 0.8599
vn -0.0000 0.4978 0.8673
vn -0.0000 0.8642 0.5031
vn -0.0000 1.0000 0.0027
vn -0.0000 0.8666 -0.4990
vn -0.0000 0.5001 -0.8659
vn -0.0000 -0.5001 -0.8659
vn -0.0000 -0.8666 -0.4990
vn -0.0000 -1.0000 0.0027
vn -0.0000 -0.8642 0.5031
vn -0.0000 -0.4978 0.8673
vn 0.1132 0.4978 0.8599
vn 0.0657 0.8642 0.4988
vn 0.0004 1.0000 0.0027
vn -0.0651 0.8666 -0.4947
vn -0.1130 0.5001 -0.8585
vn -0.1130 -0.5001 -0.8585
vn -0.0651 -0.8666 -0.4947
vn 0.0004 -1.0000 0.0027
vn 0.0657 -0.8642 0.4988
vn 0.1132 -0.4978 0.8599
vn 0.2245 0.4978 0.8377
vn 0.1302 0.8642 0.4859
vn 0.0007 1.0000 0.0026
vn -0.1291 0.8666 -0.4820
vn -0.2241 0.5001 -0.8364
vn -0.2241 -0.5001 -0.8364
vn -0.1291 -0.8666 -0.4820
vn 0.0007 -1.0000 0.0026
vn 0.1302 -0.8642 0.4859
vn 0.2245 -0.4978 0.8377
vn 0.3319 0.4978 0.8013
vn 0.1925 0.8642 0.4648
vn 0.0010 1.0000 0.0025
vn -0.1910 0.8666 -0.4610
vn -0.3314 0.5002 -0.8000
vn -0.3314 -0.5001 -0.8000
vn -0.1910 -0.8666 -0.4610
vn 0.0011 -1.0000 0.0025
vn 0.1925 -0.8642 0.4648
vn 0.3319 -0.4978 0.8013
vn 0.4336 0.4978 0.7511
vn 0.2515 0.8642 0.4357
vn 0.0014 1.0000 0.0024
vn -0.2495 0.8666 -0.4321
vn -0.4330 0.5001 -0.7499
vn -0.4330 -0.5001 -0.7499
vn -0.2495 -0.8666 -0.4321
vn 0.0014 -1.0000 0.0024
vn 0.2515 -0.8642 0.4357
vn 0.4336 -0.4978 0.7511
vn 0.5280 0.4978 0.6881
vn 0.3063 0.8642 0.3991
vn 0.0017 1.0000 0.0022
vn -0.3038 0.8666 -0.3959
vn -0.5271 0.5001 -0.6870
vn -0.5272 -0.5001 -0.6870
vn -0.3038 -0.8666 -0.3959
vn 0.0017 -1.0000 0.0022
vn 0.3063 -0.8642 0.3991
vn 0.5280 -0.4978 0.6881
vn 0.6133 0.4978 0.6133
vn 0.3557 0.8642 0.3557
vn 0.0019 1.0000 0.0019
vn -0.3528 0.8666 -0.3528
vn -0.6123 0.5001 -0.6123
vn -0.6123 -0.5001 -0.6123
vn -0.3528 -0.8666 -0.3528
vn 0.0019 -1.0000 0.0019
vn 0.3557 -0.8642 0.3557
vn 0.6133 -0.4978 0.6133
vn 0.6881 0.4978 0.5280
vn 0.3991 0.8642 0.3063
vn 0.0022 1.0000 0.0017
vn -0.3959 0.8666 -0.3038
vn -0.6870 0.5002 -0.5272
vn -0.6870 -0.5001 -0.5272
vn -0.3959 -0.8666 -0.3038
vn 0.0022 -1.0000 0.0017
vn 0.3991 -0.8642 0.3063
vn 0.6881 -0.4978 0.5280
vn 0.7511 0.4978 0.4337
vn 0.4357 0.8642 0.2515
vn 0.0024 1.0000 0.0014
vn -0.4321 0.8666 -0.2495
vn -0.7499 0.5001 -0.4330
vn -0.7499 -0.5001 -0.4330
vn -0.4321 -0.8666 -0.2495
vn 0.0024 -1.0000 0.0014
vn 0.4357 -0.8642 0.2515
vn 0.7511 -0.4978 0.4336
vn 0.8013 0.4978 0.3319
vn 0.4648 0.8642 0.1925
vn 0.0025 1.0000 0.0010
vn -0.4610 0.8666 -0.1910
vn -0.8000 0.5002 -0.3314
vn -0.8000 -0.5001 -0.3314
vn -0.4610 -0.8666 -0.1910
vn 0.0025 -1.0000 0.0010
vn 0.4648 -0.8642 0.1925
vn 0.8013 -0.4978 0.3319
vn 0.8377 0.4978 0.2245
vn 0.4859 0.8642 0.1302
vn 0.0026 1.0000 0.0007
vn -0.4820 0.8666 -0.1291
vn -0.8364 0.5001 -0.2241
vn -0.8364 -0.5001 -0.2241
vn -0.4820 -0.8666 -0.1291
vn 0.0026 -1.0000 0.0007
vn 0.4859 -0.8642 0.1302
vn 0.8377 -0.4978 0.2245
vn 0.8599 0.4978 0.1132
vn 0.4988 0.8642 0.0657
vn 0.0027 1.0000 0.0004
vn -0.4947 0.8666 -0.0651
vn -0.8585 0.5001 -0.1130
vn -0.8585 -0.5001 -0.1130
vn -0.4947 -0.8666 -0.0651
vn 0.0027 -1.0000 0.0004
vn 0.4988 -0.8642 0.0657
vn 0.8599 -0.4978 0.1132
vn -0.8659 0.5002 -0.0000
vn -0.8659 -0.5002 -0.0000
vn -0.8585 0.5002 0.1130
vn -0.8585 -0.5002 0.1130
vn 0.0026 1.0000 -0.0007
vn -0.8364 0.5002 0.2241
vn -0.8364 -0.5002 0.2241
vn -0.8000 0.5002 0.3314
vn -0.8000 -0.5002 0.3314
vn -0.7499 0.5002 0.4330
vn -0.7499 -0.5002 0.4330
vn 0.7511 -0.4978 -0.4337
vn -0.6870 0.5002 0.5271
vn -0.6870 -0.5002 0.5271
vn -0.6123 0.5002 0.6123
vn -0.6123 -0.5002 0.6123
vn -0.5272 0.5002 0.6870
vn -0.5271 -0.5002 0.6870
vn 0.4336 0.4978 -0.7511
vn -0.4330 0.5002 0.7499
vn -0.4330 -0.5002 0.7499
vn 0.4336 -0.4978 -0.7511
vn -0.3314 0.5002 0.8000
vn -0.3314 -0.5002 0.8000
vn -0.1910 -0.8666 0.4610
vn 0.0011 -1.0000 -0.0025
vn -0.2241 0.5002 0.8364
vn -0.2241 -0.5002 0.8364
vn -0.1130 0.5002 0.8585
vn -0.0000 0.5002 0.8659
vn -0.0000 -0.5002 0.8659
vn 0.1130 0.5002 0.8585
vn 0.1130 -0.5002 0.8585
vn 0.2241 0.5002 0.8364
vn 0.2241 -0.5002 0.8364
vn -0.0010 1.0000 -0.0025
vn 0.3314 0.5002 0.8000
vn -0.0010 -1.0000 -0.0025
vn -0.4336 0.4978 -0.7511
vn 0.4330 -0.5002 0.7499
vn 0.5271 -0.5002 0.6870
vn 0.6870 0.5002 0.5271
vn 0.6870 -0.5002 0.5272
vn 0.7499 0.5002 0.4330
vn 0.7499 -0.5002 0.4330
vn -0.7511 -0.4978 -0.4337
vn 0.8000 0.5002 0.3314
vn 0.8000 -0.5002 0.3314
vn -0.0026 1.0000 -0.0007
vn 0.8364 0.5002 0.2241
vn 0.8364 -0.5002 0.2241
vn -0.0027 -1.0000 -0.0007
vn 0.8585 0.5002 0.1130
vn 0.8585 -0.5002 0.1130
vn -0.0026 1.0000 0.0007
vn 0.8364 0.5002 -0.2241
vn 0.8364 -0.5002 -0.2241
vn 0.8000 0.5002 -0.3314
vn 0.8000 -0.5002 -0.3314
vn -0.7511 0.4978 0.4337
vn 0.7499 -0.5002 -0.4330
vn -0.7511 -0.4978 0.4337
vn 0.6870 0.5002 -0.5271
vn 0.6870 -0.5002 -0.5272
vn 0.6123 0.5002 -0.6123
vn 0.6123 -0.5002 -0.6123
vn 0.5272 0.5002 -0.6870
vn 0.5271 -0.5002 -0.6870
vn 0.4330 -0.5002 -0.7499
vn -0.4336 -0.4978 0.7511
vn 0.3314 0.5002 -0.8000
vn 0.3314 -0.5002 -0.8000
vn 0.1910 -0.8666 -0.4610
vn 0.2241 0.5002 -0.8364
vn 0.2241 -0.5002 -0.8364
vn 0.1130 0.5002 -0.8585
vn 0.1130 -0.5002 -0.8585
vn -0.0000 0.5002 -0.8659
vn -0.0000 -0.5002 -0.8659
vn -0.1130 0.5002 -0.8585
vn -0.1130 -0.5002 -0.8585
vn -0.2241 0.5002 -0.8364
vn 0.0010 -1.0000 0.0025
vn 0.4337 0.4978 0.7511
vn -0.4330 0.5002 -0.7499
vn -0.5271 0.5002 -0.6870
vn -0.5271 -0.5002 -0.6870
vn -0.6123 0.5002 -0.6123
vn -0.6123 -0.5002 -0.6123
vn -0.6870 0.5002 -0.5271
vn -0.6870 -0.5002 -0.5272
vn 0.7511 0.4978 0.4336
vn -0.7499 0.5002 -0.4330
vn -0.7499 -0.5002 -0.4330
vn -0.8000 -0.5002 -0.3314
vn -0.8364 0.5002 -0.2241
vn -0.8364 -0.5002 -0.2241
vn -0.8585 0.5002 -0.1130
vn 0.1373 -0.4790 -0.8670
vn 0.1373 0.4790 -0.8670
vn 0.3985 -0.4790 -0.7821
vn 0.3985 0.4790 -0.7821
vn 0.6207 -0.4790 -0.6207
vn 0.6207 0.4790 -0.6207
vn 0.7821 -0.4790 -0.3985
vn 0.7821 0.4790 -0.3985
vn 0.8670 -0.4790 -0.1373
vn 0.8670 0.4790 -0.1373
vn 0.8670 -0.4790 0.1373
vn 0.8670 0.4790 0.1373
vn 0.7821 -0.4790 0.3985
vn 0.7821 0.4790 0.3985
vn 0.6207 -0.4790 0.6207
vn 0.6207 0.4790 0.6207
vn 0.3985 -0.4790 0.7821
vn 0.3985 0.4790 0.7821
vn 0.1373 -0.4790 0.8670
vn 0.1373 0.4790 0.8670
vn -0.1373 -0.4790 0.8670
vn -0.1373 0.4790 0.8670
vn -0.3985 -0.4790 0.7821
vn -0.3985 0.4790 0.7821
vn -0.6207 -0.4790 0.6207
vn -0.6207 0.4790 0.6207
vn -0.7821 -0.4790 0.3985
vn -0.7821 0.4790 0.3985
vn -0.8670 -0.4790 0.1373
vn -0.8670 0.4790 0.1373
vn -0.8670 -0.4790 -0.1373
vn -0.8670 0.4790 -0.1373
vn -0.7821 -0.4790 -0.3985
vn -0.7821 0.4790 -0.3985
vn -0.6207 -0.4790 -0.6207
vn -0.6207 0.4790 -0.6207
vn -0.3985 -0.4790 -0.7821
vn -0.3985 0.4790 -0.7821
vn -0.1373 -0.4790 -0.8670
vn -0.1373 0.4790 -0.8670
vn -0.0000 0.9897 -0.1434
vn -0.0000 0.9168 -0.3993
vn 0.1234 0.9168 -0.3798
vn 0.1907 0.7869 -0.5868
vn 0.2470 0.6009 -0.7602
vn 0.2863 0.3763 -0.8812
vn 0.3065 0.1280 -0.9432
vn 0.3065 -0.1280 -0.9432
vn 0.2863 -0.3763 -0.8812
vn 0.2470 -0.6009 -0.7602
vn 0.1907 -0.7869 -0.5868
vn 0.1234 -0.9168 -0.3798
vn 0.0798 0.8602 -0.5037
vn 0.0449 0.9579 -0.2837
vn 0.1564 -0.0000 -0.9877
vn 0.0798 -0.8602 -0.5037
vn 0.2347 0.9168 -0.3231
vn 0.3627 0.7869 -0.4992
vn 0.4698 0.6009 -0.6466
vn 0.5446 0.3763 -0.7496
vn 0.5829 0.1280 -0.8024
vn 0.5829 -0.1280 -0.8024
vn 0.5446 -0.3763 -0.7496
vn 0.4698 -0.6009 -0.6466
vn 0.3627 -0.7869 -0.4992
vn 0.2347 -0.9168 -0.3231
vn 0.2315 -0.8602 -0.4544
vn 0.3244 -0.6997 -0.6366
vn 0.4391 -0.2541 -0.8618
vn 0.4540 -0.0000 -0.8910
vn 0.3951 0.4925 -0.7755
vn 0.3244 0.6997 -0.6366
vn 0.1304 -0.9579 -0.2559
vn 0.1304 0.9579 -0.2559
vn 0.3951 -0.4925 -0.7755
vn 0.4391 0.2541 -0.8618
vn 0.2315 0.8602 -0.4544
vn 0.3231 0.9168 -0.2347
vn 0.4992 0.7869 -0.3627
vn 0.6466 0.6009 -0.4698
vn 0.7496 0.3763 -0.5446
vn 0.8024 0.1280 -0.5829
vn 0.8024 -0.1280 -0.5829
vn 0.7496 -0.3763 -0.5446
vn 0.6466 -0.6009 -0.4698
vn 0.4992 -0.7869 -0.3627
vn 0.3231 -0.9168 -0.2347
vn 0.3606 0.8602 -0.3606
vn 0.2031 0.9579 -0.2031
vn 0.5052 -0.6997 -0.5052
vn 0.6154 -0.4925 -0.6154
vn 0.6839 0.2541 -0.6839
vn 0.5052 0.6997 -0.5052
vn 0.3606 -0.8602 -0.3606
vn 0.6839 -0.2541 -0.6839
vn 0.6154 0.4925 -0.6154
vn 0.2031 -0.9579 -0.2031
vn 0.3798 0.9168 -0.1234
vn 0.5868 0.7869 -0.1907
vn 0.7602 0.6009 -0.2470
vn 0.8812 0.3763 -0.2863
vn 0.9432 0.1280 -0.3065
vn 0.9432 -0.1280 -0.3065
vn 0.8812 -0.3763 -0.2863
vn 0.7602 -0.6009 -0.2470
vn 0.5868 -0.7869 -0.1907
vn 0.3798 -0.9168 -0.1234
vn 0.2559 -0.9579 -0.1304
vn 0.4544 -0.8602 -0.2315
vn 0.2559 0.9579 -0.1304
vn 0.7755 -0.4925 -0.3951
vn 0.8618 -0.2541 -0.4391
vn 0.8618 0.2541 -0.4391
vn 0.7755 0.4925 -0.3951
vn 0.4544 0.8602 -0.2315
vn 0.6366 -0.6997 -0.3244
vn 0.8910 -0.0000 -0.4540
vn 0.6366 0.6997 -0.3244
vn 0.3993 0.9168 -0.0000
vn 0.6170 0.7869 -0.0000
vn 0.7993 0.6009 -0.0000
vn 0.9265 0.3763 -0.0000
vn 0.9918 0.1280 -0.0000
vn 0.9918 -0.1280 -0.0000
vn 0.9265 -0.3763 -0.0000
vn 0.7993 -0.6009 -0.0000
vn 0.6170 -0.7869 -0.0000
vn 0.3993 -0.9168 -0.0000
vn 0.7057 0.6997 -0.1118
vn 0.5037 0.8602 -0.0798
vn 0.5037 -0.8602 -0.0798
vn 0.7057 -0.6997 -0.1118
vn 0.9553 -0.2541 -0.1513
vn 0.9877 -0.0000 -0.1564
vn 0.8596 0.4925 -0.1361
vn 0.2837 -0.9579 -0.0449
vn 0.2837 0.9579 -0.0449
vn 0.8596 -0.4925 -0.1361
vn 0.9553 0.2541 -0.1513
vn 0.3798 0.9168 0.1234
vn 0.5868 0.7869 0.1907
vn 0.7602 0.6009 0.2470
vn 0.8812 0.3763 0.2863
vn 0.9432 0.1280 0.3065
vn 0.9432 -0.1280 0.3065
vn 0.8812 -0.3763 0.2863
vn 0.7602 -0.6009 0.2470
vn 0.5868 -0.7869 0.1907
vn 0.3798 -0.9168 0.1234
vn 0.2837 -0.9579 0.0449
vn 0.5037 0.8602 0.0798
vn 0.2837 0.9579 0.0449
vn 0.7057 -0.6997 0.1118
vn 0.8596 -0.4925 0.1361
vn 0.9877 -0.0000 0.1564
vn 0.9553 0.2541 0.1513
vn 0.7057 0.6997 0.1118
vn 0.5037 -0.8602 0.0798
vn 0.9553 -0.2541 0.1513
vn 0.8596 0.4925 0.1361
vn 0.3231 0.9168 0.2347
vn 0.4992 0.7869 0.3627
vn 0.6466 0.6009 0.4698
vn 0.7496 0.3763 0.5446
vn 0.8024 0.1280 0.5829
vn 0.8024 -0.1280 0.5829
vn 0.7496 -0.3763 0.5446
vn 0.6466 -0.6009 0.4698
vn 0.4992 -0.7869 0.3627
vn 0.3231 -0.9168 0.2347
vn 0.7755 0.4925 0.3951
vn 0.6366 0.6997 0.3244
vn 0.2559 -0.9579 0.1304
vn 0.4544 -0.8602 0.2315
vn 0.2559 0.9579 0.1304
vn 0.7755 -0.4925 0.3951
vn 0.8618 -0.2541 0.4391
vn 0.8618 0.2541 0.4391
vn 0.4544 0.8602 0.2315
vn 0.6366 -0.6997 0.3244
vn 0.8910 -0.0000 0.4540
vn 0.2347 0.9168 0.3231
vn 0.3627 0.7869 0.4992
vn 0.4698 0.6009 0.6466
vn 0.5446 0.3763 0.7496
vn 0.5829 0.1280 0.8024
vn 0.5829 -0.1280 0.8024
vn 0.5446 -0.3763 0.7496
vn 0.4698 -0.6009 0.6466
vn 0.3627 -0.7869 0.4992
vn 0.2347 -0.9168 0.3231
vn 0.5052 0.6997 0.5052
vn 0.3606 0.8602 0.3606
vn 0.3606 -0.8602 0.3606
vn 0.5052 -0.6997 0.5052
vn 0.6839 -0.2541 0.6839
vn 0.6154 0.4925 0.6154
vn 0.2031 -0.9579 0.2031
vn 0.2031 0.9579 0.2031
vn 0.6154 -0.4925 0.6154
vn 0.6839 0.2541 0.6839
vn 0.1234 0.9168 0.3798
vn 0.1907 0.7869 0.5868
vn 0.2470 0.6009 0.7602
vn 0.2863 0.3763 0.8812
vn 0.3065 0.1280 0.9432
vn 0.3065 -0.1280 0.9432
vn 0.2863 -0.3763 0.8812
vn 0.2470 -0.6009 0.7602
vn 0.1907 -0.7869 0.5868
vn 0.1234 -0.9168 0.3798
vn 0.4391 0.2541 0.8618
vn 0.3951 0.4925 0.7755
vn 0.1304 -0.9579 0.2559
vn 0.2315 0.8602 0.4544
vn 0.1304 0.9579 0.2559
vn 0.3244 -0.6997 0.6366
vn 0.3951 -0.4925 0.7755
vn 0.4540 -0.0000 0.8910
vn 0.3244 0.6997 0.6366
vn 0.2315 -0.8602 0.4544
vn 0.4391 -0.2541 0.8618
vn -0.0000 0.9168 0.3993
vn -0.0000 0.7869 0.6170
vn -0.0000 0.6009 0.7993
vn -0.0000 0.3763 0.9265
vn -0.0000 0.1280 0.9918
vn -0.0000 -0.1280 0.9918
vn -0.0000 -0.3763 0.9265
vn -0.0000 -0.6009 0.7993
vn -0.0000 -0.7869 0.6170
vn -0.0000 -0.9168 0.3993
vn 0.1361 0.4925 0.8596
vn 0.1118 0.6997 0.7057
vn 0.0449 -0.9579 0.2837
vn 0.0798 -0.8602 0.5037
vn 0.0449 0.9579 0.2837
vn 0.1361 -0.4925 0.8596
vn 0.1513 -0.2541 0.9553
vn 0.1513 0.2541 0.9553
vn 0.0798 0.8602 0.5037
vn 0.1118 -0.6997 0.7057
vn 0.1564 -0.0000 0.9877
vn -0.1234 0.9168 0.3798
vn -0.1907 0.7869 0.5868
vn -0.2470 0.6009 0.7602
vn -0.2863 0.3763 0.8812
vn -0.3065 0.1280 0.9432
vn -0.3065 -0.1280 0.9432
vn -0.2863 -0.3763 0.8812
vn -0.2470 -0.6009 0.7602
vn -0.1907 -0.7869 0.5868
vn -0.1234 -0.9168 0.3798
vn -0.1564 -0.0000 0.9877
vn -0.1513 0.2541 0.9553
vn -0.1118 0.6997 0.7057
vn -0.0798 0.8602 0.5037
vn -0.0798 -0.8602 0.5037
vn -0.1118 -0.6997 0.7057
vn -0.1513 -0.2541 0.9553
vn -0.1361 0.4925 0.8596
vn -0.0449 -0.9579 0.2837
vn -0.0449 0.9579 0.2837
vn -0.1361 -0.4925 0.8596
vn -0.2347 0.9168 0.3231
vn -0.3627 0.7869 0.4992
vn -0.4698 0.6009 0.6466
vn -0.5446 0.3763 0.7496
vn -0.5829 0.1280 0.8024
vn -0.5829 -0.1280 0.8024
vn -0.5446 -0.3763 0.7496
vn -0.4698 -0.6009 0.6466
vn -0.3627 -0.7869 0.4992
vn -0.2347 -0.9168 0.3231
vn -0.4391 0.2541 0.8618
vn -0.3951 0.4925 0.7755
vn -0.1304 -0.9579 0.2559
vn -0.2315 0.8602 0.4544
vn -0.1304 0.9579 0.2559
vn -0.3244 -0.6997 0.6366
vn -0.3951 -0.4925 0.7755
vn -0.4540 -0.0000 0.8910
vn -0.3244 0.6997 0.6366
vn -0.2315 -0.8602 0.4544
vn -0.4391 -0.2541 0.8618
vn -0.3231 0.9168 0.2347
vn -0.4992 0.7869 0.3627
vn -0.6466 0.6009 0.4698
vn -0.7496 0.3763 0.5446
vn -0.8024 0.1280 0.5829
vn -0.8024 -0.1280 0.5829
vn -0.7496 -0.3763 0.5446
vn -0.6466 -0.6009 0.4698
vn -0.4992 -0.7869 0.3627
vn -0.3231 -0.9168 0.2347
vn -0.6839 -0.2541 0.6839
vn -0.6154 0.4925 0.6154
vn -0.5052 0.6997 0.5052
vn -0.2031 -0.9579 0.2031
vn -0.3606 -0.8602 0.3606
vn -0.2031 0.9579 0.2031
vn -0.6154 -0.4925 0.6154
vn -0.6839 0.2541 0.6839
vn -0.3606 0.8602 0.3606
vn -0.5052 -0.6997 0.5052
vn -0.3798 0.9168 0.1234
vn -0.5868 0.7869 0.1907
vn -0.7602 0.6009 0.2470
vn -0.8812 0.3763 0.2863
vn -0.9432 0.1280 0.3065
vn -0.9432 -0.1280 0.3065
vn -0.8812 -0.3763 0.2863
vn -0.7602 -0.6009 0.2470
vn -0.5868 -0.7869 0.1907
vn -0.3798 -0.9168 0.1234
vn -0.8910 -0.0000 0.4540
vn -0.8618 0.2541 0.4391
vn -0.6366 0.6997 0.3244
vn -0.4544 0.8602 0.2315
vn -0.4544 -0.8602 0.2315
vn -0.6366 -0.6997 0.3244
vn -0.8618 -0.2541 0.4391
vn -0.7755 0.4925 0.3951
vn -0.2559 -0.9579 0.1304
vn -0.2559 0.9579 0.1304
vn -0.7755 -0.4925 0.3951
vn -0.3993 0.9168 -0.0000
vn -0.6170 0.7869 -0.0000
vn -0.7993 0.6009 -0.0000
vn -0.9265 0.3763 -0.0000
vn -0.9918 0.1280 -0.0000
vn -0.9918 -0.1280 -0.0000
vn -0.9265 -0.3763 -0.0000
vn -0.7993 -0.6009 -0.0000
vn -0.6170 -0.7869 -0.0000
vn -0.3993 -0.9168 -0.0000
vn -0.8596 -0.4925 0.1361
vn -0.9553 -0.2541 0.1513
vn -0.9553 0.2541 0.1513
vn -0.8596 0.4925 0.1361
vn -0.2837 -0.9579 0.0449
vn -0.5037 0.8602 0.0798
vn -0.2837 0.9579 0.0449
vn -0.7057 -0.6997 0.1118
vn -0.9877 -0.0000 0.1564
vn -0.7057 0.6997 0.1118
vn -0.5037 -0.8602 0.0798
vn -0.3798 0.9168 -0.1234
vn -0.5868 0.7869 -0.1907
vn -0.7602 0.6009 -0.2470
vn -0.8812 0.3763 -0.2863
vn -0.9432 0.1280 -0.3065
vn -0.9432 -0.1280 -0.3065
vn -0.8812 -0.3763 -0.2863
vn -0.7602 -0.6009 -0.2470
vn -0.5868 -0.7869 -0.1907
vn -0.3798 -0.9168 -0.1234
vn -0.9553 -0.2541 -0.1513
vn -0.9877 -0.0000 -0.1564
vn -0.8596 0.4925 -0.1361
vn -0.7057 0.6997 -0.1118
vn -0.2837 -0.9579 -0.0449
vn -0.5037 -0.8602 -0.0798
vn -0.2837 0.9579 -0.0449
vn -0.8596 -0.4925 -0.1361
vn -0.9553 0.2541 -0.1513
vn -0.5037 0.8602 -0.0798
vn -0.7057 -0.6997 -0.1118
vn -0.3231 0.9168 -0.2347
vn -0.4992 0.7869 -0.3627
vn -0.6466 0.6009 -0.4698
vn -0.7496 0.3763 -0.5446
vn -0.8024 0.1280 -0.5829
vn -0.8024 -0.1280 -0.5829
vn -0.7496 -0.3763 -0.5446
vn -0.6466 -0.6009 -0.4698
vn -0.4992 -0.7869 -0.3627
vn -0.3231 -0.9168 -0.2347
vn -0.6366 -0.6997 -0.3244
vn -0.7755 -0.4925 -0.3951
vn -0.8910 -0.0000 -0.4540
vn -0.8618 0.2541 -0.4391
vn -0.6366 0.6997 -0.3244
vn -0.4544 0.8602 -0.2315
vn -0.4544 -0.8602 -0.2315
vn -0.8618 -0.2541 -0.4391
vn -0.7755 0.4925 -0.3951
vn -0.2559 -0.9579 -0.1304
vn -0.2559 0.9579 -0.1304
vn -0.2347 0.9168 -0.3231
vn -0.3627 0.7869 -0.4992
vn -0.4698 0.6009 -0.6466
vn -0.5446 0.3763 -0.7496
vn -0.5829 0.1280 -0.8024
vn -0.5829 -0.1280 -0.8024
vn -0.5446 -0.3763 -0.7496
vn -0.4698 -0.6009 -0.6466
vn -0.3627 -0.7869 -0.4992
vn -0.2347 -0.9168 -0.3231
vn -0.2031 0.9579 -0.2031
vn -0.6154 -0.4925 -0.6154
vn -0.6839 -0.2541 -0.6839
vn -0.6839 0.2541 -0.6839
vn -0.6154 0.4925 -0.6154
vn -0.2031 -0.9579 -0.2031
vn -0.3606 0.8602 -0.3606
vn -0.5052 -0.6997 -0.5052
vn -0.5052 0.6997 -0.5052
vn -0.3606 -0.8602 -0.3606
vn -0.1234 0.9168 -0.3798
vn -0.1907 0.7869 -0.5868
vn -0.2470 0.6009 -0.7602
vn -0.2863 0.3763 -0.8812
vn -0.3065 0.1280 -0.9432
vn -0.3065 -0.1280 -0.9432
vn -0.2863 -0.3763 -0.8812
vn -0.2470 -0.6009 -0.7602
vn -0.1907 -0.7869 -0.5868
vn -0.1234 -0.9168 -0.3798
vn -0.2315 -0.8602 -0.4544
vn -0.3244 -0.6997 -0.6366
vn -0.4391 -0.2541 -0.8618
vn -0.4540 -0.0000 -0.8910
vn -0.3951 0.4925 -0.7755
vn -0.3244 0.6997 -0.6366
vn -0.1304 -0.9579 -0.2559
vn -0.1304 0.9579 -0.2559
vn -0.3951 -0.4925 -0.7755
vn -0.4391 0.2541 -0.8618
vn -0.2315 0.8602 -0.4544
vn -0.0000 0.6009 -0.7993
vn -0.0000 0.3763 -0.9265
vn -0.0000 -0.3763 -0.9265
vn -0.0000 -0.6009 -0.7993
vn -0.1118 -0.6997 -0.7057
vn -0.1361 -0.4925 -0.8596
vn -0.1513 0.2541 -0.9553
vn -0.1118 0.6997 -0.7057
vn -0.1513 -0.2541 -0.9553
vn -0.1361 0.4925 -0.8596
vn -0.0449 -0.9579 -0.2837
vn -0.0000 0.7869 -0.6170
vn -0.0000 0.1280 -0.9918
vn -0.0000 -0.1280 -0.9918
vn -0.0000 -0.7869 -0.6170
vn -0.0000 -0.9168 -0.3993
vn -0.0000 -0.9897 -0.1434
vn 0.0443 0.9897 -0.1364
vn 0.0443 -0.9897 -0.1364
vn 0.1513 0.2541 -0.9553
vn 0.1361 0.4925 -0.8596
vn 0.0449 -0.9579 -0.2837
vn 0.1118 -0.6997 -0.7057
vn 0.1361 -0.4925 -0.8596
vn 0.1118 0.6997 -0.7057
vn 0.1513 -0.2541 -0.9553
vn 0.0843 0.9897 -0.1160
vn 0.0843 -0.9897 -0.1160
vn 0.1160 0.9897 -0.0843
vn 0.1160 -0.9897 -0.0843
vn 0.1364 0.9897 -0.0443
vn 0.1364 -0.9897 -0.0443
vn 0.1434 0.9897 -0.0000
vn 0.1434 -0.9897 -0.0000
vn 0.1364 0.9897 0.0443
vn 0.1364 -0.9897 0.0443
vn 0.1160 0.9897 0.0843
vn 0.1160 -0.9897 0.0843
vn 0.0843 0.9897 0.1160
vn 0.0843 -0.9897 0.1160
vn 0.0443 0.9897 0.1364
vn 0.0443 -0.9897 0.1364
vn -0.0000 0.9897 0.1434
vn -0.0000 -0.9897 0.1434
vn -0.0443 0.9897 0.1364
vn -0.0443 -0.9897 0.1364
vn -0.0843 0.9897 0.1160
vn -0.0843 -0.9897 0.1160
vn -0.1160 0.9897 0.0843
vn -0.1160 -0.9897 0.0843
vn -0.1364 0.9897 0.0443
vn -0.1364 -0.9897 0.0443
vn -0.1434 0.9897 -0.0000
vn -0.1434 -0.9897 -0.0000
vn -0.1364 0.9897 -0.0443
vn -0.1364 -0.9897 -0.0443
vn -0.1160 0.9897 -0.0843
vn -0.1160 -0.9897 -0.0843
vn -0.0843 0.9897 -0.1160
vn -0.0843 -0.9897 -0.1160
vn -0.0443 0.9897 -0.1364
vn -0.0443 -0.9897 -0.1364
vn -0.0798 0.8602 -0.5037
vn -0.0449 0.9579 -0.2837
vn -0.1564 -0.0000 -0.9877
vn -0.0798 -0.8602 -0.5037
vn 0.9663 0.2575 -0.0000
vn 0.9979 -0.0000 -0.0654
vn 0.9580 0.2575 -0.1261
vn 0.8654 0.4978 -0.0567
vn 0.7094 0.7048 -0.0000
vn 0.7034 0.7048 -0.0926
vn 0.5020 0.8642 -0.0329
vn 0.2620 0.9651 -0.0000
vn 0.2598 0.9651 -0.0342
vn 0.0027 1.0000 -0.0002
vn -0.2570 0.9664 -0.0000
vn -0.2548 0.9664 0.0335
vn -0.4979 0.8666 0.0326
vn -0.7067 0.7075 -0.0000
vn -0.7007 0.7075 0.0922
vn -0.8641 0.5001 0.0566
vn -0.9659 0.2588 -0.0000
vn -0.9577 0.2588 0.1261
vn -0.9979 -0.0000 0.0654
vn -0.9659 -0.2588 -0.0000
vn -0.9577 -0.2588 0.1261
vn -0.8641 -0.5001 0.0566
vn -0.7067 -0.7075 -0.0000
vn -0.7007 -0.7075 0.0922
vn -0.4979 -0.8666 0.0326
vn -0.2570 -0.9664 -0.0000
vn -0.2548 -0.9664 0.0335
vn 0.0027 -1.0000 -0.0002
vn 0.2620 -0.9651 -0.0000
vn 0.2598 -0.9651 -0.0342
vn 0.5020 -0.8642 -0.0329
vn 0.7094 -0.7048 -0.0000
vn 0.7034 -0.7048 -0.0926
vn 0.8654 -0.4978 -0.0567
vn 0.9663 -0.2575 -0.0000
vn 0.9580 -0.2575 -0.1261
vn 0.9808 -0.0000 -0.1951
vn 0.9334 0.2575 -0.2501
vn 0.8506 0.4978 -0.1692
vn 0.6852 0.7048 -0.1836
vn 0.4934 0.8642 -0.0981
vn 0.2531 0.9651 -0.0678
vn 0.0027 1.0000 -0.0005
vn -0.2482 0.9664 0.0665
vn -0.4894 0.8666 0.0973
vn -0.6826 0.7075 0.1829
vn -0.8493 0.5001 0.1689
vn -0.9330 0.2588 0.2500
vn -0.9808 -0.0000 0.1951
vn -0.9330 -0.2588 0.2500
vn -0.8493 -0.5001 0.1689
vn -0.6826 -0.7075 0.1829
vn -0.4894 -0.8666 0.0973
vn -0.2482 -0.9664 0.0665
vn 0.0027 -1.0000 -0.0005
vn 0.2531 -0.9651 -0.0678
vn 0.4934 -0.8642 -0.0981
vn 0.6853 -0.7048 -0.1836
vn 0.8506 -0.4978 -0.1692
vn 0.9334 -0.2575 -0.2501
vn 0.9469 -0.0000 -0.3214
vn 0.8927 0.2575 -0.3698
vn 0.8213 0.4978 -0.2788
vn 0.6554 0.7048 -0.2715
vn 0.4764 0.8642 -0.1617
vn 0.2421 0.9651 -0.1003
vn 0.0026 1.0000 -0.0009
vn -0.2374 0.9664 0.0983
vn -0.4725 0.8666 0.1604
vn -0.6529 0.7075 0.2705
vn -0.8200 0.5001 0.2783
vn -0.8924 0.2588 0.3696
vn -0.9469 -0.0000 0.3214
vn -0.8924 -0.2588 0.3696
vn -0.8200 -0.5001 0.2783
vn -0.6529 -0.7075 0.2705
vn -0.4725 -0.8666 0.1604
vn -0.2374 -0.9664 0.0983
vn 0.0026 -1.0000 -0.0009
vn 0.2421 -0.9651 -0.1003
vn 0.4764 -0.8642 -0.1617
vn 0.6554 -0.7048 -0.2715
vn 0.8213 -0.4978 -0.2788
vn 0.8927 -0.2575 -0.3698
vn 0.8969 -0.0000 -0.4423
vn 0.8368 0.2575 -0.4831
vn 0.7779 0.4978 -0.3836
vn 0.6144 0.7048 -0.3547
vn 0.4512 0.8642 -0.2225
vn 0.2269 0.9651 -0.1310
vn 0.0025 1.0000 -0.0012
vn -0.2225 0.9664 0.1285
vn -0.4475 0.8666 0.2207
vn -0.6120 0.7075 0.3534
vn -0.7766 0.5001 0.3830
vn -0.8365 0.2588 0.4830
vn -0.8969 -0.0000 0.4423
vn -0.8365 -0.2588 0.4830
vn -0.7766 -0.5001 0.3830
vn -0.6120 -0.7075 0.3534
vn -0.4475 -0.8666 0.2207
vn -0.2225 -0.9664 0.1285
vn 0.0025 -1.0000 -0.0012
vn 0.2269 -0.9651 -0.1310
vn 0.4512 -0.8642 -0.2225
vn 0.6144 -0.7048 -0.3547
vn 0.7779 -0.4978 -0.3836
vn 0.8368 -0.2575 -0.4831
vn 0.8315 -0.0000 -0.5556
vn 0.7666 0.2575 -0.5882
vn 0.7211 0.4978 -0.4818
vn 0.5628 0.7048 -0.4319
vn 0.4183 0.8642 -0.2795
vn 0.2079 0.9651 -0.1595
vn 0.0023 1.0000 -0.0015
vn -0.2039 0.9664 0.1564
vn -0.4149 0.8666 0.2772
vn -0.5607 0.7075 0.4302
vn -0.7200 0.5001 0.4811
vn -0.7663 0.2588 0.5880
vn -0.8315 -0.0000 0.5556
vn -0.7663 -0.2588 0.5880
vn -0.7200 -0.5001 0.4811
vn -0.5607 -0.7075 0.4302
vn -0.4149 -0.8666 0.2772
vn -0.2039 -0.9664 0.1564
vn 0.0023 -1.0000 -0.0015
vn 0.2079 -0.9651 -0.1595
vn 0.4183 -0.8642 -0.2795
vn 0.5628 -0.7048 -0.4319
vn 0.7211 -0.4978 -0.4818
vn 0.7666 -0.2575 -0.5882
vn 0.7518 -0.0000 -0.6593
vn 0.6833 0.2575 -0.6833
vn 0.6521 0.4978 -0.5718
vn 0.5016 0.7048 -0.5016
vn 0.3782 0.8642 -0.3317
vn 0.1853 0.9651 -0.1853
vn 0.0021 1.0000 -0.0018
vn -0.1817 0.9664 0.1817
vn -0.3752 0.8666 0.3290
vn -0.4997 0.7075 0.4997
vn -0.6510 0.5001 0.5710
vn -0.6830 0.2588 0.6830
vn -0.7518 -0.0000 0.6593
vn -0.6830 -0.2588 0.6830
vn -0.6510 -0.5001 0.5710
vn -0.4997 -0.7075 0.4997
vn -0.3752 -0.8666 0.3290
vn -0.1817 -0.9664 0.1817
vn 0.0021 -1.0000 -0.0018
vn 0.1853 -0.9651 -0.1853
vn 0.3782 -0.8642 -0.3317
vn 0.5016 -0.7048 -0.5016
vn 0.6521 -0.4978 -0.5718
vn 0.6833 -0.2575 -0.6833
vn 0.6593 -0.0000 -0.7518
vn 0.5882 0.2575 -0.7666
vn 0.5718 0.4978 -0.6521
vn 0.4319 0.7048 -0.5628
vn 0.3317 0.8642 -0.3782
vn 0.1595 0.9651 -0.2079
vn 0.0018 1.0000 -0.0021
vn -0.1564 0.9664 0.2039
vn -0.3290 0.8666 0.3752
vn -0.4302 0.7075 0.5607
vn -0.5710 0.5001 0.6510
vn -0.5880 0.2588 0.7663
vn -0.6593 -0.0000 0.7518
vn -0.5880 -0.2588 0.7663
vn -0.5710 -0.5001 0.6510
vn -0.4302 -0.7075 0.5607
vn -0.3290 -0.8666 0.3752
vn -0.1564 -0.9664 0.2039
vn 0.0018 -1.0000 -0.0021
vn 0.1595 -0.9651 -0.2079
vn 0.3317 -0.8642 -0.3782
vn 0.4319 -0.7048 -0.5628
vn 0.5719 -0.4978 -0.6521
vn 0.5882 -0.2575 -0.7666
vn 0.5556 -0.0000 -0.8315
vn 0.4831 0.2575 -0.8368
vn 0.4818 0.4978 -0.7211
vn 0.3547 0.7048 -0.6144
vn 0.2795 0.8642 -0.4183
vn 0.1310 0.9651 -0.2269
vn 0.0015 1.0000 -0.0023
vn -0.1285 0.9664 0.2225
vn -0.2772 0.8666 0.4149
vn -0.3534 0.7075 0.6120
vn -0.4811 0.5001 0.7200
vn -0.4830 0.2588 0.8365
vn -0.5556 -0.0000 0.8315
vn -0.4830 -0.2588 0.8365
vn -0.4811 -0.5001 0.7200
vn -0.3534 -0.7075 0.6120
vn -0.2772 -0.8666 0.4149
vn -0.1285 -0.9664 0.2225
vn 0.0015 -1.0000 -0.0023
vn 0.1310 -0.9651 -0.2269
vn 0.2795 -0.8642 -0.4183
vn 0.3547 -0.7048 -0.6144
vn 0.4818 -0.4978 -0.7211
vn 0.4831 -0.2575 -0.8368
vn 0.4423 -0.0000 -0.8969
vn 0.3698 0.2575 -0.8927
vn 0.3836 0.4978 -0.7779
vn 0.2715 0.7048 -0.6554
vn 0.2225 0.8642 -0.4512
vn 0.1003 0.9651 -0.2421
vn 0.0012 1.0000 -0.0025
vn -0.0983 0.9664 0.2374
vn -0.2207 0.8666 0.4475
vn -0.2705 0.7075 0.6529
vn -0.3830 0.5001 0.7766
vn -0.3696 0.2588 0.8924
vn -0.4423 -0.0000 0.8969
vn -0.3696 -0.2588 0.8924
vn -0.3830 -0.5001 0.7766
vn -0.2705 -0.7075 0.6529
vn -0.2207 -0.8666 0.4475
vn -0.0983 -0.9664 0.2374
vn 0.0012 -1.0000 -0.0025
vn 0.1003 -0.9651 -0.2421
vn 0.2225 -0.8642 -0.4512
vn 0.2715 -0.7048 -0.6554
vn 0.3836 -0.4978 -0.7779
vn 0.3698 -0.2575 -0.8927
vn 0.3214 -0.0000 -0.9469
vn 0.2501 0.2575 -0.9334
vn 0.2788 0.4978 -0.8213
vn 0.1836 0.7048 -0.6853
vn 0.1617 0.8642 -0.4764
vn 0.0678 0.9651 -0.2531
vn 0.0009 1.0000 -0.0026
vn -0.0665 0.9664 0.2482
vn -0.1604 0.8666 0.4725
vn -0.1829 0.7075 0.6826
vn -0.2783 0.5001 0.8200
vn -0.2500 0.2588 0.9330
vn -0.3214 -0.0000 0.9469
vn -0.2500 -0.2588 0.9330
vn -0.2783 -0.5001 0.8200
vn -0.1829 -0.7075 0.6826
vn -0.1604 -0.8666 0.4725
vn -0.0665 -0.9664 0.2482
vn 0.0009 -1.0000 -0.0026
vn 0.0678 -0.9651 -0.2531
vn 0.1617 -0.8642 -0.4764
vn 0.1836 -0.7048 -0.6853
vn 0.2788 -0.4978 -0.8213
vn 0.2501 -0.2575 -0.9334
vn 0.1951 -0.0000 -0.9808
vn 0.1261 0.2575 -0.9580
vn 0.1692 0.4978 -0.8506
vn 0.0926 0.7048 -0.7034
vn 0.0981 0.8642 -0.4934
vn 0.0342 0.9651 -0.2598
vn 0.0005 1.0000 -0.0027
vn -0.0335 0.9664 0.2548
vn -0.0973 0.8666 0.4894
vn -0.0922 0.7075 0.7007
vn -0.1689 0.5001 0.8493
vn -0.1261 0.2588 0.9577
vn -0.1951 -0.0000 0.9808
vn -0.1261 -0.2588 0.9577
vn -0.1689 -0.5001 0.8493
vn -0.0922 -0.7075 0.7007
vn -0.0973 -0.8666 0.4894
vn -0.0335 -0.9664 0.2548
vn 0.0005 -1.0000 -0.0027
vn 0.0342 -0.9651 -0.2598
vn 0.0981 -0.8642 -0.4934
vn 0.0926 -0.7048 -0.7034
vn 0.1692 -0.4978 -0.8506
vn 0.1261 -0.2575 -0.9580
vn 0.0654 -0.0000 -0.9979
vn -0.0000 0.2575 -0.9663
vn 0.0567 0.4978 -0.8654
vn -0.0000 0.7048 -0.7094
vn 0.0329 0.8642 -0.5020
vn -0.0000 0.9651 -0.2620
vn 0.0002 1.0000 -0.0027
vn -0.0000 0.9664 0.2570
vn -0.0326 0.8666 0.4979
vn -0.0000 0.7075 0.7067
vn -0.0566 0.5001 0.8641
vn -0.0000 0.2588 0.9659
vn -0.0654 -0.0000 0.9979
vn -0.0000 -0.2588 0.9659
vn -0.0566 -0.5001 0.8641
vn -0.0000 -0.7075 0.7067
vn -0.0326 -0.8666 0.4979
vn -0.0000 -0.9664 0.2570
vn 0.0002 -1.0000 -0.0027
vn -0.0000 -0.9651 -0.2620
vn 0.0329 -0.8642 -0.5020
vn -0.0000 -0.7048 -0.7094
vn 0.0567 -0.4978 -0.8654
vn -0.0000 -0.2575 -0.9663
vn -0.0654 -0.0000 -0.9979
vn -0.1261 0.2575 -0.9580
vn -0.0567 0.4978 -0.8654
vn -0.0926 0.7048 -0.7034
vn -0.0329 0.8642 -0.5020
vn -0.0342 0.9651 -0.2598
vn -0.0002 1.0000 -0.0027
vn 0.0335 0.9664 0.2548
vn 0.0326 0.8666 0.4979
vn 0.0922 0.7075 0.7007
vn 0.0566 0.5001 0.8641
vn 0.1261 0.2588 0.9577
vn 0.0654 -0.0000 0.9979
vn 0.1261 -0.2588 0.9577
vn 0.0566 -0.5001 0.8641
vn 0.0922 -0.7075 0.7007
vn 0.0326 -0.8666 0.4979
vn 0.0335 -0.9664 0.2548
vn -0.0002 -1.0000 -0.0027
vn -0.0342 -0.9651 -0.2598
vn -0.0329 -0.8642 -0.5020
vn -0.0926 -0.7048 -0.7034
vn -0.0567 -0.4978 -0.8654
vn -0.1261 -0.2575 -0.9580
vn -0.1951 -0.0000 -0.9808
vn -0.2501 0.2575 -0.9334
vn -0.1692 0.4978 -0.8506
vn -0.1836 0.7048 -0.6853
vn -0.0981 0.8642 -0.4934
vn -0.0678 0.9651 -0.2531
vn -0.0005 1.0000 -0.0027
vn 0.0665 0.9664 0.2482
vn 0.0973 0.8666 0.4894
vn 0.1829 0.7075 0.6826
vn 0.1689 0.5001 0.8493
vn 0.2500 0.2588 0.9330
vn 0.1951 -0.0000 0.9808
vn 0.2500 -0.2588 0.9330
vn 0.1689 -0.5001 0.8493
vn 0.1829 -0.7075 0.6826
vn 0.0973 -0.8666 0.4894
vn 0.0665 -0.9664 0.2482
vn -0.0005 -1.0000 -0.0027
vn -0.0678 -0.9651 -0.2531
vn -0.0981 -0.8642 -0.4934
vn -0.1836 -0.7048 -0.6853
vn -0.1692 -0.4978 -0.8506
vn -0.2501 -0.2575 -0.9334
vn -0.3214 -0.0000 -0.9469
vn -0.3698 0.2575 -0.8927
vn -0.2788 0.4978 -0.8213
vn -0.2715 0.7048 -0.6554
vn -0.1617 0.8642 -0.4764
vn -0.1003 0.9651 -0.2421
vn -0.0009 1.0000 -0.0026
vn 0.0983 0.9664 0.2374
vn 0.1604 0.8666 0.4725
vn 0.2705 0.7075 0.6529
vn 0.2783 0.5001 0.8200
vn 0.3696 0.2588 0.8924
vn 0.3214 -0.0000 0.9469
vn 0.3696 -0.2588 0.8924
vn 0.2783 -0.5001 0.8200
vn 0.2705 -0.7075 0.6529
vn 0.1604 -0.8666 0.4725
vn 0.0983 -0.9664 0.2374
vn -0.0009 -1.0000 -0.0026
vn -0.1003 -0.9651 -0.2421
vn -0.1617 -0.8642 -0.4764
vn -0.2715 -0.7048 -0.6554
vn -0.2788 -0.4978 -0.8213
vn -0.3698 -0.2575 -0.8927
vn -0.4423 -0.0000 -0.8969
vn -0.4831 0.2575 -0.8368
vn -0.3836 0.4978 -0.7779
vn -0.3547 0.7048 -0.6144
vn -0.2225 0.8642 -0.4512
vn -0.1310 0.9651 -0.2269
vn -0.0012 1.0000 -0.0025
vn 0.1285 0.9664 0.2225
vn 0.2207 0.8666 0.4475
vn 0.3534 0.7075 0.6120
vn 0.3830 0.5001 0.7766
vn 0.4830 0.2588 0.8365
vn 0.4423 -0.0000 0.8969
vn 0.4830 -0.2588 0.8365
vn 0.3830 -0.5001 0.7766
vn 0.3534 -0.7075 0.6120
vn 0.2207 -0.8666 0.4475
vn 0.1285 -0.9664 0.2225
vn -0.0012 -1.0000 -0.0025
vn -0.1310 -0.9651 -0.2269
vn -0.2225 -0.8642 -0.4512
vn -0.3547 -0.7048 -0.6144
vn -0.3836 -0.4978 -0.7779
vn -0.4831 -0.2575 -0.8368
vn -0.5556 -0.0000 -0.8315
vn -0.5882 0.2575 -0.7666
vn -0.4818 0.4978 -0.7211
vn -0.4319 0.7048 -0.5628
vn -0.2795 0.8642 -0.4183
vn -0.1595 0.9651 -0.2079
vn -0.0015 1.0000 -0.0023
vn 0.1564 0.9664 0.2039
vn 0.2772 0.8666 0.4149
vn 0.4302 0.7075 0.5607
vn 0.4811 0.5001 0.7200
vn 0.5880 0.2588 0.7663
vn 0.5556 -0.0000 0.8315
vn 0.5880 -0.2588 0.7663
vn 0.4811 -0.5001 0.7200
vn 0.4302 -0.7075 0.5607
vn 0.2772 -0.8666 0.4149
vn 0.1564 -0.9664 0.2039
vn -0.0015 -1.0000 -0.0023
vn -0.1595 -0.9651 -0.2079
vn -0.2795 -0.8642 -0.4183
vn -0.4319 -0.7048 -0.5628
vn -0.4818 -0.4978 -0.7211
vn -0.5882 -0.2575 -0.7666
vn -0.6593 -0.0000 -0.7518
vn -0.6833 0.2575 -0.6833
vn -0.5719 0.4978 -0.6521
vn -0.5016 0.7048 -0.5016
vn -0.3317 0.8642 -0.3782
vn -0.1853 0.9651 -0.1853
vn -0.0018 1.0000 -0.0021
vn 0.1817 0.9664 0.1817
vn 0.3290 0.8666 0.3752
vn 0.4997 0.7075 0.4997
vn 0.5710 0.5002 0.6510
vn 0.6830 0.2588 0.6830
vn 0.6593 -0.0000 0.7518
vn 0.6830 -0.2588 0.6830
vn 0.5710 -0.5001 0.6510
vn 0.4997 -0.7075 0.4997
vn 0.3290 -0.8666 0.3752
vn 0.1817 -0.9664 0.1817
vn -0.0018 -1.0000 -0.0021
vn -0.1853 -0.9651 -0.1853
vn -0.3317 -0.8642 -0.3782
vn -0.5016 -0.7048 -0.5016
vn -0.5718 -0.4978 -0.6521
vn -0.6833 -0.2575 -0.6833
vn -0.7518 -0.0000 -0.6593
vn -0.7666 0.2575 -0.5882
vn -0.6521 0.4978 -0.5718
vn -0.5628 0.7048 -0.4319
vn -0.3782 0.8642 -0.3317
vn -0.2079 0.9651 -0.1595
vn -0.0021 1.0000 -0.0018
vn 0.2039 0.9664 0.1564
vn 0.3752 0.8666 0.3290
vn 0.5607 0.7075 0.4302
vn 0.6510 0.5001 0.5710
vn 0.7663 0.2588 0.5880
vn 0.7518 -0.0000 0.6593
vn 0.7663 -0.2588 0.5880
vn 0.6510 -0.5001 0.5710
vn 0.5607 -0.7075 0.4302
vn 0.3752 -0.8666 0.3290
vn 0.2039 -0.9664 0.1564
vn -0.0021 -1.0000 -0.0018
vn -0.2079 -0.9651 -0.1595
vn -0.3782 -0.8642 -0.3317
vn -0.5628 -0.7048 -0.4319
vn -0.6521 -0.4978 -0.5718
vn -0.7666 -0.2575 -0.5882
vn -0.8315 -0.0000 -0.5556
vn -0.8368 0.2575 -0.4831
vn -0.7211 0.4978 -0.4818
vn -0.6144 0.7048 -0.3547
vn -0.4183 0.8642 -0.2795
vn -0.2269 0.9651 -0.1310
vn -0.0023 1.0000 -0.0015
vn 0.2225 0.9664 0.1285
vn 0.4149 0.8666 0.2772
vn 0.6120 0.7075 0.3534
vn 0.7200 0.5001 0.4811
vn 0.8365 0.2588 0.4830
vn 0.8315 -0.0000 0.5556
vn 0.8365 -0.2588 0.4830
vn 0.7200 -0.5001 0.4811
vn 0.6120 -0.7075 0.3534
vn 0.4149 -0.8666 0.2772
vn 0.2225 -0.9664 0.1285
vn -0.0023 -1.0000 -0.0015
vn -0.2269 -0.9651 -0.1310
vn -0.4183 -0.8642 -0.2795
vn -0.6144 -0.7048 -0.3547
vn -0.7211 -0.4978 -0.4818
vn -0.8368 -0.2575 -0.4831
vn -0.8969 -0.0000 -0.4423
vn -0.8927 0.2575 -0.3698
vn -0.7779 0.4978 -0.3836
vn -0.6554 0.7048 -0.2715
vn -0.4512 0.8642 -0.2225
vn -0.2421 0.9651 -0.1003
vn -0.0025 1.0000 -0.0012
vn 0.2374 0.9664 0.0983
vn 0.4475 0.8666 0.2207
vn 0.6529 0.7075 0.2705
vn 0.7766 0.5001 0.3830
vn 0.8924 0.2588 0.3696
vn 0.8969 -0.0000 0.4423
vn 0.8924 -0.2588 0.3696
vn 0.7766 -0.5001 0.3830
vn 0.6529 -0.7075 0.2705
vn 0.4475 -0.8666 0.2207
vn 0.2374 -0.9664 0.0983
vn -0.0025 -1.0000 -0.0012
vn -0.2421 -0.9651 -0.1003
vn -0.4512 -0.8642 -0.2225
vn -0.6554 -0.7048 -0.2715
vn -0.7779 -0.4978 -0.3836
vn -0.8927 -0.2575 -0.3698
vn -0.9469 -0.0000 -0.3214
vn -0.9334 0.2575 -0.2501
vn -0.8213 0.4978 -0.2788
vn -0.6853 0.7048 -0.1836
vn -0.4764 0.8642 -0.1617
vn -0.2531 0.9651 -0.0678
vn -0.0026 1.0000 -0.0009
vn 0.2482 0.9664 0.0665
vn 0.4725 0.8666 0.1604
vn 0.6826 0.7075 0.1829
vn 0.8200 0.5001 0.2783
vn 0.9330 0.2588 0.2500
vn 0.9469 -0.0000 0.3214
vn 0.9330 -0.2588 0.2500
vn 0.8200 -0.5001 0.2783
vn 0.6826 -0.7075 0.1829
vn 0.4725 -0.8666 0.1604
vn 0.2482 -0.9664 0.0665
vn -0.0026 -1.0000 -0.0009
vn -0.2531 -0.9651 -0.0678
vn -0.4764 -0.8642 -0.1617
vn -0.6852 -0.7048 -0.1836
vn -0.8213 -0.4978 -0.2788
vn -0.9334 -0.2575 -0.2501
vn -0.9808 -0.0000 -0.1951
vn -0.9580 0.2575 -0.1261
vn -0.8506 0.4978 -0.1692
vn -0.7034 0.7048 -0.0926
vn -0.4934 0.8642 -0.0981
vn -0.2598 0.9651 -0.0342
vn -0.0027 1.0000 -0.0005
vn 0.2548 0.9664 0.0335
vn 0.4894 0.8666 0.0973
vn 0.7007 0.7075 0.0922
vn 0.8493 0.5001 0.1689
vn 0.9577 0.2588 0.1261
vn 0.9808 -0.0000 0.1951
vn 0.9577 -0.2588 0.1261
vn 0.8493 -0.5001 0.1689
vn 0.7007 -0.7075 0.0922
vn 0.4894 -0.8666 0.0973
vn 0.2548 -0.9664 0.0335
vn -0.0027 -1.0000 -0.0005
vn -0.2598 -0.9651 -0.0342
vn -0.4934 -0.8642 -0.0981
vn -0.7034 -0.7048 -0.0926
vn -0.8506 -0.4978 -0.1692
vn -0.9580 -0.2575 -0.1261
vn -0.9979 -0.0000 -0.0654
vn -0.9663 0.2575 -0.0000
vn -0.8654 0.4978 -0.0567
vn -0.7094 0.7048 -0.0000
vn -0.5020 0.8642 -0.0329
vn -0.2620 0.9651 -0.0000
vn -0.0027 1.0000 -0.0002
vn 0.2570 0.9664 -0.0000
vn 0.4979 0.8666 0.0326
vn 0.7067 0.7075 -0.0000
vn 0.8641 0.5001 0.0566
vn 0.9659 0.2588 -0.0000
vn 0.9979 -0.0000 0.0654
vn 0.9659 -0.2588 -0.0000
vn 0.8641 -0.5001 0.0566
vn 0.7067 -0.7075 -0.0000
vn 0.4979 -0.8666 0.0326
vn 0.2570 -0.9664 -0.0000
vn -0.0027 -1.0000 -0.0002
vn -0.2620 -0.9651 -0.0000
vn -0.5020 -0.8642 -0.0329
vn -0.7094 -0.7048 -0.0000
vn -0.8654 -0.4978 -0.0567
vn -0.9663 -0.2575 -0.0000
vn -0.9580 0.2575 0.1261
vn -0.8654 0.4978 0.0567
vn -0.7034 0.7048 0.0926
vn -0.5020 0.8642 0.0329
vn -0.2598 0.9651 0.0342
vn -0.0027 1.0000 0.0002
vn 0.2548 0.9664 -0.0335
vn 0.4979 0.8666 -0.0326
vn 0.7007 0.7075 -0.0922
vn 0.8641 0.5001 -0.0566
vn 0.9577 0.2588 -0.1261
vn 0.9577 -0.2588 -0.1261
vn 0.8641 -0.5001 -0.0566
vn 0.7007 -0.7075 -0.0922
vn 0.4979 -0.8666 -0.0326
vn 0.2548 -0.9664 -0.0335
vn -0.0027 -1.0000 0.0002
vn -0.2598 -0.9651 0.0342
vn -0.5020 -0.8642 0.0329
vn -0.7034 -0.7048 0.0926
vn -0.8654 -0.4978 0.0567
vn -0.9580 -0.2575 0.1261
vn -0.9334 0.2575 0.2501
vn -0.8506 0.4978 0.1692
vn -0.6853 0.7048 0.1836
vn -0.4934 0.8642 0.0981
vn -0.2531 0.9651 0.0678
vn -0.0027 1.0000 0.0005
vn 0.2482 0.9664 -0.0665
vn 0.4894 0.8666 -0.0973
vn 0.6826 0.7075 -0.1829
vn 0.8493 0.5001 -0.1689
vn 0.9330 0.2588 -0.2500
vn 0.9330 -0.2588 -0.2500
vn 0.8493 -0.5001 -0.1689
vn 0.6826 -0.7075 -0.1829
vn 0.4894 -0.8666 -0.0973
vn 0.2482 -0.9664 -0.0665
vn -0.0027 -1.0000 0.0005
vn -0.2531 -0.9651 0.0678
vn -0.4934 -0.8642 0.0981
vn -0.6853 -0.7048 0.1836
vn -0.8506 -0.4978 0.1692
vn -0.9334 -0.2575 0.2501
vn -0.8927 0.2575 0.3698
vn -0.8213 0.4978 0.2788
vn -0.6554 0.7048 0.2715
vn -0.4764 0.8642 0.1617
vn -0.2421 0.9651 0.1003
vn -0.0026 1.0000 0.0009
vn 0.2374 0.9664 -0.0983
vn 0.4725 0.8666 -0.1604
vn 0.6529 0.7075 -0.2705
vn 0.8200 0.5001 -0.2783
vn 0.8924 0.2588 -0.3696
vn 0.8924 -0.2588 -0.3696
vn 0.8200 -0.5001 -0.2783
vn 0.6529 -0.7075 -0.2705
vn 0.4725 -0.8666 -0.1604
vn 0.2374 -0.9664 -0.0983
vn -0.0026 -1.0000 0.0009
vn -0.2421 -0.9651 0.1003
vn -0.4764 -0.8642 0.1617
vn -0.6554 -0.7048 0.2715
vn -0.8213 -0.4978 0.2788
vn -0.8927 -0.2575 0.3698
vn -0.8368 0.2575 0.4831
vn -0.7779 0.4978 0.3836
vn -0.6144 0.7048 0.3547
vn -0.4512 0.8642 0.2225
vn -0.2269 0.9651 0.1310
vn -0.0025 1.0000 0.0012
vn 0.2225 0.9664 -0.1285
vn 0.4475 0.8666 -0.2207
vn 0.6120 0.7075 -0.3534
vn 0.7766 0.5001 -0.3830
vn 0.8365 0.2588 -0.4830
vn 0.8365 -0.2588 -0.4830
vn 0.7766 -0.5001 -0.3830
vn 0.6120 -0.7075 -0.3534
vn 0.4475 -0.8666 -0.2207
vn 0.2225 -0.9664 -0.1285
vn -0.0025 -1.0000 0.0012
vn -0.2269 -0.9651 0.1310
vn -0.4512 -0.8642 0.2225
vn -0.6144 -0.7048 0.3547
vn -0.7779 -0.4978 0.3836
vn -0.8368 -0.2575 0.4831
vn -0.7666 0.2575 0.5882
vn -0.7211 0.4978 0.4818
vn -0.5628 0.7048 0.4319
vn -0.4183 0.8642 0.2795
vn -0.2079 0.9651 0.1595
vn -0.0023 1.0000 0.0015
vn 0.2039 0.9664 -0.1564
vn 0.4149 0.8666 -0.2772
vn 0.5607 0.7075 -0.4302
vn 0.7200 0.5002 -0.4811
vn 0.7663 0.2588 -0.5880
vn 0.7663 -0.2588 -0.5880
vn 0.7200 -0.5001 -0.4811
vn 0.5607 -0.7075 -0.4302
vn 0.4149 -0.8666 -0.2772
vn 0.2039 -0.9664 -0.1564
vn -0.0023 -1.0000 0.0015
vn -0.2079 -0.9651 0.1595
vn -0.4183 -0.8642 0.2795
vn -0.5628 -0.7048 0.4319
vn -0.7211 -0.4978 0.4818
vn -0.7666 -0.2575 0.5882
vn -0.6833 0.2575 0.6833
vn -0.6521 0.4978 0.5718
vn -0.5016 0.7048 0.5016
vn -0.3782 0.8642 0.3317
vn -0.1853 0.9651 0.1853
vn -0.0021 1.0000 0.0018
vn 0.1817 0.9664 -0.1817
vn 0.3752 0.8666 -0.3290
vn 0.4997 0.7075 -0.4997
vn 0.6510 0.5001 -0.5710
vn 0.6830 0.2588 -0.6830
vn 0.6830 -0.2588 -0.6830
vn 0.6510 -0.5001 -0.5710
vn 0.4997 -0.7075 -0.4997
vn 0.3752 -0.8666 -0.3290
vn 0.1817 -0.9664 -0.1817
vn -0.0021 -1.0000 0.0018
vn -0.1853 -0.9651 0.1853
vn -0.3782 -0.8642 0.3317
vn -0.5016 -0.7048 0.5016
vn -0.6521 -0.4978 0.5718
vn -0.6833 -0.2575 0.6833
vn -0.5882 0.2575 0.7666
vn -0.5718 0.4978 0.6521
vn -0.4319 0.7048 0.5628
vn -0.3317 0.8642 0.3782
vn -0.1595 0.9651 0.2079
vn -0.0018 1.0000 0.0021
vn 0.1564 0.9664 -0.2039
vn 0.3290 0.8666 -0.3752
vn 0.4302 0.7075 -0.5607
vn 0.5710 0.5001 -0.6510
vn 0.5880 0.2588 -0.7663
vn 0.5880 -0.2588 -0.7663
vn 0.5710 -0.5001 -0.6510
vn 0.4302 -0.7075 -0.5607
vn 0.3290 -0.8666 -0.3752
vn 0.1564 -0.9664 -0.2039
vn -0.0018 -1.0000 0.0021
vn -0.1595 -0.9651 0.2079
vn -0.3317 -0.8642 0.3782
vn -0.4319 -0.7048 0.5628
vn -0.5719 -0.4978 0.6521
vn -0.5882 -0.2575 0.7666
vn -0.4831 0.2575 0.8368
vn -0.4818 0.4978 0.7211
vn -0.3547 0.7048 0.6144
vn -0.2795 0.8642 0.4183
vn -0.1310 0.9651 0.2269
vn -0.0015 1.0000 0.0023
vn 0.1285 0.9664 -0.2225
vn 0.2772 0.8666 -0.4149
vn 0.3534 0.7075 -0.6120
vn 0.4811 0.5001 -0.7200
vn 0.4830 0.2588 -0.8365
vn 0.4830 -0.2588 -0.8365
vn 0.4811 -0.5001 -0.7200
vn 0.3534 -0.7075 -0.6120
vn 0.2772 -0.8666 -0.4149
vn 0.1285 -0.9664 -0.2225
vn -0.0015 -1.0000 0.0023
vn -0.1310 -0.9651 0.2269
vn -0.2795 -0.8642 0.4183
vn -0.3547 -0.7048 0.6144
vn -0.4818 -0.4978 0.7211
vn -0.4831 -0.2575 0.8368
vn -0.3698 0.2575 0.8927
vn -0.3836 0.4978 0.7779
vn -0.2715 0.7048 0.6554
vn -0.2225 0.8642 0.4512
vn -0.1003 0.9651 0.2421
vn -0.0012 1.0000 0.0025
vn 0.0983 0.9664 -0.2374
vn 0.2207 0.8666 -0.4475
vn 0.2705 0.7075 -0.6529
vn 0.3830 0.5001 -0.7766
vn 0.3696 0.2588 -0.8924
vn 0.3696 -0.2588 -0.8924
vn 0.3830 -0.5001 -0.7766
vn 0.2705 -0.7075 -0.6529
vn 0.2207 -0.8666 -0.4475
vn 0.0983 -0.9664 -0.2374
vn -0.0012 -1.0000 0.0025
vn -0.1003 -0.9651 0.2421
vn -0.2225 -0.8642 0.4512
vn -0.2715 -0.7048 0.6554
vn -0.3836 -0.4978 0.7779
vn -0.3698 -0.2575 0.8927
vn -0.2501 0.2575 0.9334
vn -0.2788 0.4978 0.8213
vn -0.1836 0.7048 0.6853
vn -0.1617 0.8642 0.4764
vn -0.0678 0.9651 0.2531
vn -0.0009 1.0000 0.0026
vn 0.0665 0.9664 -0.2482
vn 0.1604 0.8666 -0.4725
vn 0.1829 0.7075 -0.6826
vn 0.2783 0.5001 -0.8200
vn 0.2500 0.2588 -0.9330
vn 0.2500 -0.2588 -0.9330
vn 0.2783 -0.5001 -0.8200
vn 0.1829 -0.7075 -0.6826
vn 0.1604 -0.8666 -0.4725
vn 0.0665 -0.9664 -0.2482
vn -0.0009 -1.0000 0.0026
vn -0.0678 -0.9651 0.2531
vn -0.1617 -0.8642 0.4764
vn -0.1836 -0.7048 0.6853
vn -0.2788 -0.4978 0.8213
vn -0.2501 -0.2575 0.9334
vn -0.1261 0.2575 0.9580
vn -0.1692 0.4978 0.8506
vn -0.0926 0.7048 0.7034
vn -0.0981 0.8642 0.4934
vn -0.0342 0.9651 0.2598
vn -0.0005 1.0000 0.0027
vn 0.0335 0.9664 -0.2548
vn 0.0973 0.8666 -0.4894
vn 0.0922 0.7075 -0.7007
vn 0.1689 0.5001 -0.8493
vn 0.1261 0.2588 -0.9577
vn 0.1261 -0.2588 -0.9577
vn 0.1689 -0.5001 -0.8493
vn 0.0922 -0.7075 -0.7007
vn 0.0973 -0.8666 -0.4894
vn 0.0335 -0.9664 -0.2548
vn -0.0005 -1.0000 0.0027
vn -0.0342 -0.9651 0.2598
vn -0.0981 -0.8642 0.4934
vn -0.0926 -0.7048 0.7034
vn -0.1692 -0.4978 0.8506
vn -0.1261 -0.2575 0.9580
vn -0.0000 0.2575 0.9663
vn -0.0567 0.4978 0.8654
vn -0.0000 0.7048 0.7094
vn -0.0329 0.8642 0.5020
vn -0.0000 0.9651 0.2620
vn -0.0002 1.0000 0.0027
vn -0.0000 0.9664 -0.2570
vn 0.0326 0.8666 -0.4979
vn -0.0000 0.7075 -0.7067
vn 0.0566 0.5001 -0.8641
vn -0.0000 0.2588 -0.9659
vn -0.0000 -0.2588 -0.9659
vn 0.0566 -0.5001 -0.8641
vn -0.0000 -0.7075 -0.7067
vn 0.0326 -0.8666 -0.4979
vn -0.0000 -0.9664 -0.2570
vn -0.0002 -1.0000 0.0027
vn -0.0000 -0.9651 0.2620
vn -0.0329 -0.8642 0.5020
vn -0.0000 -0.7048 0.7094
vn -0.0567 -0.4978 0.8654
vn -0.0000 -0.2575 0.9663
vn 0.1261 0.2575 0.9580
vn 0.0567 0.4978 0.8654
vn 0.0926 0.7048 0.7034
vn 0.0329 0.8642 0.5020
vn 0.0342 0.9651 0.2598
vn 0.0002 1.0000 0.0027
vn -0.0335 0.9664 -0.2548
vn -0.0326 0.8666 -0.4979
vn -0.0922 0.7075 -0.7007
vn -0.0566 0.5001 -0.8641
vn -0.1261 0.2588 -0.9577
vn -0.1261 -0.2588 -0.9577
vn -0.0566 -0.5001 -0.8641
vn -0.0922 -0.7075 -0.7007
vn -0.0326 -0.8666 -0.4979
vn -0.0335 -0.9664 -0.2548
vn 0.0002 -1.0000 0.0027
vn 0.0342 -0.9651 0.2598
vn 0.0329 -0.8642 0.5020
vn 0.0926 -0.7048 0.7034
vn 0.0567 -0.4978 0.8654
vn 0.1261 -0.2575 0.9580
vn 0.2501 0.2575 0.9334
vn 0.1692 0.4978 0.8506
vn 0.1836 0.7048 0.6853
vn 0.0981 0.8642 0.4934
vn 0.0678 0.9651 0.2531
vn 0.0005 1.0000 0.0027
vn -0.0665 0.9664 -0.2482
vn -0.0973 0.8666 -0.4894
vn -0.1829 0.7075 -0.6827
vn -0.1689 0.5001 -0.8493
vn -0.2500 0.2588 -0.9330
vn -0.2500 -0.2588 -0.9330
vn -0.1689 -0.5001 -0.8493
vn -0.1829 -0.7075 -0.6826
vn -0.0973 -0.8666 -0.4894
vn -0.0665 -0.9664 -0.2482
vn 0.0005 -1.0000 0.0027
vn 0.0678 -0.9651 0.2531
vn 0.0981 -0.8642 0.4934
vn 0.1836 -0.7048 0.6853
vn 0.1692 -0.4978 0.8506
vn 0.2501 -0.2575 0.9334
vn 0.3698 0.2575 0.8927
vn 0.2788 0.4978 0.8213
vn 0.2715 0.7048 0.6554
vn 0.1617 0.8642 0.4764
vn 0.1003 0.9651 0.2421
vn 0.0009 1.0000 0.0026
vn -0.0983 0.9664 -0.2374
vn -0.1604 0.8666 -0.4725
vn -0.2705 0.7075 -0.6529
vn -0.2783 0.5001 -0.8200
vn -0.3696 0.2588 -0.8924
vn -0.3696 -0.2588 -0.8924
vn -0.2783 -0.5001 -0.8200
vn -0.2705 -0.7075 -0.6529
vn -0.1604 -0.8666 -0.4725
vn -0.0983 -0.9664 -0.2374
vn 0.0009 -1.0000 0.0026
vn 0.1003 -0.9651 0.2421
vn 0.1617 -0.8642 0.4764
vn 0.2715 -0.7048 0.6554
vn 0.2788 -0.4978 0.8213
vn 0.3698 -0.2575 0.8927
vn 0.4831 0.2575 0.8368
vn 0.3836 0.4978 0.7779
vn 0.3547 0.7048 0.6144
vn 0.2225 0.8642 0.4512
vn 0.1310 0.9651 0.2269
vn 0.0012 1.0000 0.0025
vn -0.1285 0.9664 -0.2225
vn -0.2207 0.8666 -0.4475
vn -0.3534 0.7075 -0.6120
vn -0.3830 0.5001 -0.7766
vn -0.4830 0.2588 -0.8365
vn -0.4830 -0.2588 -0.8365
vn -0.3830 -0.5001 -0.7766
vn -0.3534 -0.7075 -0.6120
vn -0.2207 -0.8666 -0.4475
vn -0.1285 -0.9664 -0.2225
vn 0.0012 -1.0000 0.0025
vn 0.1310 -0.9651 0.2269
vn 0.2225 -0.8642 0.4512
vn 0.3547 -0.7048 0.6144
vn 0.3836 -0.4978 0.7779
vn 0.4831 -0.2575 0.8368
vn 0.5882 0.2575 0.7666
vn 0.4818 0.4978 0.7211
vn 0.4319 0.7048 0.5628
vn 0.2795 0.8642 0.4183
vn 0.1595 0.9651 0.2079
vn 0.0015 1.0000 0.0023
vn -0.1564 0.9664 -0.2039
vn -0.2772 0.8666 -0.4149
vn -0.4302 0.7075 -0.5607
vn -0.4811 0.5001 -0.7200
vn -0.5880 0.2588 -0.7663
vn -0.5880 -0.2588 -0.7663
vn -0.4811 -0.5001 -0.7200
vn -0.4302 -0.7075 -0.5607
vn -0.2772 -0.8666 -0.4149
vn -0.1564 -0.9664 -0.2039
vn 0.0015 -1.0000 0.0023
vn 0.1595 -0.9651 0.2079
vn 0.2795 -0.8642 0.4183
vn 0.4319 -0.7048 0.5628
vn 0.4818 -0.4978 0.7211
vn 0.5882 -0.2575 0.7666
vn 0.6833 0.2575 0.6833
vn 0.5719 0.4978 0.6521
vn 0.5016 0.7048 0.5016
vn 0.3317 0.8642 0.3782
vn 0.1853 0.9651 0.1853
vn 0.0018 1.0000 0.0021
vn -0.1817 0.9664 -0.1817
vn -0.3290 0.8666 -0.3752
vn -0.4997 0.7075 -0.4997
vn -0.5710 0.5001 -0.6510
vn -0.6830 0.2588 -0.6830
vn -0.6830 -0.2588 -0.6830
vn -0.5710 -0.5001 -0.6510
vn -0.4997 -0.7075 -0.4997
vn -0.3290 -0.8666 -0.3752
vn -0.1817 -0.9664 -0.1817
vn 0.0018 -1.0000 0.0021
vn 0.1853 -0.9651 0.1853
vn 0.3317 -0.8642 0.3782
vn 0.5016 -0.7048 0.5016
vn 0.5719 -0.4978 0.6521
vn 0.6833 -0.2575 0.6833
vn 0.7666 0.2575 0.5882
vn 0.6521 0.4978 0.5718
vn 0.5628 0.7048 0.4319
vn 0.3782 0.8642 0.3317
vn 0.2079 0.9651 0.1595
vn 0.0021 1.0000 0.0018
vn -0.2039 0.9664 -0.1564
vn -0.3752 0.8666 -0.3290
vn -0.5607 0.7075 -0.4302
vn -0.6510 0.5001 -0.5710
vn -0.7663 0.2588 -0.5880
vn -0.7663 -0.2588 -0.5880
vn -0.6510 -0.5001 -0.5710
vn -0.5607 -0.7075 -0.4302
vn -0.3752 -0.8666 -0.3290
vn -0.2039 -0.9664 -0.1564
vn 0.0021 -1.0000 0.0018
vn 0.2079 -0.9651 0.1595
vn 0.3782 -0.8642 0.3317
vn 0.5628 -0.7048 0.4319
vn 0.6521 -0.4978 0.5718
vn 0.7666 -0.2575 0.5882
vn 0.8368 0.2575 0.4831
vn 0.7211 0.4978 0.4818
vn 0.6144 0.7048 0.3547
vn 0.4183 0.8642 0.2795
vn 0.2269 0.9651 0.1310
vn 0.0023 1.0000 0.0015
vn -0.2225 0.9664 -0.1285
vn -0.4149 0.8666 -0.2772
vn -0.6120 0.7075 -0.3534
vn -0.7200 0.5001 -0.4811
vn -0.8365 0.2588 -0.4830
vn -0.8365 -0.2588 -0.4830
vn -0.7200 -0.5001 -0.4811
vn -0.6120 -0.7075 -0.3534
vn -0.4149 -0.8666 -0.2772
vn -0.2225 -0.9664 -0.1285
vn 0.0023 -1.0000 0.0015
vn 0.2269 -0.9651 0.1310
vn 0.4183 -0.8642 0.2795
vn 0.6144 -0.7048 0.3547
vn 0.7211 -0.4978 0.4818
vn 0.8368 -0.2575 0.4831
vn 0.8927 0.2575 0.3698
vn 0.7779 0.4978 0.3836
vn 0.6554 0.7048 0.2715
vn 0.4512 0.8642 0.2225
vn 0.2421 0.9651 0.1003
vn 0.0025 1.0000 0.0012
vn -0.2374 0.9664 -0.0983
vn -0.4475 0.8666 -0.2207
vn -0.6529 0.7075 -0.2705
vn -0.7766 0.5001 -0.3830
vn -0.8924 0.2588 -0.3696
vn -0.8924 -0.2588 -0.3696
vn -0.7766 -0.5001 -0.3830
vn -0.6529 -0.7075 -0.2705
vn -0.4475 -0.8666 -0.2207
vn -0.2374 -0.9664 -0.0983
vn 0.0025 -1.0000 0.0012
vn 0.2421 -0.9651 0.1003
vn 0.4512 -0.8642 0.2225
vn 0.6554 -0.7048 0.2715
vn 0.7779 -0.4978 0.3836
vn 0.8927 -0.2575 0.3698
vn 0.9334 0.2575 0.2501
vn 0.8213 0.4978 0.2788
vn 0.6853 0.7048 0.1836
vn 0.4764 0.8642 0.1617
vn 0.2531 0.9651 0.0678
vn 0.0026 1.0000 0.0009
vn -0.2482 0.9664 -0.0665
vn -0.4725 0.8666 -0.1604
vn -0.6826 0.7075 -0.1829
vn -0.8200 0.5001 -0.2783
vn -0.9330 0.2588 -0.2500
vn -0.9330 -0.2588 -0.2500
vn -0.8200 -0.5001 -0.2783
vn -0.6826 -0.7075 -0.1829
vn -0.4725 -0.8666 -0.1604
vn -0.2482 -0.9664 -0.0665
vn 0.0026 -1.0000 0.0009
vn 0.2531 -0.9651 0.0678
vn 0.4764 -0.8642 0.1617
vn 0.6852 -0.7048 0.1836
vn 0.8213 -0.4978 0.2788
vn 0.9334 -0.2575 0.2501
vn 0.9580 0.2575 0.1261
vn 0.8506 0.4978 0.1692
vn 0.7034 0.7048 0.0926
vn 0.4934 0.8642 0.0981
vn 0.2598 0.9651 0.0342
vn 0.0027 1.0000 0.0005
vn -0.2548 0.9664 -0.0335
vn -0.4894 0.8666 -0.0973
vn -0.7007 0.7075 -0.0922
vn -0.8493 0.5001 -0.1689
vn -0.9577 0.2588 -0.1261
vn -0.9577 -0.2588 -0.1261
vn -0.8493 -0.5001 -0.1689
vn -0.7007 -0.7075 -0.0922
vn -0.4894 -0.8666 -0.0973
vn -0.2548 -0.9664 -0.0335
vn 0.0027 -1.0000 0.0005
vn 0.2598 -0.9651 0.0342
vn 0.4934 -0.8642 0.0981
vn 0.7034 -0.7048 0.0926
vn 0.8506 -0.4978 0.1692
vn 0.9580 -0.2575 0.1261
vn 0.8654 0.4978 0.0567
vn 0.5020 0.8642 0.0329
vn 0.0027 1.0000 0.0002
vn -0.4979 0.8666 -0.0326
vn -0.8641 0.5001 -0.0566
vn -0.8641 -0.5001 -0.0566
vn -0.4979 -0.8666 -0.0326
vn 0.0027 -1.0000 0.0002
vn 0.5020 -0.8642 0.0329
vn 0.8654 -0.4978 0.0567
vn -0.8641 0.5002 0.0566
vn 0.6853 0.7048 -0.1836
vn 0.6852 -0.7048 -0.1836
vn -0.8200 0.5002 0.2783
vn -0.7766 0.5002 0.3830
vn -0.7200 0.5002 0.4811
vn 0.6521 0.4978 -0.5719
vn -0.6510 0.5002 0.5710
vn -0.5710 0.5002 0.6510
vn 0.5718 -0.4978 -0.6521
vn -0.4811 0.5002 0.7200
vn -0.4811 -0.5002 0.7200
vn -0.3830 0.5002 0.7766
vn 0.1836 0.7048 -0.6852
vn -0.2783 0.5002 0.8200
vn -0.0566 0.5002 0.8641
vn 0.0566 0.5002 0.8641
vn -0.1836 0.7048 -0.6852
vn 0.1689 0.5002 0.8493
vn 0.2783 0.5002 0.8200
vn 0.3830 0.5002 0.7766
vn 0.4811 0.5002 0.7200
vn -0.5718 0.4978 -0.6521
vn -0.6521 0.4978 -0.5719
vn 0.6510 0.5002 0.5710
vn 0.7200 0.5002 0.4811
vn 0.8200 0.5002 0.2783
vn -0.6853 -0.7048 -0.1836
vn 0.8493 -0.5002 0.1689
vn -0.6852 -0.7048 0.1836
vn 0.8200 0.5002 -0.2783
vn 0.7200 -0.5002 -0.4811
vn 0.6510 0.5002 -0.5710
vn 0.5710 0.5002 -0.6510
vn -0.5718 -0.4978 0.6521
vn 0.4811 0.5002 -0.7200
vn 0.3830 0.5002 -0.7766
vn 0.2783 0.5002 -0.8200
vn 0.1689 0.5002 -0.8493
vn 0.0566 0.5002 -0.8641
vn 0.1836 0.7048 0.6852
vn -0.1829 0.7075 -0.6826
vn -0.2783 0.5002 -0.8200
vn -0.3830 0.5002 -0.7766
vn -0.4811 0.5002 -0.7200
vn 0.5718 0.4978 0.6521
vn -0.5710 0.5002 -0.6510
vn 0.5718 -0.4978 0.6521
vn -0.6510 0.5002 -0.5710
vn 0.6521 -0.4978 0.5719
vn -0.7766 0.5002 -0.3830
vn -0.8200 0.5002 -0.2783
vn 0.1449 0.3763 -0.9151
vn 0.0306 -0.9806 -0.1934
vn 0.0625 0.9168 -0.3943
vn 0.1250 -0.6009 -0.7895
vn 0.1551 0.1280 -0.9796
vn 0.0965 0.7869 -0.6094
vn 0.0965 -0.7869 -0.6094
vn 0.1551 -0.1280 -0.9796
vn 0.1250 0.6009 -0.7895
vn 0.0625 -0.9168 -0.3943
vn 0.0306 0.9806 -0.1934
vn 0.1449 -0.3763 -0.9151
vn 0.2801 -0.7869 -0.5498
vn 0.4503 -0.1280 -0.8837
vn 0.3629 0.6009 -0.7122
vn 0.1813 -0.9168 -0.3557
vn 0.0889 0.9806 -0.1745
vn 0.4206 -0.3763 -0.8255
vn 0.4206 0.3763 -0.8255
vn 0.0889 -0.9806 -0.1745
vn 0.1813 0.9168 -0.3557
vn 0.3629 -0.6009 -0.7122
vn 0.4503 0.1280 -0.8837
vn 0.2801 0.7869 -0.5498
vn 0.2823 0.9168 -0.2823
vn 0.5652 -0.6009 -0.5652
vn 0.7013 0.1280 -0.7013
vn 0.4363 0.7869 -0.4363
vn 0.4363 -0.7869 -0.4363
vn 0.7013 -0.1280 -0.7013
vn 0.5652 0.6009 -0.5652
vn 0.2823 -0.9168 -0.2823
vn 0.1385 0.9806 -0.1385
vn 0.6551 -0.3763 -0.6551
vn 0.6551 0.3763 -0.6551
vn 0.1385 -0.9806 -0.1385
vn 0.3557 -0.9168 -0.1813
vn 0.1745 0.9806 -0.0889
vn 0.8255 -0.3763 -0.4206
vn 0.8255 0.3763 -0.4206
vn 0.1745 -0.9806 -0.0889
vn 0.3557 0.9168 -0.1813
vn 0.7122 -0.6009 -0.3629
vn 0.8837 0.1280 -0.4503
vn 0.5498 0.7869 -0.2801
vn 0.5498 -0.7869 -0.2801
vn 0.8837 -0.1280 -0.4503
vn 0.7122 0.6009 -0.3629
vn 0.6094 0.7869 -0.0965
vn 0.6094 -0.7869 -0.0965
vn 0.9796 -0.1280 -0.1551
vn 0.7895 0.6009 -0.1250
vn 0.3943 -0.9168 -0.0625
vn 0.1934 0.9806 -0.0306
vn 0.9151 -0.3763 -0.1449
vn 0.9151 0.3763 -0.1449
vn 0.1934 -0.9806 -0.0306
vn 0.3943 0.9168 -0.0625
vn 0.7895 -0.6009 -0.1250
vn 0.9796 0.1280 -0.1551
vn 0.1934 -0.9806 0.0306
vn 0.3943 0.9168 0.0625
vn 0.7895 -0.6009 0.1250
vn 0.9796 0.1280 0.1551
vn 0.6094 0.7869 0.0965
vn 0.6094 -0.7869 0.0965
vn 0.9796 -0.1280 0.1551
vn 0.7895 0.6009 0.1250
vn 0.3943 -0.9168 0.0625
vn 0.1934 0.9806 0.0306
vn 0.9151 -0.3763 0.1449
vn 0.9151 0.3763 0.1449
vn 0.7122 0.6009 0.3629
vn 0.3557 -0.9168 0.1813
vn 0.1745 0.9806 0.0889
vn 0.8255 -0.3763 0.4206
vn 0.8255 0.3763 0.4206
vn 0.1745 -0.9806 0.0889
vn 0.3557 0.9168 0.1813
vn 0.7122 -0.6009 0.3629
vn 0.8837 0.1280 0.4503
vn 0.5498 0.7869 0.2801
vn 0.5498 -0.7869 0.2801
vn 0.8837 -0.1280 0.4503
vn 0.4363 0.7869 0.4363
vn 0.4363 -0.7869 0.4363
vn 0.7013 -0.1280 0.7013
vn 0.5652 0.6009 0.5652
vn 0.2823 -0.9168 0.2823
vn 0.1385 0.9806 0.1385
vn 0.6551 -0.3763 0.6551
vn 0.6551 0.3763 0.6551
vn 0.1385 -0.9806 0.1385
vn 0.2823 0.9168 0.2823
vn 0.5652 -0.6009 0.5652
vn 0.7013 0.1280 0.7013
vn 0.4206 0.3763 0.8255
vn 0.0889 -0.9806 0.1745
vn 0.1813 0.9168 0.3557
vn 0.3629 -0.6009 0.7122
vn 0.4503 0.1280 0.8837
vn 0.2801 0.7869 0.5498
vn 0.2801 -0.7869 0.5498
vn 0.4503 -0.1280 0.8837
vn 0.3629 0.6009 0.7122
vn 0.1813 -0.9168 0.3557
vn 0.0889 0.9806 0.1745
vn 0.4206 -0.3763 0.8255
vn 0.1250 0.6009 0.7894
vn 0.0625 -0.9168 0.3943
vn 0.0306 0.9806 0.1934
vn 0.1449 -0.3763 0.9151
vn 0.1449 0.3763 0.9151
vn 0.0306 -0.9806 0.1934
vn 0.0625 0.9168 0.3943
vn 0.1250 -0.6009 0.7895
vn 0.1551 0.1280 0.9796
vn 0.0965 0.7869 0.6094
vn 0.0965 -0.7869 0.6094
vn 0.1551 -0.1280 0.9796
vn -0.1551 0.1280 0.9796
vn -0.0965 0.7869 0.6094
vn -0.0965 -0.7869 0.6094
vn -0.1551 -0.1280 0.9796
vn -0.1250 0.6009 0.7894
vn -0.0625 -0.9168 0.3943
vn -0.0306 0.9806 0.1934
vn -0.1449 -0.3763 0.9151
vn -0.1449 0.3763 0.9151
vn -0.0306 -0.9806 0.1934
vn -0.0625 0.9168 0.3943
vn -0.1250 -0.6009 0.7895
vn -0.4206 0.3763 0.8255
vn -0.0889 -0.9806 0.1745
vn -0.1813 0.9168 0.3557
vn -0.3629 -0.6009 0.7122
vn -0.4503 0.1280 0.8837
vn -0.2801 0.7869 0.5498
vn -0.2801 -0.7869 0.5498
vn -0.4503 -0.1280 0.8837
vn -0.3629 0.6009 0.7122
vn -0.1813 -0.9168 0.3557
vn -0.0889 0.9806 0.1745
vn -0.4206 -0.3763 0.8255
vn -0.7013 -0.1280 0.7013
vn -0.5652 0.6009 0.5652
vn -0.2823 -0.9168 0.2823
vn -0.1385 0.9806 0.1385
vn -0.6551 -0.3763 0.6551
vn -0.6551 0.3763 0.6551
vn -0.1385 -0.9806 0.1385
vn -0.2823 0.9168 0.2823
vn -0.5652 -0.6009 0.5652
vn -0.7013 0.1280 0.7013
vn -0.4363 0.7869 0.4363
vn -0.4363 -0.7869 0.4363
vn -0.8837 0.1280 0.4503
vn -0.5498 0.7869 0.2801
vn -0.5498 -0.7869 0.2801
vn -0.8837 -0.1280 0.4503
vn -0.7122 0.6009 0.3629
vn -0.3557 -0.9168 0.1813
vn -0.1745 0.9806 0.0889
vn -0.8255 -0.3763 0.4206
vn -0.8255 0.3763 0.4206
vn -0.1745 -0.9806 0.0889
vn -0.3557 0.9168 0.1813
vn -0.7122 -0.6009 0.3629
vn -0.9151 -0.3763 0.1449
vn -0.9151 0.3763 0.1449
vn -0.1934 -0.9806 0.0306
vn -0.3943 0.9168 0.0625
vn -0.7895 -0.6009 0.1250
vn -0.9796 0.1280 0.1551
vn -0.6094 0.7869 0.0965
vn -0.6094 -0.7869 0.0965
vn -0.9796 -0.1280 0.1551
vn -0.7895 0.6009 0.1250
vn -0.3943 -0.9168 0.0625
vn -0.1934 0.9806 0.0306
vn -0.9796 -0.1280 -0.1551
vn -0.7894 0.6009 -0.1250
vn -0.3943 -0.9168 -0.0625
vn -0.1934 0.9806 -0.0306
vn -0.9151 -0.3763 -0.1449
vn -0.9151 0.3763 -0.1449
vn -0.1934 -0.9806 -0.0306
vn -0.3943 0.9168 -0.0625
vn -0.7895 -0.6009 -0.1250
vn -0.9796 0.1280 -0.1551
vn -0.6094 0.7869 -0.0965
vn -0.6094 -0.7869 -0.0965
vn -0.7122 -0.6009 -0.3629
vn -0.8837 0.1280 -0.4503
vn -0.5498 0.7869 -0.2801
vn -0.5498 -0.7869 -0.2801
vn -0.8837 -0.1280 -0.4503
vn -0.7122 0.6009 -0.3629
vn -0.3557 -0.9168 -0.1813
vn -0.1745 0.9806 -0.0889
vn -0.8255 -0.3763 -0.4206
vn -0.8255 0.3763 -0.4206
vn -0.1745 -0.9806 -0.0889
vn -0.3557 0.9168 -0.1813
vn -0.1385 0.9806 -0.1385
vn -0.6551 -0.3763 -0.6551
vn -0.6551 0.3763 -0.6551
vn -0.1385 -0.9806 -0.1385
vn -0.2823 0.9168 -0.2823
vn -0.5652 -0.6009 -0.5652
vn -0.7013 0.1280 -0.7013
vn -0.4363 0.7869 -0.4363
vn -0.4363 -0.7869 -0.4363
vn -0.7013 -0.1280 -0.7013
vn -0.5652 0.6009 -0.5652
vn -0.2823 -0.9168 -0.2823
vn -0.2801 -0.7869 -0.5498
vn -0.4503 -0.1280 -0.8837
vn -0.3629 0.6009 -0.7122
vn -0.1813 -0.9168 -0.3557
vn -0.0889 0.9806 -0.1745
vn -0.4206 -0.3763 -0.8255
vn -0.4206 0.3763 -0.8255
vn -0.0889 -0.9806 -0.1745
vn -0.1813 0.9168 -0.3557
vn -0.3629 -0.6009 -0.7122
vn -0.4503 0.1280 -0.8837
vn -0.2801 0.7869 -0.5498
vn -0.0625 0.9168 -0.3943
vn -0.1250 -0.6009 -0.7895
vn -0.1551 0.1280 -0.9796
vn -0.0965 0.7869 -0.6094
vn -0.0965 -0.7869 -0.6094
vn -0.1551 -0.1280 -0.9796
vn -0.1250 0.6009 -0.7895
vn -0.0625 -0.9168 -0.3943
vn -0.0306 0.9806 -0.1934
vn -0.1449 -0.3763 -0.9151
vn -0.1449 0.3763 -0.9151
vn -0.0306 -0.9806 -0.1934
vn 0.9642 0.2575 -0.0632
vn 0.7079 0.7048 -0.0464
vn 0.2614 0.9651 -0.0171
vn -0.2564 0.9664 0.0168
vn -0.7052 0.7075 0.0462
vn -0.9639 0.2588 0.0632
vn -0.9639 -0.2588 0.0632
vn -0.7052 -0.7075 0.0462
vn -0.2564 -0.9664 0.0168
vn 0.2614 -0.9651 -0.0171
vn 0.7079 -0.7048 -0.0464
vn 0.9642 -0.2575 -0.0632
vn 0.9477 0.2575 -0.1885
vn 0.6958 0.7048 -0.1384
vn 0.2570 0.9651 -0.0511
vn -0.2520 0.9664 0.0501
vn -0.6932 0.7075 0.1379
vn -0.9474 0.2588 0.1884
vn -0.9474 -0.2588 0.1884
vn -0.6932 -0.7075 0.1379
vn -0.2520 -0.9664 0.0501
vn 0.2570 -0.9651 -0.0511
vn 0.6958 -0.7048 -0.1384
vn 0.9477 -0.2575 -0.1885
vn 0.9150 0.2575 -0.3106
vn 0.6718 0.7048 -0.2280
vn 0.2481 0.9651 -0.0842
vn -0.2433 0.9664 0.0826
vn -0.6692 0.7075 0.2272
vn -0.9147 0.2588 0.3105
vn -0.9147 -0.2588 0.3105
vn -0.6692 -0.7075 0.2272
vn -0.2433 -0.9664 0.0826
vn 0.2481 -0.9651 -0.0842
vn 0.6718 -0.7048 -0.2280
vn 0.9150 -0.2575 -0.3106
vn 0.8666 0.2575 -0.4274
vn 0.6363 0.7048 -0.3138
vn 0.2350 0.9651 -0.1159
vn -0.2305 0.9664 0.1137
vn -0.6338 0.7075 0.3126
vn -0.8663 0.2588 0.4272
vn -0.8663 -0.2588 0.4272
vn -0.6338 -0.7075 0.3126
vn -0.2305 -0.9664 0.1137
vn 0.2350 -0.9651 -0.1159
vn 0.6363 -0.7048 -0.3138
vn 0.8666 -0.2575 -0.4274
vn 0.8034 0.2575 -0.5368
vn 0.5899 0.7048 -0.3941
vn 0.2179 0.9651 -0.1456
vn -0.2137 0.9664 0.1428
vn -0.5876 0.7075 0.3926
vn -0.8031 0.2588 0.5366
vn -0.8031 -0.2588 0.5366
vn -0.5876 -0.7075 0.3926
vn -0.2137 -0.9664 0.1428
vn 0.2179 -0.9651 -0.1456
vn 0.5899 -0.7048 -0.3941
vn 0.8034 -0.2575 -0.5368
vn 0.7265 0.2575 -0.6371
vn 0.5334 0.7048 -0.4678
vn 0.1970 0.9651 -0.1728
vn -0.1932 0.9664 0.1694
vn -0.5313 0.7075 0.4660
vn -0.7262 0.2588 0.6369
vn -0.7262 -0.2588 0.6369
vn -0.5313 -0.7075 0.4660
vn -0.1932 -0.9664 0.1694
vn 0.1970 -0.9651 -0.1728
vn 0.5334 -0.7048 -0.4678
vn 0.7265 -0.2575 -0.6371
vn 0.6371 0.2575 -0.7265
vn 0.4678 0.7048 -0.5334
vn 0.1728 0.9651 -0.1970
vn -0.1694 0.9664 0.1932
vn -0.4660 0.7075 0.5313
vn -0.6369 0.2588 0.7262
vn -0.6369 -0.2588 0.7262
vn -0.4660 -0.7075 0.5313
vn -0.1694 -0.9664 0.1932
vn 0.1728 -0.9651 -0.1970
vn 0.4678 -0.7048 -0.5334
vn 0.6371 -0.2575 -0.7265
vn 0.5368 0.2575 -0.8034
vn 0.3941 0.7048 -0.5899
vn 0.1456 0.9651 -0.2178
vn -0.1428 0.9664 0.2137
vn -0.3926 0.7075 0.5876
vn -0.5366 0.2588 0.8031
vn -0.5366 -0.2588 0.8031
vn -0.3926 -0.7075 0.5876
vn -0.1428 -0.9664 0.2137
vn 0.1456 -0.9651 -0.2179
vn 0.3941 -0.7048 -0.5899
vn 0.5368 -0.2575 -0.8034
vn 0.4274 0.2575 -0.8666
vn 0.3138 0.7048 -0.6363
vn 0.1159 0.9651 -0.2350
vn -0.1137 0.9664 0.2305
vn -0.3126 0.7075 0.6338
vn -0.4272 0.2588 0.8663
vn -0.4272 -0.2588 0.8663
vn -0.3126 -0.7075 0.6338
vn -0.1137 -0.9664 0.2305
vn 0.1159 -0.9651 -0.2350
vn 0.3138 -0.7048 -0.6363
vn 0.4274 -0.2575 -0.8666
vn 0.3106 0.2575 -0.9150
vn 0.2280 0.7048 -0.6718
vn 0.0842 0.9651 -0.2481
vn -0.0826 0.9664 0.2433
vn -0.2272 0.7075 0.6692
vn -0.3105 0.2588 0.9147
vn -0.3105 -0.2588 0.9147
vn -0.2272 -0.7075 0.6692
vn -0.0826 -0.9664 0.2433
vn 0.0842 -0.9651 -0.2481
vn 0.2280 -0.7048 -0.6718
vn 0.3106 -0.2575 -0.9150
vn 0.1885 0.2575 -0.9477
vn 0.1384 0.7048 -0.6958
vn 0.0511 0.9651 -0.2570
vn -0.0501 0.9664 0.2520
vn -0.1379 0.7075 0.6932
vn -0.1884 0.2588 0.9474
vn -0.1884 -0.2588 0.9474
vn -0.1379 -0.7075 0.6932
vn -0.0501 -0.9664 0.2520
vn 0.0511 -0.9651 -0.2570
vn 0.1384 -0.7048 -0.6958
vn 0.1885 -0.2575 -0.9477
vn 0.0632 0.2575 -0.9642
vn 0.0464 0.7048 -0.7079
vn 0.0171 0.9651 -0.2614
vn -0.0168 0.9664 0.2564
vn -0.0462 0.7075 0.7052
vn -0.0632 0.2588 0.9639
vn -0.0632 -0.2588 0.9639
vn -0.0462 -0.7075 0.7052
vn -0.0168 -0.9664 0.2564
vn 0.0171 -0.9651 -0.2614
vn 0.0464 -0.7048 -0.7079
vn 0.0632 -0.2575 -0.9642
vn -0.0632 0.2575 -0.9642
vn -0.0464 0.7048 -0.7079
vn -0.0171 0.9651 -0.2614
vn 0.0168 0.9664 0.2564
vn 0.0462 0.7075 0.7052
vn 0.0632 0.2588 0.9639
vn 0.0632 -0.2588 0.9639
vn 0.0462 -0.7075 0.7052
vn 0.0168 -0.9664 0.2564
vn -0.0171 -0.9651 -0.2614
vn -0.0464 -0.7048 -0.7079
vn -0.0632 -0.2575 -0.9642
vn -0.1885 0.2575 -0.9477
vn -0.1384 0.7048 -0.6958
vn -0.0511 0.9651 -0.2570
vn 0.0501 0.9664 0.2520
vn 0.1379 0.7075 0.6932
vn 0.1884 0.2588 0.9474
vn 0.1884 -0.2588 0.9474
vn 0.1379 -0.7075 0.6932
vn 0.0501 -0.9664 0.2520
vn -0.0511 -0.9651 -0.2570
vn -0.1384 -0.7048 -0.6958
vn -0.1885 -0.2575 -0.9477
vn -0.3106 0.2575 -0.9150
vn -0.2280 0.7048 -0.6718
vn -0.0842 0.9651 -0.2481
vn 0.0826 0.9664 0.2433
vn 0.2272 0.7075 0.6692
vn 0.3105 0.2588 0.9147
vn 0.3105 -0.2588 0.9147
vn 0.2272 -0.7075 0.6692
vn 0.0826 -0.9664 0.2433
vn -0.0842 -0.9651 -0.2481
vn -0.2280 -0.7048 -0.6718
vn -0.3106 -0.2575 -0.9150
vn -0.4274 0.2575 -0.8666
vn -0.3138 0.7048 -0.6363
vn -0.1159 0.9651 -0.2350
vn 0.1137 0.9664 0.2305
vn 0.3126 0.7075 0.6338
vn 0.4272 0.2588 0.8663
vn 0.4272 -0.2588 0.8663
vn 0.3126 -0.7075 0.6338
vn 0.1137 -0.9664 0.2305
vn -0.1159 -0.9651 -0.2350
vn -0.3138 -0.7048 -0.6363
vn -0.4274 -0.2575 -0.8666
vn -0.5368 0.2575 -0.8034
vn -0.3941 0.7048 -0.5899
vn -0.1456 0.9651 -0.2178
vn 0.1428 0.9664 0.2137
vn 0.3926 0.7075 0.5876
vn 0.5366 0.2588 0.8031
vn 0.5366 -0.2588 0.8031
vn 0.3926 -0.7075 0.5876
vn 0.1428 -0.9664 0.2137
vn -0.1456 -0.9651 -0.2179
vn -0.3941 -0.7048 -0.5899
vn -0.5368 -0.2575 -0.8034
vn -0.6371 0.2575 -0.7265
vn -0.4678 0.7048 -0.5334
vn -0.1728 0.9651 -0.1970
vn 0.1694 0.9664 0.1932
vn 0.4660 0.7075 0.5313
vn 0.6369 0.2588 0.7262
vn 0.6369 -0.2588 0.7262
vn 0.4660 -0.7075 0.5313
vn 0.1694 -0.9664 0.1932
vn -0.1728 -0.9651 -0.1970
vn -0.4678 -0.7048 -0.5334
vn -0.6371 -0.2575 -0.7265
vn -0.7265 0.2575 -0.6371
vn -0.5334 0.7048 -0.4678
vn -0.1970 0.9651 -0.1728
vn 0.1932 0.9664 0.1694
vn 0.5313 0.7075 0.4660
vn 0.7262 0.2588 0.6369
vn 0.7262 -0.2588 0.6369
vn 0.5313 -0.7075 0.4660
vn 0.1932 -0.9664 0.1694
vn -0.1970 -0.9651 -0.1728
vn -0.5334 -0.7048 -0.4678
vn -0.7265 -0.2575 -0.6371
vn -0.8034 0.2575 -0.5368
vn -0.5899 0.7048 -0.3941
vn -0.2179 0.9651 -0.1456
vn 0.2137 0.9664 0.1428
vn 0.5876 0.7075 0.3926
vn 0.8031 0.2588 0.5366
vn 0.8031 -0.2588 0.5366
vn 0.5876 -0.7075 0.3926
vn 0.2137 -0.9664 0.1428
vn -0.2179 -0.9651 -0.1456
vn -0.5899 -0.7048 -0.3941
vn -0.8034 -0.2575 -0.5368
vn -0.8666 0.2575 -0.4274
vn -0.6363 0.7048 -0.3138
vn -0.2350 0.9651 -0.1159
vn 0.2305 0.9664 0.1137
vn 0.6338 0.7075 0.3126
vn 0.8663 0.2588 0.4272
vn 0.8663 -0.2588 0.4272
vn 0.6338 -0.7075 0.3126
vn 0.2305 -0.9664 0.1137
vn -0.2350 -0.9651 -0.1159
vn -0.6363 -0.7048 -0.3138
vn -0.8666 -0.2575 -0.4274
vn -0.9150 0.2575 -0.3106
vn -0.6718 0.7048 -0.2280
vn -0.2481 0.9651 -0.0842
vn 0.2433 0.9664 0.0826
vn 0.6692 0.7075 0.2272
vn 0.9147 0.2588 0.3105
vn 0.9147 -0.2588 0.3105
vn 0.6692 -0.7075 0.2272
vn 0.2433 -0.9664 0.0826
vn -0.2481 -0.9651 -0.0842
vn -0.6718 -0.7048 -0.2280
vn -0.9150 -0.2575 -0.3106
vn -0.9477 0.2575 -0.1885
vn -0.6958 0.7048 -0.1384
vn -0.2570 0.9651 -0.0511
vn 0.2520 0.9664 0.0501
vn 0.6932 0.7075 0.1379
vn 0.9474 0.2588 0.1884
vn 0.9474 -0.2588 0.1884
vn 0.6932 -0.7075 0.1379
vn 0.2520 -0.9664 0.0501
vn -0.2570 -0.9651 -0.0511
vn -0.6958 -0.7048 -0.1384
vn -0.9477 -0.2575 -0.1885
vn -0.9642 0.2575 -0.0632
vn -0.7079 0.7048 -0.0464
vn -0.2615 0.9651 -0.0171
vn 0.2564 0.9664 0.0168
vn 0.7052 0.7075 0.0462
vn 0.9639 0.2588 0.0632
vn 0.9639 -0.2588 0.0632
vn 0.7052 -0.7075 0.0462
vn 0.2564 -0.9664 0.0168
vn -0.2614 -0.9651 -0.0171
vn -0.7079 -0.7048 -0.0464
vn -0.9642 -0.2575 -0.0632
vn -0.9642 0.2575 0.0632
vn -0.7079 0.7048 0.0464
vn -0.2614 0.9651 0.0171
vn 0.2564 0.9664 -0.0168
vn 0.7052 0.7075 -0.0462
vn 0.9639 0.2588 -0.0632
vn 0.9639 -0.2588 -0.0632
vn 0.7052 -0.7075 -0.0462
vn 0.2564 -0.9664 -0.0168
vn -0.2615 -0.9651 0.0171
vn -0.7079 -0.7048 0.0464
vn -0.9642 -0.2575 0.0632
vn -0.9477 0.2575 0.1885
vn -0.6958 0.7048 0.1384
vn -0.2570 0.9651 0.0511
vn 0.2520 0.9664 -0.0501
vn 0.6932 0.7075 -0.1379
vn 0.9474 0.2588 -0.1884
vn 0.9474 -0.2588 -0.1884
vn 0.6932 -0.7075 -0.1379
vn 0.2520 -0.9664 -0.0501
vn -0.2570 -0.9651 0.0511
vn -0.6958 -0.7048 0.1384
vn -0.9477 -0.2575 0.1885
vn -0.9150 0.2575 0.3106
vn -0.6718 0.7048 0.2280
vn -0.2481 0.9651 0.0842
vn 0.2433 0.9664 -0.0826
vn 0.6692 0.7075 -0.2272
vn 0.9147 0.2588 -0.3105
vn 0.9147 -0.2588 -0.3105
vn 0.6692 -0.7075 -0.2272
vn 0.2433 -0.9664 -0.0826
vn -0.2481 -0.9651 0.0842
vn -0.6718 -0.7048 0.2280
vn -0.9150 -0.2575 0.3106
vn -0.8666 0.2575 0.4274
vn -0.6363 0.7048 0.3138
vn -0.2350 0.9651 0.1159
vn 0.2305 0.9664 -0.1137
vn 0.6338 0.7075 -0.3126
vn 0.8663 0.2588 -0.4272
vn 0.8663 -0.2588 -0.4272
vn 0.6338 -0.7075 -0.3126
vn 0.2305 -0.9664 -0.1137
vn -0.2350 -0.9651 0.1159
vn -0.6363 -0.7048 0.3138
vn -0.8666 -0.2575 0.4274
vn -0.8034 0.2575 0.5368
vn -0.5899 0.7048 0.3941
vn -0.2179 0.9651 0.1456
vn 0.2137 0.9664 -0.1428
vn 0.5876 0.7075 -0.3926
vn 0.8031 0.2588 -0.5366
vn 0.8031 -0.2588 -0.5366
vn 0.5876 -0.7075 -0.3926
vn 0.2137 -0.9664 -0.1428
vn -0.2179 -0.9651 0.1456
vn -0.5899 -0.7048 0.3941
vn -0.8034 -0.2575 0.5368
vn -0.7265 0.2575 0.6371
vn -0.5334 0.7048 0.4678
vn -0.1970 0.9651 0.1728
vn 0.1932 0.9664 -0.1694
vn 0.5313 0.7075 -0.4660
vn 0.7262 0.2588 -0.6369
vn 0.7262 -0.2588 -0.6369
vn 0.5313 -0.7075 -0.4660
vn 0.1932 -0.9664 -0.1694
vn -0.1970 -0.9651 0.1728
vn -0.5334 -0.7048 0.4678
vn -0.7265 -0.2575 0.6371
vn -0.6371 0.2575 0.7265
vn -0.4678 0.7048 0.5334
vn -0.1728 0.9651 0.1970
vn 0.1694 0.9664 -0.1932
vn 0.4660 0.7075 -0.5313
vn 0.6369 0.2588 -0.7262
vn 0.6369 -0.2588 -0.7262
vn 0.4660 -0.7075 -0.5313
vn 0.1694 -0.9664 -0.1932
vn -0.1728 -0.9651 0.1970
vn -0.4678 -0.7048 0.5334
vn -0.6371 -0.2575 0.7265
vn -0.5368 0.2575 0.8034
vn -0.3941 0.7048 0.5899
vn -0.1456 0.9651 0.2178
vn 0.1428 0.9664 -0.2137
vn 0.3926 0.7075 -0.5876
vn 0.5366 0.2588 -0.8031
vn 0.5366 -0.2588 -0.8031
vn 0.3926 -0.7075 -0.5876
vn 0.1428 -0.9664 -0.2137
vn -0.1456 -0.9651 0.2179
vn -0.3941 -0.7048 0.5899
vn -0.5368 -0.2575 0.8034
vn -0.4274 0.2575 0.8666
vn -0.3138 0.7048 0.6363
vn -0.1159 0.9651 0.2350
vn 0.1137 0.9664 -0.2305
vn 0.3126 0.7075 -0.6338
vn 0.4272 0.2588 -0.8663
vn 0.4272 -0.2588 -0.8663
vn 0.3126 -0.7075 -0.6338
vn 0.1137 -0.9664 -0.2305
vn -0.1159 -0.9651 0.2350
vn -0.3138 -0.7048 0.6363
vn -0.4274 -0.2575 0.8666
vn -0.3106 0.2575 0.9150
vn -0.2280 0.7048 0.6718
vn -0.0842 0.9651 0.2481
vn 0.0826 0.9664 -0.2433
vn 0.2272 0.7075 -0.6692
vn 0.3105 0.2588 -0.9147
vn 0.3105 -0.2588 -0.9147
vn 0.2272 -0.7075 -0.6692
vn 0.0826 -0.9664 -0.2433
vn -0.0842 -0.9651 0.2481
vn -0.2280 -0.7048 0.6718
vn -0.3106 -0.2575 0.9150
vn -0.1885 0.2575 0.9477
vn -0.1384 0.7048 0.6958
vn -0.0511 0.9651 0.2570
vn 0.0501 0.9664 -0.2520
vn 0.1379 0.7075 -0.6932
vn 0.1884 0.2588 -0.9474
vn 0.1884 -0.2588 -0.9474
vn 0.1379 -0.7075 -0.6932
vn 0.0501 -0.9664 -0.2520
vn -0.0511 -0.9651 0.2570
vn -0.1384 -0.7048 0.6958
vn -0.1885 -0.2575 0.9477
vn -0.0632 0.2575 0.9642
vn -0.0464 0.7048 0.7079
vn -0.0171 0.9651 0.2614
vn 0.0168 0.9664 -0.2564
vn 0.0462 0.7075 -0.7052
vn 0.0632 0.2588 -0.9639
vn 0.0632 -0.2588 -0.9639
vn 0.0462 -0.7075 -0.7052
vn 0.0168 -0.9664 -0.2564
vn -0.0171 -0.9651 0.2614
vn -0.0464 -0.7048 0.7079
vn -0.0632 -0.2575 0.9642
vn 0.0632 0.2575 0.9642
vn 0.0464 0.7048 0.7079
vn 0.0171 0.9651 0.2614
vn -0.0168 0.9664 -0.2564
vn -0.0462 0.7075 -0.7052
vn -0.0632 0.2588 -0.9639
vn -0.0632 -0.2588 -0.9639
vn -0.0462 -0.7075 -0.7052
vn -0.0168 -0.9664 -0.2564
vn 0.0171 -0.9651 0.2614
vn 0.0464 -0.7048 0.7079
vn 0.0632 -0.2575 0.9642
vn 0.1885 0.2575 0.9477
vn 0.1384 0.7048 0.6958
vn 0.0511 0.9651 0.2570
vn -0.0501 0.9664 -0.2520
vn -0.1379 0.7075 -0.6932
vn -0.1884 0.2588 -0.9474
vn -0.1884 -0.2588 -0.9474
vn -0.1379 -0.7075 -0.6932
vn -0.0501 -0.9664 -0.2520
vn 0.0511 -0.9651 0.2570
vn 0.1384 -0.7048 0.6958
vn 0.1885 -0.2575 0.9477
vn 0.3106 0.2575 0.9150
vn 0.2280 0.7048 0.6718
vn 0.0842 0.9651 0.2481
vn -0.0826 0.9664 -0.2433
vn -0.2272 0.7075 -0.6692
vn -0.3105 0.2588 -0.9147
vn -0.3105 -0.2588 -0.9147
vn -0.2272 -0.7075 -0.6692
vn -0.0826 -0.9664 -0.2433
vn 0.0842 -0.9651 0.2481
vn 0.2280 -0.7048 0.6718
vn 0.3106 -0.2575 0.9150
vn 0.4274 0.2575 0.8666
vn 0.3138 0.7048 0.6363
vn 0.1159 0.9651 0.2350
vn -0.1137 0.9664 -0.2305
vn -0.3126 0.7075 -0.6338
vn -0.4272 0.2588 -0.8663
vn -0.4272 -0.2588 -0.8663
vn -0.3126 -0.7075 -0.6338
vn -0.1137 -0.9664 -0.2305
vn 0.1159 -0.9651 0.2350
vn 0.3138 -0.7048 0.6363
vn 0.4274 -0.2575 0.8666
vn 0.5368 0.2575 0.8034
vn 0.3941 0.7048 0.5899
vn 0.1456 0.9651 0.2179
vn -0.1428 0.9664 -0.2137
vn -0.3926 0.7075 -0.5876
vn -0.5366 0.2588 -0.8031
vn -0.5366 -0.2588 -0.8031
vn -0.3926 -0.7075 -0.5876
vn -0.1428 -0.9664 -0.2137
vn 0.1456 -0.9651 0.2179
vn 0.3941 -0.7048 0.5899
vn 0.5368 -0.2575 0.8034
vn 0.6371 0.2575 0.7265
vn 0.4678 0.7048 0.5334
vn 0.1728 0.9651 0.1970
vn -0.1694 0.9664 -0.1932
vn -0.4660 0.7075 -0.5313
vn -0.6369 0.2588 -0.7262
vn -0.6369 -0.2588 -0.7262
vn -0.4660 -0.7075 -0.5313
vn -0.1694 -0.9664 -0.1932
vn 0.1728 -0.9651 0.1970
vn 0.4678 -0.7048 0.5334
vn 0.6371 -0.2575 0.7265
vn 0.7265 0.2575 0.6371
vn 0.5334 0.7048 0.4678
vn 0.1970 0.9651 0.1728
vn -0.1932 0.9664 -0.1694
vn -0.5313 0.7075 -0.4660
vn -0.7262 0.2588 -0.6369
vn -0.7262 -0.2588 -0.6369
vn -0.5313 -0.7075 -0.4660
vn -0.1932 -0.9664 -0.1694
vn 0.1970 -0.9651 0.1728
vn 0.5334 -0.7048 0.4678
vn 0.7265 -0.2575 0.6371
vn 0.8034 0.2575 0.5368
vn 0.5899 0.7048 0.3941
vn 0.2179 0.9651 0.1456
vn -0.2137 0.9664 -0.1428
vn -0.5876 0.7075 -0.3926
vn -0.8031 0.2588 -0.5366
vn -0.8031 -0.2588 -0.5366
vn -0.5876 -0.7075 -0.3926
vn -0.2137 -0.9664 -0.1428
vn 0.2179 -0.9651 0.1456
vn 0.5899 -0.7048 0.3941
vn 0.8034 -0.2575 0.5368
vn 0.8666 0.2575 0.4274
vn 0.6363 0.7048 0.3138
vn 0.2350 0.9651 0.1159
vn -0.2305 0.9664 -0.1137
vn -0.6338 0.7075 -0.3126
vn -0.8663 0.2588 -0.4272
vn -0.8663 -0.2588 -0.4272
vn -0.6338 -0.7075 -0.3126
vn -0.2305 -0.9664 -0.1137
vn 0.2350 -0.9651 0.1159
vn 0.6363 -0.7048 0.3138
vn 0.8666 -0.2575 0.4274
vn 0.9150 0.2575 0.3106
vn 0.6718 0.7048 0.2280
vn 0.2481 0.9651 0.0842
vn -0.2433 0.9664 -0.0826
vn -0.6692 0.7075 -0.2272
vn -0.9147 0.2588 -0.3105
vn -0.9147 -0.2588 -0.3105
vn -0.6692 -0.7075 -0.2272
vn -0.2433 -0.9664 -0.0826
vn 0.2481 -0.9651 0.0842
vn 0.6718 -0.7048 0.2280
vn 0.9150 -0.2575 0.3106
vn 0.9477 0.2575 0.1885
vn 0.6958 0.7048 0.1384
vn 0.2570 0.9651 0.0511
vn -0.2520 0.9664 -0.0501
vn -0.6932 0.7075 -0.1379
vn -0.9474 0.2588 -0.1884
vn -0.9474 -0.2588 -0.1884
vn -0.6932 -0.7075 -0.1379
vn -0.2520 -0.9664 -0.0501
vn 0.2570 -0.9651 0.0511
vn 0.6958 -0.7048 0.1384
vn 0.9477 -0.2575 0.1885
vn 0.9642 0.2575 0.0632
vn 0.7079 0.7048 0.0464
vn 0.2614 0.9651 0.0171
vn -0.2564 0.9664 -0.0168
vn -0.7052 0.7075 -0.0462
vn -0.9639 0.2588 -0.0632
vn -0.9639 -0.2588 -0.0632
vn -0.7052 -0.7075 -0.0462
vn -0.2564 -0.9664 -0.0168
vn 0.2614 -0.9651 0.0171
vn 0.7079 -0.7048 0.0464
vn 0.9642 -0.2575 0.0632
vn -0.2305 -0.9664 0.1136
vn 0.1456 0.9651 -0.2179
vn -0.1136 -0.9664 0.2305
vn -0.1379 0.7075 0.6931
vn -0.1379 -0.7075 0.6931
vn 0.1379 0.7075 0.6931
vn 0.1379 -0.7075 0.6931
vn 0.1136 -0.9664 0.2305
vn -0.1456 0.9651 -0.2179
vn -0.2178 -0.9651 -0.1456
vn 0.2305 -0.9664 0.1136
vn 0.6931 0.7075 0.1379
vn 0.6931 -0.7075 0.1379
vn -0.2614 0.9651 -0.0171
vn -0.2614 -0.9651 0.0171
vn 0.2305 -0.9664 -0.1136
vn -0.2178 0.9651 0.1456
vn -0.1456 0.9651 0.2179
vn 0.1136 -0.9664 -0.2305
vn 0.1379 0.7075 -0.6931
vn 0.1379 -0.7075 -0.6931
vn -0.1379 0.7075 -0.6931
vn -0.1379 -0.7075 -0.6931
vn 0.2178 -0.9651 0.1456
vn -0.2305 -0.9664 -0.1136
vn -0.6931 0.7075 -0.1379
vt 1.000000 0.500000
vt 1.000000 0.750000
vt 0.975000 0.750000
vt 0.975000 0.500000
vt 1.000000 1.000000
vt 0.975000 1.000000
vt 0.950000 1.000000
vt 0.950000 0.750000
vt 0.950000 0.500000
vt 0.925000 0.750000
vt 0.925000 0.500000
vt 0.925000 1.000000
vt 0.900000 1.000000
vt 0.900000 0.750000
vt 0.900000 0.500000
vt 0.875000 0.750000
vt 0.875000 0.500000
vt 0.875000 1.000000
vt 0.850000 1.000000
vt 0.850000 0.750000
vt 0.850000 0.500000
vt 0.825000 0.750000
vt 0.825000 0.500000
vt 0.825000 1.000000
vt 0.800000 1.000000
vt 0.800000 0.750000
vt 0.800000 0.500000
vt 0.775000 0.750000
vt 0.775000 0.500000
vt 0.775000 1.000000
vt 0.750000 1.000000
vt 0.750000 0.750000
vt 0.750000 0.500000
vt 0.725000 0.750000
vt 0.725000 0.500000
vt 0.725000 1.000000
vt 0.700000 1.000000
vt 0.700000 0.750000
vt 0.700000 0.500000
vt 0.675000 0.750000
vt 0.675000 0.500000
vt 0.675000 1.000000
vt 0.650000 1.000000
vt 0.650000 0.750000
vt 0.650000 0.500000
vt 0.625000 0.750000
vt 0.625000 0.500000
vt 0.625000 1.000000
vt 0.600000 1.000000
vt 0.600000 0.750000
vt 0.600000 0.500000
vt 0.575000 0.750000
vt 0.575000 0.500000
vt 0.575000 1.000000
vt 0.550000 1.000000
vt 0.550000 0.750000
vt 0.550000 0.500000
vt 0.525000 0.750000
vt 0.525000 0.500000
vt 0.525000 1.000000
vt 0.500000 1.000000
vt 0.500000 0.750000
vt 0.500000 0.500000
vt 0.475000 0.750000
vt 0.475000 0.500000
vt 0.475000 1.000000
vt 0.450000 1.000000
vt 0.450000 0.750000
vt 0.450000 0.500000
vt 0.425000 0.750000
vt 0.425000 0.500000
vt 0.425000 1.000000
vt 0.400000 1.000000
vt 0.400000 0.750000
vt 0.400000 0.500000
vt 0.375000 0.750000
vt 0.375000 0.500000
vt 0.375000 1.000000
vt 0.350000 1.000000
vt 0.350000 0.750000
vt 0.350000 0.500000
vt 0.325000 0.750000
vt 0.325000 0.500000
vt 0.325000 1.000000
vt 0.300000 1.000000
vt 0.300000 0.750000
vt 0.300000 0.500000
vt 0.275000 0.750000
vt 0.275000 0.500000
vt 0.275000 1.000000
vt 0.250000 1.000000
vt 0.250000 0.750000
vt 0.250000 0.500000
vt 0.225000 0.750000
vt 0.225000 0.500000
vt 0.225000 1.000000
vt 0.200000 1.000000
vt 0.200000 0.750000
vt 0.200000 0.500000
vt 0.175000 0.750000
vt 0.175000 0.500000
vt 0.175000 1.000000
vt 0.150000 1.000000
vt 0.150000 0.750000
vt 0.150000 0.500000
vt 0.125000 0.750000
vt 0.125000 0.500000
vt 0.125000 1.000000
vt 0.100000 1.000000
vt 0.100000 0.750000
vt 0.100000 0.500000
vt 0.324164 0.478254
vt 0.287082 0.484127
vt 0.250000 0.250000
vt 0.357616 0.461209
vt 0.250000 0.490000
vt 0.212918 0.484127
vt 0.175836 0.478254
vt 0.142384 0.461209
vt 0.212918 0.484127
vt 0.108932 0.444164
vt 0.082384 0.417616
vt 0.055836 0.391069
vt 0.038791 0.357616
vt 0.082384 0.417616
vt 0.021746 0.324164
vt 0.015873 0.287082
vt 0.038791 0.357616
vt 0.010000 0.250000
vt 0.015873 0.212918
vt 0.015873 0.287082
vt 0.021746 0.175836
vt 0.038791 0.142384
vt 0.015873 0.212918
vt 0.055836 0.108932
vt 0.082384 0.082384
vt 0.108932 0.055836
vt 0.142384 0.038791
vt 0.082384 0.082384
vt 0.175836 0.021746
vt 0.212918 0.015873
vt 0.250000 0.010000
vt 0.287082 0.015873
vt 0.212918 0.015873
vt 0.324164 0.021746
vt 0.357616 0.038791
vt 0.287082 0.015873
vt 0.391069 0.055836
vt 0.417616 0.082384
vt 0.357616 0.038791
vt 0.444164 0.108932
vt 0.461209 0.142384
vt 0.417616 0.082384
vt 0.478254 0.175836
vt 0.484127 0.212918
vt 0.490000 0.250000
vt 0.484127 0.287082
vt 0.484127 0.212918
vt 0.478254 0.324164
vt 0.461209 0.357616
vt 0.444164 0.391069
vt 0.417616 0.417616
vt 0.461209 0.357616
vt 0.391069 0.444164
vt 0.357616 0.461209
vt 0.417616 0.417616
vt 0.075000 0.750000
vt 0.075000 0.500000
vt 0.075000 1.000000
vt 0.050000 1.000000
vt 0.050000 0.750000
vt 0.050000 0.500000
vt 0.025000 0.750000
vt 0.025000 0.500000
vt 0.025000 1.000000
vt -0.000000 1.000000
vt -0.000000 0.750000
vt -0.000000 0.500000
vt 0.750000 0.490000
vt 0.787082 0.484127
vt 0.750000 0.250000
vt 0.712918 0.484127
vt 0.824164 0.478254
vt 0.857616 0.461209
vt 0.787082 0.484127
vt 0.891069 0.444164
vt 0.917616 0.417616
vt 0.857616 0.461209
vt 0.944164 0.391069
vt 0.961209 0.357616
vt 0.917616 0.417616
vt 0.978254 0.324164
vt 0.984127 0.287082
vt 0.961209 0.357616
vt 0.990000 0.250000
vt 0.984127 0.212918
vt 0.978254 0.175836
vt 0.961209 0.142384
vt 0.984127 0.212918
vt 0.944164 0.108932
vt 0.917616 0.082384
vt 0.891069 0.055836
vt 0.857616 0.038791
vt 0.917616 0.082384
vt 0.824164 0.021746
vt 0.787082 0.015873
vt 0.857616 0.038791
vt 0.750000 0.010000
vt 0.712918 0.015873
vt 0.787082 0.015873
vt 0.675836 0.021746
vt 0.642384 0.038791
vt 0.712918 0.015873
vt 0.608932 0.055836
vt 0.582384 0.082384
vt 0.555836 0.108932
vt 0.538791 0.142384
vt 0.582384 0.082384
vt 0.521747 0.175836
vt 0.515873 0.212918
vt 0.510000 0.250000
vt 0.515873 0.287082
vt 0.515873 0.212918
vt 0.521747 0.324164
vt 0.538791 0.357616
vt 0.555836 0.391069
vt 0.582384 0.417616
vt 0.538791 0.357616
vt 0.608932 0.444164
vt 0.642384 0.461209
vt 0.582384 0.417616
vt 0.675836 0.478254
vt 0.750000 0.583333
vt 0.750000 0.625000
vt 0.725000 0.625000
vt 0.725000 0.583333
vt 0.750000 0.666667
vt 0.725000 0.666667
vt 0.700000 0.666667
vt 0.700000 0.625000
vt 0.700000 0.583333
vt 0.725000 0.000000
vt 0.737500 0.041667
vt 0.725000 0.056134
vt 0.712500 0.041667
vt 0.750000 0.083334
vt 0.725000 0.086420
vt 0.700000 0.083333
vt 0.725000 0.086420
vt 0.750000 0.833333
vt 0.750000 0.874807
vt 0.725000 0.874614
vt 0.725000 0.833333
vt 0.750000 0.916667
vt 0.725000 0.913580
vt 0.700000 0.916667
vt 0.700000 0.874807
vt 0.700000 0.833333
vt 0.750000 0.250000
vt 0.750000 0.291667
vt 0.725000 0.291667
vt 0.725000 0.250000
vt 0.750000 0.333333
vt 0.725000 0.333333
vt 0.700000 0.333333
vt 0.700000 0.291667
vt 0.700000 0.250000
vt 0.750000 0.500000
vt 0.750000 0.541667
vt 0.725000 0.541667
vt 0.700000 0.541667
vt 0.700000 0.500000
vt 0.750000 0.750000
vt 0.750000 0.791667
vt 0.725000 0.791667
vt 0.725000 0.750000
vt 0.750000 0.833333
vt 0.725000 0.833333
vt 0.700000 0.833333
vt 0.700000 0.791667
vt 0.700000 0.750000
vt 0.750000 0.166667
vt 0.750000 0.208333
vt 0.725000 0.208333
vt 0.725000 0.166667
vt 0.700000 0.208333
vt 0.700000 0.166667
vt 0.750000 0.416667
vt 0.750000 0.458333
vt 0.725000 0.458333
vt 0.725000 0.416667
vt 0.700000 0.458333
vt 0.700000 0.416667
vt 0.750000 0.708333
vt 0.725000 0.708333
vt 0.700000 0.708333
vt 0.750000 0.125193
vt 0.725000 0.125386
vt 0.725000 0.086420
vt 0.750000 0.166667
vt 0.725000 0.166667
vt 0.700000 0.166667
vt 0.700000 0.125193
vt 0.737500 0.958333
vt 0.725000 0.943866
vt 0.725000 1.000000
vt 0.712500 0.958333
vt 0.725000 0.913580
vt 0.750000 0.375000
vt 0.725000 0.375000
vt 0.700000 0.375000
vt 0.675000 0.208333
vt 0.675000 0.166667
vt 0.675000 0.250000
vt 0.650000 0.250000
vt 0.650000 0.208333
vt 0.650000 0.166667
vt 0.675000 0.458333
vt 0.675000 0.416667
vt 0.675000 0.500000
vt 0.650000 0.500000
vt 0.650000 0.458333
vt 0.650000 0.416667
vt 0.675000 0.708333
vt 0.675000 0.666667
vt 0.675000 0.750000
vt 0.650000 0.750000
vt 0.650000 0.708333
vt 0.650000 0.666667
vt 0.675000 0.125386
vt 0.675000 0.086420
vt 0.675000 0.166667
vt 0.650000 0.166667
vt 0.650000 0.125193
vt 0.650000 0.083333
vt 0.687500 0.958333
vt 0.675000 0.943866
vt 0.675000 0.913580
vt 0.675000 1.000000
vt 0.662500 0.958333
vt 0.650000 0.916667
vt 0.675000 0.375000
vt 0.675000 0.333333
vt 0.650000 0.375000
vt 0.650000 0.333333
vt 0.675000 0.625000
vt 0.675000 0.583333
vt 0.650000 0.625000
vt 0.650000 0.583333
vt 0.675000 0.000000
vt 0.687500 0.041667
vt 0.675000 0.056134
vt 0.662500 0.041667
vt 0.675000 0.086420
vt 0.675000 0.874614
vt 0.675000 0.833333
vt 0.650000 0.874807
vt 0.650000 0.833333
vt 0.675000 0.291667
vt 0.650000 0.291667
vt 0.675000 0.541667
vt 0.650000 0.541667
vt 0.675000 0.791667
vt 0.675000 0.833333
vt 0.650000 0.833333
vt 0.650000 0.791667
vt 0.625000 0.874614
vt 0.625000 0.833333
vt 0.625000 0.913580
vt 0.600000 0.916667
vt 0.600000 0.874807
vt 0.600000 0.833333
vt 0.625000 0.291667
vt 0.625000 0.250000
vt 0.625000 0.333333
vt 0.600000 0.333333
vt 0.600000 0.291667
vt 0.600000 0.250000
vt 0.625000 0.541667
vt 0.625000 0.500000
vt 0.625000 0.583333
vt 0.600000 0.583333
vt 0.600000 0.541667
vt 0.600000 0.500000
vt 0.625000 0.791667
vt 0.625000 0.750000
vt 0.625000 0.833333
vt 0.600000 0.833333
vt 0.600000 0.791667
vt 0.600000 0.750000
vt 0.625000 0.208333
vt 0.625000 0.166667
vt 0.600000 0.208333
vt 0.600000 0.166667
vt 0.625000 0.458333
vt 0.625000 0.416667
vt 0.600000 0.458333
vt 0.600000 0.416667
vt 0.625000 0.708333
vt 0.625000 0.666667
vt 0.600000 0.708333
vt 0.600000 0.666667
vt 0.625000 0.125386
vt 0.625000 0.086420
vt 0.625000 0.166667
vt 0.600000 0.166667
vt 0.600000 0.125193
vt 0.600000 0.083333
vt 0.637500 0.958333
vt 0.625000 0.943866
vt 0.625000 1.000000
vt 0.612500 0.958333
vt 0.625000 0.913580
vt 0.625000 0.375000
vt 0.600000 0.375000
vt 0.625000 0.625000
vt 0.600000 0.625000
vt 0.625000 0.000000
vt 0.637500 0.041667
vt 0.625000 0.056134
vt 0.612500 0.041667
vt 0.625000 0.086420
vt 0.625000 0.086420
vt 0.575000 0.125386
vt 0.575000 0.086420
vt 0.575000 0.166667
vt 0.550000 0.166667
vt 0.550000 0.125193
vt 0.550000 0.083333
vt 0.587500 0.958333
vt 0.575000 0.943866
vt 0.575000 0.913580
vt 0.575000 1.000000
vt 0.562500 0.958333
vt 0.587500 0.958333
vt 0.550000 0.916667
vt 0.575000 0.913580
vt 0.562500 0.958333
vt 0.575000 0.375000
vt 0.575000 0.333333
vt 0.575000 0.416667
vt 0.550000 0.416667
vt 0.550000 0.375000
vt 0.550000 0.333333
vt 0.575000 0.625000
vt 0.575000 0.583333
vt 0.575000 0.666667
vt 0.550000 0.666667
vt 0.550000 0.625000
vt 0.550000 0.583333
vt 0.575000 0.000000
vt 0.587500 0.041667
vt 0.575000 0.056134
vt 0.562500 0.041667
vt 0.587500 0.041667
vt 0.562500 0.041667
vt 0.575000 0.086420
vt 0.575000 0.874614
vt 0.575000 0.833333
vt 0.550000 0.874807
vt 0.550000 0.833333
vt 0.575000 0.291667
vt 0.575000 0.250000
vt 0.550000 0.291667
vt 0.550000 0.250000
vt 0.575000 0.541667
vt 0.575000 0.500000
vt 0.550000 0.541667
vt 0.550000 0.500000
vt 0.575000 0.791667
vt 0.575000 0.750000
vt 0.575000 0.833333
vt 0.550000 0.833333
vt 0.550000 0.791667
vt 0.550000 0.750000
vt 0.575000 0.208333
vt 0.575000 0.166667
vt 0.550000 0.208333
vt 0.550000 0.166667
vt 0.575000 0.458333
vt 0.550000 0.458333
vt 0.575000 0.708333
vt 0.550000 0.708333
vt 0.525000 0.791667
vt 0.525000 0.750000
vt 0.525000 0.833333
vt 0.500000 0.833333
vt 0.500000 0.791667
vt 0.500000 0.750000
vt 0.525000 0.208333
vt 0.525000 0.166667
vt 0.525000 0.250000
vt 0.500000 0.250000
vt 0.500000 0.208333
vt 0.500000 0.166667
vt 0.525000 0.458333
vt 0.525000 0.416667
vt 0.525000 0.500000
vt 0.500000 0.500000
vt 0.500000 0.458333
vt 0.500000 0.416667
vt 0.525000 0.708333
vt 0.525000 0.666667
vt 0.500000 0.708333
vt 0.500000 0.666667
vt 0.525000 0.125386
vt 0.525000 0.086420
vt 0.525000 0.166667
vt 0.500000 0.166667
vt 0.500000 0.125193
vt 0.500000 0.083333
vt 0.537500 0.958333
vt 0.525000 0.943866
vt 0.525000 0.913580
vt 0.525000 1.000000
vt 0.512500 0.958333
vt 0.500000 0.916667
vt 0.525000 0.913580
vt 0.525000 0.375000
vt 0.525000 0.333333
vt 0.500000 0.375000
vt 0.500000 0.333333
vt 0.525000 0.625000
vt 0.525000 0.583333
vt 0.500000 0.625000
vt 0.500000 0.583333
vt 0.525000 0.000000
vt 0.537500 0.041667
vt 0.525000 0.056134
vt 0.512500 0.041667
vt 0.525000 0.086420
vt 0.525000 0.086420
vt 0.525000 0.874614
vt 0.525000 0.833333
vt 0.500000 0.874807
vt 0.500000 0.833333
vt 0.525000 0.291667
vt 0.500000 0.291667
vt 0.525000 0.541667
vt 0.500000 0.541667
vt 0.475000 0.000000
vt 0.487500 0.041667
vt 0.475000 0.056134
vt 0.462500 0.041667
vt 0.475000 0.086420
vt 0.487500 0.041667
vt 0.450000 0.083333
vt 0.475000 0.086420
vt 0.475000 0.874614
vt 0.475000 0.833333
vt 0.475000 0.913580
vt 0.450000 0.916667
vt 0.450000 0.874807
vt 0.450000 0.833333
vt 0.475000 0.291667
vt 0.475000 0.250000
vt 0.475000 0.333333
vt 0.450000 0.333333
vt 0.450000 0.291667
vt 0.450000 0.250000
vt 0.475000 0.541667
vt 0.475000 0.500000
vt 0.475000 0.583333
vt 0.450000 0.583333
vt 0.450000 0.541667
vt 0.450000 0.500000
vt 0.475000 0.791667
vt 0.475000 0.750000
vt 0.475000 0.833333
vt 0.450000 0.833333
vt 0.450000 0.791667
vt 0.450000 0.750000
vt 0.475000 0.208333
vt 0.475000 0.166667
vt 0.450000 0.208333
vt 0.450000 0.166667
vt 0.475000 0.458333
vt 0.475000 0.416667
vt 0.450000 0.458333
vt 0.450000 0.416667
vt 0.475000 0.708333
vt 0.475000 0.666667
vt 0.450000 0.708333
vt 0.450000 0.666667
vt 0.475000 0.125386
vt 0.475000 0.086420
vt 0.475000 0.166667
vt 0.450000 0.166667
vt 0.450000 0.125193
vt 0.487500 0.958333
vt 0.475000 0.943866
vt 0.475000 1.000000
vt 0.462500 0.958333
vt 0.487500 0.958333
vt 0.475000 0.913580
vt 0.475000 0.375000
vt 0.450000 0.375000
vt 0.475000 0.625000
vt 0.450000 0.625000
vt 0.425000 0.708333
vt 0.425000 0.666667
vt 0.425000 0.750000
vt 0.400000 0.750000
vt 0.400000 0.708333
vt 0.400000 0.666667
vt 0.425000 0.125386
vt 0.425000 0.086420
vt 0.425000 0.166667
vt 0.400000 0.166667
vt 0.400000 0.125193
vt 0.400000 0.083333
vt 0.437500 0.958333
vt 0.425000 0.943866
vt 0.425000 0.913580
vt 0.425000 1.000000
vt 0.412500 0.958333
vt 0.400000 0.916667
vt 0.425000 0.375000
vt 0.425000 0.333333
vt 0.425000 0.416667
vt 0.400000 0.416667
vt 0.400000 0.375000
vt 0.400000 0.333333
vt 0.425000 0.625000
vt 0.425000 0.583333
vt 0.400000 0.625000
vt 0.400000 0.583333
vt 0.425000 0.000000
vt 0.437500 0.041667
vt 0.425000 0.056134
vt 0.412500 0.041667
vt 0.425000 0.086420
vt 0.425000 0.874614
vt 0.425000 0.833333
vt 0.400000 0.874807
vt 0.400000 0.833333
vt 0.425000 0.291667
vt 0.425000 0.250000
vt 0.400000 0.291667
vt 0.400000 0.250000
vt 0.425000 0.541667
vt 0.425000 0.500000
vt 0.400000 0.541667
vt 0.400000 0.500000
vt 0.425000 0.791667
vt 0.425000 0.833333
vt 0.400000 0.833333
vt 0.400000 0.791667
vt 0.425000 0.208333
vt 0.425000 0.166667
vt 0.400000 0.208333
vt 0.400000 0.166667
vt 0.425000 0.458333
vt 0.400000 0.458333
vt 0.375000 0.791667
vt 0.375000 0.750000
vt 0.375000 0.833333
vt 0.350000 0.833333
vt 0.350000 0.791667
vt 0.350000 0.750000
vt 0.375000 0.208333
vt 0.375000 0.166667
vt 0.375000 0.250000
vt 0.350000 0.250000
vt 0.350000 0.208333
vt 0.350000 0.166667
vt 0.375000 0.458333
vt 0.375000 0.416667
vt 0.375000 0.500000
vt 0.350000 0.500000
vt 0.350000 0.458333
vt 0.350000 0.416667
vt 0.375000 0.708333
vt 0.375000 0.666667
vt 0.350000 0.708333
vt 0.350000 0.666667
vt 0.375000 0.125386
vt 0.375000 0.086420
vt 0.350000 0.125193
vt 0.350000 0.083333
vt 0.387500 0.958333
vt 0.375000 0.943866
vt 0.375000 0.913580
vt 0.375000 1.000000
vt 0.362500 0.958333
vt 0.350000 0.916667
vt 0.375000 0.375000
vt 0.375000 0.333333
vt 0.350000 0.375000
vt 0.350000 0.333333
vt 0.375000 0.625000
vt 0.375000 0.583333
vt 0.350000 0.625000
vt 0.350000 0.583333
vt 0.375000 0.000000
vt 0.387500 0.041667
vt 0.375000 0.056134
vt 0.362500 0.041667
vt 0.375000 0.086420
vt 0.375000 0.874614
vt 0.375000 0.833333
vt 0.350000 0.874807
vt 0.375000 0.291667
vt 0.350000 0.291667
vt 0.375000 0.541667
vt 0.350000 0.541667
vt 0.325000 0.625000
vt 0.325000 0.583333
vt 0.325000 0.666667
vt 0.300000 0.666667
vt 0.300000 0.625000
vt 0.300000 0.583333
vt 0.325000 0.000000
vt 0.337500 0.041667
vt 0.325000 0.056134
vt 0.312500 0.041667
vt 0.325000 0.086420
vt 0.337500 0.041667
vt 0.300000 0.083333
vt 0.325000 0.086420
vt 0.325000 0.874614
vt 0.325000 0.833333
vt 0.325000 0.913580
vt 0.300000 0.916667
vt 0.300000 0.874807
vt 0.300000 0.833333
vt 0.325000 0.291667
vt 0.325000 0.250000
vt 0.325000 0.333333
vt 0.300000 0.333333
vt 0.300000 0.291667
vt 0.300000 0.250000
vt 0.325000 0.541667
vt 0.325000 0.500000
vt 0.300000 0.541667
vt 0.300000 0.500000
vt 0.325000 0.791667
vt 0.325000 0.750000
vt 0.325000 0.833333
vt 0.300000 0.833333
vt 0.300000 0.791667
vt 0.300000 0.750000
vt 0.325000 0.208333
vt 0.325000 0.166667
vt 0.300000 0.208333
vt 0.300000 0.166667
vt 0.325000 0.458333
vt 0.325000 0.416667
vt 0.300000 0.458333
vt 0.300000 0.416667
vt 0.325000 0.708333
vt 0.300000 0.708333
vt 0.325000 0.125386
vt 0.325000 0.166667
vt 0.300000 0.125193
vt 0.337500 0.958333
vt 0.325000 0.943866
vt 0.325000 1.000000
vt 0.312500 0.958333
vt 0.337500 0.958333
vt 0.325000 0.375000
vt 0.300000 0.375000
vt 0.275000 0.708333
vt 0.275000 0.666667
vt 0.275000 0.750000
vt 0.250000 0.750000
vt 0.250000 0.708333
vt 0.250000 0.666667
vt 0.275000 0.125386
vt 0.275000 0.086420
vt 0.275000 0.166667
vt 0.250000 0.166667
vt 0.250000 0.125193
vt 0.250000 0.083333
vt 0.287500 0.958333
vt 0.275000 0.943866
vt 0.275000 0.913580
vt 0.275000 1.000000
vt 0.262500 0.958333
vt 0.250000 0.916667
vt 0.275000 0.375000
vt 0.275000 0.333333
vt 0.275000 0.416667
vt 0.250000 0.416667
vt 0.250000 0.375000
vt 0.250000 0.333333
vt 0.275000 0.625000
vt 0.275000 0.583333
vt 0.250000 0.625000
vt 0.250000 0.583333
vt 0.275000 0.000000
vt 0.287500 0.041667
vt 0.275000 0.056134
vt 0.262500 0.041667
vt 0.275000 0.086420
vt 0.275000 0.086420
vt 0.275000 0.874614
vt 0.275000 0.833333
vt 0.250000 0.874807
vt 0.250000 0.833333
vt 0.275000 0.291667
vt 0.275000 0.250000
vt 0.250000 0.291667
vt 0.250000 0.250000
vt 0.275000 0.541667
vt 0.275000 0.500000
vt 0.250000 0.541667
vt 0.250000 0.500000
vt 0.275000 0.791667
vt 0.275000 0.833333
vt 0.250000 0.833333
vt 0.250000 0.791667
vt 0.275000 0.208333
vt 0.275000 0.166667
vt 0.250000 0.208333
vt 0.250000 0.166667
vt 0.275000 0.458333
vt 0.250000 0.458333
vt 0.225000 0.541667
vt 0.225000 0.500000
vt 0.225000 0.583333
vt 0.200000 0.583333
vt 0.200000 0.541667
vt 0.200000 0.500000
vt 0.225000 0.791667
vt 0.225000 0.750000
vt 0.225000 0.833333
vt 0.200000 0.833333
vt 0.200000 0.791667
vt 0.200000 0.750000
vt 0.225000 0.208333
vt 0.225000 0.166667
vt 0.225000 0.250000
vt 0.200000 0.250000
vt 0.200000 0.208333
vt 0.200000 0.166667
vt 0.225000 0.458333
vt 0.225000 0.416667
vt 0.200000 0.458333
vt 0.200000 0.416667
vt 0.225000 0.708333
vt 0.225000 0.666667
vt 0.200000 0.708333
vt 0.200000 0.666667
vt 0.225000 0.125386
vt 0.225000 0.086420
vt 0.225000 0.166667
vt 0.200000 0.125193
vt 0.200000 0.083333
vt 0.237500 0.958333
vt 0.225000 0.943866
vt 0.225000 0.913580
vt 0.225000 1.000000
vt 0.212500 0.958333
vt 0.200000 0.916667
vt 0.225000 0.375000
vt 0.225000 0.333333
vt 0.200000 0.375000
vt 0.200000 0.333333
vt 0.225000 0.625000
vt 0.200000 0.625000
vt 0.225000 0.000000
vt 0.237500 0.041667
vt 0.225000 0.056134
vt 0.212500 0.041667
vt 0.225000 0.086420
vt 0.225000 0.874614
vt 0.225000 0.833333
vt 0.200000 0.874807
vt 0.200000 0.833333
vt 0.225000 0.291667
vt 0.200000 0.291667
vt 0.175000 0.625000
vt 0.175000 0.583333
vt 0.175000 0.666667
vt 0.150000 0.666667
vt 0.150000 0.625000
vt 0.150000 0.583333
vt 0.175000 0.000000
vt 0.187500 0.041667
vt 0.175000 0.056134
vt 0.162500 0.041667
vt 0.175000 0.086420
vt 0.150000 0.083333
vt 0.175000 0.086420
vt 0.175000 0.874614
vt 0.175000 0.833333
vt 0.175000 0.913580
vt 0.150000 0.916667
vt 0.150000 0.874807
vt 0.150000 0.833333
vt 0.175000 0.291667
vt 0.175000 0.250000
vt 0.175000 0.333333
vt 0.150000 0.333333
vt 0.150000 0.291667
vt 0.150000 0.250000
vt 0.175000 0.541667
vt 0.175000 0.500000
vt 0.150000 0.541667
vt 0.150000 0.500000
vt 0.175000 0.791667
vt 0.175000 0.750000
vt 0.175000 0.833333
vt 0.150000 0.833333
vt 0.150000 0.791667
vt 0.150000 0.750000
vt 0.175000 0.208333
vt 0.175000 0.166667
vt 0.150000 0.208333
vt 0.150000 0.166667
vt 0.175000 0.458333
vt 0.175000 0.416667
vt 0.150000 0.458333
vt 0.150000 0.416667
vt 0.175000 0.708333
vt 0.150000 0.708333
vt 0.175000 0.125386
vt 0.175000 0.086420
vt 0.175000 0.166667
vt 0.150000 0.166667
vt 0.150000 0.125193
vt 0.187500 0.958333
vt 0.175000 0.943866
vt 0.175000 1.000000
vt 0.162500 0.958333
vt 0.175000 0.375000
vt 0.150000 0.375000
vt 0.125000 0.458333
vt 0.125000 0.416667
vt 0.125000 0.500000
vt 0.100000 0.500000
vt 0.100000 0.458333
vt 0.100000 0.416667
vt 0.125000 0.708333
vt 0.125000 0.666667
vt 0.125000 0.750000
vt 0.100000 0.750000
vt 0.100000 0.708333
vt 0.100000 0.666667
vt 0.125000 0.125386
vt 0.125000 0.086420
vt 0.125000 0.166667
vt 0.100000 0.166667
vt 0.100000 0.125193
vt 0.100000 0.083333
vt 0.137500 0.958333
vt 0.125000 0.943866
vt 0.125000 0.913580
vt 0.125000 1.000000
vt 0.112500 0.958333
vt 0.100000 0.916667
vt 0.125000 0.913580
vt 0.112500 0.958333
vt 0.125000 0.375000
vt 0.125000 0.333333
vt 0.100000 0.375000
vt 0.100000 0.333333
vt 0.125000 0.625000
vt 0.125000 0.583333
vt 0.100000 0.625000
vt 0.100000 0.583333
vt 0.125000 0.000000
vt 0.137500 0.041667
vt 0.125000 0.056134
vt 0.112500 0.041667
vt 0.112500 0.041667
vt 0.125000 0.086420
vt 0.125000 0.874614
vt 0.125000 0.833333
vt 0.100000 0.874807
vt 0.100000 0.833333
vt 0.125000 0.291667
vt 0.125000 0.250000
vt 0.100000 0.291667
vt 0.100000 0.250000
vt 0.125000 0.541667
vt 0.100000 0.541667
vt 0.125000 0.791667
vt 0.125000 0.833333
vt 0.100000 0.833333
vt 0.100000 0.791667
vt 0.125000 0.208333
vt 0.125000 0.166667
vt 0.100000 0.208333
vt 0.100000 0.166667
vt 0.075000 0.541667
vt 0.075000 0.500000
vt 0.075000 0.583333
vt 0.050000 0.583333
vt 0.050000 0.541667
vt 0.050000 0.500000
vt 0.075000 0.791667
vt 0.075000 0.750000
vt 0.075000 0.833333
vt 0.050000 0.833333
vt 0.050000 0.791667
vt 0.050000 0.750000
vt 0.075000 0.208333
vt 0.075000 0.166667
vt 0.075000 0.250000
vt 0.050000 0.250000
vt 0.050000 0.208333
vt 0.050000 0.166667
vt 0.075000 0.458333
vt 0.075000 0.416667
vt 0.050000 0.458333
vt 0.050000 0.416667
vt 0.075000 0.708333
vt 0.075000 0.666667
vt 0.050000 0.708333
vt 0.050000 0.666667
vt 0.075000 0.125386
vt 0.075000 0.086420
vt 0.075000 0.166667
vt 0.050000 0.166667
vt 0.050000 0.125193
vt 0.050000 0.083333
vt 0.087500 0.958333
vt 0.075000 0.943866
vt 0.075000 0.913580
vt 0.075000 1.000000
vt 0.062500 0.958333
vt 0.050000 0.916667
vt 0.075000 0.375000
vt 0.075000 0.333333
vt 0.050000 0.375000
vt 0.050000 0.333333
vt 0.075000 0.625000
vt 0.050000 0.625000
vt 0.075000 0.000000
vt 0.087500 0.041667
vt 0.075000 0.056134
vt 0.062500 0.041667
vt 0.075000 0.086420
vt 0.075000 0.086420
vt 0.075000 0.874614
vt 0.075000 0.833333
vt 0.050000 0.874807
vt 0.050000 0.833333
vt 0.075000 0.291667
vt 0.050000 0.291667
vt 0.050000 0.333333
vt 0.050000 0.375000
vt 0.025000 0.375000
vt 0.025000 0.333333
vt 0.050000 0.416667
vt 0.025000 0.416667
vt 0.000000 0.416667
vt 0.000000 0.375000
vt 0.000000 0.333333
vt 0.050000 0.583333
vt 0.025000 0.625000
vt 0.025000 0.583333
vt 0.025000 0.666667
vt 0.000000 0.666667
vt 0.000000 0.625000
vt 0.000000 0.583333
vt 0.025000 0.000000
vt 0.037500 0.041667
vt 0.025000 0.056134
vt 0.012500 0.041667
vt 0.025000 0.086420
vt 0.000000 0.083333
vt 0.025000 0.086420
vt 0.025000 0.874614
vt 0.025000 0.833333
vt 0.025000 0.913580
vt 0.000000 0.916667
vt 0.000000 0.875000
vt 0.000000 0.833333
vt 0.050000 0.250000
vt 0.050000 0.291667
vt 0.025000 0.291667
vt 0.025000 0.250000
vt 0.000000 0.291667
vt 0.000000 0.250000
vt 0.050000 0.500000
vt 0.050000 0.541667
vt 0.025000 0.541667
vt 0.025000 0.500000
vt 0.000000 0.541667
vt 0.000000 0.500000
vt 0.050000 0.750000
vt 0.050000 0.791667
vt 0.025000 0.791667
vt 0.025000 0.750000
vt 0.000000 0.791667
vt 0.000000 0.750000
vt 0.050000 0.208333
vt 0.025000 0.208333
vt 0.025000 0.166667
vt 0.000000 0.208333
vt 0.000000 0.166667
vt 0.050000 0.458333
vt 0.025000 0.458333
vt 0.000000 0.458333
vt 0.050000 0.708333
vt 0.025000 0.708333
vt 0.000000 0.708333
vt 0.025000 0.125386
vt 0.000000 0.125000
vt 0.037500 0.958333
vt 0.025000 0.943866
vt 0.025000 1.000000
vt 0.012500 0.958333
vt 1.000000 0.416667
vt 1.000000 0.458333
vt 0.975000 0.458333
vt 0.975000 0.416667
vt 1.000000 0.500000
vt 0.950000 0.500000
vt 0.950000 0.458333
vt 0.950000 0.416667
vt 1.000000 0.666667
vt 1.000000 0.708333
vt 0.975000 0.708333
vt 0.975000 0.666667
vt 1.000000 0.750000
vt 0.975000 0.750000
vt 0.950000 0.750000
vt 0.950000 0.708333
vt 0.950000 0.666667
vt 1.000000 0.083333
vt 1.000000 0.125000
vt 0.975000 0.125386
vt 0.975000 0.086420
vt 1.000000 0.166667
vt 0.975000 0.166667
vt 0.950000 0.166667
vt 0.950000 0.125193
vt 0.950000 0.083333
vt 1.000000 0.916667
vt 0.987500 0.958333
vt 0.975000 0.943866
vt 0.975000 0.913580
vt 0.975000 1.000000
vt 0.962500 0.958333
vt 0.950000 0.916667
vt 0.975000 0.913580
vt 1.000000 0.333333
vt 1.000000 0.375000
vt 0.975000 0.375000
vt 0.975000 0.333333
vt 0.950000 0.375000
vt 0.950000 0.333333
vt 1.000000 0.583333
vt 1.000000 0.625000
vt 0.975000 0.625000
vt 0.975000 0.583333
vt 0.950000 0.625000
vt 0.950000 0.583333
vt 0.975000 0.000000
vt 0.987500 0.041667
vt 0.975000 0.056134
vt 0.962500 0.041667
vt 0.975000 0.086420
vt 1.000000 0.833333
vt 1.000000 0.875000
vt 0.975000 0.874614
vt 0.975000 0.833333
vt 0.950000 0.874807
vt 0.950000 0.833333
vt 1.000000 0.250000
vt 1.000000 0.291667
vt 0.975000 0.291667
vt 0.975000 0.250000
vt 0.950000 0.291667
vt 0.950000 0.250000
vt 1.000000 0.541667
vt 0.975000 0.541667
vt 0.950000 0.541667
vt 1.000000 0.791667
vt 0.975000 0.791667
vt 0.950000 0.791667
vt 1.000000 0.208333
vt 0.975000 0.208333
vt 0.950000 0.208333
vt 0.950000 0.250000
vt 0.950000 0.291667
vt 0.925000 0.291667
vt 0.925000 0.250000
vt 0.950000 0.333333
vt 0.925000 0.333333
vt 0.900000 0.333333
vt 0.900000 0.291667
vt 0.900000 0.250000
vt 0.950000 0.500000
vt 0.950000 0.541667
vt 0.925000 0.541667
vt 0.950000 0.583333
vt 0.925000 0.583333
vt 0.900000 0.583333
vt 0.900000 0.541667
vt 0.900000 0.500000
vt 0.950000 0.750000
vt 0.950000 0.791667
vt 0.925000 0.791667
vt 0.925000 0.750000
vt 0.950000 0.833333
vt 0.925000 0.833333
vt 0.900000 0.833333
vt 0.900000 0.791667
vt 0.900000 0.750000
vt 0.950000 0.166667
vt 0.950000 0.208333
vt 0.925000 0.208333
vt 0.925000 0.166667
vt 0.900000 0.208333
vt 0.900000 0.166667
vt 0.950000 0.416667
vt 0.950000 0.458333
vt 0.925000 0.458333
vt 0.925000 0.416667
vt 0.900000 0.458333
vt 0.900000 0.416667
vt 0.950000 0.708333
vt 0.925000 0.708333
vt 0.925000 0.666667
vt 0.900000 0.708333
vt 0.900000 0.666667
vt 0.925000 0.125386
vt 0.925000 0.086420
vt 0.925000 0.166667
vt 0.900000 0.166667
vt 0.900000 0.125193
vt 0.900000 0.083333
vt 0.937500 0.958333
vt 0.925000 0.943866
vt 0.925000 0.913580
vt 0.912500 0.958333
vt 0.900000 0.916667
vt 0.925000 0.913580
vt 0.950000 0.375000
vt 0.925000 0.375000
vt 0.900000 0.375000
vt 0.950000 0.625000
vt 0.925000 0.625000
vt 0.900000 0.625000
vt 0.925000 0.000000
vt 0.937500 0.041667
vt 0.925000 0.056134
vt 0.912500 0.041667
vt 0.925000 0.086420
vt 0.925000 0.874614
vt 0.925000 0.833333
vt 0.900000 0.874807
vt 0.887500 0.958333
vt 0.875000 0.943866
vt 0.875000 0.913580
vt 0.875000 1.000000
vt 0.862500 0.958333
vt 0.850000 0.916667
vt 0.875000 0.375000
vt 0.875000 0.333333
vt 0.875000 0.416667
vt 0.850000 0.416667
vt 0.850000 0.375000
vt 0.850000 0.333333
vt 0.875000 0.625000
vt 0.875000 0.583333
vt 0.875000 0.666667
vt 0.850000 0.666667
vt 0.850000 0.625000
vt 0.850000 0.583333
vt 0.875000 0.000000
vt 0.887500 0.041667
vt 0.875000 0.056134
vt 0.862500 0.041667
vt 0.875000 0.086420
vt 0.850000 0.083333
vt 0.875000 0.086420
vt 0.875000 0.874614
vt 0.875000 0.833333
vt 0.850000 0.874807
vt 0.850000 0.833333
vt 0.875000 0.291667
vt 0.875000 0.250000
vt 0.850000 0.291667
vt 0.850000 0.250000
vt 0.875000 0.541667
vt 0.850000 0.541667
vt 0.850000 0.500000
vt 0.875000 0.791667
vt 0.875000 0.750000
vt 0.875000 0.833333
vt 0.850000 0.833333
vt 0.850000 0.791667
vt 0.850000 0.750000
vt 0.875000 0.208333
vt 0.875000 0.166667
vt 0.850000 0.208333
vt 0.850000 0.166667
vt 0.875000 0.458333
vt 0.850000 0.458333
vt 0.875000 0.708333
vt 0.850000 0.708333
vt 0.875000 0.125386
vt 0.875000 0.166667
vt 0.850000 0.125193
vt 0.825000 0.208333
vt 0.825000 0.166667
vt 0.825000 0.250000
vt 0.800000 0.250000
vt 0.800000 0.208333
vt 0.800000 0.166667
vt 0.825000 0.458333
vt 0.825000 0.416667
vt 0.825000 0.500000
vt 0.800000 0.500000
vt 0.800000 0.458333
vt 0.800000 0.416667
vt 0.825000 0.708333
vt 0.825000 0.666667
vt 0.825000 0.750000
vt 0.800000 0.750000
vt 0.800000 0.708333
vt 0.800000 0.666667
vt 0.825000 0.125386
vt 0.825000 0.086420
vt 0.825000 0.166667
vt 0.800000 0.166667
vt 0.800000 0.125193
vt 0.800000 0.083333
vt 0.837500 0.958333
vt 0.825000 0.943866
vt 0.825000 0.913580
vt 0.812500 0.958333
vt 0.800000 0.916667
vt 0.812500 0.958333
vt 0.825000 0.375000
vt 0.825000 0.333333
vt 0.800000 0.375000
vt 0.800000 0.333333
vt 0.825000 0.625000
vt 0.825000 0.583333
vt 0.800000 0.625000
vt 0.800000 0.583333
vt 0.825000 0.000000
vt 0.837500 0.041667
vt 0.825000 0.056134
vt 0.812500 0.041667
vt 0.825000 0.086420
vt 0.812500 0.041667
vt 0.825000 0.086420
vt 0.825000 0.874614
vt 0.825000 0.833333
vt 0.800000 0.874807
vt 0.800000 0.833333
vt 0.825000 0.291667
vt 0.800000 0.291667
vt 0.825000 0.541667
vt 0.800000 0.541667
vt 0.825000 0.791667
vt 0.825000 0.833333
vt 0.800000 0.833333
vt 0.800000 0.791667
vt 0.775000 0.874614
vt 0.775000 0.833333
vt 0.775000 0.913580
vt 0.775000 0.291667
vt 0.775000 0.250000
vt 0.775000 0.333333
vt 0.775000 0.541667
vt 0.775000 0.583333
vt 0.775000 0.791667
vt 0.775000 0.750000
vt 0.775000 0.833333
vt 0.775000 0.208333
vt 0.775000 0.166667
vt 0.775000 0.458333
vt 0.775000 0.416667
vt 0.775000 0.708333
vt 0.775000 0.666667
vt 0.775000 0.125386
vt 0.775000 0.086420
vt 0.787500 0.958333
vt 0.775000 0.943866
vt 0.762500 0.958333
vt 0.775000 0.913580
vt 0.762500 0.958333
vt 0.775000 0.375000
vt 0.775000 0.625000
vt 0.775000 0.000000
vt 0.787500 0.041667
vt 0.775000 0.056134
vt 0.762500 0.041667
vt 0.775000 0.086420
vt 0.762500 0.041667
vt 0.775000 0.086420
vt 0.500000 0.500000
vt 0.510417 0.500000
vt 0.510417 0.541667
vt 0.520833 0.500000
vt 0.520833 0.541667
vt 0.520833 0.583333
vt 0.510417 0.583333
vt 0.500000 0.583333
vt 0.510417 0.625000
vt 0.500000 0.625000
vt 0.520833 0.625000
vt 0.520833 0.666667
vt 0.510417 0.666667
vt 0.500000 0.666667
vt 0.510417 0.708333
vt 0.520833 0.708333
vt 0.520833 0.750000
vt 0.510417 0.750000
vt 0.500000 0.750000
vt 0.510417 0.791667
vt 0.500000 0.791667
vt 0.520833 0.791667
vt 0.520833 0.833333
vt 0.510417 0.833333
vt 0.500000 0.833333
vt 0.510417 0.875000
vt 0.500000 0.875000
vt 0.520833 0.875000
vt 0.520833 0.916667
vt 0.510417 0.916667
vt 0.500000 0.916667
vt 0.510417 0.958333
vt 0.500000 0.958333
vt 0.520833 0.958333
vt 0.520833 1.000000
vt 0.510417 1.000000
vt 0.500000 1.000000
vt 0.500000 0.000000
vt 0.510417 0.000000
vt 0.510417 0.041667
vt 0.500000 0.041667
vt 0.520833 0.000000
vt 0.520833 0.041667
vt 0.520833 0.083333
vt 0.510417 0.083333
vt 0.500000 0.083333
vt 0.510417 0.125000
vt 0.500000 0.125000
vt 0.520833 0.083333
vt 0.520833 0.125000
vt 0.520833 0.166667
vt 0.510417 0.166667
vt 0.500000 0.166667
vt 0.510417 0.208333
vt 0.500000 0.208333
vt 0.520833 0.208333
vt 0.520833 0.250000
vt 0.510417 0.250000
vt 0.500000 0.250000
vt 0.510417 0.291667
vt 0.500000 0.291667
vt 0.520833 0.291667
vt 0.520833 0.333333
vt 0.510417 0.333333
vt 0.500000 0.333333
vt 0.510417 0.375000
vt 0.520833 0.375000
vt 0.520833 0.416667
vt 0.510417 0.416667
vt 0.500000 0.416667
vt 0.510417 0.458333
vt 0.500000 0.458333
vt 0.520833 0.458333
vt 0.531250 0.500000
vt 0.531250 0.541667
vt 0.541667 0.500000
vt 0.541667 0.541667
vt 0.541667 0.583333
vt 0.531250 0.583333
vt 0.531250 0.625000
vt 0.541667 0.625000
vt 0.541667 0.666667
vt 0.531250 0.666667
vt 0.531250 0.708333
vt 0.541667 0.708333
vt 0.541667 0.750000
vt 0.531250 0.750000
vt 0.531250 0.791667
vt 0.541667 0.791667
vt 0.541667 0.833333
vt 0.531250 0.833333
vt 0.531250 0.875000
vt 0.541667 0.875000
vt 0.541667 0.916667
vt 0.531250 0.916667
vt 0.531250 0.958333
vt 0.541667 0.916667
vt 0.541667 0.958333
vt 0.541667 1.000000
vt 0.531250 1.000000
vt 0.531250 0.000000
vt 0.531250 0.041667
vt 0.541667 0.000000
vt 0.541667 0.041667
vt 0.541667 0.083333
vt 0.531250 0.083333
vt 0.531250 0.125000
vt 0.541667 0.083333
vt 0.541667 0.125000
vt 0.541667 0.166667
vt 0.531250 0.166667
vt 0.531250 0.208333
vt 0.541667 0.208333
vt 0.541667 0.250000
vt 0.531250 0.250000
vt 0.531250 0.291667
vt 0.541667 0.291667
vt 0.541667 0.333333
vt 0.531250 0.333333
vt 0.531250 0.375000
vt 0.541667 0.375000
vt 0.541667 0.416667
vt 0.531250 0.416667
vt 0.531250 0.458333
vt 0.541667 0.458333
vt 0.552083 0.500000
vt 0.552083 0.541667
vt 0.562500 0.500000
vt 0.562500 0.541667
vt 0.562500 0.583333
vt 0.552083 0.583333
vt 0.552083 0.625000
vt 0.562500 0.625000
vt 0.562500 0.666667
vt 0.552083 0.666667
vt 0.552083 0.708333
vt 0.562500 0.708333
vt 0.562500 0.750000
vt 0.552083 0.750000
vt 0.552083 0.791667
vt 0.562500 0.791667
vt 0.562500 0.833333
vt 0.552083 0.833333
vt 0.552083 0.875000
vt 0.562500 0.875000
vt 0.562500 0.916667
vt 0.552083 0.916667
vt 0.552083 0.916667
vt 0.552083 0.958333
vt 0.562500 0.958333
vt 0.562500 1.000000
vt 0.552083 1.000000
vt 0.552083 0.000000
vt 0.552083 0.041667
vt 0.562500 0.000000
vt 0.562500 0.041667
vt 0.562500 0.083333
vt 0.552083 0.083333
vt 0.552083 0.083333
vt 0.552083 0.125000
vt 0.562500 0.083333
vt 0.562500 0.125000
vt 0.562500 0.166667
vt 0.552083 0.166667
vt 0.552083 0.208333
vt 0.562500 0.208333
vt 0.562500 0.250000
vt 0.552083 0.250000
vt 0.552083 0.291667
vt 0.562500 0.291667
vt 0.562500 0.333333
vt 0.552083 0.333333
vt 0.552083 0.375000
vt 0.562500 0.375000
vt 0.562500 0.416667
vt 0.552083 0.416667
vt 0.552083 0.458333
vt 0.562500 0.458333
vt 0.572917 0.500000
vt 0.572917 0.541667
vt 0.583333 0.500000
vt 0.583333 0.541667
vt 0.583333 0.583333
vt 0.572917 0.583333
vt 0.572917 0.625000
vt 0.583333 0.625000
vt 0.583333 0.666667
vt 0.572917 0.666667
vt 0.572917 0.708333
vt 0.583333 0.708333
vt 0.583333 0.750000
vt 0.572917 0.750000
vt 0.572917 0.791667
vt 0.583333 0.791667
vt 0.583333 0.833333
vt 0.572917 0.833333
vt 0.572917 0.875000
vt 0.583333 0.875000
vt 0.583333 0.916667
vt 0.572917 0.916667
vt 0.572917 0.916667
vt 0.572917 0.958333
vt 0.583333 0.916667
vt 0.583333 0.958333
vt 0.583333 1.000000
vt 0.572917 1.000000
vt 0.572917 0.000000
vt 0.572917 0.041667
vt 0.583333 0.000000
vt 0.583333 0.041667
vt 0.583333 0.083333
vt 0.572917 0.083333
vt 0.572917 0.083333
vt 0.572917 0.125000
vt 0.583333 0.083333
vt 0.583333 0.125000
vt 0.583333 0.166667
vt 0.572917 0.166667
vt 0.572917 0.208333
vt 0.583333 0.208333
vt 0.583333 0.250000
vt 0.572917 0.250000
vt 0.572917 0.291667
vt 0.583333 0.291667
vt 0.583333 0.333333
vt 0.572917 0.333333
vt 0.572917 0.375000
vt 0.583333 0.375000
vt 0.583333 0.416667
vt 0.572917 0.416667
vt 0.572917 0.458333
vt 0.583333 0.458333
vt 0.593750 0.500000
vt 0.593750 0.541667
vt 0.604167 0.500000
vt 0.604167 0.541667
vt 0.604167 0.583333
vt 0.593750 0.583333
vt 0.593750 0.625000
vt 0.604167 0.625000
vt 0.604167 0.666667
vt 0.593750 0.666667
vt 0.593750 0.708333
vt 0.604167 0.708333
vt 0.604167 0.750000
vt 0.593750 0.750000
vt 0.593750 0.791667
vt 0.604167 0.791667
vt 0.604167 0.833333
vt 0.593750 0.833333
vt 0.593750 0.875000
vt 0.604167 0.875000
vt 0.604167 0.916667
vt 0.593750 0.916667
vt 0.593750 0.916667
vt 0.593750 0.958333
vt 0.604167 0.916667
vt 0.604167 0.958333
vt 0.604167 1.000000
vt 0.593750 1.000000
vt 0.593750 0.000000
vt 0.593750 0.041667
vt 0.604167 0.000000
vt 0.604167 0.041667
vt 0.604167 0.083333
vt 0.593750 0.083333
vt 0.593750 0.083333
vt 0.593750 0.125000
vt 0.604167 0.083333
vt 0.604167 0.125000
vt 0.604167 0.166667
vt 0.593750 0.166667
vt 0.593750 0.208333
vt 0.604167 0.208333
vt 0.604167 0.250000
vt 0.593750 0.250000
vt 0.593750 0.291667
vt 0.604167 0.291667
vt 0.604167 0.333333
vt 0.593750 0.333333
vt 0.593750 0.375000
vt 0.604167 0.375000
vt 0.604167 0.416667
vt 0.593750 0.416667
vt 0.593750 0.458333
vt 0.604167 0.458333
vt 0.614583 0.500000
vt 0.614583 0.541667
vt 0.625000 0.500000
vt 0.625000 0.541667
vt 0.625000 0.583333
vt 0.614583 0.583333
vt 0.614583 0.625000
vt 0.625000 0.625000
vt 0.625000 0.666667
vt 0.614583 0.666667
vt 0.614583 0.708333
vt 0.625000 0.708333
vt 0.614583 0.750000
vt 0.614583 0.791667
vt 0.625000 0.791667
vt 0.625000 0.833333
vt 0.614583 0.833333
vt 0.614583 0.875000
vt 0.625000 0.875000
vt 0.625000 0.916667
vt 0.614583 0.916667
vt 0.614583 0.916667
vt 0.614583 0.958333
vt 0.625000 0.916667
vt 0.625000 0.958333
vt 0.625000 1.000000
vt 0.614583 1.000000
vt 0.614583 0.000000
vt 0.614583 0.041667
vt 0.625000 0.000000
vt 0.625000 0.041667
vt 0.625000 0.083333
vt 0.614583 0.083333
vt 0.614583 0.083333
vt 0.614583 0.125000
vt 0.625000 0.083333
vt 0.625000 0.125000
vt 0.625000 0.166667
vt 0.614583 0.166667
vt 0.614583 0.208333
vt 0.625000 0.208333
vt 0.625000 0.250000
vt 0.614583 0.250000
vt 0.614583 0.291667
vt 0.625000 0.291667
vt 0.625000 0.333333
vt 0.614583 0.333333
vt 0.614583 0.375000
vt 0.625000 0.375000
vt 0.625000 0.416667
vt 0.614583 0.416667
vt 0.614583 0.458333
vt 0.625000 0.458333
vt 0.635417 0.500000
vt 0.635417 0.541667
vt 0.645833 0.500000
vt 0.645833 0.541667
vt 0.645833 0.583333
vt 0.635417 0.583333
vt 0.635417 0.625000
vt 0.645833 0.625000
vt 0.645833 0.666667
vt 0.635417 0.666667
vt 0.635417 0.708333
vt 0.645833 0.708333
vt 0.645833 0.750000
vt 0.635417 0.750000
vt 0.635417 0.791667
vt 0.645833 0.791667
vt 0.645833 0.833333
vt 0.635417 0.833333
vt 0.635417 0.875000
vt 0.645833 0.875000
vt 0.645833 0.916667
vt 0.635417 0.916667
vt 0.635417 0.916667
vt 0.635417 0.958333
vt 0.645833 0.916667
vt 0.645833 0.958333
vt 0.645833 1.000000
vt 0.635417 1.000000
vt 0.635417 0.000000
vt 0.635417 0.041667
vt 0.645833 0.000000
vt 0.645833 0.041667
vt 0.645833 0.083333
vt 0.635417 0.083333
vt 0.635417 0.083333
vt 0.635417 0.125000
vt 0.645833 0.083333
vt 0.645833 0.125000
vt 0.645833 0.166667
vt 0.635417 0.166667
vt 0.635417 0.208333
vt 0.645833 0.208333
vt 0.645833 0.250000
vt 0.635417 0.250000
vt 0.635417 0.291667
vt 0.645833 0.291667
vt 0.645833 0.333333
vt 0.635417 0.333333
vt 0.635417 0.375000
vt 0.645833 0.375000
vt 0.645833 0.416667
vt 0.635417 0.416667
vt 0.635417 0.458333
vt 0.645833 0.458333
vt 0.656250 0.500000
vt 0.656250 0.541667
vt 0.666667 0.500000
vt 0.666667 0.541667
vt 0.666667 0.583333
vt 0.656250 0.583333
vt 0.656250 0.625000
vt 0.666667 0.625000
vt 0.666667 0.666667
vt 0.656250 0.666667
vt 0.656250 0.708333
vt 0.666667 0.708333
vt 0.666667 0.750000
vt 0.656250 0.750000
vt 0.656250 0.791667
vt 0.666667 0.791667
vt 0.666667 0.833333
vt 0.656250 0.833333
vt 0.656250 0.875000
vt 0.666667 0.875000
vt 0.666667 0.916667
vt 0.656250 0.916667
vt 0.656250 0.916667
vt 0.656250 0.958333
vt 0.666667 0.916667
vt 0.666667 0.958333
vt 0.666667 1.000000
vt 0.656250 1.000000
vt 0.656250 0.000000
vt 0.656250 0.041667
vt 0.666667 0.000000
vt 0.666667 0.041667
vt 0.666667 0.083333
vt 0.656250 0.083333
vt 0.656250 0.083333
vt 0.656250 0.125000
vt 0.666667 0.083333
vt 0.666667 0.125000
vt 0.666667 0.166667
vt 0.656250 0.166667
vt 0.656250 0.208333
vt 0.666667 0.208333
vt 0.666667 0.250000
vt 0.656250 0.250000
vt 0.656250 0.291667
vt 0.666667 0.291667
vt 0.666667 0.333333
vt 0.656250 0.333333
vt 0.656250 0.375000
vt 0.666667 0.375000
vt 0.666667 0.416667
vt 0.656250 0.416667
vt 0.656250 0.458333
vt 0.666667 0.458333
vt 0.677083 0.500000
vt 0.677083 0.541667
vt 0.687500 0.500000
vt 0.687500 0.541667
vt 0.687500 0.583333
vt 0.677083 0.583333
vt 0.677083 0.625000
vt 0.687500 0.625000
vt 0.687500 0.666667
vt 0.677083 0.666667
vt 0.677083 0.708333
vt 0.687500 0.708333
vt 0.687500 0.750000
vt 0.677083 0.750000
vt 0.677083 0.791667
vt 0.687500 0.791667
vt 0.687500 0.833333
vt 0.677083 0.833333
vt 0.677083 0.875000
vt 0.687500 0.875000
vt 0.687500 0.916667
vt 0.677083 0.916667
vt 0.677083 0.958333
vt 0.687500 0.958333
vt 0.687500 1.000000
vt 0.677083 1.000000
vt 0.677083 0.000000
vt 0.677083 0.041667
vt 0.687500 0.000000
vt 0.687500 0.041667
vt 0.687500 0.083333
vt 0.677083 0.083333
vt 0.677083 0.125000
vt 0.687500 0.083333
vt 0.687500 0.125000
vt 0.687500 0.166667
vt 0.677083 0.166667
vt 0.677083 0.208333
vt 0.687500 0.208333
vt 0.687500 0.250000
vt 0.677083 0.250000
vt 0.677083 0.291667
vt 0.687500 0.291667
vt 0.687500 0.333333
vt 0.677083 0.333333
vt 0.677083 0.375000
vt 0.687500 0.375000
vt 0.687500 0.416667
vt 0.677083 0.416667
vt 0.677083 0.458333
vt 0.687500 0.458333
vt 0.697917 0.500000
vt 0.697917 0.541667
vt 0.708333 0.500000
vt 0.708333 0.541667
vt 0.708333 0.583333
vt 0.697917 0.583333
vt 0.697917 0.625000
vt 0.708333 0.625000
vt 0.708333 0.666667
vt 0.697917 0.666667
vt 0.697917 0.708333
vt 0.708333 0.708333
vt 0.708333 0.750000
vt 0.697917 0.750000
vt 0.697917 0.791667
vt 0.708333 0.791667
vt 0.708333 0.833333
vt 0.697917 0.833333
vt 0.697917 0.875000
vt 0.708333 0.875000
vt 0.708333 0.916667
vt 0.697917 0.916667
vt 0.697917 0.958333
vt 0.708333 0.916667
vt 0.708333 0.958333
vt 0.708333 1.000000
vt 0.697917 1.000000
vt 0.697917 0.000000
vt 0.697917 0.041667
vt 0.708333 0.000000
vt 0.708333 0.041667
vt 0.708333 0.083333
vt 0.697917 0.083333
vt 0.697917 0.125000
vt 0.708333 0.083333
vt 0.708333 0.125000
vt 0.708333 0.166667
vt 0.697917 0.166667
vt 0.697917 0.208333
vt 0.708333 0.208333
vt 0.708333 0.250000
vt 0.697917 0.250000
vt 0.697917 0.291667
vt 0.708333 0.291667
vt 0.708333 0.333333
vt 0.697917 0.333333
vt 0.697917 0.375000
vt 0.708333 0.375000
vt 0.708333 0.416667
vt 0.697917 0.416667
vt 0.697917 0.458333
vt 0.708333 0.458333
vt 0.718750 0.500000
vt 0.718750 0.541667
vt 0.729167 0.500000
vt 0.729167 0.541667
vt 0.729167 0.583333
vt 0.718750 0.583333
vt 0.718750 0.625000
vt 0.729167 0.625000
vt 0.729167 0.666667
vt 0.718750 0.666667
vt 0.718750 0.708333
vt 0.729167 0.708333
vt 0.729167 0.750000
vt 0.718750 0.750000
vt 0.718750 0.791667
vt 0.729167 0.791667
vt 0.729167 0.833333
vt 0.718750 0.833333
vt 0.718750 0.875000
vt 0.729167 0.875000
vt 0.729167 0.916667
vt 0.718750 0.916667
vt 0.718750 0.916667
vt 0.718750 0.958333
vt 0.729167 0.958333
vt 0.729167 1.000000
vt 0.718750 1.000000
vt 0.718750 0.000000
vt 0.718750 0.041667
vt 0.729167 0.000000
vt 0.729167 0.041667
vt 0.729167 0.083333
vt 0.718750 0.083333
vt 0.718750 0.083333
vt 0.718750 0.125000
vt 0.729167 0.083333
vt 0.729167 0.125000
vt 0.729167 0.166667
vt 0.718750 0.166667
vt 0.718750 0.208333
vt 0.729167 0.208333
vt 0.729167 0.250000
vt 0.718750 0.250000
vt 0.718750 0.291667
vt 0.729167 0.291667
vt 0.729167 0.333333
vt 0.718750 0.333333
vt 0.718750 0.375000
vt 0.729167 0.375000
vt 0.729167 0.416667
vt 0.718750 0.416667
vt 0.718750 0.458333
vt 0.729167 0.458333
vt 0.739583 0.500000
vt 0.739583 0.541667
vt 0.750000 0.500000
vt 0.750000 0.541667
vt 0.750000 0.583333
vt 0.739583 0.583333
vt 0.739583 0.625000
vt 0.750000 0.625000
vt 0.750000 0.666667
vt 0.739583 0.666667
vt 0.739583 0.708333
vt 0.750000 0.708333
vt 0.750000 0.750000
vt 0.739583 0.750000
vt 0.739583 0.791667
vt 0.750000 0.791667
vt 0.750000 0.833333
vt 0.739583 0.833333
vt 0.739583 0.875000
vt 0.750000 0.875000
vt 0.750000 0.916667
vt 0.739583 0.916667
vt 0.739583 0.958333
vt 0.750000 0.958333
vt 0.750000 1.000000
vt 0.739583 1.000000
vt 0.739583 0.000000
vt 0.739583 0.041667
vt 0.750000 0.000000
vt 0.750000 0.041667
vt 0.750000 0.083333
vt 0.739583 0.083333
vt 0.739583 0.125000
vt 0.750000 0.083333
vt 0.750000 0.125000
vt 0.750000 0.166667
vt 0.739583 0.166667
vt 0.739583 0.208333
vt 0.750000 0.208333
vt 0.750000 0.250000
vt 0.739583 0.250000
vt 0.739583 0.291667
vt 0.750000 0.291667
vt 0.750000 0.333333
vt 0.739583 0.333333
vt 0.739583 0.375000
vt 0.750000 0.375000
vt 0.750000 0.416667
vt 0.739583 0.416667
vt 0.739583 0.458333
vt 0.760417 0.500000
vt 0.760417 0.541667
vt 0.770833 0.500000
vt 0.770833 0.541667
vt 0.770833 0.583333
vt 0.760417 0.583333
vt 0.760417 0.625000
vt 0.770833 0.625000
vt 0.770833 0.666667
vt 0.760417 0.666667
vt 0.760417 0.708333
vt 0.770833 0.708333
vt 0.770833 0.750000
vt 0.760417 0.750000
vt 0.760417 0.791667
vt 0.770833 0.791667
vt 0.770833 0.833333
vt 0.760417 0.833333
vt 0.760417 0.875000
vt 0.770833 0.875000
vt 0.770833 0.916667
vt 0.760417 0.916667
vt 0.760417 0.916667
vt 0.760417 0.958333
vt 0.770833 0.916667
vt 0.770833 0.958333
vt 0.770833 1.000000
vt 0.760417 1.000000
vt 0.760417 0.000000
vt 0.760417 0.041667
vt 0.770833 0.000000
vt 0.770833 0.041667
vt 0.770833 0.083333
vt 0.760417 0.083333
vt 0.760417 0.083333
vt 0.760417 0.125000
vt 0.770833 0.083333
vt 0.770833 0.125000
vt 0.770833 0.166667
vt 0.760417 0.166667
vt 0.760417 0.208333
vt 0.770833 0.208333
vt 0.770833 0.250000
vt 0.760417 0.250000
vt 0.760417 0.291667
vt 0.770833 0.291667
vt 0.770833 0.333333
vt 0.760417 0.333333
vt 0.760417 0.375000
vt 0.770833 0.375000
vt 0.770833 0.416667
vt 0.760417 0.416667
vt 0.760417 0.458333
vt 0.770833 0.458333
vt 0.781250 0.500000
vt 0.781250 0.541667
vt 0.791667 0.500000
vt 0.791667 0.541667
vt 0.791667 0.583333
vt 0.781250 0.583333
vt 0.781250 0.625000
vt 0.791667 0.625000
vt 0.791667 0.666667
vt 0.781250 0.666667
vt 0.781250 0.708333
vt 0.791667 0.708333
vt 0.791667 0.750000
vt 0.781250 0.750000
vt 0.781250 0.791667
vt 0.791667 0.791667
vt 0.791667 0.833333
vt 0.781250 0.833333
vt 0.781250 0.875000
vt 0.791667 0.875000
vt 0.791667 0.916667
vt 0.781250 0.916667
vt 0.781250 0.916667
vt 0.781250 0.958333
vt 0.791667 0.958333
vt 0.791667 1.000000
vt 0.781250 1.000000
vt 0.781250 0.000000
vt 0.781250 0.041667
vt 0.791667 0.000000
vt 0.791667 0.041667
vt 0.791667 0.083333
vt 0.781250 0.083333
vt 0.781250 0.083333
vt 0.781250 0.125000
vt 0.791667 0.083333
vt 0.791667 0.125000
vt 0.791667 0.166667
vt 0.781250 0.166667
vt 0.781250 0.208333
vt 0.791667 0.208333
vt 0.791667 0.250000
vt 0.781250 0.250000
vt 0.781250 0.291667
vt 0.791667 0.291667
vt 0.791667 0.333333
vt 0.781250 0.333333
vt 0.781250 0.375000
vt 0.791667 0.375000
vt 0.791667 0.416667
vt 0.781250 0.416667
vt 0.781250 0.458333
vt 0.791667 0.458333
vt 0.802083 0.500000
vt 0.802083 0.541667
vt 0.812500 0.500000
vt 0.812500 0.541667
vt 0.812500 0.583333
vt 0.802083 0.583333
vt 0.802083 0.625000
vt 0.812500 0.625000
vt 0.812500 0.666667
vt 0.802083 0.666667
vt 0.802083 0.708333
vt 0.812500 0.708333
vt 0.812500 0.750000
vt 0.802083 0.750000
vt 0.802083 0.791667
vt 0.812500 0.791667
vt 0.812500 0.833333
vt 0.802083 0.833333
vt 0.802083 0.875000
vt 0.812500 0.875000
vt 0.812500 0.916667
vt 0.802083 0.916667
vt 0.802083 0.958333
vt 0.812500 0.916667
vt 0.812500 0.958333
vt 0.812500 1.000000
vt 0.802083 1.000000
vt 0.802083 0.000000
vt 0.802083 0.041667
vt 0.812500 0.000000
vt 0.812500 0.041667
vt 0.812500 0.083333
vt 0.802083 0.083333
vt 0.802083 0.125000
vt 0.812500 0.083333
vt 0.812500 0.125000
vt 0.812500 0.166667
vt 0.802083 0.166667
vt 0.802083 0.208333
vt 0.812500 0.208333
vt 0.812500 0.250000
vt 0.802083 0.250000
vt 0.802083 0.291667
vt 0.812500 0.291667
vt 0.812500 0.333333
vt 0.802083 0.333333
vt 0.802083 0.375000
vt 0.812500 0.375000
vt 0.812500 0.416667
vt 0.802083 0.416667
vt 0.802083 0.458333
vt 0.812500 0.458333
vt 0.822917 0.500000
vt 0.822917 0.541667
vt 0.833333 0.500000
vt 0.833333 0.541667
vt 0.833333 0.583333
vt 0.822917 0.583333
vt 0.822917 0.625000
vt 0.833333 0.625000
vt 0.833333 0.666667
vt 0.822917 0.666667
vt 0.822917 0.708333
vt 0.833333 0.708333
vt 0.833333 0.750000
vt 0.822917 0.750000
vt 0.822917 0.791667
vt 0.833333 0.791667
vt 0.833333 0.833333
vt 0.822917 0.833333
vt 0.822917 0.875000
vt 0.833333 0.875000
vt 0.833333 0.916667
vt 0.822917 0.916667
vt 0.822917 0.916667
vt 0.822917 0.958333
vt 0.833333 0.916667
vt 0.833333 0.958333
vt 0.833333 1.000000
vt 0.822917 1.000000
vt 0.822917 0.000000
vt 0.822917 0.041667
vt 0.833333 0.000000
vt 0.833333 0.041667
vt 0.833333 0.083333
vt 0.822917 0.083333
vt 0.822917 0.083333
vt 0.822917 0.125000
vt 0.833333 0.083333
vt 0.833333 0.125000
vt 0.833333 0.166667
vt 0.822917 0.166667
vt 0.822917 0.208333
vt 0.833333 0.208333
vt 0.833333 0.250000
vt 0.822917 0.250000
vt 0.822917 0.291667
vt 0.833333 0.291667
vt 0.833333 0.333333
vt 0.822917 0.333333
vt 0.822917 0.375000
vt 0.833333 0.375000
vt 0.833333 0.416667
vt 0.822917 0.416667
vt 0.822917 0.458333
vt 0.833333 0.458333
vt 0.843750 0.500000
vt 0.843750 0.541667
vt 0.854167 0.500000
vt 0.854167 0.541667
vt 0.854167 0.583333
vt 0.843750 0.583333
vt 0.843750 0.625000
vt 0.854167 0.625000
vt 0.854167 0.666667
vt 0.843750 0.666667
vt 0.843750 0.708333
vt 0.854167 0.708333
vt 0.854167 0.750000
vt 0.843750 0.750000
vt 0.843750 0.791667
vt 0.854167 0.791667
vt 0.854167 0.833333
vt 0.843750 0.833333
vt 0.843750 0.875000
vt 0.854167 0.875000
vt 0.854167 0.916667
vt 0.843750 0.916667
vt 0.843750 0.958333
vt 0.854167 0.916667
vt 0.854167 0.958333
vt 0.854167 1.000000
vt 0.843750 1.000000
vt 0.843750 0.000000
vt 0.843750 0.041667
vt 0.854167 0.000000
vt 0.854167 0.041667
vt 0.854167 0.083333
vt 0.843750 0.083333
vt 0.843750 0.125000
vt 0.854167 0.083333
vt 0.854167 0.125000
vt 0.854167 0.166667
vt 0.843750 0.166667
vt 0.843750 0.208333
vt 0.854167 0.208333
vt 0.854167 0.250000
vt 0.843750 0.250000
vt 0.843750 0.291667
vt 0.854167 0.291667
vt 0.854167 0.333333
vt 0.843750 0.333333
vt 0.843750 0.375000
vt 0.854167 0.375000
vt 0.854167 0.416667
vt 0.843750 0.416667
vt 0.843750 0.458333
vt 0.854167 0.458333
vt 0.864583 0.500000
vt 0.864583 0.541667
vt 0.875000 0.500000
vt 0.875000 0.541667
vt 0.875000 0.583333
vt 0.864583 0.583333
vt 0.864583 0.625000
vt 0.875000 0.625000
vt 0.875000 0.666667
vt 0.864583 0.666667
vt 0.864583 0.708333
vt 0.875000 0.708333
vt 0.875000 0.750000
vt 0.864583 0.750000
vt 0.864583 0.791667
vt 0.875000 0.791667
vt 0.875000 0.833333
vt 0.864583 0.833333
vt 0.864583 0.875000
vt 0.875000 0.875000
vt 0.875000 0.916667
vt 0.864583 0.916667
vt 0.864583 0.916667
vt 0.864583 0.958333
vt 0.875000 0.916667
vt 0.875000 0.958333
vt 0.875000 1.000000
vt 0.864583 1.000000
vt 0.864583 0.000000
vt 0.864583 0.041667
vt 0.875000 0.000000
vt 0.875000 0.041667
vt 0.875000 0.083333
vt 0.864583 0.083333
vt 0.864583 0.083333
vt 0.864583 0.125000
vt 0.875000 0.083333
vt 0.875000 0.125000
vt 0.875000 0.166667
vt 0.864583 0.166667
vt 0.864583 0.208333
vt 0.875000 0.208333
vt 0.875000 0.250000
vt 0.864583 0.250000
vt 0.864583 0.291667
vt 0.875000 0.291667
vt 0.875000 0.333333
vt 0.864583 0.333333
vt 0.864583 0.375000
vt 0.875000 0.375000
vt 0.875000 0.416667
vt 0.864583 0.416667
vt 0.864583 0.458333
vt 0.875000 0.458333
vt 0.885417 0.500000
vt 0.885417 0.541667
vt 0.895833 0.500000
vt 0.895833 0.541667
vt 0.895833 0.583333
vt 0.885417 0.583333
vt 0.885417 0.625000
vt 0.895833 0.625000
vt 0.895833 0.666667
vt 0.885417 0.666667
vt 0.885417 0.708333
vt 0.895833 0.708333
vt 0.895833 0.750000
vt 0.885417 0.750000
vt 0.885417 0.791667
vt 0.895833 0.791667
vt 0.895833 0.833333
vt 0.885417 0.833333
vt 0.885417 0.875000
vt 0.895833 0.875000
vt 0.895833 0.916667
vt 0.885417 0.916667
vt 0.885417 0.958333
vt 0.895833 0.958333
vt 0.895833 1.000000
vt 0.885417 1.000000
vt 0.885417 0.000000
vt 0.885417 0.041667
vt 0.895833 0.000000
vt 0.895833 0.041667
vt 0.895833 0.083333
vt 0.885417 0.083333
vt 0.885417 0.125000
vt 0.895833 0.083333
vt 0.895833 0.125000
vt 0.895833 0.166667
vt 0.885417 0.166667
vt 0.885417 0.208333
vt 0.895833 0.208333
vt 0.895833 0.250000
vt 0.885417 0.250000
vt 0.885417 0.291667
vt 0.895833 0.291667
vt 0.895833 0.333333
vt 0.885417 0.333333
vt 0.885417 0.375000
vt 0.895833 0.375000
vt 0.895833 0.416667
vt 0.885417 0.416667
vt 0.885417 0.458333
vt 0.895833 0.458333
vt 0.906250 0.500000
vt 0.906250 0.541667
vt 0.916667 0.500000
vt 0.916667 0.541667
vt 0.916667 0.583333
vt 0.906250 0.583333
vt 0.906250 0.625000
vt 0.916667 0.625000
vt 0.916667 0.666667
vt 0.906250 0.666667
vt 0.906250 0.708333
vt 0.916667 0.708333
vt 0.916667 0.750000
vt 0.906250 0.750000
vt 0.906250 0.791667
vt 0.916667 0.791667
vt 0.916667 0.833333
vt 0.906250 0.833333
vt 0.906250 0.875000
vt 0.916667 0.875000
vt 0.916667 0.916667
vt 0.906250 0.916667
vt 0.906250 0.916667
vt 0.906250 0.958333
vt 0.916667 0.916667
vt 0.916667 0.958333
vt 0.916667 1.000000
vt 0.906250 1.000000
vt 0.906250 0.000000
vt 0.906250 0.041667
vt 0.916667 0.000000
vt 0.916667 0.041667
vt 0.916667 0.083333
vt 0.906250 0.083333
vt 0.906250 0.083333
vt 0.906250 0.125000
vt 0.916667 0.083333
vt 0.916667 0.125000
vt 0.916667 0.166667
vt 0.906250 0.166667
vt 0.906250 0.208333
vt 0.916667 0.208333
vt 0.916667 0.250000
vt 0.906250 0.250000
vt 0.906250 0.291667
vt 0.916667 0.291667
vt 0.916667 0.333333
vt 0.906250 0.333333
vt 0.906250 0.375000
vt 0.916667 0.375000
vt 0.916667 0.416667
vt 0.906250 0.416667
vt 0.906250 0.458333
vt 0.916667 0.458333
vt 0.927083 0.500000
vt 0.927083 0.541667
vt 0.937500 0.500000
vt 0.937500 0.541667
vt 0.937500 0.583333
vt 0.927083 0.583333
vt 0.927083 0.625000
vt 0.937500 0.625000
vt 0.937500 0.666667
vt 0.927083 0.666667
vt 0.927083 0.708333
vt 0.937500 0.708333
vt 0.937500 0.750000
vt 0.927083 0.750000
vt 0.927083 0.791667
vt 0.937500 0.791667
vt 0.937500 0.833333
vt 0.927083 0.833333
vt 0.927083 0.875000
vt 0.937500 0.875000
vt 0.937500 0.916667
vt 0.927083 0.916667
vt 0.927083 0.916667
vt 0.927083 0.958333
vt 0.937500 0.916667
vt 0.937500 0.958333
vt 0.937500 1.000000
vt 0.927083 1.000000
vt 0.927083 0.000000
vt 0.927083 0.041667
vt 0.937500 0.000000
vt 0.937500 0.041667
vt 0.937500 0.083333
vt 0.927083 0.083333
vt 0.927083 0.083333
vt 0.927083 0.125000
vt 0.937500 0.083333
vt 0.937500 0.125000
vt 0.937500 0.166667
vt 0.927083 0.166667
vt 0.927083 0.208333
vt 0.937500 0.208333
vt 0.937500 0.250000
vt 0.927083 0.250000
vt 0.927083 0.291667
vt 0.937500 0.291667
vt 0.937500 0.333333
vt 0.927083 0.333333
vt 0.927083 0.375000
vt 0.937500 0.375000
vt 0.937500 0.416667
vt 0.927083 0.416667
vt 0.927083 0.458333
vt 0.937500 0.458333
vt 0.947917 0.500000
vt 0.947917 0.541667
vt 0.958333 0.500000
vt 0.958333 0.541667
vt 0.958333 0.583333
vt 0.947917 0.583333
vt 0.947917 0.625000
vt 0.958333 0.625000
vt 0.958333 0.666667
vt 0.947917 0.666667
vt 0.947917 0.708333
vt 0.958333 0.708333
vt 0.958333 0.750000
vt 0.947917 0.750000
vt 0.947917 0.791667
vt 0.958333 0.791667
vt 0.958333 0.833333
vt 0.947917 0.833333
vt 0.947917 0.875000
vt 0.958333 0.875000
vt 0.958333 0.916667
vt 0.947917 0.916667
vt 0.947917 0.958333
vt 0.958333 0.958333
vt 0.958333 1.000000
vt 0.947917 1.000000
vt 0.947917 0.000000
vt 0.947917 0.041667
vt 0.958333 0.000000
vt 0.958333 0.041667
vt 0.958333 0.083333
vt 0.947917 0.083333
vt 0.947917 0.125000
vt 0.958333 0.083333
vt 0.958333 0.125000
vt 0.958333 0.166667
vt 0.947917 0.166667
vt 0.947917 0.208333
vt 0.958333 0.208333
vt 0.958333 0.250000
vt 0.947917 0.250000
vt 0.947917 0.291667
vt 0.958333 0.291667
vt 0.958333 0.333333
vt 0.947917 0.333333
vt 0.947917 0.375000
vt 0.958333 0.375000
vt 0.958333 0.416667
vt 0.947917 0.416667
vt 0.947917 0.458333
vt 0.958333 0.458333
vt 0.968750 0.500000
vt 0.968750 0.541667
vt 0.979167 0.500000
vt 0.979167 0.541667
vt 0.979167 0.583333
vt 0.968750 0.583333
vt 0.968750 0.625000
vt 0.979167 0.625000
vt 0.979167 0.666667
vt 0.968750 0.666667
vt 0.968750 0.708333
vt 0.979167 0.708333
vt 0.979167 0.750000
vt 0.968750 0.750000
vt 0.968750 0.791667
vt 0.979167 0.791667
vt 0.979167 0.833333
vt 0.968750 0.833333
vt 0.968750 0.875000
vt 0.979167 0.875000
vt 0.979167 0.916667
vt 0.968750 0.916667
vt 0.968750 0.958333
vt 0.979167 0.916667
vt 0.979167 0.958333
vt 0.979167 1.000000
vt 0.968750 1.000000
vt 0.968750 0.000000
vt 0.968750 0.041667
vt 0.979167 0.000000
vt 0.979167 0.041667
vt 0.979167 0.083333
vt 0.968750 0.083333
vt 0.968750 0.125000
vt 0.979167 0.083333
vt 0.979167 0.125000
vt 0.979167 0.166667
vt 0.968750 0.166667
vt 0.968750 0.208333
vt 0.979167 0.208333
vt 0.979167 0.250000
vt 0.968750 0.250000
vt 0.968750 0.291667
vt 0.979167 0.291667
vt 0.979167 0.333333
vt 0.968750 0.333333
vt 0.968750 0.375000
vt 0.979167 0.375000
vt 0.979167 0.416667
vt 0.968750 0.416667
vt 0.968750 0.458333
vt 0.979167 0.458333
vt 0.979167 0.500000
vt 0.989583 0.500000
vt 0.989583 0.541667
vt 0.979167 0.541667
vt 0.989583 0.583333
vt 0.979167 0.583333
vt 0.989583 0.625000
vt 0.979167 0.625000
vt 1.000000 0.666667
vt 0.989583 0.666667
vt 0.979167 0.666667
vt 0.989583 0.708333
vt 1.000000 0.708333
vt 0.989583 0.750000
vt 0.979167 0.750000
vt 0.989583 0.791667
vt 0.989583 0.833333
vt 0.979167 0.833333
vt 0.989583 0.875000
vt 1.000000 0.875000
vt 1.000000 0.916667
vt 0.989583 0.916667
vt 0.989583 0.958333
vt 1.000000 0.958333
vt 0.989583 1.000000
vt 0.989583 0.000000
vt 0.989583 0.041667
vt 1.000000 0.000000
vt 1.000000 0.041667
vt 1.000000 0.083333
vt 0.989583 0.083333
vt 0.989583 0.125000
vt 1.000000 0.125000
vt 1.000000 0.166667
vt 0.989583 0.166667
vt 0.979167 0.166667
vt 0.989583 0.208333
vt 0.979167 0.208333
vt 1.000000 0.208333
vt 0.989583 0.250000
vt 0.979167 0.250000
vt 0.989583 0.291667
vt 0.979167 0.291667
vt 1.000000 0.291667
vt 1.000000 0.333333
vt 0.989583 0.333333
vt 0.979167 0.333333
vt 0.989583 0.375000
vt 0.979167 0.375000
vt 1.000000 0.375000
vt 1.000000 0.416667
vt 0.989583 0.416667
vt 0.979167 0.416667
vt 0.989583 0.458333
vt 1.000000 0.458333
vt 0.000000 0.500000
vt 0.010417 0.500000
vt 0.010417 0.541667
vt 0.000000 0.541667
vt 0.020833 0.500000
vt 0.020833 0.541667
vt 0.020833 0.583333
vt 0.010417 0.583333
vt 0.000000 0.583333
vt 0.010417 0.625000
vt 0.000000 0.625000
vt 0.020833 0.625000
vt 0.020833 0.666667
vt 0.010417 0.666667
vt 0.000000 0.666667
vt 0.010417 0.708333
vt 0.000000 0.708333
vt 0.020833 0.708333
vt 0.020833 0.750000
vt 0.010417 0.750000
vt 0.000000 0.750000
vt 0.010417 0.791667
vt 0.000000 0.791667
vt 0.020833 0.791667
vt 0.020833 0.833333
vt 0.010417 0.833333
vt 0.000000 0.833333
vt 0.010417 0.875000
vt 0.000000 0.875000
vt 0.020833 0.875000
vt 0.020833 0.916667
vt 0.010417 0.916667
vt 0.000000 0.916667
vt 0.010417 0.958333
vt 0.000000 0.958333
vt 0.020833 0.958333
vt 0.020833 1.000000
vt 0.010417 1.000000
vt 0.000000 1.000000
vt 0.000000 0.000000
vt 0.010417 0.000000
vt 0.010417 0.041667
vt 0.000000 0.041667
vt 0.020833 0.000000
vt 0.020833 0.041667
vt 0.020833 0.083333
vt 0.010417 0.083333
vt 0.000000 0.083333
vt 0.010417 0.125000
vt 0.000000 0.125000
vt 0.020833 0.125000
vt 0.020833 0.166667
vt 0.010417 0.166667
vt 0.000000 0.166667
vt 0.010417 0.208333
vt 0.000000 0.208333
vt 0.020833 0.208333
vt 0.020833 0.250000
vt 0.010417 0.250000
vt 0.000000 0.250000
vt 0.010417 0.291667
vt 0.000000 0.291667
vt 0.020833 0.291667
vt 0.020833 0.333333
vt 0.010417 0.333333
vt 0.000000 0.333333
vt 0.010417 0.375000
vt 0.000000 0.375000
vt 0.020833 0.375000
vt 0.020833 0.416667
vt 0.010417 0.416667
vt 0.000000 0.416667
vt 0.010417 0.458333
vt 0.000000 0.458333
vt 0.020833 0.458333
vt 0.031250 0.500000
vt 0.031250 0.541667
vt 0.020833 0.541667
vt 0.041667 0.500000
vt 0.041667 0.541667
vt 0.041667 0.583333
vt 0.031250 0.583333
vt 0.020833 0.583333
vt 0.031250 0.625000
vt 0.020833 0.625000
vt 0.041667 0.625000
vt 0.041667 0.666667
vt 0.031250 0.666667
vt 0.031250 0.708333
vt 0.041667 0.708333
vt 0.041667 0.750000
vt 0.031250 0.750000
vt 0.020833 0.750000
vt 0.031250 0.791667
vt 0.041667 0.791667
vt 0.041667 0.833333
vt 0.031250 0.833333
vt 0.031250 0.875000
vt 0.041667 0.875000
vt 0.041667 0.916667
vt 0.031250 0.916667
vt 0.031250 0.958333
vt 0.041667 0.958333
vt 0.041667 1.000000
vt 0.031250 1.000000
vt 0.031250 0.000000
vt 0.031250 0.041667
vt 0.041667 0.000000
vt 0.041667 0.041667
vt 0.041667 0.083333
vt 0.031250 0.083333
vt 0.020833 0.083333
vt 0.031250 0.125000
vt 0.041667 0.083333
vt 0.041667 0.125000
vt 0.041667 0.166667
vt 0.031250 0.166667
vt 0.031250 0.208333
vt 0.020833 0.208333
vt 0.041667 0.208333
vt 0.041667 0.250000
vt 0.031250 0.250000
vt 0.031250 0.291667
vt 0.020833 0.291667
vt 0.041667 0.291667
vt 0.041667 0.333333
vt 0.031250 0.333333
vt 0.020833 0.333333
vt 0.031250 0.375000
vt 0.020833 0.375000
vt 0.041667 0.375000
vt 0.041667 0.416667
vt 0.031250 0.416667
vt 0.020833 0.416667
vt 0.031250 0.458333
vt 0.041667 0.458333
vt 0.052083 0.500000
vt 0.052083 0.541667
vt 0.062500 0.500000
vt 0.062500 0.541667
vt 0.062500 0.583333
vt 0.052083 0.583333
vt 0.052083 0.625000
vt 0.062500 0.625000
vt 0.062500 0.666667
vt 0.052083 0.666667
vt 0.052083 0.708333
vt 0.062500 0.708333
vt 0.062500 0.750000
vt 0.052083 0.750000
vt 0.052083 0.791667
vt 0.062500 0.791667
vt 0.062500 0.833333
vt 0.052083 0.833333
vt 0.052083 0.875000
vt 0.062500 0.875000
vt 0.062500 0.916667
vt 0.052083 0.916667
vt 0.052083 0.916667
vt 0.052083 0.958333
vt 0.062500 0.958333
vt 0.062500 1.000000
vt 0.052083 1.000000
vt 0.052083 0.000000
vt 0.052083 0.041667
vt 0.062500 0.000000
vt 0.062500 0.041667
vt 0.062500 0.083333
vt 0.052083 0.083333
vt 0.052083 0.083333
vt 0.052083 0.125000
vt 0.062500 0.083333
vt 0.062500 0.125000
vt 0.062500 0.166667
vt 0.052083 0.166667
vt 0.052083 0.208333
vt 0.062500 0.208333
vt 0.062500 0.250000
vt 0.052083 0.250000
vt 0.052083 0.291667
vt 0.062500 0.291667
vt 0.062500 0.333333
vt 0.052083 0.333333
vt 0.052083 0.375000
vt 0.062500 0.375000
vt 0.062500 0.416667
vt 0.052083 0.416667
vt 0.052083 0.458333
vt 0.062500 0.458333
vt 0.072917 0.500000
vt 0.072917 0.541667
vt 0.083333 0.500000
vt 0.083333 0.541667
vt 0.083333 0.583333
vt 0.072917 0.583333
vt 0.072917 0.625000
vt 0.083333 0.625000
vt 0.083333 0.666667
vt 0.072917 0.666667
vt 0.072917 0.708333
vt 0.083333 0.708333
vt 0.083333 0.750000
vt 0.072917 0.750000
vt 0.072917 0.791667
vt 0.083333 0.791667
vt 0.083333 0.833333
vt 0.072917 0.833333
vt 0.072917 0.875000
vt 0.083333 0.875000
vt 0.083333 0.916667
vt 0.072917 0.916667
vt 0.072917 0.916667
vt 0.072917 0.958333
vt 0.083333 0.916667
vt 0.083333 0.958333
vt 0.083333 1.000000
vt 0.072917 1.000000
vt 0.072917 0.000000
vt 0.072917 0.041667
vt 0.083333 0.000000
vt 0.083333 0.041667
vt 0.083333 0.083333
vt 0.072917 0.083333
vt 0.072917 0.083333
vt 0.072917 0.125000
vt 0.083333 0.083333
vt 0.083333 0.125000
vt 0.083333 0.166667
vt 0.072917 0.166667
vt 0.072917 0.208333
vt 0.083333 0.208333
vt 0.083333 0.250000
vt 0.072917 0.250000
vt 0.072917 0.291667
vt 0.083333 0.291667
vt 0.083333 0.333333
vt 0.072917 0.333333
vt 0.072917 0.375000
vt 0.083333 0.375000
vt 0.083333 0.416667
vt 0.072917 0.416667
vt 0.072917 0.458333
vt 0.083333 0.458333
vt 0.093750 0.500000
vt 0.093750 0.541667
vt 0.104167 0.500000
vt 0.104167 0.541667
vt 0.104167 0.583333
vt 0.093750 0.583333
vt 0.093750 0.625000
vt 0.104167 0.625000
vt 0.104167 0.666667
vt 0.093750 0.666667
vt 0.093750 0.708333
vt 0.104167 0.708333
vt 0.104167 0.750000
vt 0.093750 0.750000
vt 0.093750 0.791667
vt 0.104167 0.791667
vt 0.104167 0.833333
vt 0.093750 0.833333
vt 0.093750 0.875000
vt 0.104167 0.875000
vt 0.104167 0.916667
vt 0.093750 0.916667
vt 0.093750 0.916667
vt 0.093750 0.958333
vt 0.104167 0.916667
vt 0.104167 0.958333
vt 0.104167 1.000000
vt 0.093750 1.000000
vt 0.093750 0.000000
vt 0.093750 0.041667
vt 0.104167 0.000000
vt 0.104167 0.041667
vt 0.104167 0.083333
vt 0.093750 0.083333
vt 0.093750 0.083333
vt 0.093750 0.125000
vt 0.104167 0.083333
vt 0.104167 0.125000
vt 0.104167 0.166667
vt 0.093750 0.166667
vt 0.093750 0.208333
vt 0.104167 0.208333
vt 0.104167 0.250000
vt 0.093750 0.250000
vt 0.093750 0.291667
vt 0.104167 0.291667
vt 0.104167 0.333333
vt 0.093750 0.333333
vt 0.093750 0.375000
vt 0.104167 0.375000
vt 0.104167 0.416667
vt 0.093750 0.416667
vt 0.093750 0.458333
vt 0.104167 0.458333
vt 0.114583 0.500000
vt 0.114583 0.541667
vt 0.125000 0.500000
vt 0.125000 0.541667
vt 0.114583 0.583333
vt 0.114583 0.625000
vt 0.125000 0.625000
vt 0.125000 0.666667
vt 0.114583 0.666667
vt 0.114583 0.708333
vt 0.125000 0.708333
vt 0.125000 0.750000
vt 0.114583 0.750000
vt 0.114583 0.791667
vt 0.125000 0.791667
vt 0.114583 0.833333
vt 0.114583 0.875000
vt 0.125000 0.875000
vt 0.125000 0.916667
vt 0.114583 0.916667
vt 0.114583 0.916667
vt 0.114583 0.958333
vt 0.125000 0.916667
vt 0.125000 0.958333
vt 0.125000 1.000000
vt 0.114583 1.000000
vt 0.114583 0.000000
vt 0.114583 0.041667
vt 0.125000 0.000000
vt 0.125000 0.041667
vt 0.125000 0.083333
vt 0.114583 0.083333
vt 0.114583 0.083333
vt 0.114583 0.125000
vt 0.125000 0.083333
vt 0.125000 0.125000
vt 0.125000 0.166667
vt 0.114583 0.166667
vt 0.114583 0.208333
vt 0.125000 0.208333
vt 0.125000 0.250000
vt 0.114583 0.250000
vt 0.114583 0.291667
vt 0.125000 0.291667
vt 0.125000 0.333333
vt 0.114583 0.333333
vt 0.114583 0.375000
vt 0.125000 0.375000
vt 0.125000 0.416667
vt 0.114583 0.416667
vt 0.114583 0.458333
vt 0.125000 0.458333
vt 0.135417 0.500000
vt 0.135417 0.541667
vt 0.145833 0.500000
vt 0.145833 0.541667
vt 0.145833 0.583333
vt 0.135417 0.583333
vt 0.135417 0.625000
vt 0.145833 0.625000
vt 0.145833 0.666667
vt 0.135417 0.666667
vt 0.135417 0.708333
vt 0.145833 0.708333
vt 0.145833 0.750000
vt 0.135417 0.750000
vt 0.135417 0.791667
vt 0.145833 0.791667
vt 0.145833 0.833333
vt 0.135417 0.833333
vt 0.135417 0.875000
vt 0.145833 0.875000
vt 0.145833 0.916667
vt 0.135417 0.916667
vt 0.135417 0.958333
vt 0.145833 0.916667
vt 0.145833 0.958333
vt 0.145833 1.000000
vt 0.135417 1.000000
vt 0.135417 0.000000
vt 0.135417 0.041667
vt 0.145833 0.000000
vt 0.145833 0.041667
vt 0.145833 0.083333
vt 0.135417 0.083333
vt 0.135417 0.125000
vt 0.145833 0.083333
vt 0.145833 0.125000
vt 0.145833 0.166667
vt 0.135417 0.166667
vt 0.135417 0.208333
vt 0.145833 0.208333
vt 0.145833 0.250000
vt 0.135417 0.250000
vt 0.135417 0.291667
vt 0.145833 0.291667
vt 0.145833 0.333333
vt 0.135417 0.333333
vt 0.135417 0.375000
vt 0.145833 0.375000
vt 0.145833 0.416667
vt 0.135417 0.416667
vt 0.135417 0.458333
vt 0.145833 0.458333
vt 0.156250 0.500000
vt 0.156250 0.541667
vt 0.166667 0.500000
vt 0.166667 0.541667
vt 0.166667 0.583333
vt 0.156250 0.583333
vt 0.156250 0.625000
vt 0.166667 0.625000
vt 0.166667 0.666667
vt 0.156250 0.666667
vt 0.156250 0.708333
vt 0.166667 0.708333
vt 0.166667 0.750000
vt 0.156250 0.750000
vt 0.156250 0.791667
vt 0.166667 0.791667
vt 0.166667 0.833333
vt 0.156250 0.833333
vt 0.156250 0.875000
vt 0.166667 0.875000
vt 0.166667 0.916667
vt 0.156250 0.916667
vt 0.156250 0.916667
vt 0.156250 0.958333
vt 0.166667 0.958333
vt 0.166667 1.000000
vt 0.156250 1.000000
vt 0.156250 0.000000
vt 0.156250 0.041667
vt 0.166667 0.000000
vt 0.166667 0.041667
vt 0.166667 0.083333
vt 0.156250 0.083333
vt 0.156250 0.083333
vt 0.156250 0.125000
vt 0.166667 0.083333
vt 0.166667 0.125000
vt 0.166667 0.166667
vt 0.156250 0.166667
vt 0.156250 0.208333
vt 0.166667 0.208333
vt 0.166667 0.250000
vt 0.156250 0.250000
vt 0.156250 0.291667
vt 0.166667 0.291667
vt 0.166667 0.333333
vt 0.156250 0.333333
vt 0.156250 0.375000
vt 0.166667 0.375000
vt 0.166667 0.416667
vt 0.156250 0.416667
vt 0.156250 0.458333
vt 0.166667 0.458333
vt 0.177083 0.500000
vt 0.177083 0.541667
vt 0.187500 0.500000
vt 0.187500 0.541667
vt 0.187500 0.583333
vt 0.177083 0.583333
vt 0.177083 0.625000
vt 0.187500 0.625000
vt 0.187500 0.666667
vt 0.177083 0.666667
vt 0.177083 0.708333
vt 0.187500 0.708333
vt 0.187500 0.750000
vt 0.177083 0.750000
vt 0.177083 0.791667
vt 0.187500 0.791667
vt 0.187500 0.833333
vt 0.177083 0.833333
vt 0.177083 0.875000
vt 0.187500 0.875000
vt 0.187500 0.916667
vt 0.177083 0.916667
vt 0.177083 0.916667
vt 0.177083 0.958333
vt 0.187500 0.916667
vt 0.187500 0.958333
vt 0.187500 1.000000
vt 0.177083 1.000000
vt 0.177083 0.000000
vt 0.177083 0.041667
vt 0.187500 0.000000
vt 0.187500 0.041667
vt 0.187500 0.083333
vt 0.177083 0.083333
vt 0.177083 0.083333
vt 0.177083 0.125000
vt 0.187500 0.083333
vt 0.187500 0.125000
vt 0.187500 0.166667
vt 0.177083 0.166667
vt 0.177083 0.208333
vt 0.187500 0.208333
vt 0.187500 0.250000
vt 0.177083 0.250000
vt 0.177083 0.291667
vt 0.187500 0.291667
vt 0.187500 0.333333
vt 0.177083 0.333333
vt 0.177083 0.375000
vt 0.187500 0.375000
vt 0.187500 0.416667
vt 0.177083 0.416667
vt 0.177083 0.458333
vt 0.187500 0.458333
vt 0.197917 0.500000
vt 0.197917 0.541667
vt 0.208333 0.500000
vt 0.208333 0.541667
vt 0.208333 0.583333
vt 0.197917 0.583333
vt 0.197917 0.625000
vt 0.208333 0.625000
vt 0.208333 0.666667
vt 0.197917 0.666667
vt 0.197917 0.708333
vt 0.208333 0.708333
vt 0.208333 0.750000
vt 0.197917 0.750000
vt 0.197917 0.791667
vt 0.208333 0.791667
vt 0.208333 0.833333
vt 0.197917 0.833333
vt 0.197917 0.875000
vt 0.208333 0.875000
vt 0.208333 0.916667
vt 0.197917 0.916667
vt 0.197917 0.958333
vt 0.208333 0.958333
vt 0.208333 1.000000
vt 0.197917 1.000000
vt 0.197917 0.000000
vt 0.197917 0.041667
vt 0.208333 0.000000
vt 0.208333 0.041667
vt 0.208333 0.083333
vt 0.197917 0.083333
vt 0.197917 0.125000
vt 0.208333 0.083333
vt 0.208333 0.125000
vt 0.208333 0.166667
vt 0.197917 0.166667
vt 0.197917 0.208333
vt 0.208333 0.208333
vt 0.208333 0.250000
vt 0.197917 0.250000
vt 0.197917 0.291667
vt 0.208333 0.291667
vt 0.208333 0.333333
vt 0.197917 0.333333
vt 0.197917 0.375000
vt 0.208333 0.375000
vt 0.208333 0.416667
vt 0.197917 0.416667
vt 0.197917 0.458333
vt 0.208333 0.458333
vt 0.218750 0.500000
vt 0.218750 0.541667
vt 0.229167 0.500000
vt 0.229167 0.541667
vt 0.229167 0.583333
vt 0.218750 0.583333
vt 0.218750 0.625000
vt 0.229167 0.625000
vt 0.229167 0.666667
vt 0.218750 0.666667
vt 0.218750 0.708333
vt 0.229167 0.708333
vt 0.229167 0.750000
vt 0.218750 0.750000
vt 0.218750 0.791667
vt 0.229167 0.791667
vt 0.229167 0.833333
vt 0.218750 0.833333
vt 0.218750 0.875000
vt 0.229167 0.875000
vt 0.229167 0.916667
vt 0.218750 0.916667
vt 0.218750 0.958333
vt 0.229167 0.916667
vt 0.229167 0.958333
vt 0.229167 1.000000
vt 0.218750 1.000000
vt 0.218750 0.000000
vt 0.218750 0.041667
vt 0.229167 0.000000
vt 0.229167 0.041667
vt 0.229167 0.083333
vt 0.218750 0.083333
vt 0.218750 0.125000
vt 0.229167 0.083333
vt 0.229167 0.125000
vt 0.229167 0.166667
vt 0.218750 0.166667
vt 0.218750 0.208333
vt 0.229167 0.208333
vt 0.229167 0.250000
vt 0.218750 0.250000
vt 0.218750 0.291667
vt 0.229167 0.291667
vt 0.229167 0.333333
vt 0.218750 0.333333
vt 0.218750 0.375000
vt 0.229167 0.375000
vt 0.229167 0.416667
vt 0.218750 0.416667
vt 0.218750 0.458333
vt 0.229167 0.458333
vt 0.239583 0.500000
vt 0.239583 0.541667
vt 0.250000 0.500000
vt 0.250000 0.541667
vt 0.250000 0.583333
vt 0.239583 0.583333
vt 0.239583 0.625000
vt 0.250000 0.625000
vt 0.250000 0.666667
vt 0.239583 0.666667
vt 0.239583 0.708333
vt 0.250000 0.750000
vt 0.239583 0.750000
vt 0.239583 0.791667
vt 0.250000 0.791667
vt 0.250000 0.833333
vt 0.239583 0.833333
vt 0.239583 0.875000
vt 0.250000 0.875000
vt 0.250000 0.916667
vt 0.239583 0.916667
vt 0.239583 0.958333
vt 0.250000 0.958333
vt 0.250000 1.000000
vt 0.239583 1.000000
vt 0.239583 0.000000
vt 0.239583 0.041667
vt 0.250000 0.000000
vt 0.250000 0.041667
vt 0.250000 0.083333
vt 0.239583 0.083333
vt 0.239583 0.125000
vt 0.250000 0.083333
vt 0.250000 0.125000
vt 0.250000 0.166667
vt 0.239583 0.166667
vt 0.239583 0.208333
vt 0.250000 0.208333
vt 0.250000 0.250000
vt 0.239583 0.250000
vt 0.239583 0.291667
vt 0.250000 0.291667
vt 0.250000 0.333333
vt 0.239583 0.333333
vt 0.239583 0.375000
vt 0.250000 0.375000
vt 0.250000 0.416667
vt 0.239583 0.416667
vt 0.239583 0.458333
vt 0.250000 0.458333
vt 0.260417 0.500000
vt 0.260417 0.541667
vt 0.270833 0.500000
vt 0.270833 0.541667
vt 0.270833 0.583333
vt 0.260417 0.583333
vt 0.260417 0.625000
vt 0.270833 0.625000
vt 0.270833 0.666667
vt 0.260417 0.666667
vt 0.260417 0.708333
vt 0.270833 0.708333
vt 0.270833 0.750000
vt 0.260417 0.750000
vt 0.260417 0.791667
vt 0.270833 0.791667
vt 0.270833 0.833333
vt 0.260417 0.833333
vt 0.260417 0.875000
vt 0.270833 0.875000
vt 0.270833 0.916667
vt 0.260417 0.916667
vt 0.260417 0.916667
vt 0.260417 0.958333
vt 0.270833 0.958333
vt 0.270833 1.000000
vt 0.260417 1.000000
vt 0.260417 0.000000
vt 0.260417 0.041667
vt 0.270833 0.000000
vt 0.270833 0.041667
vt 0.270833 0.083333
vt 0.260417 0.083333
vt 0.260417 0.083333
vt 0.260417 0.125000
vt 0.270833 0.083333
vt 0.270833 0.125000
vt 0.270833 0.166667
vt 0.260417 0.166667
vt 0.260417 0.208333
vt 0.270833 0.208333
vt 0.270833 0.250000
vt 0.260417 0.250000
vt 0.260417 0.291667
vt 0.270833 0.291667
vt 0.270833 0.333333
vt 0.260417 0.333333
vt 0.260417 0.375000
vt 0.270833 0.375000
vt 0.270833 0.416667
vt 0.260417 0.416667
vt 0.260417 0.458333
vt 0.270833 0.458333
vt 0.281250 0.500000
vt 0.281250 0.541667
vt 0.291667 0.500000
vt 0.291667 0.541667
vt 0.291667 0.583333
vt 0.281250 0.583333
vt 0.281250 0.625000
vt 0.291667 0.625000
vt 0.291667 0.666667
vt 0.281250 0.666667
vt 0.281250 0.708333
vt 0.291667 0.708333
vt 0.291667 0.750000
vt 0.281250 0.750000
vt 0.281250 0.791667
vt 0.291667 0.791667
vt 0.291667 0.833333
vt 0.281250 0.833333
vt 0.281250 0.875000
vt 0.291667 0.875000
vt 0.291667 0.916667
vt 0.281250 0.916667
vt 0.281250 0.958333
vt 0.291667 0.916667
vt 0.291667 0.958333
vt 0.291667 1.000000
vt 0.281250 1.000000
vt 0.281250 0.000000
vt 0.281250 0.041667
vt 0.291667 0.000000
vt 0.291667 0.041667
vt 0.291667 0.083333
vt 0.281250 0.083333
vt 0.281250 0.125000
vt 0.291667 0.083333
vt 0.291667 0.125000
vt 0.291667 0.166667
vt 0.281250 0.166667
vt 0.281250 0.208333
vt 0.291667 0.208333
vt 0.291667 0.250000
vt 0.281250 0.250000
vt 0.281250 0.291667
vt 0.291667 0.291667
vt 0.291667 0.333333
vt 0.281250 0.333333
vt 0.281250 0.375000
vt 0.291667 0.375000
vt 0.291667 0.416667
vt 0.281250 0.416667
vt 0.281250 0.458333
vt 0.291667 0.458333
vt 0.302083 0.500000
vt 0.302083 0.541667
vt 0.312500 0.500000
vt 0.312500 0.541667
vt 0.312500 0.583333
vt 0.302083 0.583333
vt 0.302083 0.625000
vt 0.312500 0.625000
vt 0.312500 0.666667
vt 0.302083 0.666667
vt 0.302083 0.708333
vt 0.312500 0.708333
vt 0.312500 0.750000
vt 0.302083 0.750000
vt 0.302083 0.791667
vt 0.312500 0.791667
vt 0.312500 0.833333
vt 0.302083 0.833333
vt 0.302083 0.875000
vt 0.312500 0.875000
vt 0.312500 0.916667
vt 0.302083 0.916667
vt 0.302083 0.916667
vt 0.302083 0.958333
vt 0.312500 0.916667
vt 0.312500 0.958333
vt 0.312500 1.000000
vt 0.302083 1.000000
vt 0.302083 0.000000
vt 0.302083 0.041667
vt 0.312500 0.000000
vt 0.312500 0.041667
vt 0.312500 0.083333
vt 0.302083 0.083333
vt 0.302083 0.083333
vt 0.302083 0.125000
vt 0.312500 0.083333
vt 0.312500 0.125000
vt 0.312500 0.166667
vt 0.302083 0.166667
vt 0.302083 0.208333
vt 0.312500 0.208333
vt 0.312500 0.250000
vt 0.302083 0.250000
vt 0.302083 0.291667
vt 0.312500 0.291667
vt 0.312500 0.333333
vt 0.302083 0.333333
vt 0.302083 0.375000
vt 0.312500 0.375000
vt 0.312500 0.416667
vt 0.302083 0.416667
vt 0.302083 0.458333
vt 0.312500 0.458333
vt 0.322917 0.500000
vt 0.322917 0.541667
vt 0.333333 0.500000
vt 0.333333 0.541667
vt 0.333333 0.583333
vt 0.322917 0.583333
vt 0.322917 0.625000
vt 0.333333 0.625000
vt 0.333333 0.666667
vt 0.322917 0.666667
vt 0.322917 0.708333
vt 0.333333 0.708333
vt 0.333333 0.750000
vt 0.322917 0.750000
vt 0.322917 0.791667
vt 0.333333 0.791667
vt 0.333333 0.833333
vt 0.322917 0.833333
vt 0.322917 0.875000
vt 0.333333 0.875000
vt 0.333333 0.916667
vt 0.322917 0.916667
vt 0.322917 0.916667
vt 0.322917 0.958333
vt 0.333333 0.958333
vt 0.333333 1.000000
vt 0.322917 1.000000
vt 0.322917 0.000000
vt 0.322917 0.041667
vt 0.333333 0.000000
vt 0.333333 0.041667
vt 0.333333 0.083333
vt 0.322917 0.083333
vt 0.322917 0.083333
vt 0.322917 0.125000
vt 0.333333 0.083333
vt 0.333333 0.125000
vt 0.333333 0.166667
vt 0.322917 0.166667
vt 0.322917 0.208333
vt 0.333333 0.208333
vt 0.333333 0.250000
vt 0.322917 0.250000
vt 0.322917 0.291667
vt 0.333333 0.291667
vt 0.333333 0.333333
vt 0.322917 0.333333
vt 0.322917 0.375000
vt 0.333333 0.375000
vt 0.333333 0.416667
vt 0.322917 0.416667
vt 0.322917 0.458333
vt 0.333333 0.458333
vt 0.343750 0.500000
vt 0.343750 0.541667
vt 0.354167 0.500000
vt 0.354167 0.541667
vt 0.354167 0.583333
vt 0.343750 0.583333
vt 0.343750 0.625000
vt 0.354167 0.625000
vt 0.354167 0.666667
vt 0.343750 0.666667
vt 0.343750 0.708333
vt 0.354167 0.708333
vt 0.354167 0.750000
vt 0.343750 0.750000
vt 0.343750 0.791667
vt 0.354167 0.791667
vt 0.354167 0.833333
vt 0.343750 0.833333
vt 0.343750 0.875000
vt 0.354167 0.875000
vt 0.354167 0.916667
vt 0.343750 0.916667
vt 0.343750 0.916667
vt 0.343750 0.958333
vt 0.354167 0.958333
vt 0.354167 1.000000
vt 0.343750 1.000000
vt 0.343750 0.000000
vt 0.343750 0.041667
vt 0.354167 0.000000
vt 0.354167 0.041667
vt 0.354167 0.083333
vt 0.343750 0.083333
vt 0.343750 0.083333
vt 0.343750 0.125000
vt 0.354167 0.083333
vt 0.354167 0.125000
vt 0.354167 0.166667
vt 0.343750 0.166667
vt 0.343750 0.208333
vt 0.354167 0.208333
vt 0.354167 0.250000
vt 0.343750 0.250000
vt 0.343750 0.291667
vt 0.354167 0.291667
vt 0.354167 0.333333
vt 0.343750 0.333333
vt 0.343750 0.375000
vt 0.354167 0.375000
vt 0.354167 0.416667
vt 0.343750 0.416667
vt 0.343750 0.458333
vt 0.354167 0.458333
vt 0.364583 0.500000
vt 0.364583 0.541667
vt 0.375000 0.500000
vt 0.375000 0.541667
vt 0.375000 0.583333
vt 0.364583 0.583333
vt 0.364583 0.625000
vt 0.375000 0.625000
vt 0.375000 0.666667
vt 0.364583 0.666667
vt 0.364583 0.708333
vt 0.375000 0.708333
vt 0.375000 0.750000
vt 0.364583 0.750000
vt 0.364583 0.791667
vt 0.375000 0.833333
vt 0.364583 0.833333
vt 0.364583 0.875000
vt 0.375000 0.875000
vt 0.375000 0.916667
vt 0.364583 0.916667
vt 0.364583 0.958333
vt 0.375000 0.916667
vt 0.375000 0.958333
vt 0.375000 1.000000
vt 0.364583 1.000000
vt 0.364583 0.000000
vt 0.364583 0.041667
vt 0.375000 0.000000
vt 0.375000 0.041667
vt 0.375000 0.083333
vt 0.364583 0.083333
vt 0.364583 0.125000
vt 0.375000 0.083333
vt 0.375000 0.125000
vt 0.375000 0.166667
vt 0.364583 0.166667
vt 0.364583 0.208333
vt 0.375000 0.208333
vt 0.375000 0.250000
vt 0.364583 0.250000
vt 0.364583 0.291667
vt 0.375000 0.291667
vt 0.375000 0.333333
vt 0.364583 0.333333
vt 0.364583 0.375000
vt 0.375000 0.375000
vt 0.375000 0.416667
vt 0.364583 0.416667
vt 0.364583 0.458333
vt 0.375000 0.458333
vt 0.385417 0.500000
vt 0.385417 0.541667
vt 0.395833 0.500000
vt 0.395833 0.541667
vt 0.395833 0.583333
vt 0.385417 0.583333
vt 0.385417 0.625000
vt 0.395833 0.625000
vt 0.395833 0.666667
vt 0.385417 0.666667
vt 0.385417 0.708333
vt 0.395833 0.708333
vt 0.395833 0.750000
vt 0.385417 0.750000
vt 0.385417 0.791667
vt 0.395833 0.791667
vt 0.395833 0.833333
vt 0.385417 0.833333
vt 0.385417 0.875000
vt 0.395833 0.875000
vt 0.395833 0.916667
vt 0.385417 0.916667
vt 0.385417 0.958333
vt 0.395833 0.916667
vt 0.395833 0.958333
vt 0.395833 1.000000
vt 0.385417 1.000000
vt 0.385417 0.000000
vt 0.385417 0.041667
vt 0.395833 0.000000
vt 0.395833 0.041667
vt 0.395833 0.083333
vt 0.385417 0.083333
vt 0.385417 0.125000
vt 0.395833 0.083333
vt 0.395833 0.125000
vt 0.395833 0.166667
vt 0.385417 0.166667
vt 0.385417 0.208333
vt 0.395833 0.208333
vt 0.395833 0.250000
vt 0.385417 0.250000
vt 0.385417 0.291667
vt 0.395833 0.291667
vt 0.395833 0.333333
vt 0.385417 0.333333
vt 0.385417 0.375000
vt 0.395833 0.375000
vt 0.395833 0.416667
vt 0.385417 0.416667
vt 0.385417 0.458333
vt 0.395833 0.458333
vt 0.406250 0.500000
vt 0.406250 0.541667
vt 0.416667 0.500000
vt 0.416667 0.541667
vt 0.416667 0.583333
vt 0.406250 0.583333
vt 0.406250 0.625000
vt 0.416667 0.625000
vt 0.416667 0.666667
vt 0.406250 0.666667
vt 0.406250 0.708333
vt 0.416667 0.708333
vt 0.416667 0.750000
vt 0.406250 0.750000
vt 0.406250 0.791667
vt 0.416667 0.791667
vt 0.416667 0.833333
vt 0.406250 0.833333
vt 0.406250 0.875000
vt 0.416667 0.875000
vt 0.416667 0.916667
vt 0.406250 0.916667
vt 0.406250 0.916667
vt 0.406250 0.958333
vt 0.416667 0.916667
vt 0.416667 0.958333
vt 0.416667 1.000000
vt 0.406250 1.000000
vt 0.406250 0.000000
vt 0.406250 0.041667
vt 0.416667 0.000000
vt 0.416667 0.041667
vt 0.416667 0.083333
vt 0.406250 0.083333
vt 0.406250 0.083333
vt 0.406250 0.125000
vt 0.416667 0.083333
vt 0.416667 0.125000
vt 0.416667 0.166667
vt 0.406250 0.166667
vt 0.406250 0.208333
vt 0.416667 0.208333
vt 0.416667 0.250000
vt 0.406250 0.250000
vt 0.406250 0.291667
vt 0.416667 0.291667
vt 0.416667 0.333333
vt 0.406250 0.333333
vt 0.406250 0.375000
vt 0.416667 0.375000
vt 0.416667 0.416667
vt 0.406250 0.416667
vt 0.406250 0.458333
vt 0.416667 0.458333
vt 0.427083 0.500000
vt 0.427083 0.541667
vt 0.437500 0.500000
vt 0.437500 0.541667
vt 0.437500 0.583333
vt 0.427083 0.583333
vt 0.427083 0.625000
vt 0.437500 0.625000
vt 0.437500 0.666667
vt 0.427083 0.666667
vt 0.427083 0.708333
vt 0.437500 0.708333
vt 0.437500 0.750000
vt 0.427083 0.750000
vt 0.427083 0.791667
vt 0.437500 0.791667
vt 0.437500 0.833333
vt 0.427083 0.833333
vt 0.427083 0.875000
vt 0.437500 0.875000
vt 0.437500 0.916667
vt 0.427083 0.916667
vt 0.427083 0.958333
vt 0.437500 0.958333
vt 0.437500 1.000000
vt 0.427083 1.000000
vt 0.427083 0.000000
vt 0.427083 0.041667
vt 0.437500 0.000000
vt 0.437500 0.041667
vt 0.437500 0.083333
vt 0.427083 0.083333
vt 0.427083 0.125000
vt 0.437500 0.083333
vt 0.437500 0.125000
vt 0.437500 0.166667
vt 0.427083 0.166667
vt 0.427083 0.208333
vt 0.437500 0.208333
vt 0.437500 0.250000
vt 0.427083 0.250000
vt 0.427083 0.291667
vt 0.437500 0.291667
vt 0.437500 0.333333
vt 0.427083 0.333333
vt 0.427083 0.375000
vt 0.437500 0.375000
vt 0.437500 0.416667
vt 0.427083 0.416667
vt 0.427083 0.458333
vt 0.437500 0.458333
vt 0.447917 0.500000
vt 0.447917 0.541667
vt 0.458333 0.500000
vt 0.458333 0.541667
vt 0.458333 0.583333
vt 0.447917 0.583333
vt 0.447917 0.625000
vt 0.458333 0.625000
vt 0.458333 0.666667
vt 0.447917 0.666667
vt 0.447917 0.708333
vt 0.458333 0.708333
vt 0.458333 0.750000
vt 0.447917 0.750000
vt 0.447917 0.791667
vt 0.458333 0.791667
vt 0.458333 0.833333
vt 0.447917 0.833333
vt 0.447917 0.875000
vt 0.458333 0.875000
vt 0.458333 0.916667
vt 0.447917 0.916667
vt 0.447917 0.916667
vt 0.447917 0.958333
vt 0.458333 0.958333
vt 0.458333 1.000000
vt 0.447917 1.000000
vt 0.447917 0.000000
vt 0.447917 0.041667
vt 0.458333 0.000000
vt 0.458333 0.041667
vt 0.458333 0.083333
vt 0.447917 0.083333
vt 0.447917 0.083333
vt 0.447917 0.125000
vt 0.458333 0.083333
vt 0.458333 0.125000
vt 0.458333 0.166667
vt 0.447917 0.166667
vt 0.447917 0.208333
vt 0.458333 0.208333
vt 0.458333 0.250000
vt 0.447917 0.250000
vt 0.447917 0.291667
vt 0.458333 0.291667
vt 0.458333 0.333333
vt 0.447917 0.333333
vt 0.447917 0.375000
vt 0.458333 0.375000
vt 0.458333 0.416667
vt 0.447917 0.416667
vt 0.447917 0.458333
vt 0.458333 0.458333
vt 0.468750 0.500000
vt 0.468750 0.541667
vt 0.479167 0.500000
vt 0.479167 0.541667
vt 0.479167 0.583333
vt 0.468750 0.583333
vt 0.468750 0.625000
vt 0.479167 0.625000
vt 0.479167 0.666667
vt 0.468750 0.666667
vt 0.468750 0.708333
vt 0.479167 0.708333
vt 0.479167 0.750000
vt 0.468750 0.750000
vt 0.468750 0.791667
vt 0.479167 0.791667
vt 0.479167 0.833333
vt 0.468750 0.833333
vt 0.468750 0.875000
vt 0.479167 0.875000
vt 0.479167 0.916667
vt 0.468750 0.916667
vt 0.468750 0.916667
vt 0.468750 0.958333
vt 0.479167 0.916667
vt 0.479167 0.958333
vt 0.479167 1.000000
vt 0.468750 1.000000
vt 0.468750 0.000000
vt 0.468750 0.041667
vt 0.479167 0.000000
vt 0.479167 0.041667
vt 0.479167 0.083333
vt 0.468750 0.083333
vt 0.468750 0.083333
vt 0.468750 0.125000
vt 0.479167 0.083333
vt 0.479167 0.125000
vt 0.479167 0.166667
vt 0.468750 0.166667
vt 0.468750 0.208333
vt 0.479167 0.208333
vt 0.479167 0.250000
vt 0.468750 0.250000
vt 0.468750 0.291667
vt 0.479167 0.291667
vt 0.479167 0.333333
vt 0.468750 0.333333
vt 0.468750 0.375000
vt 0.479167 0.375000
vt 0.479167 0.416667
vt 0.468750 0.416667
vt 0.468750 0.458333
vt 0.479167 0.458333
vt 0.489583 0.500000
vt 0.489583 0.541667
vt 0.489583 0.583333
vt 0.489583 0.625000
vt 0.489583 0.666667
vt 0.489583 0.708333
vt 0.489583 0.750000
vt 0.489583 0.791667
vt 0.489583 0.833333
vt 0.489583 0.875000
vt 0.489583 0.916667
vt 0.489583 0.958333
vt 0.489583 1.000000
vt 0.489583 0.000000
vt 0.489583 0.041667
vt 0.489583 0.083333
vt 0.489583 0.125000
vt 0.489583 0.166667
vt 0.489583 0.208333
vt 0.489583 0.250000
vt 0.489583 0.291667
vt 0.489583 0.333333
vt 0.489583 0.375000
vt 0.489583 0.416667
vt 0.489583 0.458333
s 1
f 1/1/1 1417/2/44 4239/3/939 1415/4/885
f 1417/2/44 2/5/2 1416/6/886 4239/3/939
f 4239/3/939 1416/6/886 4/7/4 1418/8/52
f 1415/4/885 4239/3/939 1418/8/52 3/9/3
f 3/9/3 1418/8/52 4240/10/954 1419/11/887
f 1418/8/52 4/7/4 1420/12/888 4240/10/954
f 4240/10/954 1420/12/888 6/13/6 1421/14/63
f 1419/11/887 4240/10/954 1421/14/63 5/15/5
f 5/15/5 1421/14/63 4241/16/333 1422/17/889
f 1421/14/63 6/13/6 1423/18/890 4241/16/333
f 4241/16/333 1423/18/890 8/19/8 1424/20/74
f 1422/17/889 4241/16/333 1424/20/74 7/21/7
f 7/21/7 1424/20/74 4242/22/1001 1425/23/891
f 1424/20/74 8/19/8 1426/24/892 4242/22/1001
f 4242/22/1001 1426/24/892 10/25/10 1427/26/85
f 1425/23/891 4242/22/1001 1427/26/85 9/27/9
f 9/27/9 1427/26/85 4243/28/1018 1428/29/893
f 1427/26/85 10/25/10 1429/30/894 4243/28/1018
f 4243/28/1018 1429/30/894 12/31/12 1430/32/96
f 1428/29/893 4243/28/1018 1430/32/96 11/33/11
f 11/33/11 1430/32/96 4244/34/1039 1431/35/895
f 1430/32/96 12/31/12 1432/36/896 4244/34/1039
f 4244/34/1039 1432/36/896 14/37/14 1433/38/107
f 1431/35/895 4244/34/1039 1433/38/107 13/39/13
f 13/39/13 1433/38/107 4245/40/1065 1434/41/897
f 1433/38/107 14/37/14 1435/42/898 4245/40/1065
f 4245/40/1065 1435/42/898 16/43/16 1436/44/118
f 1434/41/897 4245/40/1065 1436/44/118 15/45/15
f 15/45/15 1436/44/118 4246/46/481 1437/47/899
f 1436/44/118 16/43/16 1438/48/900 4246/46/481
f 4246/46/481 1438/48/900 18/49/18 1439/50/129
f 1437/47/899 4246/46/481 1439/50/129 17/51/17
f 17/51/17 1439/50/129 4247/52/1103 1440/53/901
f 1439/50/129 18/49/18 1441/54/902 4247/52/1103
f 4247/52/1103 1441/54/902 20/55/20 1442/56/140
f 1440/53/901 4247/52/1103 1442/56/140 19/57/19
f 19/57/19 1442/56/140 4248/58/1127 1443/59/903
f 1442/56/140 20/55/20 1444/60/904 4248/58/1127
f 4248/58/1127 1444/60/904 22/61/22 1445/62/151
f 1443/59/903 4248/58/1127 1445/62/151 21/63/21
f 21/63/21 1445/62/151 4249/64/1138 1446/65/905
f 1445/62/151 22/61/22 1447/66/906 4249/64/1138
f 4249/64/1138 1447/66/906 24/67/24 1448/68/162
f 1446/65/905 4249/64/1138 1448/68/162 23/69/23
f 23/69/23 1448/68/162 4250/70/1166 1449/71/907
f 1448/68/162 24/67/24 1450/72/908 4250/70/1166
f 4250/70/1166 1450/72/908 26/73/26 1451/74/173
f 1449/71/907 4250/70/1166 1451/74/173 25/75/25
f 25/75/25 1451/74/173 4251/76/339 1452/77/909
f 1451/74/173 26/73/26 1453/78/910 4251/76/339
f 4251/76/339 1453/78/910 28/79/28 1454/80/184
f 1452/77/909 4251/76/339 1454/80/184 27/81/27
f 27/81/27 1454/80/184 4252/82/1200 1455/83/911
f 1454/80/184 28/79/28 1456/84/912 4252/82/1200
f 4252/82/1200 1456/84/912 30/85/30 1457/86/195
f 1455/83/911 4252/82/1200 1457/86/195 29/87/29
f 29/87/29 1457/86/195 4253/88/1229 1458/89/913
f 1457/86/195 30/85/30 1459/90/914 4253/88/1229
f 4253/88/1229 1459/90/914 32/91/32 1460/92/206
f 1458/89/913 4253/88/1229 1460/92/206 31/93/31
f 31/93/31 1460/92/206 4254/94/1243 1461/95/915
f 1460/92/206 32/91/32 1462/96/916 4254/94/1243
f 4254/94/1243 1462/96/916 34/97/34 1463/98/217
f 1461/95/915 4254/94/1243 1463/98/217 33/99/33
f 33/99/33 1463/98/217 4255/100/1265 1464/101/917
f 1463/98/217 34/97/34 1465/102/918 4255/100/1265
f 4255/100/1265 1465/102/918 36/103/36 1466/104/228
f 1464/101/917 4255/100/1265 1466/104/228 35/105/35
f 35/105/35 1466/104/228 4256/106/475 1467/107/919
f 1466/104/228 36/103/36 1468/108/920 4256/106/475
f 4256/106/475 1468/108/920 38/109/38 1469/110/239
f 1467/107/919 4256/106/475 1469/110/239 37/111/37
f 4/112/4 1416/113/886 4257/114/41 1420/115/888
f 2/116/2 1474/117/924 4257/114/41 1416/113/886
f 40/118/40 1471/119/922 4257/114/41 1474/120/924
f 38/121/38 1468/122/920 4257/114/41 1471/119/922
f 36/123/36 1465/124/918 4257/114/41 1468/125/920
f 34/126/34 1462/127/916 4257/114/41 1465/128/918
f 32/129/32 1459/130/914 4257/114/41 1462/131/916
f 30/132/30 1456/133/912 4257/114/41 1459/134/914
f 28/135/28 1453/136/910 4257/114/41 1456/133/912
f 26/137/26 1450/138/908 4257/114/41 1453/139/910
f 24/140/24 1447/141/906 4257/114/41 1450/138/908
f 22/142/22 1444/143/904 4257/114/41 1447/144/906
f 20/145/20 1441/146/902 4257/114/41 1444/147/904
f 18/148/18 1438/149/900 4257/114/41 1441/150/902
f 16/151/16 1435/152/898 4257/114/41 1438/153/900
f 14/154/14 1432/155/896 4257/114/41 1435/152/898
f 12/156/12 1429/157/894 4257/114/41 1432/158/896
f 10/159/10 1426/160/892 4257/114/41 1429/157/894
f 8/161/8 1423/162/890 4257/114/41 1426/163/892
f 6/164/6 1420/165/888 4257/114/41 1423/166/890
f 37/111/37 1469/110/239 4258/167/1307 1470/168/921
f 1469/110/239 38/109/38 1471/169/922 4258/167/1307
f 4258/167/1307 1471/169/922 40/170/40 1472/171/250
f 1470/168/921 4258/167/1307 1472/171/250 39/172/39
f 39/172/39 1472/171/250 4259/173/1379 1473/174/923
f 1472/171/250 40/170/40 1474/175/924 4259/173/1379
f 4259/173/1379 1474/175/924 2/176/2 1417/177/44
f 1473/174/923 4259/173/1379 1417/177/44 1/178/1
f 1/179/1 1415/180/885 4260/181/46 1473/182/923
f 3/183/3 1419/184/887 4260/181/46 1415/185/885
f 5/186/5 1422/187/889 4260/181/46 1419/188/887
f 7/189/7 1425/190/891 4260/181/46 1422/191/889
f 9/192/9 1428/193/893 4260/181/46 1425/194/891
f 11/195/11 1431/196/895 4260/181/46 1428/193/893
f 13/197/13 1434/198/897 4260/181/46 1431/199/895
f 15/200/15 1437/201/899 4260/181/46 1434/198/897
f 17/202/17 1440/203/901 4260/181/46 1437/204/899
f 19/205/19 1443/206/903 4260/181/46 1440/207/901
f 21/208/21 1446/209/905 4260/181/46 1443/210/903
f 23/211/23 1449/212/907 4260/181/46 1446/213/905
f 25/214/25 1452/215/909 4260/181/46 1449/212/907
f 27/216/27 1455/217/911 4260/181/46 1452/218/909
f 29/219/29 1458/220/913 4260/181/46 1455/217/911
f 31/221/31 1461/222/915 4260/181/46 1458/223/913
f 33/224/33 1464/225/917 4260/181/46 1461/222/915
f 35/226/35 1467/227/919 4260/181/46 1464/228/917
f 37/229/37 1470/230/921 4260/181/46 1467/231/919
f 39/232/39 1473/182/923 4260/181/46 1470/230/921
f 258/233/258 1870/234/1316 4261/235/2537 1888/236/1334
f 1870/234/1316 257/237/257 1889/238/1335 4261/235/2537
f 4261/235/2537 1889/238/1335 50/239/50 1480/240/930
f 1888/236/1334 4261/235/2537 1480/240/930 51/241/51
f 46/242/46 1885/243/1331 4262/244/2538 1887/245/1333
f 262/246/262 1890/247/1336 4262/244/2538 1885/243/1331
f 57/248/57 1887/245/1333 4262/244/2538 1890/249/1336
f 43/250/43 1476/251/926 4263/252/2539 1487/253/937
f 1476/251/926 42/254/42 1488/255/938 4263/252/2539
f 4263/252/2539 1488/255/938 47/256/47 1477/257/927
f 1487/253/937 4263/252/2539 1477/257/927 48/258/48
f 261/259/261 1872/260/1318 4264/261/2540 1891/262/1337
f 1872/260/1318 260/263/260 1892/264/1338 4264/261/2540
f 4264/261/2540 1892/264/1338 54/265/54 1484/266/934
f 1891/262/1337 4264/261/2540 1484/266/934 55/267/55
f 44/268/44 1881/269/1327 4265/270/2541 1489/35/939
f 1881/269/1327 258/233/258 1888/236/1334 4265/270/2541
f 4265/270/2541 1888/236/1334 51/241/51 1481/271/931
f 1489/35/939 4265/270/2541 1481/271/931 52/272/52
f 256/273/256 1880/274/1326 4266/275/2542 1893/276/1339
f 1880/274/1326 43/277/43 1487/278/937 4266/275/2542
f 4266/275/2542 1487/278/937 48/279/48 1478/280/928
f 1893/276/1339 4266/275/2542 1478/280/928 49/281/49
f 45/282/45 1883/283/1329 4267/284/2543 1490/285/940
f 1883/283/1329 261/259/261 1891/262/1337 4267/284/2543
f 4267/284/2543 1891/262/1337 55/267/55 1485/286/935
f 1490/285/940 4267/284/2543 1485/286/935 56/287/56
f 259/288/259 1882/289/1328 4268/290/2544 1894/291/1340
f 1882/289/1328 44/268/44 1489/35/939 4268/290/2544
f 4268/290/2544 1489/35/939 52/272/52 1482/292/932
f 1894/291/1340 4268/290/2544 1482/292/932 53/293/53
f 257/237/257 1869/294/1315 4269/295/2545 1889/238/1335
f 1869/294/1315 256/273/256 1893/276/1339 4269/295/2545
f 4269/295/2545 1893/276/1339 49/281/49 1479/296/929
f 1889/238/1335 4269/295/2545 1479/296/929 50/239/50
f 262/246/262 1884/297/1330 4270/298/2546 1890/299/1336
f 1884/297/1330 45/300/45 1490/301/940 4270/298/2546
f 4270/298/2546 1490/301/940 56/302/56 1486/303/936
f 1890/299/1336 4270/298/2546 1486/303/936 57/248/57
f 42/254/42 1475/304/925 4271/305/2547 1488/255/938
f 41/306/41 1886/307/1332 4271/305/2547 1475/304/925
f 47/256/47 1488/308/938 4271/305/2547 1886/307/1332
f 260/263/260 1871/309/1317 4272/310/2548 1892/264/1338
f 1871/309/1317 259/288/259 1894/291/1340 4272/310/2548
f 4272/310/2548 1894/291/1340 53/293/53 1483/311/933
f 1892/264/1338 4272/310/2548 1483/311/933 54/265/54
f 56/287/56 1485/286/935 4273/312/2549 1501/313/951
f 1485/286/935 55/267/55 1502/314/952 4273/312/2549
f 4273/312/2549 1502/314/952 66/315/66 1499/316/949
f 1501/313/951 4273/312/2549 1499/316/949 67/317/67
f 53/293/53 1482/292/932 4274/318/2550 1503/319/953
f 1482/292/932 52/272/52 1504/320/954 4274/318/2550
f 4274/318/2550 1504/320/954 63/321/63 1496/322/946
f 1503/319/953 4274/318/2550 1496/322/946 64/323/64
f 50/239/50 1479/296/929 4275/324/2551 1505/325/955
f 1479/296/929 49/281/49 1506/326/956 4275/324/2551
f 4275/324/2551 1506/326/956 60/327/60 1493/328/943
f 1505/325/955 4275/324/2551 1493/328/943 61/329/61
f 57/248/57 1486/303/936 4276/330/2552 1507/331/957
f 1486/303/936 56/302/56 1501/332/951 4276/330/2552
f 4276/330/2552 1501/332/951 67/333/67 1500/334/950
f 1507/331/957 4276/330/2552 1500/334/950 68/335/68
f 47/256/47 1886/336/1332 4277/337/2553 1508/338/958
f 41/339/41 1895/340/1341 4277/337/2553 1886/336/1332
f 58/341/58 1508/338/958 4277/337/2553 1895/340/1341
f 54/265/54 1483/311/933 4278/342/2554 1509/343/959
f 1483/311/933 53/293/53 1503/319/953 4278/342/2554
f 4278/342/2554 1503/319/953 64/323/64 1497/344/947
f 1509/343/959 4278/342/2554 1497/344/947 65/345/65
f 51/241/51 1480/240/930 4279/346/2555 1510/347/960
f 1480/240/930 50/239/50 1505/325/955 4279/346/2555
f 4279/346/2555 1505/325/955 61/329/61 1494/348/944
f 1510/347/960 4279/346/2555 1494/348/944 62/349/62
f 46/350/46 1887/351/1333 4280/352/2556 1896/353/1342
f 57/248/57 1507/331/957 4280/352/2556 1887/351/1333
f 68/335/68 1896/353/1342 4280/352/2556 1507/354/957
f 48/258/48 1477/257/927 4281/355/2557 1511/356/961
f 1477/257/927 47/256/47 1508/338/958 4281/355/2557
f 4281/355/2557 1508/338/958 58/341/58 1491/357/941
f 1511/356/961 4281/355/2557 1491/357/941 59/358/59
f 55/267/55 1484/266/934 4282/359/2558 1502/314/952
f 1484/266/934 54/265/54 1509/343/959 4282/359/2558
f 4282/359/2558 1509/343/959 65/345/65 1498/360/948
f 1502/314/952 4282/359/2558 1498/360/948 66/315/66
f 52/272/52 1481/271/931 4283/361/2559 1504/320/954
f 1481/271/931 51/241/51 1510/347/960 4283/361/2559
f 4283/361/2559 1510/347/960 62/349/62 1495/362/945
f 1504/320/954 4283/361/2559 1495/362/945 63/321/63
f 49/281/49 1478/280/928 4284/363/2560 1506/326/956
f 1478/280/928 48/279/48 1511/364/961 4284/363/2560
f 4284/363/2560 1511/364/961 59/365/59 1492/366/942
f 1506/326/956 4284/363/2560 1492/366/942 60/327/60
f 59/358/59 1491/357/941 4285/367/2561 1522/368/972
f 1491/357/941 58/341/58 1523/369/973 4285/367/2561
f 4285/367/2561 1523/369/973 69/370/69 1512/371/962
f 1522/368/972 4285/367/2561 1512/371/962 70/372/70
f 66/315/66 1498/360/948 4286/373/2562 1524/374/974
f 1498/360/948 65/345/65 1525/375/975 4286/373/2562
f 4286/373/2562 1525/375/975 76/376/76 1519/377/969
f 1524/374/974 4286/373/2562 1519/377/969 77/378/77
f 63/321/63 1495/362/945 4287/379/2563 1526/380/333
f 1495/362/945 62/349/62 1527/381/976 4287/379/2563
f 4287/379/2563 1527/381/976 73/382/73 1516/383/966
f 1526/380/333 4287/379/2563 1516/383/966 74/384/74
f 60/327/60 1492/366/942 4288/385/2564 1528/386/977
f 1492/366/942 59/365/59 1522/387/972 4288/385/2564
f 4288/385/2564 1522/387/972 70/388/70 1513/389/963
f 1528/386/977 4288/385/2564 1513/389/963 71/390/71
f 67/317/67 1499/316/949 4289/391/2565 1529/392/978
f 1499/316/949 66/315/66 1524/374/974 4289/391/2565
f 4289/391/2565 1524/374/974 77/378/77 1520/393/970
f 1529/392/978 4289/391/2565 1520/393/970 78/394/78
f 64/323/64 1496/322/946 4290/395/2566 1530/396/979
f 1496/322/946 63/321/63 1526/380/333 4290/395/2566
f 4290/395/2566 1526/380/333 74/384/74 1517/397/967
f 1530/396/979 4290/395/2566 1517/397/967 75/398/75
f 61/329/61 1493/328/943 4291/399/2567 1531/400/980
f 1493/328/943 60/327/60 1528/386/977 4291/399/2567
f 4291/399/2567 1528/386/977 71/390/71 1514/401/964
f 1531/400/980 4291/399/2567 1514/401/964 72/402/72
f 68/335/68 1500/334/950 4292/403/2568 1532/404/981
f 1500/334/950 67/333/67 1529/405/978 4292/403/2568
f 4292/403/2568 1529/405/978 78/406/78 1521/407/971
f 1532/404/981 4292/403/2568 1521/407/971 79/408/79
f 58/341/58 1895/409/1341 4293/410/2569 1523/369/973
f 41/411/41 1897/412/1343 4293/410/2569 1895/409/1341
f 69/370/69 1523/413/973 4293/410/2569 1897/412/1343
f 65/345/65 1497/344/947 4294/414/2570 1525/375/975
f 1497/344/947 64/323/64 1530/396/979 4294/414/2570
f 4294/414/2570 1530/396/979 75/398/75 1518/415/968
f 1525/375/975 4294/414/2570 1518/415/968 76/376/76
f 62/349/62 1494/348/944 4295/416/2571 1527/381/976
f 1494/348/944 61/329/61 1531/400/980 4295/416/2571
f 4295/416/2571 1531/400/980 72/402/72 1515/417/965
f 1527/381/976 4295/416/2571 1515/417/965 73/382/73
f 46/418/46 1896/419/1342 4296/420/2572 1898/421/1344
f 68/335/68 1532/422/981 4296/420/2572 1896/419/1342
f 79/408/79 1898/421/1344 4296/420/2572 1532/423/981
f 79/408/79 1521/407/971 4297/424/2573 1543/425/992
f 1521/407/971 78/406/78 1544/426/993 4297/424/2573
f 4297/424/2573 1544/426/993 89/427/89 1542/428/991
f 1543/425/992 4297/424/2573 1542/428/991 90/429/90
f 69/370/69 1897/430/1343 4298/431/2574 1545/432/994
f 41/433/41 1899/434/1345 4298/431/2574 1897/435/1343
f 80/436/80 1545/437/994 4298/431/2574 1899/438/1345
f 76/376/76 1518/415/968 4299/439/2575 1546/440/995
f 1518/415/968 75/398/75 1547/441/996 4299/439/2575
f 4299/439/2575 1547/441/996 86/442/86 1539/443/988
f 1546/440/995 4299/439/2575 1539/443/988 87/444/87
f 73/382/73 1515/417/965 4300/445/2576 1548/446/997
f 1515/417/965 72/402/72 1549/447/998 4300/445/2576
f 4300/445/2576 1549/447/998 83/448/83 1536/449/985
f 1548/446/997 4300/445/2576 1536/449/985 84/450/84
f 46/451/46 1898/452/1344 4301/453/2577 1900/454/1346
f 79/408/79 1543/425/992 4301/453/2577 1898/455/1344
f 90/429/90 1900/456/1346 4301/453/2577 1543/457/992
f 70/372/70 1512/371/962 4302/458/2578 1550/459/999
f 1512/371/962 69/370/69 1545/432/994 4302/458/2578
f 4302/458/2578 1545/432/994 80/436/80 1533/460/982
f 1550/459/999 4302/458/2578 1533/460/982 81/461/81
f 77/378/77 1519/377/969 4303/462/2579 1551/463/1000
f 1519/377/969 76/376/76 1546/440/995 4303/462/2579
f 4303/462/2579 1546/440/995 87/444/87 1540/464/989
f 1551/463/1000 4303/462/2579 1540/464/989 88/465/88
f 74/384/74 1516/383/966 4304/466/2580 1552/467/1001
f 1516/383/966 73/382/73 1548/446/997 4304/466/2580
f 4304/466/2580 1548/446/997 84/450/84 1537/468/986
f 1552/467/1001 4304/466/2580 1537/468/986 85/469/85
f 71/390/71 1513/389/963 4305/470/2581 1553/471/1002
f 1513/389/963 70/388/70 1550/472/999 4305/470/2581
f 4305/470/2581 1550/472/999 81/473/81 1534/474/983
f 1553/471/1002 4305/470/2581 1534/474/983 82/475/82
f 78/394/78 1520/393/970 4306/476/2582 1544/477/993
f 1520/393/970 77/378/77 1551/463/1000 4306/476/2582
f 4306/476/2582 1551/463/1000 88/465/88 1541/478/990
f 1544/477/993 4306/476/2582 1541/478/990 89/479/89
f 75/398/75 1517/397/967 4307/480/2583 1547/441/996
f 1517/397/967 74/384/74 1552/467/1001 4307/480/2583
f 4307/480/2583 1552/467/1001 85/469/85 1538/481/987
f 1547/441/996 4307/480/2583 1538/481/987 86/442/86
f 72/402/72 1514/401/964 4308/482/2584 1549/447/998
f 1514/401/964 71/390/71 1553/471/1002 4308/482/2584
f 4308/482/2584 1553/471/1002 82/475/82 1535/483/984
f 1549/447/998 4308/482/2584 1535/483/984 83/448/83
f 82/475/82 1534/474/983 4309/484/2585 1564/485/1013
f 1534/474/983 81/473/81 1565/486/1014 4309/484/2585
f 4309/484/2585 1565/486/1014 92/487/92 1555/488/1004
f 1564/485/1013 4309/484/2585 1555/488/1004 93/489/93
f 89/479/89 1541/478/990 4310/490/2586 1566/491/1015
f 1541/478/990 88/465/88 1567/492/1016 4310/490/2586
f 4310/490/2586 1567/492/1016 99/493/99 1562/494/1011
f 1566/491/1015 4310/490/2586 1562/494/1011 100/495/100
f 86/442/86 1538/481/987 4311/496/2587 1568/497/1017
f 1538/481/987 85/469/85 1569/498/1018 4311/496/2587
f 4311/496/2587 1569/498/1018 96/499/96 1559/500/1008
f 1568/497/1017 4311/496/2587 1559/500/1008 97/501/97
f 83/448/83 1535/483/984 4312/502/2588 1570/503/1019
f 1535/483/984 82/475/82 1564/485/1013 4312/502/2588
f 4312/502/2588 1564/485/1013 93/489/93 1556/504/1005
f 1570/503/1019 4312/502/2588 1556/504/1005 94/505/94
f 90/429/90 1542/428/991 4313/506/2589 1571/507/1020
f 1542/428/991 89/427/89 1566/508/1015 4313/506/2589
f 4313/506/2589 1566/508/1015 100/509/100 1563/510/1012
f 1571/507/1020 4313/506/2589 1563/510/1012 101/511/101
f 80/436/80 1899/512/1345 4314/513/2590 1572/514/1021
f 41/515/41 1901/516/1347 4314/513/2590 1899/512/1345
f 91/517/91 1572/518/1021 4314/513/2590 1901/516/1347
f 87/444/87 1539/443/988 4315/519/2591 1573/520/1022
f 1539/443/988 86/442/86 1568/497/1017 4315/519/2591
f 4315/519/2591 1568/497/1017 97/501/97 1560/521/1009
f 1573/520/1022 4315/519/2591 1560/521/1009 98/522/98
f 84/450/84 1536/449/985 4316/523/2592 1574/524/1023
f 1536/449/985 83/448/83 1570/503/1019 4316/523/2592
f 4316/523/2592 1570/503/1019 94/505/94 1557/525/1006
f 1574/524/1023 4316/523/2592 1557/525/1006 95/526/95
f 46/527/46 1900/528/1346 4317/529/2593 1902/530/1348
f 90/429/90 1571/531/1020 4317/529/2593 1900/528/1346
f 101/511/101 1902/530/1348 4317/529/2593 1571/532/1020
f 81/461/81 1533/460/982 4318/533/2594 1565/534/1014
f 1533/460/982 80/436/80 1572/514/1021 4318/533/2594
f 4318/533/2594 1572/514/1021 91/517/91 1554/535/1003
f 1565/534/1014 4318/533/2594 1554/535/1003 92/536/92
f 88/465/88 1540/464/989 4319/537/2595 1567/492/1016
f 1540/464/989 87/444/87 1573/520/1022 4319/537/2595
f 4319/537/2595 1573/520/1022 98/522/98 1561/538/1010
f 1567/492/1016 4319/537/2595 1561/538/1010 99/493/99
f 85/469/85 1537/468/986 4320/539/2596 1569/498/1018
f 1537/468/986 84/450/84 1574/524/1023 4320/539/2596
f 4320/539/2596 1574/524/1023 95/526/95 1558/540/1007
f 1569/498/1018 4320/539/2596 1558/540/1007 96/499/96
f 46/541/46 1902/542/1348 4321/543/2597 1904/544/1350
f 101/511/101 1585/545/1034 4321/543/2597 1902/546/1348
f 112/547/112 1904/544/1350 4321/543/2597 1585/548/1034
f 92/536/92 1554/535/1003 4322/549/2598 1586/550/1035
f 1554/535/1003 91/517/91 1587/551/1036 4322/549/2598
f 4322/549/2598 1587/551/1036 102/552/102 1575/553/1024
f 1586/550/1035 4322/549/2598 1575/553/1024 103/554/103
f 99/493/99 1561/538/1010 4323/555/2599 1588/556/1037
f 1561/538/1010 98/522/98 1589/557/1038 4323/555/2599
f 4323/555/2599 1589/557/1038 109/558/109 1582/559/1031
f 1588/556/1037 4323/555/2599 1582/559/1031 110/560/110
f 96/499/96 1558/540/1007 4324/561/2600 1590/562/1039
f 1558/540/1007 95/526/95 1591/563/1040 4324/561/2600
f 4324/561/2600 1591/563/1040 106/564/106 1579/565/1028
f 1590/562/1039 4324/561/2600 1579/565/1028 107/566/107
f 93/489/93 1555/488/1004 4325/567/2601 1592/568/1041
f 1555/488/1004 92/487/92 1586/569/1035 4325/567/2601
f 4325/567/2601 1586/569/1035 103/570/103 1576/571/1025
f 1592/568/1041 4325/567/2601 1576/571/1025 104/572/104
f 100/495/100 1562/494/1011 4326/573/2602 1593/574/1042
f 1562/494/1011 99/493/99 1588/556/1037 4326/573/2602
f 4326/573/2602 1588/556/1037 110/560/110 1583/575/1032
f 1593/574/1042 4326/573/2602 1583/575/1032 111/576/111
f 97/501/97 1559/500/1008 4327/577/2603 1594/578/1043
f 1559/500/1008 96/499/96 1590/562/1039 4327/577/2603
f 4327/577/2603 1590/562/1039 107/566/107 1580/579/1029
f 1594/578/1043 4327/577/2603 1580/579/1029 108/580/108
f 94/505/94 1556/504/1005 4328/581/2604 1595/582/1044
f 1556/504/1005 93/489/93 1592/568/1041 4328/581/2604
f 4328/581/2604 1592/568/1041 104/572/104 1577/583/1026
f 1595/582/1044 4328/581/2604 1577/583/1026 105/584/105
f 101/511/101 1563/510/1012 4329/585/2605 1585/586/1034
f 1563/510/1012 100/509/100 1593/587/1042 4329/585/2605
f 4329/585/2605 1593/587/1042 111/588/111 1584/589/1033
f 1585/586/1034 4329/585/2605 1584/589/1033 112/547/112
f 91/517/91 1901/590/1347 4330/591/2606 1587/551/1036
f 41/592/41 1903/593/1349 4330/591/2606 1901/594/1347
f 102/552/102 1587/595/1036 4330/591/2606 1903/593/1349
f 98/522/98 1560/521/1009 4331/596/2607 1589/557/1038
f 1560/521/1009 97/501/97 1594/578/1043 4331/596/2607
f 4331/596/2607 1594/578/1043 108/580/108 1581/597/1030
f 1589/557/1038 4331/596/2607 1581/597/1030 109/558/109
f 95/526/95 1557/525/1006 4332/598/2608 1591/563/1040
f 1557/525/1006 94/505/94 1595/582/1044 4332/598/2608
f 4332/598/2608 1595/582/1044 105/584/105 1578/599/1027
f 1591/563/1040 4332/598/2608 1578/599/1027 106/564/106
f 105/584/105 1577/583/1026 4333/600/2609 1606/601/1055
f 1577/583/1026 104/572/104 1607/602/1056 4333/600/2609
f 4333/600/2609 1607/602/1056 115/603/115 1598/604/1047
f 1606/601/1055 4333/600/2609 1598/604/1047 116/605/116
f 112/547/112 1584/589/1033 4334/606/2610 1608/607/1057
f 1584/589/1033 111/588/111 1609/608/1058 4334/606/2610
f 4334/606/2610 1609/608/1058 122/609/122 1605/610/1054
f 1608/607/1057 4334/606/2610 1605/610/1054 123/611/123
f 102/552/102 1903/612/1349 4335/613/2611 1610/614/1059
f 41/615/41 1905/616/1351 4335/613/2611 1903/612/1349
f 113/617/113 1610/614/1059 4335/613/2611 1905/616/1351
f 109/558/109 1581/597/1030 4336/618/2612 1611/619/1060
f 1581/597/1030 108/580/108 1612/620/1061 4336/618/2612
f 4336/618/2612 1612/620/1061 119/621/119 1602/622/1051
f 1611/619/1060 4336/618/2612 1602/622/1051 120/623/120
f 106/564/106 1578/599/1027 4337/624/2613 1613/625/1062
f 1578/599/1027 105/584/105 1606/601/1055 4337/624/2613
f 4337/624/2613 1606/601/1055 116/605/116 1599/626/1048
f 1613/625/1062 4337/624/2613 1599/626/1048 117/627/117
f 46/628/46 1904/629/1350 4338/630/2614 1906/631/1352
f 112/547/112 1608/607/1057 4338/630/2614 1904/629/1350
f 123/611/123 1906/631/1352 4338/630/2614 1608/632/1057
f 103/554/103 1575/553/1024 4339/633/2615 1614/634/1063
f 1575/553/1024 102/552/102 1610/614/1059 4339/633/2615
f 4339/633/2615 1610/614/1059 113/617/113 1596/635/1045
f 1614/634/1063 4339/633/2615 1596/635/1045 114/636/114
f 110/560/110 1582/559/1031 4340/637/2616 1615/638/1064
f 1582/559/1031 109/558/109 1611/619/1060 4340/637/2616
f 4340/637/2616 1611/619/1060 120/623/120 1603/639/1052
f 1615/638/1064 4340/637/2616 1603/639/1052 121/640/121
f 107/566/107 1579/565/1028 4341/641/2617 1616/642/1065
f 1579/565/1028 106/564/106 1613/625/1062 4341/641/2617
f 4341/641/2617 1613/625/1062 117/627/117 1600/643/1049
f 1616/642/1065 4341/641/2617 1600/643/1049 118/644/118
f 104/572/104 1576/571/1025 4342/645/2618 1607/602/1056
f 1576/571/1025 103/570/103 1614/646/1063 4342/645/2618
f 4342/645/2618 1614/646/1063 114/647/114 1597/648/1046
f 1607/602/1056 4342/645/2618 1597/648/1046 115/603/115
f 111/576/111 1583/575/1032 4343/649/2619 1609/650/1058
f 1583/575/1032 110/560/110 1615/638/1064 4343/649/2619
f 4343/649/2619 1615/638/1064 121/640/121 1604/651/1053
f 1609/650/1058 4343/649/2619 1604/651/1053 122/652/122
f 108/580/108 1580/579/1029 4344/653/2620 1612/620/1061
f 1580/579/1029 107/566/107 1616/642/1065 4344/653/2620
f 4344/653/2620 1616/642/1065 118/644/118 1601/654/1050
f 1612/620/1061 4344/653/2620 1601/654/1050 119/621/119
f 115/603/115 1597/648/1046 4345/655/2621 1627/656/1076
f 1597/648/1046 114/647/114 1628/657/1077 4345/655/2621
f 4345/655/2621 1628/657/1077 125/658/125 1618/659/1067
f 1627/656/1076 4345/655/2621 1618/659/1067 126/660/126
f 122/652/122 1604/651/1053 4346/661/2622 1629/662/1078
f 1604/651/1053 121/640/121 1630/663/1079 4346/661/2622
f 4346/661/2622 1630/663/1079 132/664/132 1625/665/1074
f 1629/662/1078 4346/661/2622 1625/665/1074 133/666/133
f 119/621/119 1601/654/1050 4347/667/2623 1631/668/1080
f 1601/654/1050 118/644/118 1632/669/481 4347/667/2623
f 4347/667/2623 1632/669/481 129/670/129 1622/671/1071
f 1631/668/1080 4347/667/2623 1622/671/1071 130/672/130
f 116/605/116 1598/604/1047 4348/673/2624 1633/674/1081
f 1598/604/1047 115/603/115 1627/656/1076 4348/673/2624
f 4348/673/2624 1627/656/1076 126/660/126 1619/675/1068
f 1633/674/1081 4348/673/2624 1619/675/1068 127/676/127
f 123/611/123 1605/610/1054 4349/677/2625 1634/678/1082
f 1605/610/1054 122/609/122 1629/662/1078 4349/677/2625
f 4349/677/2625 1629/662/1078 133/666/133 1626/679/1075
f 1634/678/1082 4349/677/2625 1626/679/1075 134/680/134
f 113/617/113 1905/681/1351 4350/682/2626 1635/683/1083
f 41/684/41 1907/685/1353 4350/682/2626 1905/681/1351
f 124/686/124 1635/683/1083 4350/682/2626 1907/685/1353
f 120/623/120 1602/622/1051 4351/687/2627 1636/688/1084
f 1602/622/1051 119/621/119 1631/668/1080 4351/687/2627
f 4351/687/2627 1631/668/1080 130/672/130 1623/689/1072
f 1636/688/1084 4351/687/2627 1623/689/1072 131/690/131
f 117/627/117 1599/626/1048 4352/691/2628 1637/692/1085
f 1599/626/1048 116/605/116 1633/674/1081 4352/691/2628
f 4352/691/2628 1633/674/1081 127/676/127 1620/693/1069
f 1637/692/1085 4352/691/2628 1620/693/1069 128/694/128
f 46/695/46 1906/696/1352 4353/697/2629 1908/698/1354
f 123/611/123 1634/678/1082 4353/697/2629 1906/696/1352
f 134/680/134 1908/698/1354 4353/697/2629 1634/699/1082
f 114/636/114 1596/635/1045 4354/700/2630 1628/701/1077
f 1596/635/1045 113/617/113 1635/683/1083 4354/700/2630
f 4354/700/2630 1635/683/1083 124/686/124 1617/702/1066
f 1628/701/1077 4354/700/2630 1617/702/1066 125/658/125
f 121/640/121 1603/639/1052 4355/703/2631 1630/663/1079
f 1603/639/1052 120/623/120 1636/688/1084 4355/703/2631
f 4355/703/2631 1636/688/1084 131/690/131 1624/704/1073
f 1630/663/1079 4355/703/2631 1624/704/1073 132/664/132
f 118/644/118 1600/643/1049 4356/705/2632 1632/669/481
f 1600/643/1049 117/627/117 1637/692/1085 4356/705/2632
f 4356/705/2632 1637/692/1085 128/694/128 1621/706/1070
f 1632/669/481 4356/705/2632 1621/706/1070 129/670/129
f 128/694/128 1620/693/1069 4357/707/2633 1648/708/1096
f 1620/693/1069 127/676/127 1649/709/1097 4357/707/2633
f 4357/707/2633 1649/709/1097 138/710/138 1641/711/1089
f 1648/708/1096 4357/707/2633 1641/711/1089 139/712/139
f 46/713/46 1908/714/1354 4358/715/2634 1910/716/1356
f 134/680/134 1650/717/1098 4358/715/2634 1908/718/1354
f 145/719/145 1910/716/1356 4358/715/2634 1650/720/1098
f 125/658/125 1617/702/1066 4359/721/2635 1651/722/1099
f 1617/702/1066 124/686/124 1652/723/1100 4359/721/2635
f 4359/721/2635 1652/723/1100 135/724/135 1638/725/1086
f 1651/722/1099 4359/721/2635 1638/725/1086 136/726/136
f 132/664/132 1624/704/1073 4360/727/2636 1653/728/1101
f 1624/704/1073 131/690/131 1654/729/1102 4360/727/2636
f 4360/727/2636 1654/729/1102 142/730/142 1645/731/1093
f 1653/728/1101 4360/727/2636 1645/731/1093 143/732/143
f 129/670/129 1621/706/1070 4361/733/2637 1655/734/1103
f 1621/706/1070 128/694/128 1648/708/1096 4361/733/2637
f 4361/733/2637 1648/708/1096 139/712/139 1642/735/1090
f 1655/734/1103 4361/733/2637 1642/735/1090 140/736/140
f 126/660/126 1618/659/1067 4362/737/2638 1656/738/1104
f 1618/659/1067 125/658/125 1651/739/1099 4362/737/2638
f 4362/737/2638 1651/739/1099 136/740/136 1639/741/1087
f 1656/738/1104 4362/737/2638 1639/741/1087 137/742/137
f 133/666/133 1625/665/1074 4363/743/2639 1657/744/1105
f 1625/665/1074 132/664/132 1653/728/1101 4363/743/2639
f 4363/743/2639 1653/728/1101 143/732/143 1646/745/1094
f 1657/744/1105 4363/743/2639 1646/745/1094 144/746/144
f 130/672/130 1622/671/1071 4364/747/2640 1658/748/1106
f 1622/671/1071 129/670/129 1655/734/1103 4364/747/2640
f 4364/747/2640 1655/734/1103 140/736/140 1643/749/1091
f 1658/748/1106 4364/747/2640 1643/749/1091 141/750/141
f 127/676/127 1619/675/1068 4365/751/2641 1649/709/1097
f 1619/675/1068 126/660/126 1656/738/1104 4365/751/2641
f 4365/751/2641 1656/738/1104 137/742/137 1640/752/1088
f 1649/709/1097 4365/751/2641 1640/752/1088 138/710/138
f 134/680/134 1626/679/1075 4366/753/2642 1650/717/1098
f 1626/679/1075 133/666/133 1657/754/1105 4366/753/2642
f 4366/753/2642 1657/754/1105 144/746/144 1647/755/1095
f 1650/717/1098 4366/753/2642 1647/755/1095 145/719/145
f 124/686/124 1907/756/1353 4367/757/2643 1652/723/1100
f 41/758/41 1909/759/1355 4367/757/2643 1907/760/1353
f 135/724/135 1652/723/1100 4367/757/2643 1909/759/1355
f 131/690/131 1623/689/1072 4368/761/2644 1654/729/1102
f 1623/689/1072 130/672/130 1658/748/1106 4368/761/2644
f 4368/761/2644 1658/748/1106 141/750/141 1644/762/1092
f 1654/729/1102 4368/761/2644 1644/762/1092 142/730/142
f 138/710/138 1640/752/1088 4369/763/2645 1669/764/1117
f 1640/752/1088 137/742/137 1670/765/1118 4369/763/2645
f 4369/763/2645 1670/765/1118 148/766/148 1661/767/1109
f 1669/764/1117 4369/763/2645 1661/767/1109 149/768/149
f 145/719/145 1647/755/1095 4370/769/2646 1671/770/1119
f 1647/755/1095 144/746/144 1672/771/1120 4370/769/2646
f 4370/769/2646 1672/771/1120 155/772/155 1668/773/1116
f 1671/770/1119 4370/769/2646 1668/773/1116 156/774/156
f 135/724/135 1909/775/1355 4371/776/2647 1673/777/1121
f 41/778/41 1911/779/1357 4371/776/2647 1909/775/1355
f 146/780/146 1673/777/1121 4371/776/2647 1911/779/1357
f 142/730/142 1644/762/1092 4372/781/2648 1674/782/1122
f 1644/762/1092 141/750/141 1675/783/1123 4372/781/2648
f 4372/781/2648 1675/783/1123 152/784/152 1665/785/1113
f 1674/782/1122 4372/781/2648 1665/785/1113 153/786/153
f 139/712/139 1641/711/1089 4373/787/2649 1676/788/1124
f 1641/711/1089 138/710/138 1669/764/1117 4373/787/2649
f 4373/787/2649 1669/764/1117 149/768/149 1662/789/1110
f 1676/788/1124 4373/787/2649 1662/789/1110 150/790/150
f 46/791/46 1910/792/1356 4374/793/2650 1912/794/1358
f 145/719/145 1671/795/1119 4374/793/2650 1910/792/1356
f 156/774/156 1912/794/1358 4374/793/2650 1671/796/1119
f 136/726/136 1638/725/1086 4375/797/2651 1677/798/1125
f 1638/725/1086 135/724/135 1673/777/1121 4375/797/2651
f 4375/797/2651 1673/777/1121 146/780/146 1659/799/1107
f 1677/798/1125 4375/797/2651 1659/799/1107 147/800/147
f 143/732/143 1645/731/1093 4376/801/2652 1678/802/1126
f 1645/731/1093 142/730/142 1674/782/1122 4376/801/2652
f 4376/801/2652 1674/782/1122 153/786/153 1666/803/1114
f 1678/802/1126 4376/801/2652 1666/803/1114 154/804/154
f 140/736/140 1642/735/1090 4377/805/2653 1679/806/1127
f 1642/735/1090 139/712/139 1676/788/1124 4377/805/2653
f 4377/805/2653 1676/788/1124 150/790/150 1663/807/1111
f 1679/806/1127 4377/805/2653 1663/807/1111 151/808/151
f 137/742/137 1639/741/1087 4378/809/2654 1670/765/1118
f 1639/741/1087 136/740/136 1677/810/1125 4378/809/2654
f 4378/809/2654 1677/810/1125 147/811/147 1660/812/1108
f 1670/765/1118 4378/809/2654 1660/812/1108 148/766/148
f 144/746/144 1646/745/1094 4379/813/2655 1672/814/1120
f 1646/745/1094 143/732/143 1678/802/1126 4379/813/2655
f 4379/813/2655 1678/802/1126 154/804/154 1667/815/1115
f 1672/814/1120 4379/813/2655 1667/815/1115 155/816/155
f 141/750/141 1643/749/1091 4380/817/2656 1675/783/1123
f 1643/749/1091 140/736/140 1679/806/1127 4380/817/2656
f 4380/817/2656 1679/806/1127 151/808/151 1664/818/1112
f 1675/783/1123 4380/817/2656 1664/818/1112 152/784/152
f 151/808/151 1663/807/1111 4381/819/2657 1690/820/1138
f 1663/807/1111 150/790/150 1691/821/1139 4381/819/2657
f 4381/819/2657 1691/821/1139 161/822/161 1684/823/1132
f 1690/820/1138 4381/819/2657 1684/823/1132 162/824/162
f 148/766/148 1660/812/1108 4382/825/2658 1692/826/1140
f 1660/812/1108 147/811/147 1693/827/1141 4382/825/2658
f 4382/825/2658 1693/827/1141 158/828/158 1681/829/1129
f 1692/826/1140 4382/825/2658 1681/829/1129 159/830/159
f 155/816/155 1667/815/1115 4383/831/2659 1694/832/1142
f 1667/815/1115 154/804/154 1695/833/1143 4383/831/2659
f 4383/831/2659 1695/833/1143 165/834/165 1688/835/1136
f 1694/832/1142 4383/831/2659 1688/835/1136 166/836/166
f 152/784/152 1664/818/1112 4384/837/2660 1696/838/1144
f 1664/818/1112 151/808/151 1690/820/1138 4384/837/2660
f 4384/837/2660 1690/820/1138 162/824/162 1685/839/1133
f 1696/838/1144 4384/837/2660 1685/839/1133 163/840/163
f 149/768/149 1661/767/1109 4385/841/2661 1697/842/1145
f 1661/767/1109 148/766/148 1692/826/1140 4385/841/2661
f 4385/841/2661 1692/826/1140 159/830/159 1682/843/1130
f 1697/842/1145 4385/841/2661 1682/843/1130 160/844/160
f 156/774/156 1668/773/1116 4386/845/2662 1698/846/1146
f 1668/773/1116 155/772/155 1694/847/1142 4386/845/2662
f 4386/845/2662 1694/847/1142 166/836/166 1689/848/1137
f 1698/846/1146 4386/845/2662 1689/848/1137 167/849/167
f 146/780/146 1911/850/1357 4387/851/2663 1699/852/1147
f 41/853/41 1913/854/1359 4387/851/2663 1911/850/1357
f 157/855/157 1699/852/1147 4387/851/2663 1913/854/1359
f 153/786/153 1665/785/1113 4388/856/2664 1700/857/1148
f 1665/785/1113 152/784/152 1696/838/1144 4388/856/2664
f 4388/856/2664 1696/838/1144 163/840/163 1686/858/1134
f 1700/857/1148 4388/856/2664 1686/858/1134 164/859/164
f 150/790/150 1662/789/1110 4389/860/2665 1691/821/1139
f 1662/789/1110 149/768/149 1697/842/1145 4389/860/2665
f 4389/860/2665 1697/842/1145 160/844/160 1683/861/1131
f 1691/821/1139 4389/860/2665 1683/861/1131 161/822/161
f 46/862/46 1912/863/1358 4390/864/2666 1914/865/1360
f 156/774/156 1698/846/1146 4390/864/2666 1912/863/1358
f 167/849/167 1914/865/1360 4390/864/2666 1698/866/1146
f 147/800/147 1659/799/1107 4391/867/2667 1693/868/1141
f 1659/799/1107 146/780/146 1699/852/1147 4391/867/2667
f 4391/867/2667 1699/852/1147 157/855/157 1680/869/1128
f 1693/868/1141 4391/867/2667 1680/869/1128 158/870/158
f 154/804/154 1666/803/1114 4392/871/2668 1695/833/1143
f 1666/803/1114 153/786/153 1700/857/1148 4392/871/2668
f 4392/871/2668 1700/857/1148 164/859/164 1687/872/1135
f 1695/833/1143 4392/871/2668 1687/872/1135 165/834/165
f 161/822/161 1683/861/1131 4393/873/2669 1711/874/1159
f 1683/861/1131 160/844/160 1712/875/1160 4393/873/2669
f 4393/873/2669 1712/875/1160 171/876/171 1704/877/1152
f 1711/874/1159 4393/873/2669 1704/877/1152 172/878/172
f 46/879/46 1914/880/1360 4394/881/2670 1916/882/1362
f 167/849/167 1713/883/1161 4394/881/2670 1914/880/1360
f 178/884/178 1916/882/1362 4394/881/2670 1713/885/1161
f 158/870/158 1680/869/1128 4395/886/2671 1714/887/1162
f 1680/869/1128 157/855/157 1715/888/1163 4395/886/2671
f 4395/886/2671 1715/888/1163 168/889/168 1701/890/1149
f 1714/887/1162 4395/886/2671 1701/890/1149 169/891/169
f 165/834/165 1687/872/1135 4396/892/2672 1716/893/1164
f 1687/872/1135 164/859/164 1717/894/1165 4396/892/2672
f 4396/892/2672 1717/894/1165 175/895/175 1708/896/1156
f 1716/893/1164 4396/892/2672 1708/896/1156 176/897/176
f 162/824/162 1684/823/1132 4397/898/2673 1718/899/1166
f 1684/823/1132 161/822/161 1711/874/1159 4397/898/2673
f 4397/898/2673 1711/874/1159 172/878/172 1705/900/1153
f 1718/899/1166 4397/898/2673 1705/900/1153 173/901/173
f 159/830/159 1681/829/1129 4398/902/2674 1719/903/1167
f 1681/829/1129 158/828/158 1714/904/1162 4398/902/2674
f 4398/902/2674 1714/904/1162 169/905/169 1702/906/1150
f 1719/903/1167 4398/902/2674 1702/906/1150 170/907/170
f 166/836/166 1688/835/1136 4399/908/2675 1720/909/1168
f 1688/835/1136 165/834/165 1716/893/1164 4399/908/2675
f 4399/908/2675 1716/893/1164 176/897/176 1709/910/1157
f 1720/909/1168 4399/908/2675 1709/910/1157 177/911/177
f 163/840/163 1685/839/1133 4400/912/2676 1721/913/1169
f 1685/839/1133 162/824/162 1718/899/1166 4400/912/2676
f 4400/912/2676 1718/899/1166 173/901/173 1706/914/1154
f 1721/913/1169 4400/912/2676 1706/914/1154 174/915/174
f 160/844/160 1682/843/1130 4401/916/2677 1712/875/1160
f 1682/843/1130 159/830/159 1719/903/1167 4401/916/2677
f 4401/916/2677 1719/903/1167 170/907/170 1703/917/1151
f 1712/875/1160 4401/916/2677 1703/917/1151 171/876/171
f 167/849/167 1689/848/1137 4402/918/2678 1713/919/1161
f 1689/848/1137 166/836/166 1720/920/1168 4402/918/2678
f 4402/918/2678 1720/920/1168 177/921/177 1710/922/1158
f 1713/919/1161 4402/918/2678 1710/922/1158 178/884/178
f 157/855/157 1913/923/1359 4403/924/2679 1715/888/1163
f 41/925/41 1915/926/1361 4403/924/2679 1913/923/1359
f 168/889/168 1715/888/1163 4403/924/2679 1915/926/1361
f 164/859/164 1686/858/1134 4404/927/2680 1717/894/1165
f 1686/858/1134 163/840/163 1721/913/1169 4404/927/2680
f 4404/927/2680 1721/913/1169 174/915/174 1707/928/1155
f 1717/894/1165 4404/927/2680 1707/928/1155 175/895/175
f 174/915/174 1706/914/1154 4405/929/2681 1732/930/1180
f 1706/914/1154 173/901/173 1733/931/339 4405/929/2681
f 4405/929/2681 1733/931/339 184/932/184 1727/933/1175
f 1732/930/1180 4405/929/2681 1727/933/1175 185/934/185
f 171/876/171 1703/917/1151 4406/935/2682 1734/936/1181
f 1703/917/1151 170/907/170 1735/937/1182 4406/935/2682
f 4406/935/2682 1735/937/1182 181/938/181 1724/939/1172
f 1734/936/1181 4406/935/2682 1724/939/1172 182/940/182
f 178/884/178 1710/922/1158 4407/941/2683 1736/942/1183
f 1710/922/1158 177/921/177 1737/943/1184 4407/941/2683
f 4407/941/2683 1737/943/1184 188/944/188 1731/945/1179
f 1736/942/1183 4407/941/2683 1731/945/1179 189/946/189
f 168/889/168 1915/947/1361 4408/948/2684 1738/949/1185
f 41/950/41 1917/951/1363 4408/948/2684 1915/947/1361
f 179/952/179 1738/953/1185 4408/948/2684 1917/954/1363
f 175/895/175 1707/928/1155 4409/955/2685 1739/956/1186
f 1707/928/1155 174/915/174 1732/930/1180 4409/955/2685
f 4409/955/2685 1732/930/1180 185/934/185 1728/957/1176
f 1739/956/1186 4409/955/2685 1728/957/1176 186/958/186
f 172/878/172 1704/877/1152 4410/959/2686 1740/960/1187
f 1704/877/1152 171/876/171 1734/936/1181 4410/959/2686
f 4410/959/2686 1734/936/1181 182/940/182 1725/961/1173
f 1740/960/1187 4410/959/2686 1725/961/1173 183/962/183
f 46/963/46 1916/964/1362 4411/965/2687 1918/966/1364
f 178/884/178 1736/942/1183 4411/965/2687 1916/964/1362
f 189/946/189 1918/967/1364 4411/965/2687 1736/968/1183
f 169/891/169 1701/890/1149 4412/969/2688 1741/970/1188
f 1701/890/1149 168/889/168 1738/949/1185 4412/969/2688
f 4412/969/2688 1738/949/1185 179/952/179 1722/971/1170
f 1741/970/1188 4412/969/2688 1722/971/1170 180/972/180
f 176/897/176 1708/896/1156 4413/973/2689 1742/974/1189
f 1708/896/1156 175/895/175 1739/956/1186 4413/973/2689
f 4413/973/2689 1739/956/1186 186/958/186 1729/975/1177
f 1742/974/1189 4413/973/2689 1729/975/1177 187/976/187
f 173/901/173 1705/900/1153 4414/977/2690 1733/931/339
f 1705/900/1153 172/878/172 1740/960/1187 4414/977/2690
f 4414/977/2690 1740/960/1187 183/962/183 1726/978/1174
f 1733/931/339 4414/977/2690 1726/978/1174 184/932/184
f 170/907/170 1702/906/1150 4415/979/2691 1735/937/1182
f 1702/906/1150 169/905/169 1741/980/1188 4415/979/2691
f 4415/979/2691 1741/980/1188 180/981/180 1723/982/1171
f 1735/937/1182 4415/979/2691 1723/982/1171 181/938/181
f 177/911/177 1709/910/1157 4416/983/2692 1737/984/1184
f 1709/910/1157 176/897/176 1742/974/1189 4416/983/2692
f 4416/983/2692 1742/974/1189 187/976/187 1730/985/1178
f 1737/984/1184 4416/983/2692 1730/985/1178 188/986/188
f 184/932/184 1726/978/1174 4417/987/2693 1753/988/1200
f 1726/978/1174 183/962/183 1754/989/1201 4417/987/2693
f 4417/987/2693 1754/989/1201 194/990/194 1747/991/1194
f 1753/988/1200 4417/987/2693 1747/991/1194 195/992/195
f 181/938/181 1723/982/1171 4418/993/2694 1755/994/1202
f 1723/982/1171 180/981/180 1756/995/1203 4418/993/2694
f 4418/993/2694 1756/995/1203 191/996/191 1744/997/1191
f 1755/994/1202 4418/993/2694 1744/997/1191 192/998/192
f 188/986/188 1730/985/1178 4419/999/2695 1757/1000/1204
f 1730/985/1178 187/976/187 1758/1001/1205 4419/999/2695
f 4419/999/2695 1758/1001/1205 198/1002/198 1751/1003/1198
f 1757/1000/1204 4419/999/2695 1751/1003/1198 199/1004/199
f 185/934/185 1727/933/1175 4420/1005/2696 1759/1006/1206
f 1727/933/1175 184/932/184 1753/988/1200 4420/1005/2696
f 4420/1005/2696 1753/988/1200 195/992/195 1748/1007/1195
f 1759/1006/1206 4420/1005/2696 1748/1007/1195 196/1008/196
f 182/940/182 1724/939/1172 4421/1009/2697 1760/1010/1207
f 1724/939/1172 181/938/181 1755/994/1202 4421/1009/2697
f 4421/1009/2697 1755/994/1202 192/998/192 1745/1011/1192
f 1760/1010/1207 4421/1009/2697 1745/1011/1192 193/1012/193
f 189/946/189 1731/945/1179 4422/1013/2698 1761/1014/1208
f 1731/945/1179 188/944/188 1757/1015/1204 4422/1013/2698
f 4422/1013/2698 1757/1015/1204 199/1016/199 1752/1017/1199
f 1761/1014/1208 4422/1013/2698 1752/1017/1199 200/1018/200
f 179/952/179 1917/1019/1363 4423/1020/2699 1762/1021/1209
f 41/1022/41 1919/1023/1365 4423/1020/2699 1917/1019/1363
f 190/1024/190 1762/1021/1209 4423/1020/2699 1919/1023/1365
f 186/958/186 1728/957/1176 4424/1025/2700 1763/1026/1210
f 1728/957/1176 185/934/185 1759/1006/1206 4424/1025/2700
f 4424/1025/2700 1759/1006/1206 196/1008/196 1749/1027/1196
f 1763/1026/1210 4424/1025/2700 1749/1027/1196 197/1028/197
f 183/962/183 1725/961/1173 4425/1029/2701 1754/989/1201
f 1725/961/1173 182/940/182 1760/1010/1207 4425/1029/2701
f 4425/1029/2701 1760/1010/1207 193/1012/193 1746/1030/1193
f 1754/989/1201 4425/1029/2701 1746/1030/1193 194/990/194
f 46/1031/46 1918/1032/1364 4426/1033/2702 1920/1034/1366
f 189/946/189 1761/1035/1208 4426/1033/2702 1918/1032/1364
f 200/1018/200 1920/1034/1366 4426/1033/2702 1761/1036/1208
f 180/972/180 1722/971/1170 4427/1037/2703 1756/1038/1203
f 1722/971/1170 179/952/179 1762/1021/1209 4427/1037/2703
f 4427/1037/2703 1762/1021/1209 190/1024/190 1743/1039/1190
f 1756/1038/1203 4427/1037/2703 1743/1039/1190 191/1040/191
f 187/976/187 1729/975/1177 4428/1041/2704 1758/1001/1205
f 1729/975/1177 186/958/186 1763/1026/1210 4428/1041/2704
f 4428/1041/2704 1763/1026/1210 197/1028/197 1750/1042/1197
f 1758/1001/1205 4428/1041/2704 1750/1042/1197 198/1002/198
f 197/1043/197 1749/1044/1196 4429/1045/2705 1774/1046/1221
f 1749/1044/1196 196/1047/196 1775/1048/1222 4429/1045/2705
f 4429/1045/2705 1775/1048/1222 207/1049/207 1770/1050/1217
f 1774/1046/1221 4429/1045/2705 1770/1050/1217 208/1051/208
f 194/1052/194 1746/1030/1193 4430/1053/2706 1776/1054/1223
f 1746/1030/1193 193/1012/193 1777/1055/1224 4430/1053/2706
f 4430/1053/2706 1777/1055/1224 204/1056/204 1767/1057/1214
f 1776/1054/1223 4430/1053/2706 1767/1057/1214 205/1058/205
f 46/1059/46 1920/1060/1366 4431/1061/2707 1922/1062/1368
f 200/1018/200 1778/1063/1225 4431/1061/2707 1920/1060/1366
f 211/1064/211 1922/1062/1368 4431/1061/2707 1778/1065/1225
f 191/1040/191 1743/1039/1190 4432/1066/2708 1779/1067/1226
f 1743/1039/1190 190/1024/190 1780/1068/1227 4432/1066/2708
f 4432/1066/2708 1780/1068/1227 201/1069/201 1764/1070/1211
f 1779/1067/1226 4432/1066/2708 1764/1070/1211 202/1071/202
f 198/1072/198 1750/1073/1197 4433/1074/2709 1781/1075/1228
f 1750/1073/1197 197/1043/197 1774/1046/1221 4433/1074/2709
f 4433/1074/2709 1774/1046/1221 208/1051/208 1771/1076/1218
f 1781/1075/1228 4433/1074/2709 1771/1076/1218 209/1077/209
f 195/1078/195 1747/1079/1194 4434/1080/2710 1782/1081/1229
f 1747/1079/1194 194/1052/194 1776/1054/1223 4434/1080/2710
f 4434/1080/2710 1776/1054/1223 205/1058/205 1768/1082/1215
f 1782/1081/1229 4434/1080/2710 1768/1082/1215 206/1083/206
f 192/1084/192 1744/1085/1191 4435/1086/2711 1783/1087/1230
f 1744/1085/1191 191/1040/191 1779/1067/1226 4435/1086/2711
f 4435/1086/2711 1779/1067/1226 202/1071/202 1765/1088/1212
f 1783/1087/1230 4435/1086/2711 1765/1088/1212 203/1089/203
f 199/1016/199 1751/1090/1198 4436/1091/2712 1784/1092/1231
f 1751/1090/1198 198/1072/198 1781/1075/1228 4436/1091/2712
f 4436/1091/2712 1781/1075/1228 209/1077/209 1772/1093/1219
f 1784/1092/1231 4436/1091/2712 1772/1093/1219 210/1094/210
f 196/1047/196 1748/1095/1195 4437/1096/2713 1775/1048/1222
f 1748/1095/1195 195/1078/195 1782/1081/1229 4437/1096/2713
f 4437/1096/2713 1782/1081/1229 206/1083/206 1769/1097/1216
f 1775/1048/1222 4437/1096/2713 1769/1097/1216 207/1049/207
f 193/1012/193 1745/1098/1192 4438/1099/2714 1777/1055/1224
f 1745/1098/1192 192/1084/192 1783/1087/1230 4438/1099/2714
f 4438/1099/2714 1783/1087/1230 203/1089/203 1766/1100/1213
f 1777/1055/1224 4438/1099/2714 1766/1100/1213 204/1056/204
f 200/1018/200 1752/1017/1199 4439/1101/2715 1778/1063/1225
f 1752/1017/1199 199/1016/199 1784/1092/1231 4439/1101/2715
f 4439/1101/2715 1784/1092/1231 210/1094/210 1773/1102/1220
f 1778/1063/1225 4439/1101/2715 1773/1102/1220 211/1064/211
f 190/1024/190 1919/1103/1365 4440/1104/2716 1780/1068/1227
f 41/1105/41 1921/1106/1367 4440/1104/2716 1919/1103/1365
f 201/1069/201 1780/1068/1227 4440/1104/2716 1921/1106/1367
f 207/1107/207 1769/1108/1216 4441/1109/2717 1795/1110/1242
f 1769/1108/1216 206/1111/206 1796/4/1243 4441/1109/2717
f 4441/1109/2717 1796/4/1243 217/1112/217 1790/1113/1237
f 1795/1110/1242 4441/1109/2717 1790/1113/1237 218/1114/218
f 204/1115/204 1766/1116/1213 4442/1117/2718 1797/1118/1244
f 1766/1116/1213 203/1119/203 1798/1120/1245 4442/1117/2718
f 4442/1117/2718 1798/1120/1245 214/1121/214 1787/1122/1234
f 1797/1118/1244 4442/1117/2718 1787/1122/1234 215/1123/215
f 211/1124/211 1773/1125/1220 4443/1126/2719 1799/1127/1246
f 1773/1125/1220 210/1128/210 1800/1129/1247 4443/1126/2719
f 4443/1126/2719 1800/1129/1247 221/1130/221 1794/1131/1241
f 1799/1127/1246 4443/1126/2719 1794/1131/1241 222/1132/222
f 201/1133/201 1921/1134/1367 4444/1135/2720 1801/1136/1248
f 41/1137/41 1923/1138/1369 4444/1135/2720 1921/1134/1367
f 212/1139/212 1801/1140/1248 4444/1135/2720 1923/1138/1369
f 208/1141/208 1770/1142/1217 4445/1143/2721 1802/1144/1249
f 1770/1142/1217 207/1107/207 1795/1110/1242 4445/1143/2721
f 4445/1143/2721 1795/1110/1242 218/1114/218 1791/1145/1238
f 1802/1144/1249 4445/1143/2721 1791/1145/1238 219/1146/219
f 205/1147/205 1767/1148/1214 4446/1149/2722 1803/1150/1250
f 1767/1148/1214 204/1115/204 1797/1118/1244 4446/1149/2722
f 4446/1149/2722 1797/1118/1244 215/1123/215 1788/1151/1235
f 1803/1150/1250 4446/1149/2722 1788/1151/1235 216/1152/216
f 46/1153/46 1922/1154/1368 4447/1155/2723 1924/1156/1370
f 211/1124/211 1799/1157/1246 4447/1155/2723 1922/1154/1368
f 222/1132/222 1924/1156/1370 4447/1155/2723 1799/1157/1246
f 202/1158/202 1764/1159/1211 4448/1160/2724 1804/1161/1251
f 1764/1159/1211 201/1133/201 1801/1136/1248 4448/1160/2724
f 4448/1160/2724 1801/1136/1248 212/1139/212 1785/1162/1232
f 1804/1161/1251 4448/1160/2724 1785/1162/1232 213/1163/213
f 209/1164/209 1771/1165/1218 4449/1166/2725 1805/1167/1252
f 1771/1165/1218 208/1141/208 1802/1144/1249 4449/1166/2725
f 4449/1166/2725 1802/1144/1249 219/1146/219 1792/1168/1239
f 1805/1167/1252 4449/1166/2725 1792/1168/1239 220/1169/220
f 206/1111/206 1768/1170/1215 4450/1171/2726 1796/4/1243
f 1768/1170/1215 205/1147/205 1803/1150/1250 4450/1171/2726
f 4450/1171/2726 1803/1150/1250 216/1152/216 1789/1172/1236
f 1796/4/1243 4450/1171/2726 1789/1172/1236 217/1112/217
f 203/1119/203 1765/1173/1212 4451/1174/2727 1798/1120/1245
f 1765/1173/1212 202/1158/202 1804/1161/1251 4451/1174/2727
f 4451/1174/2727 1804/1161/1251 213/1163/213 1786/1175/1233
f 1798/1120/1245 4451/1174/2727 1786/1175/1233 214/1121/214
f 210/1128/210 1772/1176/1219 4452/1177/2728 1800/1129/1247
f 1772/1176/1219 209/1164/209 1805/1167/1252 4452/1177/2728
f 4452/1177/2728 1805/1167/1252 220/1169/220 1793/1178/1240
f 1800/1129/1247 4452/1177/2728 1793/1178/1240 221/1130/221
f 220/1179/220 1792/1180/1239 4453/1181/2729 1816/1182/1263
f 1792/1180/1239 219/1183/219 1817/1184/1264 4453/1181/2729
f 4453/1181/2729 1817/1184/1264 230/1185/230 1813/1186/1260
f 1816/1182/1263 4453/1181/2729 1813/1186/1260 231/1187/231
f 217/1188/217 1789/1189/1236 4454/1190/2730 1818/11/1265
f 1789/1189/1236 216/1191/216 1819/1192/1266 4454/1190/2730
f 4454/1190/2730 1819/1192/1266 227/1193/227 1810/1194/1257
f 1818/11/1265 4454/1190/2730 1810/1194/1257 228/1195/228
f 214/1196/214 1786/1197/1233 4455/1198/2731 1820/1199/1267
f 1786/1197/1233 213/1200/213 1821/1201/1268 4455/1198/2731
f 4455/1198/2731 1821/1201/1268 224/1202/224 1807/1203/1254
f 1820/1199/1267 4455/1198/2731 1807/1203/1254 225/1204/225
f 221/1205/221 1793/1206/1240 4456/1207/2732 1822/1208/1269
f 1793/1206/1240 220/1179/220 1816/1182/1263 4456/1207/2732
f 4456/1207/2732 1816/1182/1263 231/1187/231 1814/1209/1261
f 1822/1208/1269 4456/1207/2732 1814/1209/1261 232/1210/232
f 218/1211/218 1790/1212/1237 4457/1213/2733 1823/1214/1270
f 1790/1212/1237 217/1188/217 1818/11/1265 4457/1213/2733
f 4457/1213/2733 1818/11/1265 228/1195/228 1811/1215/1258
f 1823/1214/1270 4457/1213/2733 1811/1215/1258 229/1216/229
f 215/1123/215 1787/1217/1234 4458/1218/2734 1824/1219/1271
f 1787/1217/1234 214/1196/214 1820/1199/1267 4458/1218/2734
f 4458/1218/2734 1820/1199/1267 225/1204/225 1808/1220/1255
f 1824/1219/1271 4458/1218/2734 1808/1220/1255 226/1221/226
f 222/1132/222 1794/1131/1241 4459/1222/2735 1825/1223/1272
f 1794/1131/1241 221/1130/221 1822/1224/1269 4459/1222/2735
f 4459/1222/2735 1822/1224/1269 232/1225/232 1815/1226/1262
f 1825/1223/1272 4459/1222/2735 1815/1226/1262 233/1227/233
f 212/1139/212 1923/1228/1369 4460/1229/2736 1826/1230/1273
f 41/12/41 1925/1231/1371 4460/1229/2736 1923/1228/1369
f 223/1232/223 1826/1233/1273 4460/1229/2736 1925/1231/1371
f 219/1183/219 1791/1234/1238 4461/1235/2737 1817/1184/1264
f 1791/1234/1238 218/1211/218 1823/1214/1270 4461/1235/2737
f 4461/1235/2737 1823/1214/1270 229/1216/229 1812/1236/1259
f 1817/1184/1264 4461/1235/2737 1812/1236/1259 230/1185/230
f 216/1191/216 1788/1237/1235 4462/1238/2738 1819/1192/1266
f 1788/1237/1235 215/1123/215 1824/1219/1271 4462/1238/2738
f 4462/1238/2738 1824/1219/1271 226/1221/226 1809/1239/1256
f 1819/1192/1266 4462/1238/2738 1809/1239/1256 227/1193/227
f 46/1240/46 1924/1241/1370 4463/1242/2739 1926/1243/1372
f 222/1132/222 1825/1223/1272 4463/1242/2739 1924/1241/1370
f 233/1227/233 1926/1243/1372 4463/1242/2739 1825/1244/1272
f 213/1163/213 1785/1162/1232 4464/1245/2740 1821/1246/1268
f 1785/1162/1232 212/1139/212 1826/1230/1273 4464/1245/2740
f 4464/1245/2740 1826/1230/1273 223/1232/223 1806/1247/1253
f 1821/1246/1268 4464/1245/2740 1806/1247/1253 224/1202/224
f 223/1232/223 1925/1248/1371 4465/1249/2741 1837/1250/1284
f 41/1251/41 1927/1252/1373 4465/1249/2741 1925/1248/1371
f 234/1253/234 1837/1250/1284 4465/1249/2741 1927/1252/1373
f 230/1185/230 1812/1236/1259 4466/1254/2742 1838/1255/1285
f 1812/1236/1259 229/1216/229 1839/1256/1286 4466/1254/2742
f 4466/1254/2742 1839/1256/1286 240/1257/240 1833/1258/1280
f 1838/1255/1285 4466/1254/2742 1833/1258/1280 241/1259/241
f 227/1193/227 1809/1239/1256 4467/1260/2743 1840/1261/1287
f 1809/1239/1256 226/1221/226 1841/1262/1288 4467/1260/2743
f 4467/1260/2743 1841/1262/1288 237/1263/237 1830/1264/1277
f 1840/1261/1287 4467/1260/2743 1830/1264/1277 238/1265/238
f 46/1266/46 1926/1267/1372 4468/1268/2744 1928/1269/1374
f 233/1227/233 1842/1270/1289 4468/1268/2744 1926/1267/1372
f 244/1271/244 1928/1269/1374 4468/1268/2744 1842/1272/1289
f 224/1202/224 1806/1247/1253 4469/1273/2745 1843/1274/1290
f 1806/1247/1253 223/1232/223 1837/1250/1284 4469/1273/2745
f 4469/1273/2745 1837/1250/1284 234/1253/234 1827/1275/1274
f 1843/1274/1290 4469/1273/2745 1827/1275/1274 235/1276/235
f 231/1187/231 1813/1186/1260 4470/1277/2746 1844/1278/1291
f 1813/1186/1260 230/1185/230 1838/1255/1285 4470/1277/2746
f 4470/1277/2746 1838/1255/1285 241/1259/241 1834/1279/1281
f 1844/1278/1291 4470/1277/2746 1834/1279/1281 242/1280/242
f 228/1195/228 1810/1194/1257 4471/1281/2747 1845/17/475
f 1810/1194/1257 227/1193/227 1840/1261/1287 4471/1281/2747
f 4471/1281/2747 1840/1261/1287 238/1265/238 1831/1282/1278
f 1845/17/475 4471/1281/2747 1831/1282/1278 239/1283/239
f 225/1204/225 1807/1203/1254 4472/1284/2748 1846/1285/1292
f 1807/1203/1254 224/1202/224 1843/1286/1290 4472/1284/2748
f 4472/1284/2748 1843/1286/1290 235/1287/235 1828/1288/1275
f 1846/1285/1292 4472/1284/2748 1828/1288/1275 236/1289/236
f 232/1210/232 1814/1209/1261 4473/1290/2749 1847/1291/1293
f 1814/1209/1261 231/1187/231 1844/1278/1291 4473/1290/2749
f 4473/1290/2749 1844/1278/1291 242/1280/242 1835/1292/1282
f 1847/1291/1293 4473/1290/2749 1835/1292/1282 243/1293/243
f 229/1216/229 1811/1215/1258 4474/1294/2750 1839/1256/1286
f 1811/1215/1258 228/1195/228 1845/17/475 4474/1294/2750
f 4474/1294/2750 1845/17/475 239/1283/239 1832/1295/1279
f 1839/1256/1286 4474/1294/2750 1832/1295/1279 240/1257/240
f 226/1221/226 1808/1220/1255 4475/1296/2751 1841/1262/1288
f 1808/1220/1255 225/1204/225 1846/1285/1292 4475/1296/2751
f 4475/1296/2751 1846/1285/1292 236/1289/236 1829/1297/1276
f 1841/1262/1288 4475/1296/2751 1829/1297/1276 237/1263/237
f 233/1227/233 1815/1226/1262 4476/1298/2752 1842/1270/1289
f 1815/1226/1262 232/1225/232 1847/1299/1293 4476/1298/2752
f 4476/1298/2752 1847/1299/1293 243/1293/243 1836/1300/1283
f 1842/1270/1289 4476/1298/2752 1836/1300/1283 244/1271/244
f 243/1293/243 1835/1292/1282 4477/1301/2753 1858/1302/1304
f 1835/1292/1282 242/1280/242 1859/1303/1305 4477/1301/2753
f 4477/1301/2753 1859/1303/1305 253/1304/253 1856/1305/1302
f 1858/1302/1304 4477/1301/2753 1856/1305/1302 254/1306/254
f 240/1257/240 1832/1295/1279 4478/1307/2754 1860/1308/1306
f 1832/1295/1279 239/1283/239 1861/1309/1307 4478/1307/2754
f 4478/1307/2754 1861/1309/1307 250/1310/250 1853/1311/1299
f 1860/1308/1306 4478/1307/2754 1853/1311/1299 251/1312/251
f 237/1263/237 1829/1297/1276 4479/1313/2755 1862/1314/1308
f 1829/1297/1276 236/1289/236 1863/1315/1309 4479/1313/2755
f 4479/1313/2755 1863/1315/1309 247/1316/247 1850/1317/1296
f 1862/1314/1308 4479/1313/2755 1850/1317/1296 248/1318/248
f 244/1271/244 1836/1300/1283 4480/1319/2756 1864/1320/1310
f 1836/1300/1283 243/1293/243 1858/1321/1304 4480/1319/2756
f 4480/1319/2756 1858/1321/1304 254/1322/254 1857/1323/1303
f 1864/1320/1310 4480/1319/2756 1857/1323/1303 255/1324/255
f 234/1253/234 1927/1325/1373 4481/1326/2757 1865/1327/1311
f 41/24/41 1929/1328/1375 4481/1326/2757 1927/1325/1373
f 245/1329/245 1865/1327/1311 4481/1326/2757 1929/1330/1375
f 241/1259/241 1833/1258/1280 4482/1331/2758 1866/1332/1312
f 1833/1258/1280 240/1257/240 1860/1308/1306 4482/1331/2758
f 4482/1331/2758 1860/1308/1306 251/1312/251 1854/1333/1300
f 1866/1332/1312 4482/1331/2758 1854/1333/1300 252/1334/252
f 238/1265/238 1830/1264/1277 4483/1335/2759 1867/1336/1313
f 1830/1264/1277 237/1263/237 1862/1314/1308 4483/1335/2759
f 4483/1335/2759 1862/1314/1308 248/1318/248 1851/1337/1297
f 1867/1336/1313 4483/1335/2759 1851/1337/1297 249/1338/249
f 46/1339/46 1928/1340/1374 4484/1341/2760 1930/1342/1376
f 244/1271/244 1864/1343/1310 4484/1341/2760 1928/1340/1374
f 255/1324/255 1930/1344/1376 4484/1341/2760 1864/1345/1310
f 235/1276/235 1827/1275/1274 4485/1346/2761 1868/1347/1314
f 1827/1275/1274 234/1253/234 1865/1327/1311 4485/1346/2761
f 4485/1346/2761 1865/1327/1311 245/1329/245 1848/1348/1294
f 1868/1347/1314 4485/1346/2761 1848/1348/1294 246/1349/246
f 242/1280/242 1834/1279/1281 4486/1350/2762 1859/1303/1305
f 1834/1279/1281 241/1259/241 1866/1332/1312 4486/1350/2762
f 4486/1350/2762 1866/1332/1312 252/1334/252 1855/1351/1301
f 1859/1303/1305 4486/1350/2762 1855/1351/1301 253/1304/253
f 239/1283/239 1831/1282/1278 4487/1352/2763 1861/1309/1307
f 1831/1282/1278 238/1265/238 1867/1336/1313 4487/1352/2763
f 4487/1352/2763 1867/1336/1313 249/1338/249 1852/1353/1298
f 1861/1309/1307 4487/1352/2763 1852/1353/1298 250/1310/250
f 236/1289/236 1828/1288/1275 4488/1354/2764 1863/1315/1309
f 1828/1288/1275 235/1287/235 1868/1355/1314 4488/1354/2764
f 4488/1354/2764 1868/1355/1314 246/1356/246 1849/1357/1295
f 1863/1315/1309 4488/1354/2764 1849/1357/1295 247/1316/247
f 246/1349/246 1848/1348/1294 4489/1358/2765 1931/1359/1377
f 1848/1348/1294 245/1329/245 1932/1360/1378 4489/1358/2765
f 4489/1358/2765 1932/1360/1378 42/254/42 1476/251/926
f 1931/1359/1377 4489/1358/2765 1476/251/926 43/250/43
f 253/1304/253 1855/1351/1301 4490/1361/2766 1873/1362/1319
f 1855/1351/1301 252/1334/252 1874/1363/1320 4490/1361/2766
f 4490/1361/2766 1874/1363/1320 260/263/260 1872/260/1318
f 1873/1362/1319 4490/1361/2766 1872/260/1318 261/259/261
f 250/1310/250 1852/1353/1298 4491/1364/2767 1933/29/1379
f 1852/1353/1298 249/1338/249 1875/1365/1321 4491/1364/2767
f 4491/1364/2767 1875/1365/1321 258/233/258 1881/269/1327
f 1933/29/1379 4491/1364/2767 1881/269/1327 44/268/44
f 247/1316/247 1849/1357/1295 4492/1366/2768 1876/1367/1322
f 1849/1357/1295 246/1356/246 1931/1368/1377 4492/1366/2768
f 4492/1366/2768 1931/1368/1377 43/277/43 1880/274/1326
f 1876/1367/1322 4492/1366/2768 1880/274/1326 256/273/256
f 254/1306/254 1856/1305/1302 4493/1369/2769 1934/1370/1380
f 1856/1305/1302 253/1304/253 1873/1362/1319 4493/1369/2769
f 4493/1369/2769 1873/1362/1319 261/259/261 1883/283/1329
f 1934/1370/1380 4493/1369/2769 1883/283/1329 45/282/45
f 251/1312/251 1853/1311/1299 4494/1371/2770 1877/1372/1323
f 1853/1311/1299 250/1310/250 1933/29/1379 4494/1371/2770
f 4494/1371/2770 1933/29/1379 44/268/44 1882/289/1328
f 1877/1372/1323 4494/1371/2770 1882/289/1328 259/288/259
f 248/1318/248 1850/1317/1296 4495/1373/2771 1878/1374/1324
f 1850/1317/1296 247/1316/247 1876/1367/1322 4495/1373/2771
f 4495/1373/2771 1876/1367/1322 256/273/256 1869/294/1315
f 1878/1374/1324 4495/1373/2771 1869/294/1315 257/237/257
f 255/1324/255 1857/1323/1303 4496/1375/2772 1879/1376/1325
f 1857/1323/1303 254/1322/254 1934/1370/1380 4496/1375/2772
f 4496/1375/2772 1934/1370/1380 45/300/45 1884/297/1330
f 1879/1376/1325 4496/1375/2772 1884/297/1330 262/246/262
f 245/1329/245 1929/1377/1375 4497/1378/2773 1932/1360/1378
f 41/30/41 1475/1379/925 4497/1378/2773 1929/1377/1375
f 42/254/42 1932/1380/1378 4497/1378/2773 1475/1381/925
f 252/1334/252 1854/1333/1300 4498/1382/2774 1874/1363/1320
f 1854/1333/1300 251/1312/251 1877/1372/1323 4498/1382/2774
f 4498/1382/2774 1877/1372/1323 259/288/259 1871/309/1317
f 1874/1363/1320 4498/1382/2774 1871/309/1317 260/263/260
f 249/1338/249 1851/1337/1297 4499/1383/2775 1875/1365/1321
f 1851/1337/1297 248/1318/248 1878/1374/1324 4499/1383/2775
f 4499/1383/2775 1878/1374/1324 257/237/257 1870/234/1316
f 1875/1365/1321 4499/1383/2775 1870/234/1316 258/233/258
f 46/1384/46 1930/1385/1376 4500/1386/2776 1885/1387/1331
f 255/1324/255 1879/1388/1325 4500/1386/2776 1930/1385/1376
f 262/246/262 1885/1389/1331 4500/1386/2776 1879/1390/1325
f 263/1391/96 1936/1392/1382 4501/1393/2777 1935/540/1381
f 1936/1392/1382 275/1394/273 1937/1395/1383 4501/1393/2777
f 4501/1393/2777 1937/1395/1383 276/1396/274 1938/1397/1384
f 1935/540/1381 4501/1393/2777 1938/1397/1384 264/1398/263
f 264/1398/263 1938/1397/1384 4502/1399/2778 1939/1400/1385
f 1938/1397/1384 276/1396/274 1940/1401/1386 4502/1399/2778
f 4502/1399/2778 1940/1401/1386 277/1402/275 1941/1403/1387
f 1939/1400/1385 4502/1399/2778 1941/1403/1387 265/1404/264
f 265/1404/264 1941/1403/1387 4503/1405/2779 1942/504/1388
f 1941/1403/1387 277/1402/275 1943/1406/1389 4503/1405/2779
f 4503/1405/2779 1943/1406/1389 278/1407/276 1944/1408/1390
f 1942/504/1388 4503/1405/2779 1944/1408/1390 266/1409/265
f 266/1409/265 1944/1408/1390 4504/1410/2780 1945/1411/1391
f 1944/1408/1390 278/1407/276 1946/1412/1392 4504/1410/2780
f 4504/1410/2780 1946/1412/1392 279/1413/277 1947/1414/1393
f 1945/1411/1391 4504/1410/2780 1947/1414/1393 267/1415/266
f 267/1415/266 1947/1414/1393 4505/1416/2781 1948/1417/1394
f 1947/1414/1393 279/1413/277 1949/1418/1395 4505/1416/2781
f 4505/1416/2781 1949/1418/1395 280/1419/278 1950/1420/1396
f 1948/1417/1394 4505/1416/2781 1950/1420/1396 268/1421/267
f 268/1421/267 1950/1420/1396 4506/1422/2782 1951/1423/1397
f 1950/1420/1396 280/1419/278 1952/1424/1398 4506/1422/2782
f 4506/1422/2782 1952/1424/1398 281/1425/279 1953/1426/1399
f 1951/1423/1397 4506/1422/2782 1953/1426/1399 269/1427/206
f 269/1428/206 1953/1429/1399 4507/1430/2783 1954/1431/1400
f 1953/1429/1399 281/1432/279 1955/1433/1401 4507/1430/2783
f 4507/1430/2783 1955/1433/1401 282/1434/280 1956/1435/1402
f 1954/1431/1400 4507/1430/2783 1956/1435/1402 270/1436/268
f 270/1436/268 1956/1435/1402 4508/1437/2784 1957/1438/1403
f 1956/1435/1402 282/1439/280 1958/1440/1404 4508/1437/2784
f 4508/1437/2784 1958/1440/1404 283/1441/281 1959/1442/1405
f 1957/1438/1403 4508/1437/2784 1959/1442/1405 271/1443/269
f 271/1443/269 1959/1442/1405 4509/1444/2785 1960/1445/1406
f 1959/1442/1405 283/1441/281 1961/1446/1407 4509/1444/2785
f 4509/1444/2785 1961/1446/1407 284/1447/282 1962/1448/1408
f 1960/1445/1406 4509/1444/2785 1962/1448/1408 272/1449/270
f 272/1449/270 1962/1448/1408 4510/1450/2786 1963/1451/1409
f 1962/1448/1408 284/1447/282 1964/1452/1410 4510/1450/2786
f 4510/1450/2786 1964/1452/1410 285/1453/283 1965/1454/1411
f 1963/1451/1409 4510/1450/2786 1965/1454/1411 273/1455/271
f 273/1455/271 1965/1454/1411 4511/1456/2787 1966/521/1412
f 1965/1454/1411 285/1453/283 1967/1457/1413 4511/1456/2787
f 4511/1456/2787 1967/1457/1413 286/1458/284 1968/1459/1414
f 1966/521/1412 4511/1456/2787 1968/1459/1414 274/1460/272
f 274/1460/272 1968/1459/1414 4512/1461/2788 1969/1462/1415
f 1968/1459/1414 286/1458/284 1970/1463/1416 4512/1461/2788
f 4512/1461/2788 1970/1463/1416 275/1394/273 1936/1392/1382
f 1969/1462/1415 4512/1461/2788 1936/1392/1382 263/1391/96
f 275/1394/273 1971/1464/1417 4513/1465/2789 1937/1395/1383
f 1971/1464/1417 287/1466/285 1972/1467/1418 4513/1465/2789
f 4513/1465/2789 1972/1467/1418 288/1468/286 1973/1469/1419
f 1937/1395/1383 4513/1465/2789 1973/1469/1419 276/1396/274
f 276/1396/274 1973/1469/1419 4514/1470/2790 1940/1401/1386
f 1973/1469/1419 288/1468/286 1974/1471/1420 4514/1470/2790
f 4514/1470/2790 1974/1471/1420 289/1472/287 1975/1473/1421
f 1940/1401/1386 4514/1470/2790 1975/1473/1421 277/1402/275
f 277/1402/275 1975/1473/1421 4515/1474/2791 1943/1406/1389
f 1975/1473/1421 289/1472/287 1976/1475/1422 4515/1474/2791
f 4515/1474/2791 1976/1475/1422 290/1476/288 1977/1477/1423
f 1943/1406/1389 4515/1474/2791 1977/1477/1423 278/1407/276
f 278/1407/276 1977/1477/1423 4516/1478/2792 1946/1412/1392
f 1977/1477/1423 290/1476/288 1978/1479/1424 4516/1478/2792
f 4516/1478/2792 1978/1479/1424 291/1480/289 1979/1481/1425
f 1946/1412/1392 4516/1478/2792 1979/1481/1425 279/1413/277
f 279/1413/277 1979/1481/1425 4517/1482/2793 1949/1418/1395
f 1979/1481/1425 291/1480/289 1980/1483/1426 4517/1482/2793
f 4517/1482/2793 1980/1483/1426 292/1484/290 1981/1485/1427
f 1949/1418/1395 4517/1482/2793 1981/1485/1427 280/1419/278
f 280/1419/278 1981/1485/1427 4518/1486/2794 1952/1424/1398
f 1981/1485/1427 292/1487/290 1982/1488/1428 4518/1486/2794
f 4518/1486/2794 1982/1488/1428 293/1489/291 1983/1490/1429
f 1952/1424/1398 4518/1486/2794 1983/1490/1429 281/1425/279
f 281/1432/279 1983/1491/1429 4519/1492/2795 1955/1433/1401
f 1983/1491/1429 293/1493/291 1984/1494/1430 4519/1492/2795
f 4519/1492/2795 1984/1494/1430 294/1495/292 1985/1496/1431
f 1955/1433/1401 4519/1492/2795 1985/1496/1431 282/1434/280
f 282/1439/280 1985/1496/1431 4520/1497/2796 1958/1440/1404
f 1985/1496/1431 294/1498/292 1986/1499/1432 4520/1497/2796
f 4520/1497/2796 1986/1499/1432 295/1500/293 1987/1501/1433
f 1958/1440/1404 4520/1497/2796 1987/1501/1433 283/1441/281
f 283/1441/281 1987/1501/1433 4521/1502/2797 1961/1446/1407
f 1987/1501/1433 295/1500/293 1988/1503/1434 4521/1502/2797
f 4521/1502/2797 1988/1503/1434 296/1504/294 1989/1505/1435
f 1961/1446/1407 4521/1502/2797 1989/1505/1435 284/1447/282
f 284/1447/282 1989/1505/1435 4522/1506/2798 1964/1452/1410
f 1989/1505/1435 296/1504/294 1990/1507/1436 4522/1506/2798
f 4522/1506/2798 1990/1507/1436 297/1508/295 1991/1509/1437
f 1964/1452/1410 4522/1506/2798 1991/1509/1437 285/1453/283
f 285/1453/283 1991/1509/1437 4523/1510/2799 1967/1457/1413
f 1991/1509/1437 297/1508/295 1992/1511/1438 4523/1510/2799
f 4523/1510/2799 1992/1511/1438 298/1512/296 1993/1513/1439
f 1967/1457/1413 4523/1510/2799 1993/1513/1439 286/1458/284
f 286/1458/284 1993/1513/1439 4524/1514/2800 1970/1463/1416
f 1993/1513/1439 298/1512/296 1994/1515/1440 4524/1514/2800
f 4524/1514/2800 1994/1515/1440 287/1466/285 1971/1464/1417
f 1970/1463/1416 4524/1514/2800 1971/1464/1417 275/1394/273
f 287/1466/285 1995/1516/1441 4525/1517/2801 1972/1467/1418
f 1995/1516/1441 299/1518/297 1996/1519/1442 4525/1517/2801
f 4525/1517/2801 1996/1519/1442 300/1520/298 1997/1521/1443
f 1972/1467/1418 4525/1517/2801 1997/1521/1443 288/1468/286
f 288/1468/286 1997/1521/1443 4526/1522/2802 1974/1471/1420
f 1997/1521/1443 300/1520/298 1998/1523/1444 4526/1522/2802
f 4526/1522/2802 1998/1523/1444 301/1524/299 1999/1525/1445
f 1974/1471/1420 4526/1522/2802 1999/1525/1445 289/1472/287
f 289/1472/287 1999/1525/1445 4527/1526/2803 1976/1475/1422
f 1999/1525/1445 301/1524/299 2000/1527/1446 4527/1526/2803
f 4527/1526/2803 2000/1527/1446 302/1528/300 2001/1529/1447
f 1976/1475/1422 4527/1526/2803 2001/1529/1447 290/1476/288
f 290/1476/288 2001/1529/1447 4528/1530/2804 1978/1479/1424
f 2001/1529/1447 302/1528/300 2002/1531/1448 4528/1530/2804
f 4528/1530/2804 2002/1531/1448 303/1532/301 2003/1533/1449
f 1978/1479/1424 4528/1530/2804 2003/1533/1449 291/1480/289
f 291/1480/289 2003/1533/1449 4529/1534/2805 1980/1483/1426
f 2003/1533/1449 303/1532/301 2004/1535/1450 4529/1534/2805
f 4529/1534/2805 2004/1535/1450 304/1536/302 2005/1537/1451
f 1980/1483/1426 4529/1534/2805 2005/1537/1451 292/1484/290
f 292/1487/290 2005/1538/1451 4530/1539/2806 1982/1488/1428
f 2005/1538/1451 304/1536/302 2006/1540/1452 4530/1539/2806
f 4530/1539/2806 2006/1540/1452 305/1541/303 2007/1542/1453
f 1982/1488/1428 4530/1539/2806 2007/1542/1453 293/1489/291
f 293/1493/291 2007/1543/1453 4531/1544/2807 1984/1494/1430
f 2007/1543/1453 305/1545/303 2008/1546/1454 4531/1544/2807
f 4531/1544/2807 2008/1546/1454 306/1547/304 2009/1548/1455
f 1984/1494/1430 4531/1544/2807 2009/1548/1455 294/1495/292
f 294/1498/292 2009/1549/1455 4532/1550/2808 1986/1499/1432
f 2009/1549/1455 306/1551/304 2010/1552/1456 4532/1550/2808
f 4532/1550/2808 2010/1552/1456 307/1553/305 2011/1554/1457
f 1986/1499/1432 4532/1550/2808 2011/1554/1457 295/1500/293
f 295/1500/293 2011/1554/1457 4533/1555/2809 1988/1503/1434
f 2011/1554/1457 307/1553/305 2012/1556/1458 4533/1555/2809
f 4533/1555/2809 2012/1556/1458 308/1557/306 2013/1558/1459
f 1988/1503/1434 4533/1555/2809 2013/1558/1459 296/1504/294
f 296/1504/294 2013/1558/1459 4534/1559/2810 1990/1507/1436
f 2013/1558/1459 308/1557/306 2014/1560/1460 4534/1559/2810
f 4534/1559/2810 2014/1560/1460 309/1561/307 2015/1562/1461
f 1990/1507/1436 4534/1559/2810 2015/1562/1461 297/1508/295
f 297/1508/295 2015/1562/1461 4535/1563/2811 1992/1511/1438
f 2015/1562/1461 309/1561/307 2016/1564/1462 4535/1563/2811
f 4535/1563/2811 2016/1564/1462 310/1565/308 2017/1566/1463
f 1992/1511/1438 4535/1563/2811 2017/1566/1463 298/1512/296
f 298/1512/296 2017/1566/1463 4536/1567/2812 1994/1515/1440
f 2017/1566/1463 310/1565/308 2018/1568/1464 4536/1567/2812
f 4536/1567/2812 2018/1568/1464 299/1518/297 1995/1516/1441
f 1994/1515/1440 4536/1567/2812 1995/1516/1441 287/1466/285
f 299/1518/297 2019/1569/1465 4537/1570/2813 1996/1519/1442
f 2019/1569/1465 311/1571/309 2020/1572/1466 4537/1570/2813
f 4537/1570/2813 2020/1572/1466 312/1573/310 2021/1574/1467
f 1996/1519/1442 4537/1570/2813 2021/1574/1467 300/1520/298
f 300/1520/298 2021/1574/1467 4538/1575/2814 1998/1523/1444
f 2021/1574/1467 312/1573/310 2022/1576/1468 4538/1575/2814
f 4538/1575/2814 2022/1576/1468 313/1577/311 2023/1578/1469
f 1998/1523/1444 4538/1575/2814 2023/1578/1469 301/1524/299
f 301/1524/299 2023/1578/1469 4539/1579/2815 2000/1527/1446
f 2023/1578/1469 313/1577/311 2024/1580/1470 4539/1579/2815
f 4539/1579/2815 2024/1580/1470 314/1581/312 2025/1582/1471
f 2000/1527/1446 4539/1579/2815 2025/1582/1471 302/1528/300
f 302/1528/300 2025/1582/1471 4540/1583/2816 2002/1531/1448
f 2025/1582/1471 314/1581/312 2026/1584/1472 4540/1583/2816
f 4540/1583/2816 2026/1584/1472 315/1585/313 2027/1586/1473
f 2002/1531/1448 4540/1583/2816 2027/1586/1473 303/1532/301
f 303/1532/301 2027/1586/1473 4541/1587/2817 2004/1535/1450
f 2027/1586/1473 315/1585/313 2028/1588/1474 4541/1587/2817
f 4541/1587/2817 2028/1588/1474 316/1589/314 2029/1590/1475
f 2004/1535/1450 4541/1587/2817 2029/1590/1475 304/1536/302
f 304/1536/302 2029/1591/1475 4542/1592/2818 2006/1540/1452
f 2029/1591/1475 316/1593/314 2030/1594/1476 4542/1592/2818
f 4542/1592/2818 2030/1594/1476 317/1595/315 2031/1596/1477
f 2006/1540/1452 4542/1592/2818 2031/1596/1477 305/1541/303
f 305/1545/303 2031/1597/1477 4543/1598/2819 2008/1546/1454
f 2031/1597/1477 317/1599/315 2032/1600/1478 4543/1598/2819
f 4543/1598/2819 2032/1600/1478 318/1601/316 2033/1602/1479
f 2008/1546/1454 4543/1598/2819 2033/1602/1479 306/1547/304
f 306/1551/304 2033/1603/1479 4544/1604/2820 2010/1552/1456
f 2033/1603/1479 318/1605/316 2034/1606/1480 4544/1604/2820
f 4544/1604/2820 2034/1606/1480 319/1607/317 2035/1608/1481
f 2010/1552/1456 4544/1604/2820 2035/1608/1481 307/1553/305
f 307/1553/305 2035/1608/1481 4545/1609/2821 2012/1556/1458
f 2035/1608/1481 319/1607/317 2036/1610/1482 4545/1609/2821
f 4545/1609/2821 2036/1610/1482 320/1611/318 2037/1612/1483
f 2012/1556/1458 4545/1609/2821 2037/1612/1483 308/1557/306
f 308/1557/306 2037/1612/1483 4546/1613/2822 2014/1560/1460
f 2037/1612/1483 320/1611/318 2038/1614/1484 4546/1613/2822
f 4546/1613/2822 2038/1614/1484 321/1615/319 2039/1616/1485
f 2014/1560/1460 4546/1613/2822 2039/1616/1485 309/1561/307
f 309/1561/307 2039/1616/1485 4547/1617/2823 2016/1564/1462
f 2039/1616/1485 321/1615/319 2040/1618/1486 4547/1617/2823
f 4547/1617/2823 2040/1618/1486 322/1619/320 2041/1620/1487
f 2016/1564/1462 4547/1617/2823 2041/1620/1487 310/1565/308
f 310/1565/308 2041/1620/1487 4548/1621/2824 2018/1568/1464
f 2041/1620/1487 322/1619/320 2042/1622/1488 4548/1621/2824
f 4548/1621/2824 2042/1622/1488 311/1571/309 2019/1569/1465
f 2018/1568/1464 4548/1621/2824 2019/1569/1465 299/1518/297
f 311/1571/309 2043/1623/1489 4549/1624/2825 2020/1572/1466
f 2043/1623/1489 323/1625/321 2044/1626/1490 4549/1624/2825
f 4549/1624/2825 2044/1626/1490 324/1627/322 2045/1628/1491
f 2020/1572/1466 4549/1624/2825 2045/1628/1491 312/1573/310
f 312/1573/310 2045/1628/1491 4550/1629/2826 2022/1576/1468
f 2045/1628/1491 324/1627/322 2046/1630/1492 4550/1629/2826
f 4550/1629/2826 2046/1630/1492 325/1631/323 2047/1632/1493
f 2022/1576/1468 4550/1629/2826 2047/1632/1493 313/1577/311
f 313/1577/311 2047/1632/1493 4551/1633/2827 2024/1580/1470
f 2047/1632/1493 325/1631/323 2048/1634/1494 4551/1633/2827
f 4551/1633/2827 2048/1634/1494 326/1635/324 2049/1636/1495
f 2024/1580/1470 4551/1633/2827 2049/1636/1495 314/1581/312
f 314/1581/312 2049/1636/1495 4552/1637/2828 2026/1584/1472
f 2049/1636/1495 326/1635/324 2050/1638/1496 4552/1637/2828
f 4552/1637/2828 2050/1638/1496 327/1639/325 2051/1640/1497
f 2026/1584/1472 4552/1637/2828 2051/1640/1497 315/1585/313
f 315/1585/313 2051/1640/1497 4553/1641/2829 2028/1588/1474
f 2051/1640/1497 327/1639/325 2052/1642/1498 4553/1641/2829
f 4553/1641/2829 2052/1642/1498 328/1643/326 2053/1644/1499
f 2028/1588/1474 4553/1641/2829 2053/1644/1499 316/1589/314
f 316/1593/314 2053/1645/1499 4554/1646/2830 2030/1594/1476
f 2053/1645/1499 328/1647/326 2054/1648/1500 4554/1646/2830
f 4554/1646/2830 2054/1648/1500 329/1649/327 2055/1650/1501
f 2030/1594/1476 4554/1646/2830 2055/1650/1501 317/1595/315
f 317/1599/315 2055/1651/1501 4555/1652/2831 2032/1600/1478
f 2055/1651/1501 329/1653/327 2056/1654/1502 4555/1652/2831
f 4555/1652/2831 2056/1654/1502 330/1655/328 2057/1656/1503
f 2032/1600/1478 4555/1652/2831 2057/1656/1503 318/1601/316
f 318/1605/316 2057/1657/1503 4556/1658/2832 2034/1606/1480
f 2057/1657/1503 330/1659/328 2058/1660/1504 4556/1658/2832
f 4556/1658/2832 2058/1660/1504 331/1661/329 2059/1662/1505
f 2034/1606/1480 4556/1658/2832 2059/1662/1505 319/1607/317
f 319/1607/317 2059/1662/1505 4557/1663/2833 2036/1610/1482
f 2059/1662/1505 331/1661/329 2060/1664/1506 4557/1663/2833
f 4557/1663/2833 2060/1664/1506 332/1665/330 2061/1666/1507
f 2036/1610/1482 4557/1663/2833 2061/1666/1507 320/1611/318
f 320/1611/318 2061/1666/1507 4558/1667/2834 2038/1614/1484
f 2061/1666/1507 332/1665/330 2062/1668/1508 4558/1667/2834
f 4558/1667/2834 2062/1668/1508 333/1669/331 2063/1670/1509
f 2038/1614/1484 4558/1667/2834 2063/1670/1509 321/1615/319
f 321/1615/319 2063/1670/1509 4559/1671/2835 2040/1618/1486
f 2063/1670/1509 333/1669/331 2064/1672/1510 4559/1671/2835
f 4559/1671/2835 2064/1672/1510 334/1673/332 2065/1674/1511
f 2040/1618/1486 4559/1671/2835 2065/1674/1511 322/1619/320
f 322/1619/320 2065/1674/1511 4560/1675/2836 2042/1622/1488
f 2065/1674/1511 334/1673/332 2066/1676/1512 4560/1675/2836
f 4560/1675/2836 2066/1676/1512 323/1625/321 2043/1623/1489
f 2042/1622/1488 4560/1675/2836 2043/1623/1489 311/1571/309
f 323/1625/321 2067/1677/1513 4561/1678/2837 2044/1626/1490
f 2067/1677/1513 335/1679/333 2068/1680/1514 4561/1678/2837
f 4561/1678/2837 2068/1680/1514 336/1681/334 2069/1682/1515
f 2044/1626/1490 4561/1678/2837 2069/1682/1515 324/1627/322
f 324/1627/322 2069/1682/1515 4562/1683/2838 2046/1630/1492
f 2069/1682/1515 336/1681/334 2070/1684/1516 4562/1683/2838
f 4562/1683/2838 2070/1684/1516 337/1685/335 2071/1686/1517
f 2046/1630/1492 4562/1683/2838 2071/1686/1517 325/1631/323
f 325/1631/323 2071/1686/1517 4563/1687/2839 2048/1634/1494
f 2071/1686/1517 337/1685/335 2072/1688/1518 4563/1687/2839
f 4563/1687/2839 2072/1688/1518 338/46/336 2073/1689/1519
f 2048/1634/1494 4563/1687/2839 2073/1689/1519 326/1635/324
f 326/1635/324 2073/1689/1519 4564/1690/2840 2050/1638/1496
f 2073/1689/1519 338/46/336 2074/1691/1520 4564/1690/2840
f 4564/1690/2840 2074/1691/1520 339/1692/337 2075/1693/1521
f 2050/1638/1496 4564/1690/2840 2075/1693/1521 327/1639/325
f 327/1639/325 2075/1693/1521 4565/1694/2841 2052/1642/1498
f 2075/1693/1521 339/1692/337 2076/1695/1522 4565/1694/2841
f 4565/1694/2841 2076/1695/1522 340/1696/338 2077/1697/1523
f 2052/1642/1498 4565/1694/2841 2077/1697/1523 328/1643/326
f 328/1647/326 2077/1698/1523 4566/1699/2842 2054/1648/1500
f 2077/1698/1523 340/1700/338 2078/1701/1524 4566/1699/2842
f 4566/1699/2842 2078/1701/1524 341/1702/339 2079/1703/1525
f 2054/1648/1500 4566/1699/2842 2079/1703/1525 329/1649/327
f 329/1653/327 2079/1704/1525 4567/1705/2843 2056/1654/1502
f 2079/1704/1525 341/1706/339 2080/1707/1526 4567/1705/2843
f 4567/1705/2843 2080/1707/1526 342/1708/340 2081/1709/1527
f 2056/1654/1502 4567/1705/2843 2081/1709/1527 330/1655/328
f 330/1659/328 2081/1710/1527 4568/1711/2844 2058/1660/1504
f 2081/1710/1527 342/1712/340 2082/1713/1528 4568/1711/2844
f 4568/1711/2844 2082/1713/1528 343/1714/341 2083/1715/1529
f 2058/1660/1504 4568/1711/2844 2083/1715/1529 331/1661/329
f 331/1661/329 2083/1715/1529 4569/1716/2845 2060/1664/1506
f 2083/1715/1529 343/1714/341 2084/1717/1530 4569/1716/2845
f 4569/1716/2845 2084/1717/1530 344/1718/342 2085/1719/1531
f 2060/1664/1506 4569/1716/2845 2085/1719/1531 332/1665/330
f 332/1665/330 2085/1719/1531 4570/1720/2846 2062/1668/1508
f 2085/1719/1531 344/1718/342 2086/1721/1532 4570/1720/2846
f 4570/1720/2846 2086/1721/1532 345/1722/343 2087/1723/1533
f 2062/1668/1508 4570/1720/2846 2087/1723/1533 333/1669/331
f 333/1669/331 2087/1723/1533 4571/1724/2847 2064/1672/1510
f 2087/1723/1533 345/1722/343 2088/1725/1534 4571/1724/2847
f 4571/1724/2847 2088/1725/1534 346/1726/344 2089/1727/1535
f 2064/1672/1510 4571/1724/2847 2089/1727/1535 334/1673/332
f 334/1673/332 2089/1727/1535 4572/1728/2848 2066/1676/1512
f 2089/1727/1535 346/1726/344 2090/1729/1536 4572/1728/2848
f 4572/1728/2848 2090/1729/1536 335/1679/333 2067/1677/1513
f 2066/1676/1512 4572/1728/2848 2067/1677/1513 323/1625/321
f 335/1679/333 2091/1730/1537 4573/1731/2849 2068/1680/1514
f 2091/1730/1537 347/1732/345 2092/1733/1538 4573/1731/2849
f 4573/1731/2849 2092/1733/1538 348/1734/346 2093/1735/1539
f 2068/1680/1514 4573/1731/2849 2093/1735/1539 336/1681/334
f 336/1681/334 2093/1735/1539 4574/1736/2850 2070/1684/1516
f 2093/1735/1539 348/1734/346 2094/1737/1540 4574/1736/2850
f 4574/1736/2850 2094/1737/1540 349/1738/347 2095/1739/1541
f 2070/1684/1516 4574/1736/2850 2095/1739/1541 337/1685/335
f 337/1685/335 2095/1739/1541 4575/1740/2851 2072/1688/1518
f 2095/1739/1541 349/1738/347 2096/1741/1542 4575/1740/2851
f 4575/1740/2851 2096/1741/1542 350/1742/348 2097/1743/1543
f 2072/1688/1518 4575/1740/2851 2097/1743/1543 338/46/336
f 338/46/336 2097/1743/1543 4576/1744/2852 2074/1691/1520
f 2097/1743/1543 350/1742/348 2098/1745/1544 4576/1744/2852
f 4576/1744/2852 2098/1745/1544 351/1746/349 2099/1747/1545
f 2074/1691/1520 4576/1744/2852 2099/1747/1545 339/1692/337
f 339/1692/337 2099/1747/1545 4577/1748/2853 2076/1695/1522
f 2099/1747/1545 351/1746/349 2100/1749/1546 4577/1748/2853
f 4577/1748/2853 2100/1749/1546 352/1750/350 2101/1751/1547
f 2076/1695/1522 4577/1748/2853 2101/1751/1547 340/1696/338
f 340/1700/338 2101/1752/1547 4578/1753/2854 2078/1701/1524
f 2101/1752/1547 352/1754/350 2102/1755/1548 4578/1753/2854
f 4578/1753/2854 2102/1755/1548 353/1756/351 2103/1757/1549
f 2078/1701/1524 4578/1753/2854 2103/1757/1549 341/1702/339
f 341/1706/339 2103/1758/1549 4579/1759/2855 2080/1707/1526
f 2103/1758/1549 353/1760/351 2104/1761/1550 4579/1759/2855
f 4579/1759/2855 2104/1761/1550 354/1762/352 2105/1763/1551
f 2080/1707/1526 4579/1759/2855 2105/1763/1551 342/1708/340
f 342/1712/340 2105/1764/1551 4580/1765/2856 2082/1713/1528
f 2105/1764/1551 354/1766/352 2106/1767/1552 4580/1765/2856
f 4580/1765/2856 2106/1767/1552 355/1768/353 2107/1769/1553
f 2082/1713/1528 4580/1765/2856 2107/1769/1553 343/1714/341
f 343/1714/341 2107/1769/1553 4581/1770/2857 2084/1717/1530
f 2107/1769/1553 355/1768/353 2108/1771/1554 4581/1770/2857
f 4581/1770/2857 2108/1771/1554 356/1772/354 2109/1773/1555
f 2084/1717/1530 4581/1770/2857 2109/1773/1555 344/1718/342
f 344/1718/342 2109/1773/1555 4582/1774/2858 2086/1721/1532
f 2109/1773/1555 356/1772/354 2110/1775/1556 4582/1774/2858
f 4582/1774/2858 2110/1775/1556 357/1776/355 2111/1777/1557
f 2086/1721/1532 4582/1774/2858 2111/1777/1557 345/1722/343
f 345/1722/343 2111/1777/1557 4583/1778/2859 2088/1725/1534
f 2111/1777/1557 357/1776/355 2112/1779/1558 4583/1778/2859
f 4583/1778/2859 2112/1779/1558 358/1780/356 2113/1781/1559
f 2088/1725/1534 4583/1778/2859 2113/1781/1559 346/1726/344
f 346/1726/344 2113/1781/1559 4584/1782/2860 2090/1729/1536
f 2113/1781/1559 358/1780/356 2114/1783/1560 4584/1782/2860
f 4584/1782/2860 2114/1783/1560 347/1732/345 2091/1730/1537
f 2090/1729/1536 4584/1782/2860 2091/1730/1537 335/1679/333
f 347/1732/345 2115/1784/1561 4585/1785/2861 2092/1733/1538
f 2115/1784/1561 359/1786/357 2116/1787/1562 4585/1785/2861
f 4585/1785/2861 2116/1787/1562 360/1788/358 2117/1789/1563
f 2092/1733/1538 4585/1785/2861 2117/1789/1563 348/1734/346
f 348/1734/346 2117/1789/1563 4586/1790/2862 2094/1737/1540
f 2117/1789/1563 360/1788/358 2118/1791/1564 4586/1790/2862
f 4586/1790/2862 2118/1791/1564 361/1792/359 2119/1793/1565
f 2094/1737/1540 4586/1790/2862 2119/1793/1565 349/1738/347
f 349/1738/347 2119/1793/1565 4587/1794/2863 2096/1741/1542
f 2119/1793/1565 361/1792/359 2120/1795/1566 4587/1794/2863
f 4587/1794/2863 2120/1795/1566 362/1796/360 2121/1797/1567
f 2096/1741/1542 4587/1794/2863 2121/1797/1567 350/1742/348
f 350/1742/348 2121/1797/1567 4588/1798/2864 2098/1745/1544
f 2121/1797/1567 362/1796/360 2122/1799/1568 4588/1798/2864
f 4588/1798/2864 2122/1799/1568 363/1800/361 2123/1801/1569
f 2098/1745/1544 4588/1798/2864 2123/1801/1569 351/1746/349
f 351/1746/349 2123/1801/1569 4589/1802/2865 2100/1749/1546
f 2123/1801/1569 363/1800/361 2124/1803/1570 4589/1802/2865
f 4589/1802/2865 2124/1803/1570 364/1804/362 2125/1805/1571
f 2100/1749/1546 4589/1802/2865 2125/1805/1571 352/1750/350
f 352/1754/350 2125/1806/1571 4590/1807/2866 2102/1755/1548
f 2125/1806/1571 364/1808/362 2126/1809/1572 4590/1807/2866
f 4590/1807/2866 2126/1809/1572 365/1810/363 2127/1811/1573
f 2102/1755/1548 4590/1807/2866 2127/1811/1573 353/1756/351
f 353/1760/351 2127/1812/1573 4591/1813/2867 2104/1761/1550
f 2127/1812/1573 365/1814/363 2128/1815/1574 4591/1813/2867
f 4591/1813/2867 2128/1815/1574 366/1816/364 2129/1817/1575
f 2104/1761/1550 4591/1813/2867 2129/1817/1575 354/1762/352
f 354/1766/352 2129/1818/1575 4592/1819/2868 2106/1767/1552
f 2129/1818/1575 366/1820/364 2130/1821/1576 4592/1819/2868
f 4592/1819/2868 2130/1821/1576 367/1822/365 2131/1823/1577
f 2106/1767/1552 4592/1819/2868 2131/1823/1577 355/1768/353
f 355/1768/353 2131/1823/1577 4593/1824/2869 2108/1771/1554
f 2131/1823/1577 367/1822/365 2132/1825/1578 4593/1824/2869
f 4593/1824/2869 2132/1825/1578 368/1826/366 2133/1827/1579
f 2108/1771/1554 4593/1824/2869 2133/1827/1579 356/1772/354
f 356/1772/354 2133/1827/1579 4594/1828/2870 2110/1775/1556
f 2133/1827/1579 368/1826/366 2134/1829/1580 4594/1828/2870
f 4594/1828/2870 2134/1829/1580 369/1830/367 2135/1831/1581
f 2110/1775/1556 4594/1828/2870 2135/1831/1581 357/1776/355
f 357/1776/355 2135/1831/1581 4595/1832/2871 2112/1779/1558
f 2135/1831/1581 369/1830/367 2136/1833/1582 4595/1832/2871
f 4595/1832/2871 2136/1833/1582 370/1834/368 2137/1835/1583
f 2112/1779/1558 4595/1832/2871 2137/1835/1583 358/1780/356
f 358/1780/356 2137/1835/1583 4596/1836/2872 2114/1783/1560
f 2137/1835/1583 370/1834/368 2138/1837/1584 4596/1836/2872
f 4596/1836/2872 2138/1837/1584 359/1786/357 2115/1784/1561
f 2114/1783/1560 4596/1836/2872 2115/1784/1561 347/1732/345
f 359/1786/357 2139/1838/1585 4597/1839/2873 2116/1787/1562
f 2139/1838/1585 371/1840/369 2140/1841/1586 4597/1839/2873
f 4597/1839/2873 2140/1841/1586 372/1842/370 2141/1843/1587
f 2116/1787/1562 4597/1839/2873 2141/1843/1587 360/1788/358
f 360/1788/358 2141/1843/1587 4598/1844/2874 2118/1791/1564
f 2141/1843/1587 372/1842/370 2142/1845/1588 4598/1844/2874
f 4598/1844/2874 2142/1845/1588 373/1846/371 2143/1847/1589
f 2118/1791/1564 4598/1844/2874 2143/1847/1589 361/1792/359
f 361/1792/359 2143/1847/1589 4599/1848/2875 2120/1795/1566
f 2143/1847/1589 373/1846/371 2144/1849/1590 4599/1848/2875
f 4599/1848/2875 2144/1849/1590 374/1850/372 2145/1851/1591
f 2120/1795/1566 4599/1848/2875 2145/1851/1591 362/1796/360
f 362/1796/360 2145/1851/1591 4600/1852/2876 2122/1799/1568
f 2145/1851/1591 374/1850/372 2146/1853/1592 4600/1852/2876
f 4600/1852/2876 2146/1853/1592 375/1854/373 2147/1855/1593
f 2122/1799/1568 4600/1852/2876 2147/1855/1593 363/1800/361
f 363/1800/361 2147/1855/1593 4601/1856/2877 2124/1803/1570
f 2147/1855/1593 375/1854/373 2148/1857/1594 4601/1856/2877
f 4601/1856/2877 2148/1857/1594 376/1858/374 2149/1859/1595
f 2124/1803/1570 4601/1856/2877 2149/1859/1595 364/1804/362
f 364/1808/362 2149/1859/1595 4602/1860/2878 2126/1809/1572
f 2149/1859/1595 376/1858/374 2150/1861/1596 4602/1860/2878
f 4602/1860/2878 2150/1861/1596 377/1862/375 2151/1863/1597
f 2126/1809/1572 4602/1860/2878 2151/1863/1597 365/1810/363
f 365/1814/363 2151/1864/1597 4603/1865/2879 2128/1815/1574
f 2151/1864/1597 377/1866/375 2152/1867/1598 4603/1865/2879
f 4603/1865/2879 2152/1867/1598 378/1868/376 2153/1869/1599
f 2128/1815/1574 4603/1865/2879 2153/1869/1599 366/1816/364
f 366/1820/364 2153/1869/1599 4604/1870/2880 2130/1821/1576
f 2153/1869/1599 378/1871/376 2154/1872/1600 4604/1870/2880
f 4604/1870/2880 2154/1872/1600 379/1873/377 2155/1874/1601
f 2130/1821/1576 4604/1870/2880 2155/1874/1601 367/1822/365
f 367/1822/365 2155/1874/1601 4605/1875/2881 2132/1825/1578
f 2155/1874/1601 379/1873/377 2156/1876/1602 4605/1875/2881
f 4605/1875/2881 2156/1876/1602 380/1877/378 2157/1878/1603
f 2132/1825/1578 4605/1875/2881 2157/1878/1603 368/1826/366
f 368/1826/366 2157/1878/1603 4606/1879/2882 2134/1829/1580
f 2157/1878/1603 380/1877/378 2158/1880/1604 4606/1879/2882
f 4606/1879/2882 2158/1880/1604 381/1881/379 2159/1882/1605
f 2134/1829/1580 4606/1879/2882 2159/1882/1605 369/1830/367
f 369/1830/367 2159/1882/1605 4607/1883/2883 2136/1833/1582
f 2159/1882/1605 381/1881/379 2160/1884/1606 4607/1883/2883
f 4607/1883/2883 2160/1884/1606 382/1885/380 2161/1886/1607
f 2136/1833/1582 4607/1883/2883 2161/1886/1607 370/1834/368
f 370/1834/368 2161/1886/1607 4608/1887/2884 2138/1837/1584
f 2161/1886/1607 382/1885/380 2162/1888/1608 4608/1887/2884
f 4608/1887/2884 2162/1888/1608 371/1840/369 2139/1838/1585
f 2138/1837/1584 4608/1887/2884 2139/1838/1585 359/1786/357
f 371/1840/369 2163/1889/1609 4609/1890/2885 2140/1841/1586
f 2163/1889/1609 383/1891/381 2164/1892/1610 4609/1890/2885
f 4609/1890/2885 2164/1892/1610 384/1893/382 2165/1894/1611
f 2140/1841/1586 4609/1890/2885 2165/1894/1611 372/1842/370
f 372/1842/370 2165/1894/1611 4610/1895/2886 2142/1845/1588
f 2165/1894/1611 384/1893/382 2166/1896/1612 4610/1895/2886
f 4610/1895/2886 2166/1896/1612 385/1897/383 2167/1898/1613
f 2142/1845/1588 4610/1895/2886 2167/1898/1613 373/1846/371
f 373/1846/371 2167/1898/1613 4611/1899/2887 2144/1849/1590
f 2167/1898/1613 385/1897/383 2168/1900/1614 4611/1899/2887
f 4611/1899/2887 2168/1900/1614 386/1901/384 2169/1902/1615
f 2144/1849/1590 4611/1899/2887 2169/1902/1615 374/1850/372
f 374/1850/372 2169/1902/1615 4612/1903/2888 2146/1853/1592
f 2169/1902/1615 386/1901/384 2170/1904/1616 4612/1903/2888
f 4612/1903/2888 2170/1904/1616 387/1905/385 2171/1906/1617
f 2146/1853/1592 4612/1903/2888 2171/1906/1617 375/1854/373
f 375/1854/373 2171/1906/1617 4613/1907/2889 2148/1857/1594
f 2171/1906/1617 387/1905/385 2172/1908/1618 4613/1907/2889
f 4613/1907/2889 2172/1908/1618 388/1909/386 2173/1910/1619
f 2148/1857/1594 4613/1907/2889 2173/1910/1619 376/1858/374
f 376/1858/374 2173/1910/1619 4614/1911/2890 2150/1861/1596
f 2173/1910/1619 388/1912/386 2174/1913/1620 4614/1911/2890
f 4614/1911/2890 2174/1913/1620 389/1914/387 2175/1915/1621
f 2150/1861/1596 4614/1911/2890 2175/1915/1621 377/1862/375
f 377/1866/375 2175/1916/1621 4615/1917/2891 2152/1867/1598
f 2175/1916/1621 389/1918/387 2176/1919/1622 4615/1917/2891
f 4615/1917/2891 2176/1919/1622 390/1920/388 2177/1921/1623
f 2152/1867/1598 4615/1917/2891 2177/1921/1623 378/1868/376
f 378/1871/376 2177/1921/1623 4616/1922/2892 2154/1872/1600
f 2177/1921/1623 390/1923/388 2178/1924/1624 4616/1922/2892
f 4616/1922/2892 2178/1924/1624 391/1925/389 2179/1926/1625
f 2154/1872/1600 4616/1922/2892 2179/1926/1625 379/1873/377
f 379/1873/377 2179/1926/1625 4617/1927/2893 2156/1876/1602
f 2179/1926/1625 391/1925/389 2180/1928/1626 4617/1927/2893
f 4617/1927/2893 2180/1928/1626 392/1929/390 2181/1930/1627
f 2156/1876/1602 4617/1927/2893 2181/1930/1627 380/1877/378
f 380/1877/378 2181/1930/1627 4618/1931/2894 2158/1880/1604
f 2181/1930/1627 392/1929/390 2182/1932/1628 4618/1931/2894
f 4618/1931/2894 2182/1932/1628 393/1933/391 2183/1934/1629
f 2158/1880/1604 4618/1931/2894 2183/1934/1629 381/1881/379
f 381/1881/379 2183/1934/1629 4619/1935/2895 2160/1884/1606
f 2183/1934/1629 393/1933/391 2184/1936/1630 4619/1935/2895
f 4619/1935/2895 2184/1936/1630 394/1937/392 2185/1938/1631
f 2160/1884/1606 4619/1935/2895 2185/1938/1631 382/1885/380
f 382/1885/380 2185/1938/1631 4620/1939/2896 2162/1888/1608
f 2185/1938/1631 394/1937/392 2186/1940/1632 4620/1939/2896
f 4620/1939/2896 2186/1940/1632 383/1891/381 2163/1889/1609
f 2162/1888/1608 4620/1939/2896 2163/1889/1609 371/1840/369
f 383/1891/381 2187/1941/1633 4621/1942/2897 2164/1892/1610
f 2187/1941/1633 395/1943/393 2188/1944/1634 4621/1942/2897
f 4621/1942/2897 2188/1944/1634 396/1945/394 2189/1946/1635
f 2164/1892/1610 4621/1942/2897 2189/1946/1635 384/1893/382
f 384/1893/382 2189/1946/1635 4622/1947/2898 2166/1896/1612
f 2189/1946/1635 396/1945/394 2190/1948/1636 4622/1947/2898
f 4622/1947/2898 2190/1948/1636 397/1949/395 2191/1950/1637
f 2166/1896/1612 4622/1947/2898 2191/1950/1637 385/1897/383
f 385/1897/383 2191/1950/1637 4623/1951/2899 2168/1900/1614
f 2191/1950/1637 397/1949/395 2192/1952/1638 4623/1951/2899
f 4623/1951/2899 2192/1952/1638 398/1953/396 2193/1954/1639
f 2168/1900/1614 4623/1951/2899 2193/1954/1639 386/1901/384
f 386/1901/384 2193/1954/1639 4624/1955/2900 2170/1904/1616
f 2193/1954/1639 398/1953/396 2194/1956/1640 4624/1955/2900
f 4624/1955/2900 2194/1956/1640 399/1957/397 2195/1958/1641
f 2170/1904/1616 4624/1955/2900 2195/1958/1641 387/1905/385
f 387/1905/385 2195/1958/1641 4625/1959/2901 2172/1908/1618
f 2195/1958/1641 399/1957/397 2196/1960/1642 4625/1959/2901
f 4625/1959/2901 2196/1960/1642 400/1961/398 2197/1962/1643
f 2172/1908/1618 4625/1959/2901 2197/1962/1643 388/1909/386
f 388/1912/386 2197/1963/1643 4626/1964/2902 2174/1913/1620
f 2197/1963/1643 400/1961/398 2198/1965/1644 4626/1964/2902
f 4626/1964/2902 2198/1965/1644 401/1966/399 2199/1967/1645
f 2174/1913/1620 4626/1964/2902 2199/1967/1645 389/1914/387
f 389/1918/387 2199/1968/1645 4627/1969/2903 2176/1919/1622
f 2199/1968/1645 401/1970/399 2200/1971/1646 4627/1969/2903
f 4627/1969/2903 2200/1971/1646 402/1972/400 2201/1973/1647
f 2176/1919/1622 4627/1969/2903 2201/1973/1647 390/1920/388
f 390/1923/388 2201/1974/1647 4628/1975/2904 2178/1924/1624
f 2201/1974/1647 402/1976/400 2202/1977/1648 4628/1975/2904
f 4628/1975/2904 2202/1977/1648 403/1978/401 2203/1979/1649
f 2178/1924/1624 4628/1975/2904 2203/1979/1649 391/1925/389
f 391/1925/389 2203/1979/1649 4629/1980/2905 2180/1928/1626
f 2203/1979/1649 403/1978/401 2204/1981/1650 4629/1980/2905
f 4629/1980/2905 2204/1981/1650 404/1982/402 2205/1983/1651
f 2180/1928/1626 4629/1980/2905 2205/1983/1651 392/1929/390
f 392/1929/390 2205/1983/1651 4630/1984/2906 2182/1932/1628
f 2205/1983/1651 404/1982/402 2206/1985/1652 4630/1984/2906
f 4630/1984/2906 2206/1985/1652 405/1986/403 2207/1987/1653
f 2182/1932/1628 4630/1984/2906 2207/1987/1653 393/1933/391
f 393/1933/391 2207/1987/1653 4631/1988/2907 2184/1936/1630
f 2207/1987/1653 405/1986/403 2208/1989/1654 4631/1988/2907
f 4631/1988/2907 2208/1989/1654 406/1990/404 2209/1991/1655
f 2184/1936/1630 4631/1988/2907 2209/1991/1655 394/1937/392
f 394/1937/392 2209/1991/1655 4632/1992/2908 2186/1940/1632
f 2209/1991/1655 406/1990/404 2210/1993/1656 4632/1992/2908
f 4632/1992/2908 2210/1993/1656 395/1943/393 2187/1941/1633
f 2186/1940/1632 4632/1992/2908 2187/1941/1633 383/1891/381
f 395/1943/393 2211/1994/1657 4633/1995/2909 2188/1944/1634
f 2211/1994/1657 407/1996/44 2212/1997/1658 4633/1995/2909
f 4633/1995/2909 2212/1997/1658 408/1998/405 2213/1999/1659
f 2188/1944/1634 4633/1995/2909 2213/1999/1659 396/1945/394
f 396/1945/394 2213/1999/1659 4634/2000/2910 2190/1948/1636
f 2213/1999/1659 408/1998/405 2214/2001/1660 4634/2000/2910
f 4634/2000/2910 2214/2001/1660 409/2002/406 2215/2003/1661
f 2190/1948/1636 4634/2000/2910 2215/2003/1661 397/1949/395
f 397/1949/395 2215/2003/1661 4635/2004/2911 2192/1952/1638
f 2215/2003/1661 409/2002/406 2216/2005/1662 4635/2004/2911
f 4635/2004/2911 2216/2005/1662 410/2006/407 2217/2007/1663
f 2192/1952/1638 4635/2004/2911 2217/2007/1663 398/1953/396
f 398/1953/396 2217/2007/1663 4636/2008/2912 2194/1956/1640
f 2217/2007/1663 410/2006/407 2218/2009/1664 4636/2008/2912
f 4636/2008/2912 2218/2009/1664 411/2010/408 2219/2011/1665
f 2194/1956/1640 4636/2008/2912 2219/2011/1665 399/1957/397
f 399/1957/397 2219/2011/1665 4637/2012/2913 2196/1960/1642
f 2219/2011/1665 411/2010/408 2220/2013/1666 4637/2012/2913
f 4637/2012/2913 2220/2013/1666 412/2014/409 2221/2015/1667
f 2196/1960/1642 4637/2012/2913 2221/2015/1667 400/1961/398
f 400/1961/398 2221/2015/1667 4638/2016/2914 2198/1965/1644
f 2221/2015/1667 412/2014/409 2222/2017/1668 4638/2016/2914
f 4638/2016/2914 2222/2017/1668 413/2018/151 2223/2019/1669
f 2198/1965/1644 4638/2016/2914 2223/2019/1669 401/1966/399
f 401/1970/399 2223/2020/1669 4639/2021/2915 2200/1971/1646
f 2223/2020/1669 413/2022/151 2224/2023/1670 4639/2021/2915
f 4639/2021/2915 2224/2023/1670 414/2024/410 2225/2025/1671
f 2200/1971/1646 4639/2021/2915 2225/2025/1671 402/1972/400
f 402/1976/400 2225/2025/1671 4640/2026/2916 2202/1977/1648
f 2225/2025/1671 414/2027/410 2226/2028/1672 4640/2026/2916
f 4640/2026/2916 2226/2028/1672 415/2029/411 2227/2030/1673
f 2202/1977/1648 4640/2026/2916 2227/2030/1673 403/1978/401
f 403/1978/401 2227/2030/1673 4641/2031/2917 2204/1981/1650
f 2227/2030/1673 415/2029/411 2228/2032/1674 4641/2031/2917
f 4641/2031/2917 2228/2032/1674 416/2033/412 2229/2034/1675
f 2204/1981/1650 4641/2031/2917 2229/2034/1675 404/1982/402
f 404/1982/402 2229/2034/1675 4642/2035/2918 2206/1985/1652
f 2229/2034/1675 416/2033/412 2230/2036/1676 4642/2035/2918
f 4642/2035/2918 2230/2036/1676 417/2037/413 2231/2038/1677
f 2206/1985/1652 4642/2035/2918 2231/2038/1677 405/1986/403
f 405/1986/403 2231/2038/1677 4643/2039/2919 2208/1989/1654
f 2231/2038/1677 417/2037/413 2232/2040/1678 4643/2039/2919
f 4643/2039/2919 2232/2040/1678 418/2041/414 2233/2042/1679
f 2208/1989/1654 4643/2039/2919 2233/2042/1679 406/1990/404
f 406/1990/404 2233/2042/1679 4644/2043/2920 2210/1993/1656
f 2233/2042/1679 418/2041/414 2234/289/1680 4644/2043/2920
f 4644/2043/2920 2234/289/1680 407/1996/44 2211/1994/1657
f 2210/1993/1656 4644/2043/2920 2211/1994/1657 395/1943/393
f 407/1996/44 2235/2044/1681 4645/2045/2921 2212/1997/1658
f 2235/2044/1681 419/2046/415 2236/2047/1682 4645/2045/2921
f 4645/2045/2921 2236/2047/1682 420/2048/416 2237/2049/1683
f 2212/1997/1658 4645/2045/2921 2237/2049/1683 408/1998/405
f 408/1998/405 2237/2049/1683 4646/2050/2922 2214/2001/1660
f 2237/2049/1683 420/2048/416 2238/2051/1684 4646/2050/2922
f 4646/2050/2922 2238/2051/1684 421/2052/417 2239/2053/1685
f 2214/2001/1660 4646/2050/2922 2239/2053/1685 409/2002/406
f 409/2002/406 2239/2053/1685 4647/2054/2923 2216/2005/1662
f 2239/2053/1685 421/2052/417 2240/2055/1686 4647/2054/2923
f 4647/2054/2923 2240/2055/1686 422/2056/418 2241/2057/1687
f 2216/2005/1662 4647/2054/2923 2241/2057/1687 410/2006/407
f 410/2006/407 2241/2057/1687 4648/2058/2924 2218/2009/1664
f 2241/2057/1687 422/2056/418 2242/2059/1688 4648/2058/2924
f 4648/2058/2924 2242/2059/1688 423/2060/419 2243/2061/1689
f 2218/2009/1664 4648/2058/2924 2243/2061/1689 411/2010/408
f 411/2010/408 2243/2061/1689 4649/2062/2925 2220/2013/1666
f 2243/2061/1689 423/2060/419 2244/2063/1690 4649/2062/2925
f 4649/2062/2925 2244/2063/1690 424/2064/420 2245/2065/1691
f 2220/2013/1666 4649/2062/2925 2245/2065/1691 412/2014/409
f 412/2014/409 2245/2066/1691 4650/2067/2926 2222/2017/1668
f 2245/2066/1691 424/2068/420 2246/2069/1692 4650/2067/2926
f 4650/2067/2926 2246/2069/1692 425/2070/421 2247/2071/1693
f 2222/2017/1668 4650/2067/2926 2247/2071/1693 413/2018/151
f 413/2022/151 2247/2072/1693 4651/2073/2927 2224/2023/1670
f 2247/2072/1693 425/2074/421 2248/2075/1694 4651/2073/2927
f 4651/2073/2927 2248/2075/1694 426/2076/422 2249/2077/1695
f 2224/2023/1670 4651/2073/2927 2249/2077/1695 414/2024/410
f 414/2027/410 2249/2078/1695 4652/2079/2928 2226/2028/1672
f 2249/2078/1695 426/2080/422 2250/2081/1696 4652/2079/2928
f 4652/2079/2928 2250/2081/1696 427/2082/423 2251/2083/1697
f 2226/2028/1672 4652/2079/2928 2251/2083/1697 415/2029/411
f 415/2029/411 2251/2083/1697 4653/2084/2929 2228/2032/1674
f 2251/2083/1697 427/2082/423 2252/2085/1698 4653/2084/2929
f 4653/2084/2929 2252/2085/1698 428/2086/424 2253/2087/1699
f 2228/2032/1674 4653/2084/2929 2253/2087/1699 416/2033/412
f 416/2033/412 2253/2087/1699 4654/2088/2930 2230/2036/1676
f 2253/2087/1699 428/2086/424 2254/2089/1700 4654/2088/2930
f 4654/2088/2930 2254/2089/1700 429/2090/425 2255/2091/1701
f 2230/2036/1676 4654/2088/2930 2255/2091/1701 417/2037/413
f 417/2037/413 2255/2091/1701 4655/2092/2931 2232/2040/1678
f 2255/2091/1701 429/2090/425 2256/2093/1702 4655/2092/2931
f 4655/2092/2931 2256/2093/1702 430/2094/426 2257/2095/1703
f 2232/2040/1678 4655/2092/2931 2257/2095/1703 418/2041/414
f 418/2041/414 2257/2095/1703 4656/2096/2932 2234/289/1680
f 2257/2095/1703 430/2094/426 2258/2097/1704 4656/2096/2932
f 4656/2096/2932 2258/2097/1704 419/2046/415 2235/2044/1681
f 2234/289/1680 4656/2096/2932 2235/2044/1681 407/1996/44
f 419/2046/415 2259/2098/1705 4657/2099/2933 2236/2047/1682
f 2259/2098/1705 431/2100/427 2260/2101/1706 4657/2099/2933
f 4657/2099/2933 2260/2101/1706 432/2102/428 2261/2103/1707
f 2236/2047/1682 4657/2099/2933 2261/2103/1707 420/2048/416
f 420/2048/416 2261/2103/1707 4658/2104/2934 2238/2051/1684
f 2261/2103/1707 432/2102/428 2262/2105/1708 4658/2104/2934
f 4658/2104/2934 2262/2105/1708 433/2106/429 2263/2107/1709
f 2238/2051/1684 4658/2104/2934 2263/2107/1709 421/2052/417
f 421/2052/417 2263/2107/1709 4659/2108/2935 2240/2055/1686
f 2263/2107/1709 433/2106/429 2264/2109/1710 4659/2108/2935
f 4659/2108/2935 2264/2109/1710 434/2110/430 2265/2111/1711
f 2240/2055/1686 4659/2108/2935 2265/2111/1711 422/2056/418
f 422/2056/418 2265/2111/1711 4660/2112/2936 2242/2059/1688
f 2265/2111/1711 434/2110/430 2266/2113/1712 4660/2112/2936
f 4660/2112/2936 2266/2113/1712 435/2114/431 2267/2115/1713
f 2242/2059/1688 4660/2112/2936 2267/2115/1713 423/2060/419
f 423/2060/419 2267/2115/1713 4661/2116/2937 2244/2063/1690
f 2267/2115/1713 435/2114/431 2268/2117/1714 4661/2116/2937
f 4661/2116/2937 2268/2117/1714 436/2118/432 2269/2119/1715
f 2244/2063/1690 4661/2116/2937 2269/2119/1715 424/2064/420
f 424/2068/420 2269/2120/1715 4662/2121/2938 2246/2069/1692
f 2269/2120/1715 436/2118/432 2270/2122/1716 4662/2121/2938
f 4662/2121/2938 2270/2122/1716 437/2123/433 2271/2124/1717
f 2246/2069/1692 4662/2121/2938 2271/2124/1717 425/2070/421
f 425/2074/421 2271/2125/1717 4663/2126/2939 2248/2075/1694
f 2271/2125/1717 437/2127/433 2272/2128/1718 4663/2126/2939
f 4663/2126/2939 2272/2128/1718 438/2129/434 2273/2130/1719
f 2248/2075/1694 4663/2126/2939 2273/2130/1719 426/2076/422
f 426/2080/422 2273/2131/1719 4664/2132/2940 2250/2081/1696
f 2273/2131/1719 438/2133/434 2274/2134/1720 4664/2132/2940
f 4664/2132/2940 2274/2134/1720 439/2135/435 2275/2136/1721
f 2250/2081/1696 4664/2132/2940 2275/2136/1721 427/2082/423
f 427/2082/423 2275/2136/1721 4665/2137/2941 2252/2085/1698
f 2275/2136/1721 439/2135/435 2276/2138/1722 4665/2137/2941
f 4665/2137/2941 2276/2138/1722 440/2139/436 2277/2140/1723
f 2252/2085/1698 4665/2137/2941 2277/2140/1723 428/2086/424
f 428/2086/424 2277/2140/1723 4666/2141/2942 2254/2089/1700
f 2277/2140/1723 440/2139/436 2278/2142/1724 4666/2141/2942
f 4666/2141/2942 2278/2142/1724 441/2143/437 2279/2144/1725
f 2254/2089/1700 4666/2141/2942 2279/2144/1725 429/2090/425
f 429/2090/425 2279/2144/1725 4667/2145/2943 2256/2093/1702
f 2279/2144/1725 441/2143/437 2280/2146/1726 4667/2145/2943
f 4667/2145/2943 2280/2146/1726 442/2147/438 2281/2148/1727
f 2256/2093/1702 4667/2145/2943 2281/2148/1727 430/2094/426
f 430/2094/426 2281/2148/1727 4668/2149/2944 2258/2097/1704
f 2281/2148/1727 442/2147/438 2282/2150/1728 4668/2149/2944
f 4668/2149/2944 2282/2150/1728 431/2100/427 2259/2098/1705
f 2258/2097/1704 4668/2149/2944 2259/2098/1705 419/2046/415
f 431/2100/427 2283/2151/1729 4669/2152/2945 2260/2101/1706
f 2283/2151/1729 443/2153/439 2284/2154/1730 4669/2152/2945
f 4669/2152/2945 2284/2154/1730 444/2155/440 2285/2156/1731
f 2260/2101/1706 4669/2152/2945 2285/2156/1731 432/2102/428
f 432/2102/428 2285/2156/1731 4670/2157/2946 2262/2105/1708
f 2285/2156/1731 444/2155/440 2286/2158/1732 4670/2157/2946
f 4670/2157/2946 2286/2158/1732 445/2159/441 2287/2160/1733
f 2262/2105/1708 4670/2157/2946 2287/2160/1733 433/2106/429
f 433/2106/429 2287/2160/1733 4671/2161/2947 2264/2109/1710
f 2287/2160/1733 445/2159/441 2288/2162/1734 4671/2161/2947
f 4671/2161/2947 2288/2162/1734 446/2163/442 2289/2164/1735
f 2264/2109/1710 4671/2161/2947 2289/2164/1735 434/2110/430
f 434/2110/430 2289/2164/1735 4672/2165/2948 2266/2113/1712
f 2289/2164/1735 446/2163/442 2290/2166/1736 4672/2165/2948
f 4672/2165/2948 2290/2166/1736 447/2167/443 2291/2168/1737
f 2266/2113/1712 4672/2165/2948 2291/2168/1737 435/2114/431
f 435/2114/431 2291/2168/1737 4673/2169/2949 2268/2117/1714
f 2291/2168/1737 447/2167/443 2292/2170/1738 4673/2169/2949
f 4673/2169/2949 2292/2170/1738 448/2171/444 2293/2172/1739
f 2268/2117/1714 4673/2169/2949 2293/2172/1739 436/2118/432
f 436/2118/432 2293/2172/1739 4674/2173/2950 2270/2122/1716
f 2293/2172/1739 448/2174/444 2294/2175/1740 4674/2173/2950
f 4674/2173/2950 2294/2175/1740 449/2176/445 2295/2177/1741
f 2270/2122/1716 4674/2173/2950 2295/2177/1741 437/2123/433
f 437/2127/433 2295/2178/1741 4675/2179/2951 2272/2128/1718
f 2295/2178/1741 449/2180/445 2296/2181/1742 4675/2179/2951
f 4675/2179/2951 2296/2181/1742 450/2182/446 2297/2183/1743
f 2272/2128/1718 4675/2179/2951 2297/2183/1743 438/2129/434
f 438/2133/434 2297/2183/1743 4676/2184/2952 2274/2134/1720
f 2297/2183/1743 450/2185/446 2298/2186/1744 4676/2184/2952
f 4676/2184/2952 2298/2186/1744 451/2187/447 2299/2188/1745
f 2274/2134/1720 4676/2184/2952 2299/2188/1745 439/2135/435
f 439/2135/435 2299/2188/1745 4677/2189/2953 2276/2138/1722
f 2299/2188/1745 451/2187/447 2300/2190/1746 4677/2189/2953
f 4677/2189/2953 2300/2190/1746 452/2191/448 2301/2192/1747
f 2276/2138/1722 4677/2189/2953 2301/2192/1747 440/2139/436
f 440/2139/436 2301/2192/1747 4678/2193/2954 2278/2142/1724
f 2301/2192/1747 452/2191/448 2302/2194/1748 4678/2193/2954
f 4678/2193/2954 2302/2194/1748 453/2195/449 2303/2196/1749
f 2278/2142/1724 4678/2193/2954 2303/2196/1749 441/2143/437
f 441/2143/437 2303/2196/1749 4679/2197/2955 2280/2146/1726
f 2303/2196/1749 453/2195/449 2304/2198/1750 4679/2197/2955
f 4679/2197/2955 2304/2198/1750 454/2199/450 2305/2200/1751
f 2280/2146/1726 4679/2197/2955 2305/2200/1751 442/2147/438
f 442/2147/438 2305/2200/1751 4680/2201/2956 2282/2150/1728
f 2305/2200/1751 454/2199/450 2306/2202/1752 4680/2201/2956
f 4680/2201/2956 2306/2202/1752 443/2153/439 2283/2151/1729
f 2282/2150/1728 4680/2201/2956 2283/2151/1729 431/2100/427
f 443/2153/439 2307/2203/1753 4681/2204/2957 2284/2154/1730
f 2307/2203/1753 455/2205/451 2308/2206/1754 4681/2204/2957
f 4681/2204/2957 2308/2206/1754 456/2207/452 2309/2208/1755
f 2284/2154/1730 4681/2204/2957 2309/2208/1755 444/2155/440
f 444/2155/440 2309/2208/1755 4682/2209/2958 2286/2158/1732
f 2309/2208/1755 456/2207/452 2310/2210/1756 4682/2209/2958
f 4682/2209/2958 2310/2210/1756 457/2211/453 2311/2212/1757
f 2286/2158/1732 4682/2209/2958 2311/2212/1757 445/2159/441
f 445/2159/441 2311/2212/1757 4683/2213/2959 2288/2162/1734
f 2311/2212/1757 457/2211/453 2312/2214/1758 4683/2213/2959
f 4683/2213/2959 2312/2214/1758 458/2215/454 2313/2216/1759
f 2288/2162/1734 4683/2213/2959 2313/2216/1759 446/2163/442
f 446/2163/442 2313/2216/1759 4684/2217/2960 2290/2166/1736
f 2313/2216/1759 458/2215/454 2314/2218/1760 4684/2217/2960
f 4684/2217/2960 2314/2218/1760 459/2219/455 2315/2220/1761
f 2290/2166/1736 4684/2217/2960 2315/2220/1761 447/2167/443
f 447/2167/443 2315/2220/1761 4685/2221/2961 2292/2170/1738
f 2315/2220/1761 459/2219/455 2316/2222/1762 4685/2221/2961
f 4685/2221/2961 2316/2222/1762 460/2223/456 2317/2224/1763
f 2292/2170/1738 4685/2221/2961 2317/2224/1763 448/2171/444
f 448/2174/444 2317/2225/1763 4686/2226/2962 2294/2175/1740
f 2317/2225/1763 460/2227/456 2318/2228/1764 4686/2226/2962
f 4686/2226/2962 2318/2228/1764 461/2229/457 2319/2230/1765
f 2294/2175/1740 4686/2226/2962 2319/2230/1765 449/2176/445
f 449/2180/445 2319/2231/1765 4687/2232/2963 2296/2181/1742
f 2319/2231/1765 461/2233/457 2320/2234/1766 4687/2232/2963
f 4687/2232/2963 2320/2234/1766 462/2235/458 2321/2236/1767
f 2296/2181/1742 4687/2232/2963 2321/2236/1767 450/2182/446
f 450/2185/446 2321/2237/1767 4688/2238/2964 2298/2186/1744
f 2321/2237/1767 462/2239/458 2322/2240/1768 4688/2238/2964
f 4688/2238/2964 2322/2240/1768 463/2241/459 2323/2242/1769
f 2298/2186/1744 4688/2238/2964 2323/2242/1769 451/2187/447
f 451/2187/447 2323/2242/1769 4689/2243/2965 2300/2190/1746
f 2323/2242/1769 463/2241/459 2324/2244/1770 4689/2243/2965
f 4689/2243/2965 2324/2244/1770 464/2245/460 2325/2246/1771
f 2300/2190/1746 4689/2243/2965 2325/2246/1771 452/2191/448
f 452/2191/448 2325/2246/1771 4690/2247/2966 2302/2194/1748
f 2325/2246/1771 464/2245/460 2326/2248/1772 4690/2247/2966
f 4690/2247/2966 2326/2248/1772 465/2249/461 2327/2250/1773
f 2302/2194/1748 4690/2247/2966 2327/2250/1773 453/2195/449
f 453/2195/449 2327/2250/1773 4691/2251/2967 2304/2198/1750
f 2327/2250/1773 465/2249/461 2328/2252/1774 4691/2251/2967
f 4691/2251/2967 2328/2252/1774 466/2253/462 2329/2254/1775
f 2304/2198/1750 4691/2251/2967 2329/2254/1775 454/2199/450
f 454/2199/450 2329/2254/1775 4692/2255/2968 2306/2202/1752
f 2329/2254/1775 466/2253/462 2330/2256/1776 4692/2255/2968
f 4692/2255/2968 2330/2256/1776 455/2205/451 2307/2203/1753
f 2306/2202/1752 4692/2255/2968 2307/2203/1753 443/2153/439
f 455/2205/451 2331/2257/1777 4693/2258/2969 2308/2206/1754
f 2331/2257/1777 467/2259/463 2332/2260/1778 4693/2258/2969
f 4693/2258/2969 2332/2260/1778 468/2261/464 2333/2262/1779
f 2308/2206/1754 4693/2258/2969 2333/2262/1779 456/2207/452
f 456/2207/452 2333/2262/1779 4694/2263/2970 2310/2210/1756
f 2333/2262/1779 468/2261/464 2334/2264/1780 4694/2263/2970
f 4694/2263/2970 2334/2264/1780 469/2265/465 2335/2266/1781
f 2310/2210/1756 4694/2263/2970 2335/2266/1781 457/2211/453
f 457/2211/453 2335/2266/1781 4695/2267/2971 2312/2214/1758
f 2335/2266/1781 469/2265/465 2336/2268/1782 4695/2267/2971
f 4695/2267/2971 2336/2268/1782 470/2269/466 2337/2270/1783
f 2312/2214/1758 4695/2267/2971 2337/2270/1783 458/2215/454
f 458/2215/454 2337/2270/1783 4696/2271/2972 2314/2218/1760
f 2337/2270/1783 470/2269/466 2338/2272/1784 4696/2271/2972
f 4696/2271/2972 2338/2272/1784 471/2273/467 2339/2274/1785
f 2314/2218/1760 4696/2271/2972 2339/2274/1785 459/2219/455
f 459/2219/455 2339/2274/1785 4697/2275/2973 2316/2222/1762
f 2339/2274/1785 471/2273/467 2340/2276/1786 4697/2275/2973
f 4697/2275/2973 2340/2276/1786 472/2277/468 2341/2278/1787
f 2316/2222/1762 4697/2275/2973 2341/2278/1787 460/2223/456
f 460/2227/456 2341/2278/1787 4698/2279/2974 2318/2228/1764
f 2341/2278/1787 472/2280/468 2342/2281/1788 4698/2279/2974
f 4698/2279/2974 2342/2281/1788 473/2282/469 2343/2283/1789
f 2318/2228/1764 4698/2279/2974 2343/2283/1789 461/2229/457
f 461/2233/457 2343/2284/1789 4699/2285/2975 2320/2234/1766
f 2343/2284/1789 473/2286/469 2344/2287/1790 4699/2285/2975
f 4699/2285/2975 2344/2287/1790 474/2288/470 2345/2289/1791
f 2320/2234/1766 4699/2285/2975 2345/2289/1791 462/2235/458
f 462/2239/458 2345/2289/1791 4700/2290/2976 2322/2240/1768
f 2345/2289/1791 474/2291/470 2346/2292/1792 4700/2290/2976
f 4700/2290/2976 2346/2292/1792 475/2293/471 2347/2294/1793
f 2322/2240/1768 4700/2290/2976 2347/2294/1793 463/2241/459
f 463/2241/459 2347/2294/1793 4701/2295/2977 2324/2244/1770
f 2347/2294/1793 475/2293/471 2348/2296/1794 4701/2295/2977
f 4701/2295/2977 2348/2296/1794 476/2297/472 2349/2298/1795
f 2324/2244/1770 4701/2295/2977 2349/2298/1795 464/2245/460
f 464/2245/460 2349/2298/1795 4702/2299/2978 2326/2248/1772
f 2349/2298/1795 476/2297/472 2350/2300/1796 4702/2299/2978
f 4702/2299/2978 2350/2300/1796 477/2301/473 2351/2302/1797
f 2326/2248/1772 4702/2299/2978 2351/2302/1797 465/2249/461
f 465/2249/461 2351/2302/1797 4703/2303/2979 2328/2252/1774
f 2351/2302/1797 477/2301/473 2352/2304/1798 4703/2303/2979
f 4703/2303/2979 2352/2304/1798 478/2305/474 2353/2306/1799
f 2328/2252/1774 4703/2303/2979 2353/2306/1799 466/2253/462
f 466/2253/462 2353/2306/1799 4704/2307/2980 2330/2256/1776
f 2353/2306/1799 478/2305/474 2354/2308/1800 4704/2307/2980
f 4704/2307/2980 2354/2308/1800 467/2259/463 2331/2257/1777
f 2330/2256/1776 4704/2307/2980 2331/2257/1777 455/2205/451
f 467/2259/463 2355/2309/1801 4705/2310/2981 2332/2260/1778
f 2355/2309/1801 479/2311/475 2356/2312/1802 4705/2310/2981
f 4705/2310/2981 2356/2312/1802 480/2313/476 2357/2314/1803
f 2332/2260/1778 4705/2310/2981 2357/2314/1803 468/2261/464
f 468/2261/464 2357/2314/1803 4706/2315/2982 2334/2264/1780
f 2357/2314/1803 480/2313/476 2358/2316/1804 4706/2315/2982
f 4706/2315/2982 2358/2316/1804 481/2317/477 2359/2318/1805
f 2334/2264/1780 4706/2315/2982 2359/2318/1805 469/2265/465
f 469/2265/465 2359/2318/1805 4707/2319/2983 2336/2268/1782
f 2359/2318/1805 481/2317/477 2360/2320/1806 4707/2319/2983
f 4707/2319/2983 2360/2320/1806 482/2321/478 2361/2322/1807
f 2336/2268/1782 4707/2319/2983 2361/2322/1807 470/2269/466
f 470/2269/466 2361/2322/1807 4708/2323/2984 2338/2272/1784
f 2361/2322/1807 482/2321/478 2362/2324/1808 4708/2323/2984
f 4708/2323/2984 2362/2324/1808 483/2325/479 2363/2326/1809
f 2338/2272/1784 4708/2323/2984 2363/2326/1809 471/2273/467
f 471/2273/467 2363/2326/1809 4709/2327/2985 2340/2276/1786
f 2363/2326/1809 483/2325/479 2364/2328/1810 4709/2327/2985
f 4709/2327/2985 2364/2328/1810 484/2329/480 2365/2330/1811
f 2340/2276/1786 4709/2327/2985 2365/2330/1811 472/2277/468
f 472/2280/468 2365/2331/1811 4710/2332/2986 2342/2281/1788
f 2365/2331/1811 484/2333/480 2366/2334/1812 4710/2332/2986
f 4710/2332/2986 2366/2334/1812 485/2335/481 2367/2336/1813
f 2342/2281/1788 4710/2332/2986 2367/2336/1813 473/2282/469
f 473/2286/469 2367/2337/1813 4711/2338/2987 2344/2287/1790
f 2367/2337/1813 485/2339/481 2368/2340/1814 4711/2338/2987
f 4711/2338/2987 2368/2340/1814 486/2341/482 2369/2342/1815
f 2344/2287/1790 4711/2338/2987 2369/2342/1815 474/2288/470
f 474/2291/470 2369/2343/1815 4712/2344/2988 2346/2292/1792
f 2369/2343/1815 486/2345/482 2370/2346/1816 4712/2344/2988
f 4712/2344/2988 2370/2346/1816 487/2347/483 2371/2348/1817
f 2346/2292/1792 4712/2344/2988 2371/2348/1817 475/2293/471
f 475/2293/471 2371/2348/1817 4713/2349/2989 2348/2296/1794
f 2371/2348/1817 487/2347/483 2372/2350/1818 4713/2349/2989
f 4713/2349/2989 2372/2350/1818 488/2351/484 2373/2352/1819
f 2348/2296/1794 4713/2349/2989 2373/2352/1819 476/2297/472
f 476/2297/472 2373/2352/1819 4714/2353/2990 2350/2300/1796
f 2373/2352/1819 488/2351/484 2374/2354/1820 4714/2353/2990
f 4714/2353/2990 2374/2354/1820 489/2355/485 2375/2356/1821
f 2350/2300/1796 4714/2353/2990 2375/2356/1821 477/2301/473
f 477/2301/473 2375/2356/1821 4715/2357/2991 2352/2304/1798
f 2375/2356/1821 489/2355/485 2376/2358/1822 4715/2357/2991
f 4715/2357/2991 2376/2358/1822 490/2359/486 2377/2360/1823
f 2352/2304/1798 4715/2357/2991 2377/2360/1823 478/2305/474
f 478/2305/474 2377/2360/1823 4716/2361/2992 2354/2308/1800
f 2377/2360/1823 490/2359/486 2378/2362/1824 4716/2361/2992
f 4716/2361/2992 2378/2362/1824 479/2311/475 2355/2309/1801
f 2354/2308/1800 4716/2361/2992 2355/2309/1801 467/2259/463
f 479/2311/475 2379/2363/1825 4717/2364/2993 2356/2312/1802
f 2379/2363/1825 491/2365/487 2380/2366/1826 4717/2364/2993
f 4717/2364/2993 2380/2366/1826 492/2367/488 2381/2368/1827
f 2356/2312/1802 4717/2364/2993 2381/2368/1827 480/2313/476
f 480/2313/476 2381/2368/1827 4718/2369/2994 2358/2316/1804
f 2381/2368/1827 492/2367/488 2382/2370/1828 4718/2369/2994
f 4718/2369/2994 2382/2370/1828 493/2371/489 2383/2372/1829
f 2358/2316/1804 4718/2369/2994 2383/2372/1829 481/2317/477
f 481/2317/477 2383/2372/1829 4719/2373/2995 2360/2320/1806
f 2383/2372/1829 493/2371/489 2384/2374/1830 4719/2373/2995
f 4719/2373/2995 2384/2374/1830 494/2375/490 2385/2376/1831
f 2360/2320/1806 4719/2373/2995 2385/2376/1831 482/2321/478
f 482/2321/478 2385/2376/1831 4720/2377/2996 2362/2324/1808
f 2385/2376/1831 494/2375/490 2386/2378/1832 4720/2377/2996
f 4720/2377/2996 2386/2378/1832 495/2379/491 2387/2380/1833
f 2362/2324/1808 4720/2377/2996 2387/2380/1833 483/2325/479
f 483/2325/479 2387/2380/1833 4721/2381/2997 2364/2328/1810
f 2387/2380/1833 495/2379/491 2388/2382/1834 4721/2381/2997
f 4721/2381/2997 2388/2382/1834 496/2383/492 2389/2384/1835
f 2364/2328/1810 4721/2381/2997 2389/2384/1835 484/2329/480
f 484/2333/480 2389/2384/1835 4722/2385/2998 2366/2334/1812
f 2389/2384/1835 496/2383/492 2390/2386/1836 4722/2385/2998
f 4722/2385/2998 2390/2386/1836 497/2387/493 2391/2388/1837
f 2366/2334/1812 4722/2385/2998 2391/2388/1837 485/2335/481
f 485/2339/481 2391/2389/1837 4723/2390/2999 2368/2340/1814
f 2391/2389/1837 497/2391/493 2392/2392/1838 4723/2390/2999
f 4723/2390/2999 2392/2392/1838 498/2393/494 2393/2394/1839
f 2368/2340/1814 4723/2390/2999 2393/2394/1839 486/2341/482
f 486/2345/482 2393/2394/1839 4724/2395/3000 2370/2346/1816
f 2393/2394/1839 498/2396/494 2394/2397/1840 4724/2395/3000
f 4724/2395/3000 2394/2397/1840 499/2398/495 2395/2399/1841
f 2370/2346/1816 4724/2395/3000 2395/2399/1841 487/2347/483
f 487/2347/483 2395/2399/1841 4725/2400/3001 2372/2350/1818
f 2395/2399/1841 499/2398/495 2396/2401/1842 4725/2400/3001
f 4725/2400/3001 2396/2401/1842 500/2402/496 2397/2403/1843
f 2372/2350/1818 4725/2400/3001 2397/2403/1843 488/2351/484
f 488/2351/484 2397/2403/1843 4726/2404/3002 2374/2354/1820
f 2397/2403/1843 500/2402/496 2398/2405/1844 4726/2404/3002
f 4726/2404/3002 2398/2405/1844 501/2406/497 2399/2407/1845
f 2374/2354/1820 4726/2404/3002 2399/2407/1845 489/2355/485
f 489/2355/485 2399/2407/1845 4727/2408/3003 2376/2358/1822
f 2399/2407/1845 501/2406/497 2400/2409/1846 4727/2408/3003
f 4727/2408/3003 2400/2409/1846 502/2410/498 2401/2411/1847
f 2376/2358/1822 4727/2408/3003 2401/2411/1847 490/2359/486
f 490/2359/486 2401/2411/1847 4728/2412/3004 2378/2362/1824
f 2401/2411/1847 502/2410/498 2402/2413/1848 4728/2412/3004
f 4728/2412/3004 2402/2413/1848 491/2365/487 2379/2363/1825
f 2378/2362/1824 4728/2412/3004 2379/2363/1825 479/2311/475
f 491/2365/487 2403/2414/1849 4729/2415/3005 2380/2366/1826
f 2403/2414/1849 503/2416/499 2404/2417/1850 4729/2415/3005
f 4729/2415/3005 2404/2417/1850 504/2418/500 2405/2419/1851
f 2380/2366/1826 4729/2415/3005 2405/2419/1851 492/2367/488
f 492/2367/488 2405/2419/1851 4730/2420/3006 2382/2370/1828
f 2405/2419/1851 504/2418/500 2406/2421/1852 4730/2420/3006
f 4730/2420/3006 2406/2421/1852 505/2422/501 2407/2423/1853
f 2382/2370/1828 4730/2420/3006 2407/2423/1853 493/2371/489
f 493/2371/489 2407/2423/1853 4731/2424/3007 2384/2374/1830
f 2407/2423/1853 505/2422/501 2408/2425/1854 4731/2424/3007
f 4731/2424/3007 2408/2425/1854 506/2426/502 2409/2427/1855
f 2384/2374/1830 4731/2424/3007 2409/2427/1855 494/2375/490
f 494/2375/490 2409/2427/1855 4732/2428/3008 2386/2378/1832
f 2409/2427/1855 506/2426/502 2410/2429/1856 4732/2428/3008
f 4732/2428/3008 2410/2429/1856 507/2430/503 2411/2431/1857
f 2386/2378/1832 4732/2428/3008 2411/2431/1857 495/2379/491
f 495/2379/491 2411/2431/1857 4733/2432/3009 2388/2382/1834
f 2411/2431/1857 507/2430/503 2412/2433/1858 4733/2432/3009
f 4733/2432/3009 2412/2433/1858 508/2434/504 2413/2435/1859
f 2388/2382/1834 4733/2432/3009 2413/2435/1859 496/2383/492
f 496/2383/492 2413/2436/1859 4734/2437/3010 2390/2386/1836
f 2413/2436/1859 508/2438/504 2414/2439/1860 4734/2437/3010
f 4734/2437/3010 2414/2439/1860 509/2440/505 2415/2441/1861
f 2390/2386/1836 4734/2437/3010 2415/2441/1861 497/2387/493
f 497/2391/493 2415/2442/1861 4735/2443/3011 2392/2392/1838
f 2415/2442/1861 509/2444/505 2416/2445/1862 4735/2443/3011
f 4735/2443/3011 2416/2445/1862 510/2446/506 2417/2447/1863
f 2392/2392/1838 4735/2443/3011 2417/2447/1863 498/2393/494
f 498/2396/494 2417/2448/1863 4736/2449/3012 2394/2397/1840
f 2417/2448/1863 510/2450/506 2418/2451/1864 4736/2449/3012
f 4736/2449/3012 2418/2451/1864 511/2452/507 2419/2453/1865
f 2394/2397/1840 4736/2449/3012 2419/2453/1865 499/2398/495
f 499/2398/495 2419/2453/1865 4737/2454/3013 2396/2401/1842
f 2419/2453/1865 511/2452/507 2420/2455/1866 4737/2454/3013
f 4737/2454/3013 2420/2455/1866 512/2456/508 2421/2457/1867
f 2396/2401/1842 4737/2454/3013 2421/2457/1867 500/2402/496
f 500/2402/496 2421/2457/1867 4738/2458/3014 2398/2405/1844
f 2421/2457/1867 512/2456/508 2422/2459/1868 4738/2458/3014
f 4738/2458/3014 2422/2459/1868 513/2460/509 2423/2461/1869
f 2398/2405/1844 4738/2458/3014 2423/2461/1869 501/2406/497
f 501/2406/497 2423/2461/1869 4739/2462/3015 2400/2409/1846
f 2423/2461/1869 513/2460/509 2424/2463/1870 4739/2462/3015
f 4739/2462/3015 2424/2463/1870 514/2464/510 2425/2465/1871
f 2400/2409/1846 4739/2462/3015 2425/2465/1871 502/2410/498
f 502/2410/498 2425/2465/1871 4740/2466/3016 2402/2413/1848
f 2425/2465/1871 514/2464/510 2426/2467/1872 4740/2466/3016
f 4740/2466/3016 2426/2467/1872 503/2416/499 2403/2414/1849
f 2402/2413/1848 4740/2466/3016 2403/2414/1849 491/2365/487
f 503/2416/499 2427/2468/1873 4741/2469/3017 2404/2417/1850
f 2427/2468/1873 515/2470/511 2428/2471/1874 4741/2469/3017
f 4741/2469/3017 2428/2471/1874 516/2472/512 2429/2473/1875
f 2404/2417/1850 4741/2469/3017 2429/2473/1875 504/2418/500
f 504/2418/500 2429/2473/1875 4742/2474/3018 2406/2421/1852
f 2429/2473/1875 516/2472/512 2430/2475/1876 4742/2474/3018
f 4742/2474/3018 2430/2475/1876 517/2476/513 2431/2477/1877
f 2406/2421/1852 4742/2474/3018 2431/2477/1877 505/2422/501
f 505/2422/501 2431/2477/1877 4743/2478/3019 2408/2425/1854
f 2431/2477/1877 517/2476/513 2432/2479/1878 4743/2478/3019
f 4743/2478/3019 2432/2479/1878 518/2480/514 2433/2481/1879
f 2408/2425/1854 4743/2478/3019 2433/2481/1879 506/2426/502
f 506/2426/502 2433/2481/1879 4744/2482/3020 2410/2429/1856
f 2433/2481/1879 518/2480/514 2434/2483/1880 4744/2482/3020
f 4744/2482/3020 2434/2483/1880 519/2484/515 2435/2485/1881
f 2410/2429/1856 4744/2482/3020 2435/2485/1881 507/2430/503
f 507/2430/503 2435/2485/1881 4745/2486/3021 2412/2433/1858
f 2435/2485/1881 519/2484/515 2436/2487/1882 4745/2486/3021
f 4745/2486/3021 2436/2487/1882 520/2488/516 2437/2489/1883
f 2412/2433/1858 4745/2486/3021 2437/2489/1883 508/2434/504
f 508/2438/504 2437/2490/1883 4746/2491/3022 2414/2439/1860
f 2437/2490/1883 520/2492/516 2438/2493/1884 4746/2491/3022
f 4746/2491/3022 2438/2493/1884 521/2494/517 2439/2495/1885
f 2414/2439/1860 4746/2491/3022 2439/2495/1885 509/2440/505
f 509/2444/505 2439/2496/1885 4747/2497/3023 2416/2445/1862
f 2439/2496/1885 521/2498/517 2440/2499/1886 4747/2497/3023
f 4747/2497/3023 2440/2499/1886 522/2500/518 2441/2501/1887
f 2416/2445/1862 4747/2497/3023 2441/2501/1887 510/2446/506
f 510/2450/506 2441/2502/1887 4748/2503/3024 2418/2451/1864
f 2441/2502/1887 522/2504/518 2442/2505/1888 4748/2503/3024
f 4748/2503/3024 2442/2505/1888 523/2506/519 2443/2507/1889
f 2418/2451/1864 4748/2503/3024 2443/2507/1889 511/2452/507
f 511/2452/507 2443/2507/1889 4749/2508/3025 2420/2455/1866
f 2443/2507/1889 523/2506/519 2444/2509/1890 4749/2508/3025
f 4749/2508/3025 2444/2509/1890 524/2510/520 2445/2511/1891
f 2420/2455/1866 4749/2508/3025 2445/2511/1891 512/2456/508
f 512/2456/508 2445/2511/1891 4750/2512/3026 2422/2459/1868
f 2445/2511/1891 524/2510/520 2446/2513/1892 4750/2512/3026
f 4750/2512/3026 2446/2513/1892 525/2514/521 2447/2515/1893
f 2422/2459/1868 4750/2512/3026 2447/2515/1893 513/2460/509
f 513/2460/509 2447/2515/1893 4751/2516/3027 2424/2463/1870
f 2447/2515/1893 525/2514/521 2448/2517/1894 4751/2516/3027
f 4751/2516/3027 2448/2517/1894 526/2518/522 2449/2519/1895
f 2424/2463/1870 4751/2516/3027 2449/2519/1895 514/2464/510
f 514/2464/510 2449/2519/1895 4752/2520/3028 2426/2467/1872
f 2449/2519/1895 526/2518/522 2450/2521/1896 4752/2520/3028
f 4752/2520/3028 2450/2521/1896 515/2470/511 2427/2468/1873
f 2426/2467/1872 4752/2520/3028 2427/2468/1873 503/2416/499
f 515/2470/511 2451/2522/1897 4753/2523/3029 2428/2471/1874
f 2451/2522/1897 527/2524/523 2452/2525/1898 4753/2523/3029
f 4753/2523/3029 2452/2525/1898 528/2526/524 2453/2527/1899
f 2428/2471/1874 4753/2523/3029 2453/2527/1899 516/2472/512
f 516/2472/512 2453/2527/1899 4754/2528/3030 2430/2475/1876
f 2453/2527/1899 528/2526/524 2454/2529/1900 4754/2528/3030
f 4754/2528/3030 2454/2529/1900 529/2530/525 2455/2531/1901
f 2430/2475/1876 4754/2528/3030 2455/2531/1901 517/2476/513
f 517/2476/513 2455/2531/1901 4755/2532/3031 2432/2479/1878
f 2455/2531/1901 529/2530/525 2456/2533/1902 4755/2532/3031
f 4755/2532/3031 2456/2533/1902 530/2534/526 2457/2535/1903
f 2432/2479/1878 4755/2532/3031 2457/2535/1903 518/2480/514
f 518/2480/514 2457/2535/1903 4756/2536/3032 2434/2483/1880
f 2457/2535/1903 530/2534/526 2458/2537/1904 4756/2536/3032
f 4756/2536/3032 2458/2537/1904 531/2538/527 2459/2539/1905
f 2434/2483/1880 4756/2536/3032 2459/2539/1905 519/2484/515
f 519/2484/515 2459/2539/1905 4757/2540/3033 2436/2487/1882
f 2459/2539/1905 531/2538/527 2460/2541/1906 4757/2540/3033
f 4757/2540/3033 2460/2541/1906 532/2542/528 2461/2543/1907
f 2436/2487/1882 4757/2540/3033 2461/2543/1907 520/2488/516
f 520/2492/516 2461/2543/1907 4758/2544/3034 2438/2493/1884
f 2461/2543/1907 532/2542/528 2462/2545/1908 4758/2544/3034
f 4758/2544/3034 2462/2545/1908 533/2546/529 2463/2547/1909
f 2438/2493/1884 4758/2544/3034 2463/2547/1909 521/2494/517
f 521/2498/517 2463/2548/1909 4759/2549/3035 2440/2499/1886
f 2463/2548/1909 533/2550/529 2464/2551/1910 4759/2549/3035
f 4759/2549/3035 2464/2551/1910 534/2552/530 2465/2553/1911
f 2440/2499/1886 4759/2549/3035 2465/2553/1911 522/2500/518
f 522/2504/518 2465/2553/1911 4760/2554/3036 2442/2505/1888
f 2465/2553/1911 534/2555/530 2466/2556/1912 4760/2554/3036
f 4760/2554/3036 2466/2556/1912 535/2557/531 2467/2558/1913
f 2442/2505/1888 4760/2554/3036 2467/2558/1913 523/2506/519
f 523/2506/519 2467/2558/1913 4761/2559/3037 2444/2509/1890
f 2467/2558/1913 535/2557/531 2468/2560/1914 4761/2559/3037
f 4761/2559/3037 2468/2560/1914 536/2561/532 2469/2562/1915
f 2444/2509/1890 4761/2559/3037 2469/2562/1915 524/2510/520
f 524/2510/520 2469/2562/1915 4762/2563/3038 2446/2513/1892
f 2469/2562/1915 536/2561/532 2470/2564/1916 4762/2563/3038
f 4762/2563/3038 2470/2564/1916 537/2565/533 2471/2566/1917
f 2446/2513/1892 4762/2563/3038 2471/2566/1917 525/2514/521
f 525/2514/521 2471/2566/1917 4763/2567/3039 2448/2517/1894
f 2471/2566/1917 537/2565/533 2472/2568/1918 4763/2567/3039
f 4763/2567/3039 2472/2568/1918 538/2569/534 2473/2570/1919
f 2448/2517/1894 4763/2567/3039 2473/2570/1919 526/2518/522
f 526/2518/522 2473/2570/1919 4764/2571/3040 2450/2521/1896
f 2473/2570/1919 538/2569/534 2474/2572/1920 4764/2571/3040
f 4764/2571/3040 2474/2572/1920 527/2524/523 2451/2522/1897
f 2450/2521/1896 4764/2571/3040 2451/2522/1897 515/2470/511
f 527/2524/523 2475/2573/1921 4765/2574/3041 2452/2525/1898
f 2475/2573/1921 539/2575/535 2476/2576/1922 4765/2574/3041
f 4765/2574/3041 2476/2576/1922 540/2577/536 2477/2578/1923
f 2452/2525/1898 4765/2574/3041 2477/2578/1923 528/2526/524
f 528/2526/524 2477/2578/1923 4766/2579/3042 2454/2529/1900
f 2477/2578/1923 540/2577/536 2478/2580/1924 4766/2579/3042
f 4766/2579/3042 2478/2580/1924 541/2581/537 2479/2582/1925
f 2454/2529/1900 4766/2579/3042 2479/2582/1925 529/2530/525
f 529/2530/525 2479/2582/1925 4767/2583/3043 2456/2533/1902
f 2479/2582/1925 541/2581/537 2480/2584/1926 4767/2583/3043
f 4767/2583/3043 2480/2584/1926 542/2585/538 2481/2586/1927
f 2456/2533/1902 4767/2583/3043 2481/2586/1927 530/2534/526
f 530/2534/526 2481/2586/1927 4768/2587/3044 2458/2537/1904
f 2481/2586/1927 542/2585/538 2482/2588/1928 4768/2587/3044
f 4768/2587/3044 2482/2588/1928 543/2589/539 2483/2590/1929
f 2458/2537/1904 4768/2587/3044 2483/2590/1929 531/2538/527
f 531/2538/527 2483/2590/1929 4769/2591/3045 2460/2541/1906
f 2483/2590/1929 543/2589/539 2484/2592/1930 4769/2591/3045
f 4769/2591/3045 2484/2592/1930 544/2593/540 2485/2594/1931
f 2460/2541/1906 4769/2591/3045 2485/2594/1931 532/2542/528
f 532/2542/528 2485/2594/1931 4770/2595/3046 2462/2545/1908
f 2485/2594/1931 544/2596/540 2486/2597/1932 4770/2595/3046
f 4770/2595/3046 2486/2597/1932 545/2598/541 2487/2599/1933
f 2462/2545/1908 4770/2595/3046 2487/2599/1933 533/2546/529
f 533/2550/529 2487/2600/1933 4771/2601/3047 2464/2551/1910
f 2487/2600/1933 545/2602/541 2488/2603/1934 4771/2601/3047
f 4771/2601/3047 2488/2603/1934 546/2604/542 2489/2605/1935
f 2464/2551/1910 4771/2601/3047 2489/2605/1935 534/2552/530
f 534/2555/530 2489/2605/1935 4772/2606/3048 2466/2556/1912
f 2489/2605/1935 546/2607/542 2490/2608/1936 4772/2606/3048
f 4772/2606/3048 2490/2608/1936 547/2609/543 2491/2610/1937
f 2466/2556/1912 4772/2606/3048 2491/2610/1937 535/2557/531
f 535/2557/531 2491/2610/1937 4773/2611/3049 2468/2560/1914
f 2491/2610/1937 547/2609/543 2492/2612/1938 4773/2611/3049
f 4773/2611/3049 2492/2612/1938 548/2613/544 2493/2614/1939
f 2468/2560/1914 4773/2611/3049 2493/2614/1939 536/2561/532
f 536/2561/532 2493/2614/1939 4774/2615/3050 2470/2564/1916
f 2493/2614/1939 548/2613/544 2494/2616/1940 4774/2615/3050
f 4774/2615/3050 2494/2616/1940 549/2617/545 2495/2618/1941
f 2470/2564/1916 4774/2615/3050 2495/2618/1941 537/2565/533
f 537/2565/533 2495/2618/1941 4775/2619/3051 2472/2568/1918
f 2495/2618/1941 549/2617/545 2496/2620/1942 4775/2619/3051
f 4775/2619/3051 2496/2620/1942 550/2621/546 2497/2622/1943
f 2472/2568/1918 4775/2619/3051 2497/2622/1943 538/2569/534
f 538/2569/534 2497/2622/1943 4776/2623/3052 2474/2572/1920
f 2497/2622/1943 550/2621/546 2498/2624/1944 4776/2623/3052
f 4776/2623/3052 2498/2624/1944 539/2575/535 2475/2573/1921
f 2474/2572/1920 4776/2623/3052 2475/2573/1921 527/2524/523
f 539/2625/535 2499/2626/1945 4777/2627/3053 2476/2628/1922
f 2499/2626/1945 551/1111/206 2500/1170/1946 4777/2627/3053
f 4777/2627/3053 2500/1170/1946 552/1147/547 2501/2629/1947
f 2476/2628/1922 4777/2627/3053 2501/2629/1947 540/2630/536
f 540/2630/536 2501/2629/1947 4778/2631/3054 2478/2632/1924
f 2501/2629/1947 552/1147/547 2502/1148/1948 4778/2631/3054
f 4778/2631/3054 2502/1148/1948 553/2633/548 2503/2634/1949
f 2478/2632/1924 4778/2631/3054 2503/2634/1949 541/2635/537
f 541/2635/537 2503/2634/1949 4779/2636/3055 2480/2584/1926
f 2503/2634/1949 553/2633/548 2504/2637/1950 4779/2636/3055
f 4779/2636/3055 2504/2637/1950 554/1119/549 2505/2638/1951
f 2480/2584/1926 4779/2636/3055 2505/2638/1951 542/2639/538
f 542/2639/538 2505/2638/1951 4780/2640/3056 2482/2588/1928
f 2505/2638/1951 554/1119/549 2506/1173/1952 4780/2640/3056
f 4780/2640/3056 2506/1173/1952 555/1158/550 2507/2641/1953
f 2482/2588/1928 4780/2640/3056 2507/2641/1953 543/2642/539
f 543/2642/539 2507/2641/1953 4781/2643/3057 2484/2592/1930
f 2507/2641/1953 555/1158/550 2508/2644/1954 4781/2643/3057
f 4781/2643/3057 2508/2644/1954 556/2645/551 2509/2646/1955
f 2484/2592/1930 4781/2643/3057 2509/2646/1955 544/2596/540
f 544/2596/540 2509/2646/1955 4782/2647/3058 2486/2597/1932
f 2509/2646/1955 556/2645/551 2510/2648/1956 4782/2647/3058
f 4782/2647/3058 2510/2648/1956 557/5/96 2511/2649/1957
f 2486/2597/1932 4782/2647/3058 2511/2649/1957 545/2598/541
f 545/2602/541 2511/2650/1957 4783/2651/3059 2488/2603/1934
f 2511/2650/1957 557/2652/96 2512/2653/1958 4783/2651/3059
f 4783/2651/3059 2512/2653/1958 558/2654/552 2513/2655/1959
f 2488/2603/1934 4783/2651/3059 2513/2655/1959 546/2604/542
f 546/2604/542 2513/2655/1959 4784/2656/3060 2490/2608/1936
f 2513/2655/1959 558/2654/552 2514/2657/1960 4784/2656/3060
f 4784/2656/3060 2514/2657/1960 559/2658/553 2515/2659/1961
f 2490/2608/1936 4784/2656/3060 2515/2659/1961 547/2660/543
f 547/2660/543 2515/2659/1961 4785/2661/3061 2492/2662/1938
f 2515/2659/1961 559/2658/553 2516/2663/1962 4785/2661/3061
f 4785/2661/3061 2516/2663/1962 560/1164/554 2517/2664/1963
f 2492/2662/1938 4785/2661/3061 2517/2664/1963 548/2665/544
f 548/2665/544 2517/2664/1963 4786/2666/3062 2494/2667/1940
f 2517/2664/1963 560/1164/554 2518/2668/1964 4786/2666/3062
f 4786/2666/3062 2518/2668/1964 561/2669/555 2519/2670/1965
f 2494/2667/1940 4786/2666/3062 2519/2670/1965 549/2671/545
f 549/2671/545 2519/2670/1965 4787/2672/3063 2496/2673/1942
f 2519/2670/1965 561/2669/555 2520/2674/1966 4787/2672/3063
f 4787/2672/3063 2520/2674/1966 562/2675/556 2521/2676/1967
f 2496/2673/1942 4787/2672/3063 2521/2676/1967 550/2677/546
f 550/2677/546 2521/2676/1967 4788/2678/3064 2498/2624/1944
f 2521/2676/1967 562/2675/556 2522/2679/1968 4788/2678/3064
f 4788/2678/3064 2522/2679/1968 551/1111/206 2499/2626/1945
f 2498/2624/1944 4788/2678/3064 2499/2626/1945 539/2625/535
f 551/2680/206 2523/2681/1399 4789/2682/3065 2500/2683/1946
f 2523/2681/1399 563/2684/279 2524/2685/1969 4789/2682/3065
f 4789/2682/3065 2524/2685/1969 564/2686/557 2525/2687/1970
f 2500/2683/1946 4789/2682/3065 2525/2687/1970 552/2688/547
f 552/2688/547 2525/2687/1970 4790/2689/3066 2502/2690/1948
f 2525/2687/1970 564/2686/557 2526/2691/1971 4790/2689/3066
f 4790/2689/3066 2526/2691/1971 565/2692/558 2527/2693/1972
f 2502/2690/1948 4790/2689/3066 2527/2693/1972 553/2694/548
f 553/2694/548 2527/2693/1972 4791/2695/3067 2504/2696/1950
f 2527/2693/1972 565/2692/558 2528/2697/1973 4791/2695/3067
f 4791/2695/3067 2528/2697/1973 566/2698/559 2529/2699/1974
f 2504/2696/1950 4791/2695/3067 2529/2699/1974 554/2700/549
f 554/2700/549 2529/2699/1974 4792/2701/3068 2506/2702/1952
f 2529/2699/1974 566/2698/559 2530/2703/1975 4792/2701/3068
f 4792/2701/3068 2530/2703/1975 567/2704/560 2531/2705/1976
f 2506/2702/1952 4792/2701/3068 2531/2705/1976 555/2706/550
f 555/2706/550 2531/2705/1976 4793/2707/3069 2508/2708/1954
f 2531/2705/1976 567/2704/560 2532/2709/1977 4793/2707/3069
f 4793/2707/3069 2532/2709/1977 568/2710/561 2533/2711/1978
f 2508/2708/1954 4793/2707/3069 2533/2711/1978 556/2712/551
f 556/2712/551 2533/2711/1978 4794/2713/3070 2510/2714/1956
f 2533/2711/1978 568/2710/561 2534/2715/1979 4794/2713/3070
f 4794/2713/3070 2534/2715/1979 569/2716/273 2535/2717/1382
f 2510/2714/1956 4794/2713/3070 2535/2717/1382 557/2718/96
f 557/2719/96 2535/2720/1382 4795/2721/3071 2512/2722/1958
f 2535/2720/1382 569/2723/273 2536/2724/1980 4795/2721/3071
f 4795/2721/3071 2536/2724/1980 570/2725/562 2537/2726/1981
f 2512/2722/1958 4795/2721/3071 2537/2726/1981 558/2727/552
f 558/2727/552 2537/2726/1981 4796/2728/3072 2514/2729/1960
f 2537/2726/1981 570/2725/562 2538/2730/1982 4796/2728/3072
f 4796/2728/3072 2538/2730/1982 571/2731/563 2539/2732/1983
f 2514/2729/1960 4796/2728/3072 2539/2732/1983 559/2733/553
f 559/2733/553 2539/2732/1983 4797/2734/3073 2516/2735/1962
f 2539/2732/1983 571/2731/563 2540/2736/1984 4797/2734/3073
f 4797/2734/3073 2540/2736/1984 572/2737/564 2541/2738/1985
f 2516/2735/1962 4797/2734/3073 2541/2738/1985 560/2739/554
f 560/2739/554 2541/2738/1985 4798/2740/3074 2518/2741/1964
f 2541/2738/1985 572/2737/564 2542/2742/1986 4798/2740/3074
f 4798/2740/3074 2542/2742/1986 573/2743/565 2543/2744/1987
f 2518/2741/1964 4798/2740/3074 2543/2744/1987 561/2745/555
f 561/2745/555 2543/2744/1987 4799/2746/3075 2520/2747/1966
f 2543/2744/1987 573/2743/565 2544/2748/1988 4799/2746/3075
f 4799/2746/3075 2544/2748/1988 574/2749/566 2545/2750/1989
f 2520/2747/1966 4799/2746/3075 2545/2750/1989 562/2751/556
f 562/2751/556 2545/2750/1989 4800/2752/3076 2522/2753/1968
f 2545/2750/1989 574/2749/566 2546/2754/1990 4800/2752/3076
f 4800/2752/3076 2546/2754/1990 563/2684/279 2523/2681/1399
f 2522/2753/1968 4800/2752/3076 2523/2681/1399 551/2680/206
f 563/2684/279 2547/2755/1429 4801/2756/3077 2524/2757/1969
f 2547/2755/1429 575/2758/291 2548/2759/1991 4801/2756/3077
f 4801/2756/3077 2548/2759/1991 576/2760/567 2549/2761/1992
f 2524/2757/1969 4801/2756/3077 2549/2761/1992 564/2762/557
f 564/2762/557 2549/2761/1992 4802/2763/3078 2526/2764/1971
f 2549/2761/1992 576/2760/567 2550/2765/1993 4802/2763/3078
f 4802/2763/3078 2550/2765/1993 577/2766/568 2551/2767/1994
f 2526/2764/1971 4802/2763/3078 2551/2767/1994 565/2692/558
f 565/2692/558 2551/2767/1994 4803/2768/3079 2528/2697/1973
f 2551/2767/1994 577/2766/568 2552/2769/1995 4803/2768/3079
f 4803/2768/3079 2552/2769/1995 578/2770/569 2553/2771/1996
f 2528/2697/1973 4803/2768/3079 2553/2771/1996 566/2772/559
f 566/2772/559 2553/2771/1996 4804/2773/3080 2530/2703/1975
f 2553/2771/1996 578/2770/569 2554/2774/1997 4804/2773/3080
f 4804/2773/3080 2554/2774/1997 579/2775/570 2555/2776/1998
f 2530/2703/1975 4804/2773/3080 2555/2776/1998 567/2704/560
f 567/2704/560 2555/2776/1998 4805/2777/3081 2532/2709/1977
f 2555/2776/1998 579/2775/570 2556/2778/1999 4805/2777/3081
f 4805/2777/3081 2556/2778/1999 580/2779/571 2557/2780/2000
f 2532/2709/1977 4805/2777/3081 2557/2780/2000 568/2710/561
f 568/2710/561 2557/2780/2000 4806/2781/3082 2534/2715/1979
f 2557/2780/2000 580/2779/571 2558/2782/2001 4806/2781/3082
f 4806/2781/3082 2558/2782/2001 581/2783/285 2559/2784/1417
f 2534/2715/1979 4806/2781/3082 2559/2784/1417 569/2716/273
f 569/2723/273 2559/2785/1417 4807/2786/3083 2536/2724/1980
f 2559/2785/1417 581/2787/285 2560/2788/2002 4807/2786/3083
f 4807/2786/3083 2560/2788/2002 582/2789/572 2561/2790/2003
f 2536/2724/1980 4807/2786/3083 2561/2790/2003 570/2725/562
f 570/2791/562 2561/2790/2003 4808/2792/3084 2538/2730/1982
f 2561/2790/2003 582/2793/572 2562/2794/2004 4808/2792/3084
f 4808/2792/3084 2562/2794/2004 583/2795/573 2563/2796/2005
f 2538/2730/1982 4808/2792/3084 2563/2796/2005 571/2731/563
f 571/2731/563 2563/2796/2005 4809/2797/3085 2540/2798/1984
f 2563/2796/2005 583/2795/573 2564/2799/2006 4809/2797/3085
f 4809/2797/3085 2564/2799/2006 584/2800/574 2565/2801/2007
f 2540/2798/1984 4809/2797/3085 2565/2801/2007 572/2737/564
f 572/2737/564 2565/2801/2007 4810/2802/3086 2542/2803/1986
f 2565/2801/2007 584/2800/574 2566/2804/2008 4810/2802/3086
f 4810/2802/3086 2566/2804/2008 585/2805/575 2567/2806/2009
f 2542/2803/1986 4810/2802/3086 2567/2806/2009 573/2807/565
f 573/2807/565 2567/2806/2009 4811/2808/3087 2544/2809/1988
f 2567/2806/2009 585/2805/575 2568/2810/2010 4811/2808/3087
f 4811/2808/3087 2568/2810/2010 586/2811/576 2569/2812/2011
f 2544/2809/1988 4811/2808/3087 2569/2812/2011 574/2813/566
f 574/2813/566 2569/2812/2011 4812/2814/3088 2546/2754/1990
f 2569/2812/2011 586/2811/576 2570/2815/2012 4812/2814/3088
f 4812/2814/3088 2570/2815/2012 575/2758/291 2547/2755/1429
f 2546/2754/1990 4812/2814/3088 2547/2755/1429 563/2684/279
f 575/2758/291 2571/2816/1453 4813/2817/3089 2548/2759/1991
f 2571/2816/1453 587/2818/303 2572/2819/2013 4813/2817/3089
f 4813/2817/3089 2572/2819/2013 588/2820/577 2573/2821/2014
f 2548/2759/1991 4813/2817/3089 2573/2821/2014 576/2760/567
f 576/2760/567 2573/2821/2014 4814/2822/3090 2550/2765/1993
f 2573/2821/2014 588/2820/577 2574/2823/2015 4814/2822/3090
f 4814/2822/3090 2574/2823/2015 589/2824/578 2575/2825/2016
f 2550/2765/1993 4814/2822/3090 2575/2825/2016 577/2766/568
f 577/2766/568 2575/2825/2016 4815/2826/3091 2552/2769/1995
f 2575/2825/2016 589/2824/578 2576/2827/2017 4815/2826/3091
f 4815/2826/3091 2576/2827/2017 590/2828/579 2577/2829/2018
f 2552/2769/1995 4815/2826/3091 2577/2829/2018 578/2770/569
f 578/2770/569 2577/2829/2018 4816/2830/3092 2554/2774/1997
f 2577/2829/2018 590/2828/579 2578/2831/2019 4816/2830/3092
f 4816/2830/3092 2578/2831/2019 591/2832/580 2579/2833/2020
f 2554/2774/1997 4816/2830/3092 2579/2833/2020 579/2775/570
f 579/2775/570 2579/2833/2020 4817/2834/3093 2556/2778/1999
f 2579/2833/2020 591/2832/580 2580/2835/2021 4817/2834/3093
f 4817/2834/3093 2580/2835/2021 592/2836/581 2581/2837/2022
f 2556/2778/1999 4817/2834/3093 2581/2837/2022 580/2779/571
f 580/2779/571 2581/2838/2022 4818/2839/3094 2558/2782/2001
f 2581/2838/2022 592/2836/581 2582/2840/2023 4818/2839/3094
f 4818/2839/3094 2582/2840/2023 593/2841/297 2583/2842/1441
f 2558/2782/2001 4818/2839/3094 2583/2842/1441 581/2783/285
f 581/2787/285 2583/2843/1441 4819/2844/3095 2560/2788/2002
f 2583/2843/1441 593/2845/297 2584/2846/2024 4819/2844/3095
f 4819/2844/3095 2584/2846/2024 594/2847/582 2585/2848/2025
f 2560/2788/2002 4819/2844/3095 2585/2848/2025 582/2789/572
f 582/2793/572 2585/2849/2025 4820/2850/3096 2562/2794/2004
f 2585/2849/2025 594/2851/582 2586/2852/2026 4820/2850/3096
f 4820/2850/3096 2586/2852/2026 595/2853/583 2587/2854/2027
f 2562/2794/2004 4820/2850/3096 2587/2854/2027 583/2795/573
f 583/2795/573 2587/2854/2027 4821/2855/3097 2564/2799/2006
f 2587/2854/2027 595/2853/583 2588/2856/2028 4821/2855/3097
f 4821/2855/3097 2588/2856/2028 596/2857/584 2589/2858/2029
f 2564/2799/2006 4821/2855/3097 2589/2858/2029 584/2800/574
f 584/2800/574 2589/2858/2029 4822/2859/3098 2566/2804/2008
f 2589/2858/2029 596/2857/584 2590/2860/2030 4822/2859/3098
f 4822/2859/3098 2590/2860/2030 597/2861/585 2591/2862/2031
f 2566/2804/2008 4822/2859/3098 2591/2862/2031 585/2805/575
f 585/2805/575 2591/2862/2031 4823/2863/3099 2568/2810/2010
f 2591/2862/2031 597/2861/585 2592/2864/2032 4823/2863/3099
f 4823/2863/3099 2592/2864/2032 598/2865/586 2593/2866/2033
f 2568/2810/2010 4823/2863/3099 2593/2866/2033 586/2811/576
f 586/2811/576 2593/2866/2033 4824/2867/3100 2570/2815/2012
f 2593/2866/2033 598/2865/586 2594/2868/2034 4824/2867/3100
f 4824/2867/3100 2594/2868/2034 587/2818/303 2571/2816/1453
f 2570/2815/2012 4824/2867/3100 2571/2816/1453 575/2758/291
f 587/2818/303 2595/2869/1477 4825/2870/3101 2572/2819/2013
f 2595/2869/1477 599/2871/315 2596/2872/2035 4825/2870/3101
f 4825/2870/3101 2596/2872/2035 600/2873/587 2597/2874/2036
f 2572/2819/2013 4825/2870/3101 2597/2874/2036 588/2820/577
f 588/2820/577 2597/2874/2036 4826/2875/3102 2574/2823/2015
f 2597/2874/2036 600/2873/587 2598/2876/2037 4826/2875/3102
f 4826/2875/3102 2598/2876/2037 601/2877/588 2599/2878/2038
f 2574/2823/2015 4826/2875/3102 2599/2878/2038 589/2824/578
f 589/2824/578 2599/2878/2038 4827/2879/3103 2576/2827/2017
f 2599/2878/2038 601/2877/588 2600/2880/2039 4827/2879/3103
f 4827/2879/3103 2600/2880/2039 602/2881/589 2601/2882/2040
f 2576/2827/2017 4827/2879/3103 2601/2882/2040 590/2828/579
f 590/2828/579 2601/2882/2040 4828/2883/3104 2578/2831/2019
f 2601/2882/2040 602/2881/589 2602/2884/2041 4828/2883/3104
f 4828/2883/3104 2602/2884/2041 603/2885/590 2603/2886/2042
f 2578/2831/2019 4828/2883/3104 2603/2886/2042 591/2832/580
f 591/2832/580 2603/2886/2042 4829/2887/3105 2580/2835/2021
f 2603/2886/2042 603/2885/590 2604/2888/2043 4829/2887/3105
f 4829/2887/3105 2604/2888/2043 604/2889/591 2605/2890/2044
f 2580/2835/2021 4829/2887/3105 2605/2890/2044 592/2836/581
f 592/2836/581 2605/2891/2044 4830/2892/3106 2582/2840/2023
f 2605/2891/2044 604/2893/591 2606/2894/2045 4830/2892/3106
f 4830/2892/3106 2606/2894/2045 605/2895/309 2607/2896/1465
f 2582/2840/2023 4830/2892/3106 2607/2896/1465 593/2841/297
f 593/2845/297 2607/2897/1465 4831/2898/3107 2584/2846/2024
f 2607/2897/1465 605/2899/309 2608/2900/2046 4831/2898/3107
f 4831/2898/3107 2608/2900/2046 606/2901/592 2609/2902/2047
f 2584/2846/2024 4831/2898/3107 2609/2902/2047 594/2847/582
f 594/2851/582 2609/2903/2047 4832/2904/3108 2586/2852/2026
f 2609/2903/2047 606/2905/592 2610/2906/2048 4832/2904/3108
f 4832/2904/3108 2610/2906/2048 607/2907/593 2611/2908/2049
f 2586/2852/2026 4832/2904/3108 2611/2908/2049 595/2853/583
f 595/2853/583 2611/2908/2049 4833/2909/3109 2588/2856/2028
f 2611/2908/2049 607/2907/593 2612/2910/2050 4833/2909/3109
f 4833/2909/3109 2612/2910/2050 608/2911/594 2613/2912/2051
f 2588/2856/2028 4833/2909/3109 2613/2912/2051 596/2857/584
f 596/2857/584 2613/2912/2051 4834/2913/3110 2590/2860/2030
f 2613/2912/2051 608/2911/594 2614/2914/2052 4834/2913/3110
f 4834/2913/3110 2614/2914/2052 609/2915/595 2615/2916/2053
f 2590/2860/2030 4834/2913/3110 2615/2916/2053 597/2861/585
f 597/2861/585 2615/2916/2053 4835/2917/3111 2592/2864/2032
f 2615/2916/2053 609/2915/595 2616/2918/2054 4835/2917/3111
f 4835/2917/3111 2616/2918/2054 610/2919/596 2617/2920/2055
f 2592/2864/2032 4835/2917/3111 2617/2920/2055 598/2865/586
f 598/2865/586 2617/2920/2055 4836/2921/3112 2594/2868/2034
f 2617/2920/2055 610/2919/596 2618/2922/2056 4836/2921/3112
f 4836/2921/3112 2618/2922/2056 599/2871/315 2595/2869/1477
f 2594/2868/2034 4836/2921/3112 2595/2869/1477 587/2818/303
f 599/2871/315 2619/2923/1501 4837/2924/3113 2596/2872/2035
f 2619/2923/1501 611/2925/327 2620/2926/2057 4837/2924/3113
f 4837/2924/3113 2620/2926/2057 612/2927/597 2621/2928/2058
f 2596/2872/2035 4837/2924/3113 2621/2928/2058 600/2873/587
f 600/2873/587 2621/2928/2058 4838/2929/3114 2598/2876/2037
f 2621/2928/2058 612/2927/597 2622/2930/2059 4838/2929/3114
f 4838/2929/3114 2622/2930/2059 613/2931/598 2623/2932/2060
f 2598/2876/2037 4838/2929/3114 2623/2932/2060 601/2877/588
f 601/2877/588 2623/2932/2060 4839/2933/3115 2600/2880/2039
f 2623/2932/2060 613/2931/598 2624/2934/2061 4839/2933/3115
f 4839/2933/3115 2624/2934/2061 614/2935/599 2625/2936/2062
f 2600/2880/2039 4839/2933/3115 2625/2936/2062 602/2881/589
f 602/2881/589 2625/2936/2062 4840/2937/3116 2602/2884/2041
f 2625/2936/2062 614/2935/599 2626/2938/2063 4840/2937/3116
f 4840/2937/3116 2626/2938/2063 615/2939/600 2627/2940/2064
f 2602/2884/2041 4840/2937/3116 2627/2940/2064 603/2885/590
f 603/2885/590 2627/2940/2064 4841/2941/3117 2604/2888/2043
f 2627/2940/2064 615/2939/600 2628/2942/2065 4841/2941/3117
f 4841/2941/3117 2628/2942/2065 616/2943/601 2629/2944/2066
f 2604/2888/2043 4841/2941/3117 2629/2944/2066 604/2889/591
f 604/2893/591 2629/2945/2066 4842/2946/3118 2606/2894/2045
f 2629/2945/2066 616/2947/601 2630/2948/2067 4842/2946/3118
f 4842/2946/3118 2630/2948/2067 617/2949/321 2631/2950/1489
f 2606/2894/2045 4842/2946/3118 2631/2950/1489 605/2895/309
f 605/2899/309 2631/2951/1489 4843/2952/3119 2608/2900/2046
f 2631/2951/1489 617/2953/321 2632/2954/2068 4843/2952/3119
f 4843/2952/3119 2632/2954/2068 618/2955/602 2633/2956/2069
f 2608/2900/2046 4843/2952/3119 2633/2956/2069 606/2901/592
f 606/2905/592 2633/2957/2069 4844/2958/3120 2610/2906/2048
f 2633/2957/2069 618/2959/602 2634/2960/2070 4844/2958/3120
f 4844/2958/3120 2634/2960/2070 619/2961/603 2635/2962/2071
f 2610/2906/2048 4844/2958/3120 2635/2962/2071 607/2907/593
f 607/2907/593 2635/2962/2071 4845/2963/3121 2612/2910/2050
f 2635/2962/2071 619/2961/603 2636/2964/2072 4845/2963/3121
f 4845/2963/3121 2636/2964/2072 620/2965/604 2637/2966/2073
f 2612/2910/2050 4845/2963/3121 2637/2966/2073 608/2911/594
f 608/2911/594 2637/2966/2073 4846/2967/3122 2614/2914/2052
f 2637/2966/2073 620/2965/604 2638/2968/2074 4846/2967/3122
f 4846/2967/3122 2638/2968/2074 621/2969/605 2639/2970/2075
f 2614/2914/2052 4846/2967/3122 2639/2970/2075 609/2915/595
f 609/2915/595 2639/2970/2075 4847/2971/3123 2616/2918/2054
f 2639/2970/2075 621/2969/605 2640/2972/2076 4847/2971/3123
f 4847/2971/3123 2640/2972/2076 622/2973/606 2641/2974/2077
f 2616/2918/2054 4847/2971/3123 2641/2974/2077 610/2919/596
f 610/2919/596 2641/2974/2077 4848/2975/3124 2618/2922/2056
f 2641/2974/2077 622/2973/606 2642/2976/2078 4848/2975/3124
f 4848/2975/3124 2642/2976/2078 611/2925/327 2619/2923/1501
f 2618/2922/2056 4848/2975/3124 2619/2923/1501 599/2871/315
f 611/2925/327 2643/2977/1525 4849/2978/3125 2620/2926/2057
f 2643/2977/1525 623/2979/339 2644/2980/2079 4849/2978/3125
f 4849/2978/3125 2644/2980/2079 624/960/607 2645/2981/2080
f 2620/2926/2057 4849/2978/3125 2645/2981/2080 612/2927/597
f 612/2927/597 2645/2981/2080 4850/2982/3126 2622/2930/2059
f 2645/2981/2080 624/960/607 2646/2983/2081 4850/2982/3126
f 4850/2982/3126 2646/2983/2081 625/2984/608 2647/2985/2082
f 2622/2930/2059 4850/2982/3126 2647/2985/2082 613/2931/598
f 613/2931/598 2647/2985/2082 4851/2986/3127 2624/2934/2061
f 2647/2985/2082 625/2984/608 2648/2987/2083 4851/2986/3127
f 4851/2986/3127 2648/2987/2083 626/2988/609 2649/2989/2084
f 2624/2934/2061 4851/2986/3127 2649/2989/2084 614/2935/599
f 614/2935/599 2649/2989/2084 4852/2990/3128 2626/2938/2063
f 2649/2989/2084 626/2988/609 2650/2991/2085 4852/2990/3128
f 4852/2990/3128 2650/2991/2085 627/980/610 2651/2992/2086
f 2626/2938/2063 4852/2990/3128 2651/2992/2086 615/2939/600
f 615/2939/600 2651/2992/2086 4853/2993/3129 2628/2942/2065
f 2651/2992/2086 627/980/610 2652/2994/2087 4853/2993/3129
f 4853/2993/3129 2652/2994/2087 628/2995/611 2653/2996/2088
f 2628/2942/2065 4853/2993/3129 2653/2996/2088 616/2943/601
f 616/2947/601 2653/2997/2088 4854/2998/3130 2630/2948/2067
f 2653/2997/2088 628/2999/611 2654/3000/2089 4854/2998/3130
f 4854/2998/3130 2654/3000/2089 629/3001/333 2655/3002/1513
f 2630/2948/2067 4854/2998/3130 2655/3002/1513 617/2949/321
f 617/2953/321 2655/3003/1513 4855/3004/3131 2632/2954/2068
f 2655/3003/1513 629/3005/333 2656/3006/2090 4855/3004/3131
f 4855/3004/3131 2656/3006/2090 630/3007/612 2657/3008/2091
f 2632/2954/2068 4855/3004/3131 2657/3008/2091 618/2955/602
f 618/2959/602 2657/3009/2091 4856/3010/3132 2634/2960/2070
f 2657/3009/2091 630/3011/612 2658/3012/2092 4856/3010/3132
f 4856/3010/3132 2658/3012/2092 631/3013/613 2659/3014/2093
f 2634/2960/2070 4856/3010/3132 2659/3014/2093 619/2961/603
f 619/2961/603 2659/3014/2093 4857/3015/3133 2636/2964/2072
f 2659/3014/2093 631/3013/613 2660/3016/2094 4857/3015/3133
f 4857/3015/3133 2660/3016/2094 632/3017/614 2661/3018/2095
f 2636/2964/2072 4857/3015/3133 2661/3018/2095 620/2965/604
f 620/2965/604 2661/3018/2095 4858/3019/3134 2638/2968/2074
f 2661/3018/2095 632/3017/614 2662/3020/2096 4858/3019/3134
f 4858/3019/3134 2662/3020/2096 633/3021/615 2663/3022/2097
f 2638/2968/2074 4858/3019/3134 2663/3022/2097 621/2969/605
f 621/2969/605 2663/3022/2097 4859/3023/3135 2640/2972/2076
f 2663/3022/2097 633/3021/615 2664/3024/2098 4859/3023/3135
f 4859/3023/3135 2664/3024/2098 634/3025/616 2665/3026/2099
f 2640/2972/2076 4859/3023/3135 2665/3026/2099 622/2973/606
f 622/2973/606 2665/3026/2099 4860/3027/3136 2642/2976/2078
f 2665/3026/2099 634/3025/616 2666/3028/2100 4860/3027/3136
f 4860/3027/3136 2666/3028/2100 623/2979/339 2643/2977/1525
f 2642/2976/2078 4860/3027/3136 2643/2977/1525 611/2925/327
f 623/2979/339 2667/3029/1549 4861/3030/3137 2644/2980/2079
f 2667/3029/1549 635/3031/351 2668/3032/2101 4861/3030/3137
f 4861/3030/3137 2668/3032/2101 636/3033/617 2669/3034/2102
f 2644/2980/2079 4861/3030/3137 2669/3034/2102 624/960/607
f 624/960/607 2669/3034/2102 4862/3035/3138 2646/2983/2081
f 2669/3034/2102 636/3033/617 2670/3036/2103 4862/3035/3138
f 4862/3035/3138 2670/3036/2103 637/3037/618 2671/3038/2104
f 2646/2983/2081 4862/3035/3138 2671/3038/2104 625/2984/608
f 625/2984/608 2671/3038/2104 4863/3039/3139 2648/2987/2083
f 2671/3038/2104 637/3037/618 2672/3040/2105 4863/3039/3139
f 4863/3039/3139 2672/3040/2105 638/3041/619 2673/3042/2106
f 2648/2987/2083 4863/3039/3139 2673/3042/2106 626/2988/609
f 626/2988/609 2673/3042/2106 4864/3043/3140 2650/2991/2085
f 2673/3042/2106 638/3041/619 2674/3044/2107 4864/3043/3140
f 4864/3043/3140 2674/3044/2107 639/3045/620 2675/3046/2108
f 2650/2991/2085 4864/3043/3140 2675/3046/2108 627/980/610
f 627/980/610 2675/3046/2108 4865/3047/3141 2652/2994/2087
f 2675/3046/2108 639/3045/620 2676/3048/2109 4865/3047/3141
f 4865/3047/3141 2676/3048/2109 640/3049/621 2677/3050/2110
f 2652/2994/2087 4865/3047/3141 2677/3050/2110 628/2995/611
f 628/2999/611 2677/3050/2110 4866/3051/3142 2654/3000/2089
f 2677/3050/2110 640/3052/621 2678/3053/2111 4866/3051/3142
f 4866/3051/3142 2678/3053/2111 641/3054/345 2679/3055/1537
f 2654/3000/2089 4866/3051/3142 2679/3055/1537 629/3001/333
f 629/3005/333 2679/3056/1537 4867/3057/3143 2656/3006/2090
f 2679/3056/1537 641/3058/345 2680/3059/2112 4867/3057/3143
f 4867/3057/3143 2680/3059/2112 642/3060/622 2681/3061/2113
f 2656/3006/2090 4867/3057/3143 2681/3061/2113 630/3007/612
f 630/3011/612 2681/3061/2113 4868/3062/3144 2658/3012/2092
f 2681/3061/2113 642/3063/622 2682/3064/2114 4868/3062/3144
f 4868/3062/3144 2682/3064/2114 643/3065/623 2683/3066/2115
f 2658/3012/2092 4868/3062/3144 2683/3066/2115 631/3013/613
f 631/3013/613 2683/3066/2115 4869/3067/3145 2660/3016/2094
f 2683/3066/2115 643/3065/623 2684/3068/2116 4869/3067/3145
f 4869/3067/3145 2684/3068/2116 644/3069/624 2685/3070/2117
f 2660/3016/2094 4869/3067/3145 2685/3070/2117 632/3017/614
f 632/3017/614 2685/3070/2117 4870/3071/3146 2662/3020/2096
f 2685/3070/2117 644/3069/624 2686/3072/2118 4870/3071/3146
f 4870/3071/3146 2686/3072/2118 645/3073/625 2687/3074/2119
f 2662/3020/2096 4870/3071/3146 2687/3074/2119 633/3021/615
f 633/3021/615 2687/3074/2119 4871/3075/3147 2664/3024/2098
f 2687/3074/2119 645/3073/625 2688/3076/2120 4871/3075/3147
f 4871/3075/3147 2688/3076/2120 646/3077/626 2689/3078/2121
f 2664/3024/2098 4871/3075/3147 2689/3078/2121 634/3025/616
f 634/3025/616 2689/3078/2121 4872/3079/3148 2666/3028/2100
f 2689/3078/2121 646/3077/626 2690/3080/2122 4872/3079/3148
f 4872/3079/3148 2690/3080/2122 635/3031/351 2667/3029/1549
f 2666/3028/2100 4872/3079/3148 2667/3029/1549 623/2979/339
f 635/3031/351 2691/3081/1573 4873/3082/3149 2668/3032/2101
f 2691/3081/1573 647/3083/363 2692/3084/2123 4873/3082/3149
f 4873/3082/3149 2692/3084/2123 648/3085/627 2693/3086/2124
f 2668/3032/2101 4873/3082/3149 2693/3086/2124 636/3033/617
f 636/3033/617 2693/3086/2124 4874/3087/3150 2670/3036/2103
f 2693/3086/2124 648/3085/627 2694/3088/2125 4874/3087/3150
f 4874/3087/3150 2694/3088/2125 649/3089/628 2695/3090/2126
f 2670/3036/2103 4874/3087/3150 2695/3090/2126 637/3037/618
f 637/3037/618 2695/3090/2126 4875/3091/3151 2672/3040/2105
f 2695/3090/2126 649/3089/628 2696/3092/2127 4875/3091/3151
f 4875/3091/3151 2696/3092/2127 650/3093/629 2697/3094/2128
f 2672/3040/2105 4875/3091/3151 2697/3094/2128 638/3041/619
f 638/3041/619 2697/3094/2128 4876/3095/3152 2674/3044/2107
f 2697/3094/2128 650/3093/629 2698/3096/2129 4876/3095/3152
f 4876/3095/3152 2698/3096/2129 651/3097/630 2699/3098/2130
f 2674/3044/2107 4876/3095/3152 2699/3098/2130 639/3045/620
f 639/3045/620 2699/3098/2130 4877/3099/3153 2676/3048/2109
f 2699/3098/2130 651/3097/630 2700/3100/2131 4877/3099/3153
f 4877/3099/3153 2700/3100/2131 652/3101/631 2701/3102/2132
f 2676/3048/2109 4877/3099/3153 2701/3102/2132 640/3049/621
f 640/3052/621 2701/3103/2132 4878/3104/3154 2678/3053/2111
f 2701/3103/2132 652/3101/631 2702/3105/2133 4878/3104/3154
f 4878/3104/3154 2702/3105/2133 653/3106/357 2703/3107/1561
f 2678/3053/2111 4878/3104/3154 2703/3107/1561 641/3054/345
f 641/3058/345 2703/3108/1561 4879/3109/3155 2680/3059/2112
f 2703/3108/1561 653/3110/357 2704/3111/2134 4879/3109/3155
f 4879/3109/3155 2704/3111/2134 654/3112/632 2705/3113/2135
f 2680/3059/2112 4879/3109/3155 2705/3113/2135 642/3060/622
f 642/3063/622 2705/3114/2135 4880/3115/3156 2682/3064/2114
f 2705/3114/2135 654/3116/632 2706/3117/2136 4880/3115/3156
f 4880/3115/3156 2706/3117/2136 655/3118/633 2707/3119/2137
f 2682/3064/2114 4880/3115/3156 2707/3119/2137 643/3065/623
f 643/3065/623 2707/3119/2137 4881/3120/3157 2684/3068/2116
f 2707/3119/2137 655/3118/633 2708/3121/2138 4881/3120/3157
f 4881/3120/3157 2708/3121/2138 656/3122/634 2709/3123/2139
f 2684/3068/2116 4881/3120/3157 2709/3123/2139 644/3069/624
f 644/3069/624 2709/3123/2139 4882/3124/3158 2686/3072/2118
f 2709/3123/2139 656/3122/634 2710/3125/2140 4882/3124/3158
f 4882/3124/3158 2710/3125/2140 657/3126/635 2711/3127/2141
f 2686/3072/2118 4882/3124/3158 2711/3127/2141 645/3073/625
f 645/3073/625 2711/3127/2141 4883/3128/3159 2688/3076/2120
f 2711/3127/2141 657/3126/635 2712/3129/2142 4883/3128/3159
f 4883/3128/3159 2712/3129/2142 658/3130/636 2713/3131/2143
f 2688/3076/2120 4883/3128/3159 2713/3131/2143 646/3077/626
f 646/3077/626 2713/3131/2143 4884/3132/3160 2690/3080/2122
f 2713/3131/2143 658/3130/636 2714/3133/2144 4884/3132/3160
f 4884/3132/3160 2714/3133/2144 647/3083/363 2691/3081/1573
f 2690/3080/2122 4884/3132/3160 2691/3081/1573 635/3031/351
f 647/3083/363 2715/3134/1597 4885/3135/3161 2692/3084/2123
f 2715/3134/1597 659/3136/375 2716/3137/2145 4885/3135/3161
f 4885/3135/3161 2716/3137/2145 660/3138/637 2717/3139/2146
f 2692/3084/2123 4885/3135/3161 2717/3139/2146 648/3085/627
f 648/3085/627 2717/3139/2146 4886/3140/3162 2694/3088/2125
f 2717/3139/2146 660/3138/637 2718/3141/2147 4886/3140/3162
f 4886/3140/3162 2718/3141/2147 661/3142/638 2719/3143/2148
f 2694/3088/2125 4886/3140/3162 2719/3143/2148 649/3089/628
f 649/3089/628 2719/3143/2148 4887/3144/3163 2696/3092/2127
f 2719/3143/2148 661/3142/638 2720/3145/2149 4887/3144/3163
f 4887/3144/3163 2720/3145/2149 662/3146/639 2721/3147/2150
f 2696/3092/2127 4887/3144/3163 2721/3147/2150 650/3093/629
f 650/3093/629 2721/3147/2150 4888/3148/3164 2698/3096/2129
f 2721/3147/2150 662/3146/639 2722/3149/2151 4888/3148/3164
f 4888/3148/3164 2722/3149/2151 663/3150/640 2723/3151/2152
f 2698/3096/2129 4888/3148/3164 2723/3151/2152 651/3097/630
f 651/3097/630 2723/3151/2152 4889/3152/3165 2700/3100/2131
f 2723/3151/2152 663/3150/640 2724/3153/2153 4889/3152/3165
f 4889/3152/3165 2724/3153/2153 664/3154/641 2725/3155/2154
f 2700/3100/2131 4889/3152/3165 2725/3155/2154 652/3101/631
f 652/3101/631 2725/3156/2154 4890/3157/3166 2702/3105/2133
f 2725/3156/2154 664/3158/641 2726/3159/2155 4890/3157/3166
f 4890/3157/3166 2726/3159/2155 665/3160/369 2727/3161/1585
f 2702/3105/2133 4890/3157/3166 2727/3161/1585 653/3106/357
f 653/3110/357 2727/3162/1585 4891/3163/3167 2704/3111/2134
f 2727/3162/1585 665/3164/369 2728/3165/2156 4891/3163/3167
f 4891/3163/3167 2728/3165/2156 666/3166/642 2729/3167/2157
f 2704/3111/2134 4891/3163/3167 2729/3167/2157 654/3112/632
f 654/3116/632 2729/3168/2157 4892/3169/3168 2706/3117/2136
f 2729/3168/2157 666/3170/642 2730/3171/2158 4892/3169/3168
f 4892/3169/3168 2730/3171/2158 667/3172/643 2731/3173/2159
f 2706/3117/2136 4892/3169/3168 2731/3173/2159 655/3118/633
f 655/3118/633 2731/3173/2159 4893/3174/3169 2708/3121/2138
f 2731/3173/2159 667/3172/643 2732/3175/2160 4893/3174/3169
f 4893/3174/3169 2732/3175/2160 668/3176/644 2733/3177/2161
f 2708/3121/2138 4893/3174/3169 2733/3177/2161 656/3122/634
f 656/3122/634 2733/3177/2161 4894/3178/3170 2710/3125/2140
f 2733/3177/2161 668/3176/644 2734/3179/2162 4894/3178/3170
f 4894/3178/3170 2734/3179/2162 669/3180/645 2735/3181/2163
f 2710/3125/2140 4894/3178/3170 2735/3181/2163 657/3126/635
f 657/3126/635 2735/3181/2163 4895/3182/3171 2712/3129/2142
f 2735/3181/2163 669/3180/645 2736/3183/2164 4895/3182/3171
f 4895/3182/3171 2736/3183/2164 670/3184/646 2737/3185/2165
f 2712/3129/2142 4895/3182/3171 2737/3185/2165 658/3130/636
f 658/3130/636 2737/3185/2165 4896/3186/3172 2714/3133/2144
f 2737/3185/2165 670/3184/646 2738/3187/2166 4896/3186/3172
f 4896/3186/3172 2738/3187/2166 659/3136/375 2715/3134/1597
f 2714/3133/2144 4896/3186/3172 2715/3134/1597 647/3083/363
f 659/3136/375 2739/3188/1621 4897/3189/3173 2716/3137/2145
f 2739/3188/1621 671/3190/387 2740/3191/2167 4897/3189/3173
f 4897/3189/3173 2740/3191/2167 672/3192/647 2741/3193/2168
f 2716/3137/2145 4897/3189/3173 2741/3193/2168 660/3138/637
f 660/3138/637 2741/3193/2168 4898/3194/3174 2718/3141/2147
f 2741/3193/2168 672/3192/647 2742/3195/2169 4898/3194/3174
f 4898/3194/3174 2742/3195/2169 673/3196/648 2743/3197/2170
f 2718/3141/2147 4898/3194/3174 2743/3197/2170 661/3142/638
f 661/3142/638 2743/3197/2170 4899/3198/3175 2720/3145/2149
f 2743/3197/2170 673/3196/648 2744/3199/2171 4899/3198/3175
f 4899/3198/3175 2744/3199/2171 674/3200/649 2745/3201/2172
f 2720/3145/2149 4899/3198/3175 2745/3201/2172 662/3146/639
f 662/3146/639 2745/3201/2172 4900/3202/3176 2722/3149/2151
f 2745/3201/2172 674/3200/649 2746/3203/2173 4900/3202/3176
f 4900/3202/3176 2746/3203/2173 675/3204/650 2747/3205/2174
f 2722/3149/2151 4900/3202/3176 2747/3205/2174 663/3150/640
f 663/3150/640 2747/3205/2174 4901/3206/3177 2724/3153/2153
f 2747/3205/2174 675/3204/650 2748/3207/2175 4901/3206/3177
f 4901/3206/3177 2748/3207/2175 676/3208/651 2749/3209/2176
f 2724/3153/2153 4901/3206/3177 2749/3209/2176 664/3154/641
f 664/3158/641 2749/3209/2176 4902/3210/3178 2726/3159/2155
f 2749/3209/2176 676/3208/651 2750/3211/2177 4902/3210/3178
f 4902/3210/3178 2750/3211/2177 677/3212/381 2751/3213/1609
f 2726/3159/2155 4902/3210/3178 2751/3213/1609 665/3160/369
f 665/3164/369 2751/3214/1609 4903/3215/3179 2728/3165/2156
f 2751/3214/1609 677/3216/381 2752/3217/2178 4903/3215/3179
f 4903/3215/3179 2752/3217/2178 678/3218/652 2753/3219/2179
f 2728/3165/2156 4903/3215/3179 2753/3219/2179 666/3166/642
f 666/3170/642 2753/3219/2179 4904/3220/3180 2730/3171/2158
f 2753/3219/2179 678/3221/652 2754/3222/2180 4904/3220/3180
f 4904/3220/3180 2754/3222/2180 679/3223/653 2755/3224/2181
f 2730/3171/2158 4904/3220/3180 2755/3224/2181 667/3172/643
f 667/3172/643 2755/3224/2181 4905/3225/3181 2732/3175/2160
f 2755/3224/2181 679/3223/653 2756/3226/2182 4905/3225/3181
f 4905/3225/3181 2756/3226/2182 680/3227/654 2757/3228/2183
f 2732/3175/2160 4905/3225/3181 2757/3228/2183 668/3176/644
f 668/3176/644 2757/3228/2183 4906/3229/3182 2734/3179/2162
f 2757/3228/2183 680/3227/654 2758/3230/2184 4906/3229/3182
f 4906/3229/3182 2758/3230/2184 681/3231/655 2759/3232/2185
f 2734/3179/2162 4906/3229/3182 2759/3232/2185 669/3180/645
f 669/3180/645 2759/3232/2185 4907/3233/3183 2736/3183/2164
f 2759/3232/2185 681/3231/655 2760/3234/2186 4907/3233/3183
f 4907/3233/3183 2760/3234/2186 682/3235/656 2761/3236/2187
f 2736/3183/2164 4907/3233/3183 2761/3236/2187 670/3184/646
f 670/3184/646 2761/3236/2187 4908/3237/3184 2738/3187/2166
f 2761/3236/2187 682/3235/656 2762/3238/2188 4908/3237/3184
f 4908/3237/3184 2762/3238/2188 671/3190/387 2739/3188/1621
f 2738/3187/2166 4908/3237/3184 2739/3188/1621 659/3136/375
f 671/3190/387 2763/3239/1645 4909/3240/3185 2740/3191/2167
f 2763/3239/1645 683/3241/399 2764/3242/2189 4909/3240/3185
f 4909/3240/3185 2764/3242/2189 684/3243/657 2765/3244/2190
f 2740/3191/2167 4909/3240/3185 2765/3244/2190 672/3192/647
f 672/3192/647 2765/3244/2190 4910/3245/3186 2742/3195/2169
f 2765/3244/2190 684/3243/657 2766/3246/2191 4910/3245/3186
f 4910/3245/3186 2766/3246/2191 685/3247/658 2767/3248/2192
f 2742/3195/2169 4910/3245/3186 2767/3248/2192 673/3196/648
f 673/3196/648 2767/3248/2192 4911/3249/3187 2744/3199/2171
f 2767/3248/2192 685/3247/658 2768/3250/2193 4911/3249/3187
f 4911/3249/3187 2768/3250/2193 686/3251/659 2769/3252/2194
f 2744/3199/2171 4911/3249/3187 2769/3252/2194 674/3200/649
f 674/3200/649 2769/3252/2194 4912/3253/3188 2746/3203/2173
f 2769/3252/2194 686/3251/659 2770/3254/2195 4912/3253/3188
f 4912/3253/3188 2770/3254/2195 687/3255/660 2771/3256/2196
f 2746/3203/2173 4912/3253/3188 2771/3256/2196 675/3204/650
f 675/3204/650 2771/3256/2196 4913/3257/3189 2748/3207/2175
f 2771/3256/2196 687/3255/660 2772/3258/2197 4913/3257/3189
f 4913/3257/3189 2772/3258/2197 688/3259/661 2773/3260/2198
f 2748/3207/2175 4913/3257/3189 2773/3260/2198 676/3208/651
f 676/3208/651 2773/3260/2198 4914/3261/3190 2750/3211/2177
f 2773/3260/2198 688/3262/661 2774/3263/2199 4914/3261/3190
f 4914/3261/3190 2774/3263/2199 689/3264/393 2775/3265/1633
f 2750/3211/2177 4914/3261/3190 2775/3265/1633 677/3212/381
f 677/3216/381 2775/3266/1633 4915/3267/3191 2752/3217/2178
f 2775/3266/1633 689/3268/393 2776/3269/2200 4915/3267/3191
f 4915/3267/3191 2776/3269/2200 690/3270/662 2777/3271/2201
f 2752/3217/2178 4915/3267/3191 2777/3271/2201 678/3218/652
f 678/3221/652 2777/3271/2201 4916/3272/3192 2754/3222/2180
f 2777/3271/2201 690/3273/662 2778/3274/2202 4916/3272/3192
f 4916/3272/3192 2778/3274/2202 691/3275/663 2779/3276/2203
f 2754/3222/2180 4916/3272/3192 2779/3276/2203 679/3223/653
f 679/3223/653 2779/3276/2203 4917/3277/3193 2756/3226/2182
f 2779/3276/2203 691/3275/663 2780/3278/2204 4917/3277/3193
f 4917/3277/3193 2780/3278/2204 692/3279/664 2781/3280/2205
f 2756/3226/2182 4917/3277/3193 2781/3280/2205 680/3227/654
f 680/3227/654 2781/3280/2205 4918/3281/3194 2758/3230/2184
f 2781/3280/2205 692/3279/664 2782/3282/2206 4918/3281/3194
f 4918/3281/3194 2782/3282/2206 693/3283/665 2783/3284/2207
f 2758/3230/2184 4918/3281/3194 2783/3284/2207 681/3231/655
f 681/3231/655 2783/3284/2207 4919/3285/3195 2760/3234/2186
f 2783/3284/2207 693/3283/665 2784/3286/2208 4919/3285/3195
f 4919/3285/3195 2784/3286/2208 694/3287/666 2785/3288/2209
f 2760/3234/2186 4919/3285/3195 2785/3288/2209 682/3235/656
f 682/3235/656 2785/3288/2209 4920/3289/3196 2762/3238/2188
f 2785/3288/2209 694/3287/666 2786/3290/2210 4920/3289/3196
f 4920/3289/3196 2786/3290/2210 683/3241/399 2763/3239/1645
f 2762/3238/2188 4920/3289/3196 2763/3239/1645 671/3190/387
f 683/3241/399 2787/3291/1669 4921/3292/3197 2764/3242/2189
f 2787/3291/1669 695/3293/151 2788/3294/2211 4921/3292/3197
f 4921/3292/3197 2788/3294/2211 696/3295/667 2789/3296/2212
f 2764/3242/2189 4921/3292/3197 2789/3296/2212 684/3243/657
f 684/3243/657 2789/3296/2212 4922/3297/3198 2766/3246/2191
f 2789/3296/2212 696/3295/667 2790/3298/2213 4922/3297/3198
f 4922/3297/3198 2790/3298/2213 697/3299/668 2791/3300/2214
f 2766/3246/2191 4922/3297/3198 2791/3300/2214 685/3247/658
f 685/3247/658 2791/3300/2214 4923/3301/3199 2768/3250/2193
f 2791/3300/2214 697/3299/668 2792/767/2215 4923/3301/3199
f 4923/3301/3199 2792/767/2215 698/3302/669 2793/3303/2216
f 2768/3250/2193 4923/3301/3199 2793/3303/2216 686/3251/659
f 686/3251/659 2793/3303/2216 4924/3304/3200 2770/3254/2195
f 2793/3303/2216 698/3302/669 2794/3305/2217 4924/3304/3200
f 4924/3304/3200 2794/3305/2217 699/3306/670 2795/3307/2218
f 2770/3254/2195 4924/3304/3200 2795/3307/2218 687/3255/660
f 687/3255/660 2795/3307/2218 4925/3308/3201 2772/3258/2197
f 2795/3307/2218 699/3306/670 2796/3309/2219 4925/3308/3201
f 4925/3308/3201 2796/3309/2219 700/3310/671 2797/3311/2220
f 2772/3258/2197 4925/3308/3201 2797/3311/2220 688/3259/661
f 688/3262/661 2797/3311/2220 4926/3312/3202 2774/3263/2199
f 2797/3311/2220 700/3310/671 2798/3313/2221 4926/3312/3202
f 4926/3312/3202 2798/3313/2221 701/3314/44 2799/3315/1657
f 2774/3263/2199 4926/3312/3202 2799/3315/1657 689/3264/393
f 689/3268/393 2799/3316/1657 4927/3317/3203 2776/3269/2200
f 2799/3316/1657 701/3318/44 2800/3319/2222 4927/3317/3203
f 4927/3317/3203 2800/3319/2222 702/3320/672 2801/3321/2223
f 2776/3269/2200 4927/3317/3203 2801/3321/2223 690/3270/662
f 690/3273/662 2801/3321/2223 4928/3322/3204 2778/3274/2202
f 2801/3321/2223 702/3323/672 2802/3324/2224 4928/3322/3204
f 4928/3322/3204 2802/3324/2224 703/3325/673 2803/3326/2225
f 2778/3274/2202 4928/3322/3204 2803/3326/2225 691/3275/663
f 691/3275/663 2803/3326/2225 4929/3327/3205 2780/3278/2204
f 2803/3326/2225 703/3325/673 2804/3328/2226 4929/3327/3205
f 4929/3327/3205 2804/3328/2226 704/3329/674 2805/3330/2227
f 2780/3278/2204 4929/3327/3205 2805/3330/2227 692/3279/664
f 692/3279/664 2805/3330/2227 4930/3331/3206 2782/3282/2206
f 2805/3330/2227 704/3329/674 2806/3332/2228 4930/3331/3206
f 4930/3331/3206 2806/3332/2228 705/3333/675 2807/3334/2229
f 2782/3282/2206 4930/3331/3206 2807/3334/2229 693/3283/665
f 693/3283/665 2807/3334/2229 4931/3335/3207 2784/3286/2208
f 2807/3334/2229 705/3333/675 2808/3336/2230 4931/3335/3207
f 4931/3335/3207 2808/3336/2230 706/3337/676 2809/3338/2231
f 2784/3286/2208 4931/3335/3207 2809/3338/2231 694/3287/666
f 694/3287/666 2809/3338/2231 4932/3339/3208 2786/3290/2210
f 2809/3338/2231 706/3337/676 2810/3340/2232 4932/3339/3208
f 4932/3339/3208 2810/3340/2232 695/3293/151 2787/3291/1669
f 2786/3290/2210 4932/3339/3208 2787/3291/1669 683/3241/399
f 695/3293/151 2811/3341/1693 4933/3342/3209 2788/3294/2211
f 2811/3341/1693 707/3343/421 2812/3344/2233 4933/3342/3209
f 4933/3342/3209 2812/3344/2233 708/3345/677 2813/3346/2234
f 2788/3294/2211 4933/3342/3209 2813/3346/2234 696/3295/667
f 696/3295/667 2813/3346/2234 4934/3347/3210 2790/3298/2213
f 2813/3346/2234 708/3345/677 2814/3348/2235 4934/3347/3210
f 4934/3347/3210 2814/3348/2235 709/3349/678 2815/3350/2236
f 2790/3298/2213 4934/3347/3210 2815/3350/2236 697/3299/668
f 697/3299/668 2815/3350/2236 4935/3351/3211 2792/767/2215
f 2815/3350/2236 709/3349/678 2816/3352/2237 4935/3351/3211
f 4935/3351/3211 2816/3352/2237 710/3353/679 2817/3354/2238
f 2792/767/2215 4935/3351/3211 2817/3354/2238 698/3302/669
f 698/3302/669 2817/3354/2238 4936/3355/3212 2794/3305/2217
f 2817/3354/2238 710/3353/679 2818/3356/2239 4936/3355/3212
f 4936/3355/3212 2818/3356/2239 711/3357/680 2819/3358/2240
f 2794/3305/2217 4936/3355/3212 2819/3358/2240 699/3306/670
f 699/3306/670 2819/3358/2240 4937/3359/3213 2796/3309/2219
f 2819/3358/2240 711/3357/680 2820/3360/2241 4937/3359/3213
f 4937/3359/3213 2820/3360/2241 712/3361/681 2821/3362/2242
f 2796/3309/2219 4937/3359/3213 2821/3362/2242 700/3310/671
f 700/3310/671 2821/3363/2242 4938/3364/3214 2798/3313/2221
f 2821/3363/2242 712/3361/681 2822/3365/2243 4938/3364/3214
f 4938/3364/3214 2822/3365/2243 713/3366/415 2823/3367/1681
f 2798/3313/2221 4938/3364/3214 2823/3367/1681 701/3314/44
f 701/3318/44 2823/3368/1681 4939/3369/3215 2800/3319/2222
f 2823/3368/1681 713/3370/415 2824/3371/2244 4939/3369/3215
f 4939/3369/3215 2824/3371/2244 714/3372/682 2825/3373/2245
f 2800/3319/2222 4939/3369/3215 2825/3373/2245 702/3320/672
f 702/3323/672 2825/3374/2245 4940/3375/3216 2802/3324/2224
f 2825/3374/2245 714/3376/682 2826/3377/2246 4940/3375/3216
f 4940/3375/3216 2826/3377/2246 715/3378/683 2827/3379/2247
f 2802/3324/2224 4940/3375/3216 2827/3379/2247 703/3325/673
f 703/3325/673 2827/3379/2247 4941/3380/3217 2804/3328/2226
f 2827/3379/2247 715/3378/683 2828/3381/2248 4941/3380/3217
f 4941/3380/3217 2828/3381/2248 716/3382/684 2829/3383/2249
f 2804/3328/2226 4941/3380/3217 2829/3383/2249 704/3329/674
f 704/3329/674 2829/3383/2249 4942/3384/3218 2806/3332/2228
f 2829/3383/2249 716/3382/684 2830/3385/2250 4942/3384/3218
f 4942/3384/3218 2830/3385/2250 717/3386/685 2831/3387/2251
f 2806/3332/2228 4942/3384/3218 2831/3387/2251 705/3333/675
f 705/3333/675 2831/3387/2251 4943/3388/3219 2808/3336/2230
f 2831/3387/2251 717/3386/685 2832/3389/2252 4943/3388/3219
f 4943/3388/3219 2832/3389/2252 718/3390/686 2833/3391/2253
f 2808/3336/2230 4943/3388/3219 2833/3391/2253 706/3337/676
f 706/3337/676 2833/3391/2253 4944/3392/3220 2810/3340/2232
f 2833/3391/2253 718/3390/686 2834/3393/2254 4944/3392/3220
f 4944/3392/3220 2834/3393/2254 707/3343/421 2811/3341/1693
f 2810/3340/2232 4944/3392/3220 2811/3341/1693 695/3293/151
f 707/3343/421 2835/3394/1717 4945/3395/3221 2812/3344/2233
f 2835/3394/1717 719/3396/433 2836/3397/2255 4945/3395/3221
f 4945/3395/3221 2836/3397/2255 720/3398/687 2837/3399/2256
f 2812/3344/2233 4945/3395/3221 2837/3399/2256 708/3345/677
f 708/3345/677 2837/3399/2256 4946/3400/3222 2814/3348/2235
f 2837/3399/2256 720/3398/687 2838/3401/2257 4946/3400/3222
f 4946/3400/3222 2838/3401/2257 721/3402/688 2839/3403/2258
f 2814/3348/2235 4946/3400/3222 2839/3403/2258 709/3349/678
f 709/3349/678 2839/3403/2258 4947/3404/3223 2816/3352/2237
f 2839/3403/2258 721/3402/688 2840/3405/2259 4947/3404/3223
f 4947/3404/3223 2840/3405/2259 722/3406/689 2841/3407/2260
f 2816/3352/2237 4947/3404/3223 2841/3407/2260 710/3353/679
f 710/3353/679 2841/3407/2260 4948/3408/3224 2818/3356/2239
f 2841/3407/2260 722/3406/689 2842/3409/2261 4948/3408/3224
f 4948/3408/3224 2842/3409/2261 723/3410/690 2843/3411/2262
f 2818/3356/2239 4948/3408/3224 2843/3411/2262 711/3357/680
f 711/3357/680 2843/3411/2262 4949/3412/3225 2820/3360/2241
f 2843/3411/2262 723/3410/690 2844/3413/2263 4949/3412/3225
f 4949/3412/3225 2844/3413/2263 724/3414/691 2845/3415/2264
f 2820/3360/2241 4949/3412/3225 2845/3415/2264 712/3361/681
f 712/3361/681 2845/3415/2264 4950/3416/3226 2822/3365/2243
f 2845/3415/2264 724/3417/691 2846/3418/2265 4950/3416/3226
f 4950/3416/3226 2846/3418/2265 725/3419/427 2847/3420/1705
f 2822/3365/2243 4950/3416/3226 2847/3420/1705 713/3366/415
f 713/3370/415 2847/3421/1705 4951/3422/3227 2824/3371/2244
f 2847/3421/1705 725/3423/427 2848/3424/2266 4951/3422/3227
f 4951/3422/3227 2848/3424/2266 726/3425/692 2849/3426/2267
f 2824/3371/2244 4951/3422/3227 2849/3426/2267 714/3372/682
f 714/3376/682 2849/3426/2267 4952/3427/3228 2826/3377/2246
f 2849/3426/2267 726/3428/692 2850/3429/2268 4952/3427/3228
f 4952/3427/3228 2850/3429/2268 727/3430/693 2851/3431/2269
f 2826/3377/2246 4952/3427/3228 2851/3431/2269 715/3378/683
f 715/3378/683 2851/3431/2269 4953/3432/3229 2828/3381/2248
f 2851/3431/2269 727/3430/693 2852/3433/2270 4953/3432/3229
f 4953/3432/3229 2852/3433/2270 728/3434/694 2853/3435/2271
f 2828/3381/2248 4953/3432/3229 2853/3435/2271 716/3382/684
f 716/3382/684 2853/3435/2271 4954/3436/3230 2830/3385/2250
f 2853/3435/2271 728/3434/694 2854/3437/2272 4954/3436/3230
f 4954/3436/3230 2854/3437/2272 729/3438/695 2855/3439/2273
f 2830/3385/2250 4954/3436/3230 2855/3439/2273 717/3386/685
f 717/3386/685 2855/3439/2273 4955/3440/3231 2832/3389/2252
f 2855/3439/2273 729/3438/695 2856/3441/2274 4955/3440/3231
f 4955/3440/3231 2856/3441/2274 730/3442/696 2857/3443/2275
f 2832/3389/2252 4955/3440/3231 2857/3443/2275 718/3390/686
f 718/3390/686 2857/3443/2275 4956/3444/3232 2834/3393/2254
f 2857/3443/2275 730/3442/696 2858/3445/2276 4956/3444/3232
f 4956/3444/3232 2858/3445/2276 719/3396/433 2835/3394/1717
f 2834/3393/2254 4956/3444/3232 2835/3394/1717 707/3343/421
f 719/3396/433 2859/3446/1741 4957/3447/3233 2836/3397/2255
f 2859/3446/1741 731/3448/445 2860/3449/2277 4957/3447/3233
f 4957/3447/3233 2860/3449/2277 732/3450/697 2861/3451/2278
f 2836/3397/2255 4957/3447/3233 2861/3451/2278 720/3398/687
f 720/3398/687 2861/3451/2278 4958/3452/3234 2838/3401/2257
f 2861/3451/2278 732/3450/697 2862/3453/2279 4958/3452/3234
f 4958/3452/3234 2862/3453/2279 733/3454/698 2863/3455/2280
f 2838/3401/2257 4958/3452/3234 2863/3455/2280 721/3402/688
f 721/3402/688 2863/3455/2280 4959/3456/3235 2840/3405/2259
f 2863/3455/2280 733/3454/698 2864/3457/2281 4959/3456/3235
f 4959/3456/3235 2864/3457/2281 734/3458/699 2865/3459/2282
f 2840/3405/2259 4959/3456/3235 2865/3459/2282 722/3406/689
f 722/3406/689 2865/3459/2282 4960/3460/3236 2842/3409/2261
f 2865/3459/2282 734/3458/699 2866/3461/2283 4960/3460/3236
f 4960/3460/3236 2866/3461/2283 735/3462/700 2867/3463/2284
f 2842/3409/2261 4960/3460/3236 2867/3463/2284 723/3410/690
f 723/3410/690 2867/3463/2284 4961/3464/3237 2844/3413/2263
f 2867/3463/2284 735/3462/700 2868/3465/2285 4961/3464/3237
f 4961/3464/3237 2868/3465/2285 736/3466/701 2869/3467/2286
f 2844/3413/2263 4961/3464/3237 2869/3467/2286 724/3414/691
f 724/3417/691 2869/3468/2286 4962/3469/3238 2846/3418/2265
f 2869/3468/2286 736/3470/701 2870/3471/2287 4962/3469/3238
f 4962/3469/3238 2870/3471/2287 737/3472/439 2871/3473/1729
f 2846/3418/2265 4962/3469/3238 2871/3473/1729 725/3419/427
f 725/3423/427 2871/3474/1729 4963/3475/3239 2848/3424/2266
f 2871/3474/1729 737/3476/439 2872/3477/2288 4963/3475/3239
f 4963/3475/3239 2872/3477/2288 738/3478/702 2873/3479/2289
f 2848/3424/2266 4963/3475/3239 2873/3479/2289 726/3425/692
f 726/3428/692 2873/3480/2289 4964/3481/3240 2850/3429/2268
f 2873/3480/2289 738/3482/702 2874/3483/2290 4964/3481/3240
f 4964/3481/3240 2874/3483/2290 739/3484/703 2875/3485/2291
f 2850/3429/2268 4964/3481/3240 2875/3485/2291 727/3430/693
f 727/3430/693 2875/3485/2291 4965/3486/3241 2852/3433/2270
f 2875/3485/2291 739/3484/703 2876/3487/2292 4965/3486/3241
f 4965/3486/3241 2876/3487/2292 740/3488/704 2877/3489/2293
f 2852/3433/2270 4965/3486/3241 2877/3489/2293 728/3434/694
f 728/3434/694 2877/3489/2293 4966/3490/3242 2854/3437/2272
f 2877/3489/2293 740/3488/704 2878/3491/2294 4966/3490/3242
f 4966/3490/3242 2878/3491/2294 741/3492/705 2879/3493/2295
f 2854/3437/2272 4966/3490/3242 2879/3493/2295 729/3438/695
f 729/3438/695 2879/3493/2295 4967/3494/3243 2856/3441/2274
f 2879/3493/2295 741/3492/705 2880/3495/2296 4967/3494/3243
f 4967/3494/3243 2880/3495/2296 742/3496/706 2881/3497/2297
f 2856/3441/2274 4967/3494/3243 2881/3497/2297 730/3442/696
f 730/3442/696 2881/3497/2297 4968/3498/3244 2858/3445/2276
f 2881/3497/2297 742/3496/706 2882/3499/2298 4968/3498/3244
f 4968/3498/3244 2882/3499/2298 731/3448/445 2859/3446/1741
f 2858/3445/2276 4968/3498/3244 2859/3446/1741 719/3396/433
f 731/3448/445 2883/3500/1765 4969/3501/3245 2860/3449/2277
f 2883/3500/1765 743/3502/457 2884/3503/2299 4969/3501/3245
f 4969/3501/3245 2884/3503/2299 744/3504/707 2885/3505/2300
f 2860/3449/2277 4969/3501/3245 2885/3505/2300 732/3450/697
f 732/3450/697 2885/3505/2300 4970/3506/3246 2862/3453/2279
f 2885/3505/2300 744/3504/707 2886/3507/2301 4970/3506/3246
f 4970/3506/3246 2886/3507/2301 745/3508/708 2887/3509/2302
f 2862/3453/2279 4970/3506/3246 2887/3509/2302 733/3454/698
f 733/3454/698 2887/3509/2302 4971/3510/3247 2864/3457/2281
f 2887/3509/2302 745/3508/708 2888/3511/2303 4971/3510/3247
f 4971/3510/3247 2888/3511/2303 746/3512/709 2889/3513/2304
f 2864/3457/2281 4971/3510/3247 2889/3513/2304 734/3458/699
f 734/3458/699 2889/3513/2304 4972/3514/3248 2866/3461/2283
f 2889/3513/2304 746/3512/709 2890/3515/2305 4972/3514/3248
f 4972/3514/3248 2890/3515/2305 747/3516/710 2891/3517/2306
f 2866/3461/2283 4972/3514/3248 2891/3517/2306 735/3462/700
f 735/3462/700 2891/3517/2306 4973/3518/3249 2868/3465/2285
f 2891/3517/2306 747/3516/710 2892/3519/2307 4973/3518/3249
f 4973/3518/3249 2892/3519/2307 748/3520/711 2893/3521/2308
f 2868/3465/2285 4973/3518/3249 2893/3521/2308 736/3466/701
f 736/3470/701 2893/3522/2308 4974/3523/3250 2870/3471/2287
f 2893/3522/2308 748/3520/711 2894/3524/2309 4974/3523/3250
f 4974/3523/3250 2894/3524/2309 749/3525/451 2895/3526/1753
f 2870/3471/2287 4974/3523/3250 2895/3526/1753 737/3472/439
f 737/3476/439 2895/3527/1753 4975/3528/3251 2872/3477/2288
f 2895/3527/1753 749/3529/451 2896/3530/2310 4975/3528/3251
f 4975/3528/3251 2896/3530/2310 750/3531/712 2897/3532/2311
f 2872/3477/2288 4975/3528/3251 2897/3532/2311 738/3478/702
f 738/3482/702 2897/3533/2311 4976/3534/3252 2874/3483/2290
f 2897/3533/2311 750/3535/712 2898/3536/2312 4976/3534/3252
f 4976/3534/3252 2898/3536/2312 751/3537/713 2899/3538/2313
f 2874/3483/2290 4976/3534/3252 2899/3538/2313 739/3484/703
f 739/3484/703 2899/3538/2313 4977/3539/3253 2876/3487/2292
f 2899/3538/2313 751/3537/713 2900/3540/2314 4977/3539/3253
f 4977/3539/3253 2900/3540/2314 752/3541/714 2901/3542/2315
f 2876/3487/2292 4977/3539/3253 2901/3542/2315 740/3488/704
f 740/3488/704 2901/3542/2315 4978/3543/3254 2878/3491/2294
f 2901/3542/2315 752/3541/714 2902/3544/2316 4978/3543/3254
f 4978/3543/3254 2902/3544/2316 753/3545/715 2903/3546/2317
f 2878/3491/2294 4978/3543/3254 2903/3546/2317 741/3492/705
f 741/3492/705 2903/3546/2317 4979/3547/3255 2880/3495/2296
f 2903/3546/2317 753/3545/715 2904/3548/2318 4979/3547/3255
f 4979/3547/3255 2904/3548/2318 754/3549/716 2905/3550/2319
f 2880/3495/2296 4979/3547/3255 2905/3550/2319 742/3496/706
f 742/3496/706 2905/3550/2319 4980/3551/3256 2882/3499/2298
f 2905/3550/2319 754/3549/716 2906/3552/2320 4980/3551/3256
f 4980/3551/3256 2906/3552/2320 743/3502/457 2883/3500/1765
f 2882/3499/2298 4980/3551/3256 2883/3500/1765 731/3448/445
f 743/3502/457 2907/3553/1789 4981/3554/3257 2884/3503/2299
f 2907/3553/1789 755/3555/469 2908/3556/2321 4981/3554/3257
f 4981/3554/3257 2908/3556/2321 756/3557/717 2909/3558/2322
f 2884/3503/2299 4981/3554/3257 2909/3558/2322 744/3504/707
f 744/3504/707 2909/3558/2322 4982/3559/3258 2886/3507/2301
f 2909/3558/2322 756/3557/717 2910/3560/2323 4982/3559/3258
f 4982/3559/3258 2910/3560/2323 757/3561/718 2911/3562/2324
f 2886/3507/2301 4982/3559/3258 2911/3562/2324 745/3508/708
f 745/3508/708 2911/3562/2324 4983/3563/3259 2888/3511/2303
f 2911/3562/2324 757/3561/718 2912/3564/2325 4983/3563/3259
f 4983/3563/3259 2912/3564/2325 758/3565/719 2913/3566/2326
f 2888/3511/2303 4983/3563/3259 2913/3566/2326 746/3512/709
f 746/3512/709 2913/3566/2326 4984/3567/3260 2890/3515/2305
f 2913/3566/2326 758/3565/719 2914/3568/2327 4984/3567/3260
f 4984/3567/3260 2914/3568/2327 759/3569/720 2915/3570/2328
f 2890/3515/2305 4984/3567/3260 2915/3570/2328 747/3516/710
f 747/3516/710 2915/3570/2328 4985/3571/3261 2892/3519/2307
f 2915/3570/2328 759/3569/720 2916/3572/2329 4985/3571/3261
f 4985/3571/3261 2916/3572/2329 760/3573/721 2917/3574/2330
f 2892/3519/2307 4985/3571/3261 2917/3574/2330 748/3520/711
f 748/3520/711 2917/3575/2330 4986/3576/3262 2894/3524/2309
f 2917/3575/2330 760/3573/721 2918/3577/2331 4986/3576/3262
f 4986/3576/3262 2918/3577/2331 761/3578/463 2919/3579/1777
f 2894/3524/2309 4986/3576/3262 2919/3579/1777 749/3525/451
f 749/3529/451 2919/3580/1777 4987/3581/3263 2896/3530/2310
f 2919/3580/1777 761/3582/463 2920/3583/2332 4987/3581/3263
f 4987/3581/3263 2920/3583/2332 762/3584/722 2921/3585/2333
f 2896/3530/2310 4987/3581/3263 2921/3585/2333 750/3531/712
f 750/3535/712 2921/3586/2333 4988/3587/3264 2898/3536/2312
f 2921/3586/2333 762/3588/722 2922/3589/2334 4988/3587/3264
f 4988/3587/3264 2922/3589/2334 763/3590/723 2923/3591/2335
f 2898/3536/2312 4988/3587/3264 2923/3591/2335 751/3537/713
f 751/3537/713 2923/3591/2335 4989/3592/3265 2900/3540/2314
f 2923/3591/2335 763/3590/723 2924/3593/2336 4989/3592/3265
f 4989/3592/3265 2924/3593/2336 764/3594/724 2925/3595/2337
f 2900/3540/2314 4989/3592/3265 2925/3595/2337 752/3541/714
f 752/3541/714 2925/3595/2337 4990/3596/3266 2902/3544/2316
f 2925/3595/2337 764/3594/724 2926/3597/2338 4990/3596/3266
f 4990/3596/3266 2926/3597/2338 765/3598/725 2927/3599/2339
f 2902/3544/2316 4990/3596/3266 2927/3599/2339 753/3545/715
f 753/3545/715 2927/3599/2339 4991/3600/3267 2904/3548/2318
f 2927/3599/2339 765/3598/725 2928/3601/2340 4991/3600/3267
f 4991/3600/3267 2928/3601/2340 766/3602/726 2929/3603/2341
f 2904/3548/2318 4991/3600/3267 2929/3603/2341 754/3549/716
f 754/3549/716 2929/3603/2341 4992/3604/3268 2906/3552/2320
f 2929/3603/2341 766/3602/726 2930/3605/2342 4992/3604/3268
f 4992/3604/3268 2930/3605/2342 755/3555/469 2907/3553/1789
f 2906/3552/2320 4992/3604/3268 2907/3553/1789 743/3502/457
f 755/3555/469 2931/3606/1813 4993/3607/3269 2908/3556/2321
f 2931/3606/1813 767/3608/481 2932/3609/2343 4993/3607/3269
f 4993/3607/3269 2932/3609/2343 768/3610/727 2933/3611/2344
f 2908/3556/2321 4993/3607/3269 2933/3611/2344 756/3557/717
f 756/3557/717 2933/3611/2344 4994/3612/3270 2910/3560/2323
f 2933/3611/2344 768/3610/727 2934/3613/2345 4994/3612/3270
f 4994/3612/3270 2934/3613/2345 769/3614/728 2935/3615/2346
f 2910/3560/2323 4994/3612/3270 2935/3615/2346 757/3561/718
f 757/3561/718 2935/3615/2346 4995/3616/3271 2912/3564/2325
f 2935/3615/2346 769/3614/728 2936/3617/2347 4995/3616/3271
f 4995/3616/3271 2936/3617/2347 770/3618/729 2937/3619/2348
f 2912/3564/2325 4995/3616/3271 2937/3619/2348 758/3565/719
f 758/3565/719 2937/3619/2348 4996/3620/3272 2914/3568/2327
f 2937/3619/2348 770/3618/729 2938/655/2349 4996/3620/3272
f 4996/3620/3272 2938/655/2349 771/3621/730 2939/3622/2350
f 2914/3568/2327 4996/3620/3272 2939/3622/2350 759/3569/720
f 759/3569/720 2939/3622/2350 4997/3623/3273 2916/3572/2329
f 2939/3622/2350 771/3621/730 2940/3624/2351 4997/3623/3273
f 4997/3623/3273 2940/3624/2351 772/3625/731 2941/3626/2352
f 2916/3572/2329 4997/3623/3273 2941/3626/2352 760/3573/721
f 760/3573/721 2941/3626/2352 4998/3627/3274 2918/3577/2331
f 2941/3626/2352 772/3628/731 2942/3629/2353 4998/3627/3274
f 4998/3627/3274 2942/3629/2353 773/3630/475 2943/3631/1801
f 2918/3577/2331 4998/3627/3274 2943/3631/1801 761/3578/463
f 761/3582/463 2943/3632/1801 4999/3633/3275 2920/3583/2332
f 2943/3632/1801 773/3634/475 2944/3635/2354 4999/3633/3275
f 4999/3633/3275 2944/3635/2354 774/3636/732 2945/3637/2355
f 2920/3583/2332 4999/3633/3275 2945/3637/2355 762/3584/722
f 762/3588/722 2945/3637/2355 5000/3638/3276 2922/3589/2334
f 2945/3637/2355 774/3639/732 2946/3640/2356 5000/3638/3276
f 5000/3638/3276 2946/3640/2356 775/3641/733 2947/3642/2357
f 2922/3589/2334 5000/3638/3276 2947/3642/2357 763/3590/723
f 763/3590/723 2947/3642/2357 5001/3643/3277 2924/3593/2336
f 2947/3642/2357 775/3641/733 2948/3644/2358 5001/3643/3277
f 5001/3643/3277 2948/3644/2358 776/3645/734 2949/3646/2359
f 2924/3593/2336 5001/3643/3277 2949/3646/2359 764/3594/724
f 764/3594/724 2949/3646/2359 5002/3647/3278 2926/3597/2338
f 2949/3646/2359 776/3645/734 2950/3648/2360 5002/3647/3278
f 5002/3647/3278 2950/3648/2360 777/3649/735 2951/3650/2361
f 2926/3597/2338 5002/3647/3278 2951/3650/2361 765/3598/725
f 765/3598/725 2951/3650/2361 5003/3651/3279 2928/3601/2340
f 2951/3650/2361 777/3649/735 2952/3652/2362 5003/3651/3279
f 5003/3651/3279 2952/3652/2362 778/3653/736 2953/3654/2363
f 2928/3601/2340 5003/3651/3279 2953/3654/2363 766/3602/726
f 766/3602/726 2953/3654/2363 5004/3655/3280 2930/3605/2342
f 2953/3654/2363 778/3653/736 2954/3656/2364 5004/3655/3280
f 5004/3655/3280 2954/3656/2364 767/3608/481 2931/3606/1813
f 2930/3605/2342 5004/3655/3280 2931/3606/1813 755/3555/469
f 767/3608/481 2955/3657/1837 5005/3658/3281 2932/3609/2343
f 2955/3657/1837 779/3659/493 2956/3660/2365 5005/3658/3281
f 5005/3658/3281 2956/3660/2365 780/3661/737 2957/3662/2366
f 2932/3609/2343 5005/3658/3281 2957/3662/2366 768/3610/727
f 768/3610/727 2957/3662/2366 5006/3663/3282 2934/3613/2345
f 2957/3662/2366 780/3661/737 2958/3664/2367 5006/3663/3282
f 5006/3663/3282 2958/3664/2367 781/3665/738 2959/3666/2368
f 2934/3613/2345 5006/3663/3282 2959/3666/2368 769/3614/728
f 769/3614/728 2959/3666/2368 5007/3667/3283 2936/3617/2347
f 2959/3666/2368 781/3665/738 2960/3668/2369 5007/3667/3283
f 5007/3667/3283 2960/3668/2369 782/3669/739 2961/3670/2370
f 2936/3617/2347 5007/3667/3283 2961/3670/2370 770/3618/729
f 770/3618/729 2961/3670/2370 5008/3671/3284 2938/655/2349
f 2961/3670/2370 782/3669/739 2962/3672/2371 5008/3671/3284
f 5008/3671/3284 2962/3672/2371 783/3673/740 2963/3674/2372
f 2938/655/2349 5008/3671/3284 2963/3674/2372 771/3621/730
f 771/3621/730 2963/3674/2372 5009/3675/3285 2940/3624/2351
f 2963/3674/2372 783/3673/740 2964/3676/2373 5009/3675/3285
f 5009/3675/3285 2964/3676/2373 784/3677/741 2965/3678/2374
f 2940/3624/2351 5009/3675/3285 2965/3678/2374 772/3625/731
f 772/3628/731 2965/3678/2374 5010/3679/3286 2942/3629/2353
f 2965/3678/2374 784/3680/741 2966/3681/2375 5010/3679/3286
f 5010/3679/3286 2966/3681/2375 785/3682/487 2967/3683/1825
f 2942/3629/2353 5010/3679/3286 2967/3683/1825 773/3630/475
f 773/3634/475 2967/3684/1825 5011/3685/3287 2944/3635/2354
f 2967/3684/1825 785/3686/487 2968/3687/2376 5011/3685/3287
f 5011/3685/3287 2968/3687/2376 786/3688/742 2969/3689/2377
f 2944/3635/2354 5011/3685/3287 2969/3689/2377 774/3636/732
f 774/3639/732 2969/3689/2377 5012/3690/3288 2946/3640/2356
f 2969/3689/2377 786/3691/742 2970/3692/2378 5012/3690/3288
f 5012/3690/3288 2970/3692/2378 787/3693/743 2971/3694/2379
f 2946/3640/2356 5012/3690/3288 2971/3694/2379 775/3641/733
f 775/3641/733 2971/3694/2379 5013/3695/3289 2948/3644/2358
f 2971/3694/2379 787/3693/743 2972/3696/2380 5013/3695/3289
f 5013/3695/3289 2972/3696/2380 788/3697/744 2973/3698/2381
f 2948/3644/2358 5013/3695/3289 2973/3698/2381 776/3645/734
f 776/3645/734 2973/3698/2381 5014/3699/3290 2950/3648/2360
f 2973/3698/2381 788/3697/744 2974/3700/2382 5014/3699/3290
f 5014/3699/3290 2974/3700/2382 789/3701/745 2975/3702/2383
f 2950/3648/2360 5014/3699/3290 2975/3702/2383 777/3649/735
f 777/3649/735 2975/3702/2383 5015/3703/3291 2952/3652/2362
f 2975/3702/2383 789/3701/745 2976/3704/2384 5015/3703/3291
f 5015/3703/3291 2976/3704/2384 790/3705/746 2977/3706/2385
f 2952/3652/2362 5015/3703/3291 2977/3706/2385 778/3653/736
f 778/3653/736 2977/3706/2385 5016/3707/3292 2954/3656/2364
f 2977/3706/2385 790/3705/746 2978/3708/2386 5016/3707/3292
f 5016/3707/3292 2978/3708/2386 779/3659/493 2955/3657/1837
f 2954/3656/2364 5016/3707/3292 2955/3657/1837 767/3608/481
f 779/3659/493 2979/3709/1861 5017/3710/3293 2956/3660/2365
f 2979/3709/1861 791/3711/505 2980/3712/2387 5017/3710/3293
f 5017/3710/3293 2980/3712/2387 792/3713/747 2981/3714/2388
f 2956/3660/2365 5017/3710/3293 2981/3714/2388 780/3661/737
f 780/3661/737 2981/3714/2388 5018/3715/3294 2958/3664/2367
f 2981/3714/2388 792/3713/747 2982/3716/2389 5018/3715/3294
f 5018/3715/3294 2982/3716/2389 793/3717/748 2983/3718/2390
f 2958/3664/2367 5018/3715/3294 2983/3718/2390 781/3665/738
f 781/3665/738 2983/3718/2390 5019/3719/3295 2960/3668/2369
f 2983/3718/2390 793/3717/748 2984/3720/2391 5019/3719/3295
f 5019/3719/3295 2984/3720/2391 794/3721/749 2985/3722/2392
f 2960/3668/2369 5019/3719/3295 2985/3722/2392 782/3669/739
f 782/3669/739 2985/3722/2392 5020/3723/3296 2962/3672/2371
f 2985/3722/2392 794/3721/749 2986/3724/2393 5020/3723/3296
f 5020/3723/3296 2986/3724/2393 795/3725/750 2987/3726/2394
f 2962/3672/2371 5020/3723/3296 2987/3726/2394 783/3673/740
f 783/3673/740 2987/3726/2394 5021/3727/3297 2964/3676/2373
f 2987/3726/2394 795/3725/750 2988/3728/2395 5021/3727/3297
f 5021/3727/3297 2988/3728/2395 796/3729/751 2989/3730/2396
f 2964/3676/2373 5021/3727/3297 2989/3730/2396 784/3677/741
f 784/3680/741 2989/3731/2396 5022/3732/3298 2966/3681/2375
f 2989/3731/2396 796/3733/751 2990/3734/2397 5022/3732/3298
f 5022/3732/3298 2990/3734/2397 797/3735/499 2991/3736/1849
f 2966/3681/2375 5022/3732/3298 2991/3736/1849 785/3682/487
f 785/3686/487 2991/3737/1849 5023/3738/3299 2968/3687/2376
f 2991/3737/1849 797/3739/499 2992/3740/2398 5023/3738/3299
f 5023/3738/3299 2992/3740/2398 798/3741/752 2993/3742/2399
f 2968/3687/2376 5023/3738/3299 2993/3742/2399 786/3688/742
f 786/3691/742 2993/3743/2399 5024/3744/3300 2970/3692/2378
f 2993/3743/2399 798/3745/752 2994/3746/2400 5024/3744/3300
f 5024/3744/3300 2994/3746/2400 799/3747/753 2995/3748/2401
f 2970/3692/2378 5024/3744/3300 2995/3748/2401 787/3693/743
f 787/3693/743 2995/3748/2401 5025/3749/3301 2972/3696/2380
f 2995/3748/2401 799/3747/753 2996/3750/2402 5025/3749/3301
f 5025/3749/3301 2996/3750/2402 800/3751/754 2997/3752/2403
f 2972/3696/2380 5025/3749/3301 2997/3752/2403 788/3697/744
f 788/3697/744 2997/3752/2403 5026/3753/3302 2974/3700/2382
f 2997/3752/2403 800/3751/754 2998/3754/2404 5026/3753/3302
f 5026/3753/3302 2998/3754/2404 801/3755/755 2999/3756/2405
f 2974/3700/2382 5026/3753/3302 2999/3756/2405 789/3701/745
f 789/3701/745 2999/3756/2405 5027/3757/3303 2976/3704/2384
f 2999/3756/2405 801/3755/755 3000/3758/2406 5027/3757/3303
f 5027/3757/3303 3000/3758/2406 802/3759/756 3001/3760/2407
f 2976/3704/2384 5027/3757/3303 3001/3760/2407 790/3705/746
f 790/3705/746 3001/3760/2407 5028/3761/3304 2978/3708/2386
f 3001/3760/2407 802/3759/756 3002/3762/2408 5028/3761/3304
f 5028/3761/3304 3002/3762/2408 791/3711/505 2979/3709/1861
f 2978/3708/2386 5028/3761/3304 2979/3709/1861 779/3659/493
f 791/3711/505 3003/3763/1885 5029/3764/3305 2980/3712/2387
f 3003/3763/1885 803/3765/517 3004/3766/2409 5029/3764/3305
f 5029/3764/3305 3004/3766/2409 804/3767/757 3005/3768/2410
f 2980/3712/2387 5029/3764/3305 3005/3768/2410 792/3713/747
f 792/3713/747 3005/3768/2410 5030/3769/3306 2982/3716/2389
f 3005/3768/2410 804/3767/757 3006/3770/2411 5030/3769/3306
f 5030/3769/3306 3006/3770/2411 805/3771/758 3007/3772/2412
f 2982/3716/2389 5030/3769/3306 3007/3772/2412 793/3717/748
f 793/3717/748 3007/3772/2412 5031/3773/3307 2984/3720/2391
f 3007/3772/2412 805/3771/758 3008/3774/2413 5031/3773/3307
f 5031/3773/3307 3008/3774/2413 806/3775/759 3009/3776/2414
f 2984/3720/2391 5031/3773/3307 3009/3776/2414 794/3721/749
f 794/3721/749 3009/3776/2414 5032/3777/3308 2986/3724/2393
f 3009/3776/2414 806/3775/759 3010/3778/2415 5032/3777/3308
f 5032/3777/3308 3010/3778/2415 807/3779/760 3011/3780/2416
f 2986/3724/2393 5032/3777/3308 3011/3780/2416 795/3725/750
f 795/3725/750 3011/3780/2416 5033/3781/3309 2988/3728/2395
f 3011/3780/2416 807/3779/760 3012/3782/2417 5033/3781/3309
f 5033/3781/3309 3012/3782/2417 808/3783/761 3013/3784/2418
f 2988/3728/2395 5033/3781/3309 3013/3784/2418 796/3729/751
f 796/3733/751 3013/3784/2418 5034/3785/3310 2990/3734/2397
f 3013/3784/2418 808/3783/761 3014/3786/2419 5034/3785/3310
f 5034/3785/3310 3014/3786/2419 809/3787/511 3015/3788/1873
f 2990/3734/2397 5034/3785/3310 3015/3788/1873 797/3735/499
f 797/3739/499 3015/3789/1873 5035/3790/3311 2992/3740/2398
f 3015/3789/1873 809/3791/511 3016/3792/2420 5035/3790/3311
f 5035/3790/3311 3016/3792/2420 810/3793/762 3017/3794/2421
f 2992/3740/2398 5035/3790/3311 3017/3794/2421 798/3741/752
f 798/3745/752 3017/3794/2421 5036/3795/3312 2994/3746/2400
f 3017/3794/2421 810/3796/762 3018/3797/2422 5036/3795/3312
f 5036/3795/3312 3018/3797/2422 811/3798/763 3019/3799/2423
f 2994/3746/2400 5036/3795/3312 3019/3799/2423 799/3747/753
f 799/3747/753 3019/3799/2423 5037/3800/3313 2996/3750/2402
f 3019/3799/2423 811/3798/763 3020/3801/2424 5037/3800/3313
f 5037/3800/3313 3020/3801/2424 812/3802/764 3021/3803/2425
f 2996/3750/2402 5037/3800/3313 3021/3803/2425 800/3751/754
f 800/3751/754 3021/3803/2425 5038/3804/3314 2998/3754/2404
f 3021/3803/2425 812/3802/764 3022/3805/2426 5038/3804/3314
f 5038/3804/3314 3022/3805/2426 813/3806/765 3023/3807/2427
f 2998/3754/2404 5038/3804/3314 3023/3807/2427 801/3755/755
f 801/3755/755 3023/3807/2427 5039/3808/3315 3000/3758/2406
f 3023/3807/2427 813/3806/765 3024/3809/2428 5039/3808/3315
f 5039/3808/3315 3024/3809/2428 814/3810/766 3025/3811/2429
f 3000/3758/2406 5039/3808/3315 3025/3811/2429 802/3759/756
f 802/3759/756 3025/3811/2429 5040/3812/3316 3002/3762/2408
f 3025/3811/2429 814/3810/766 3026/3813/2430 5040/3812/3316
f 5040/3812/3316 3026/3813/2430 803/3765/517 3003/3763/1885
f 3002/3762/2408 5040/3812/3316 3003/3763/1885 791/3711/505
f 803/3765/517 3027/3814/1909 5041/3815/3317 3004/3766/2409
f 3027/3814/1909 815/3816/529 3028/3817/2431 5041/3815/3317
f 5041/3815/3317 3028/3817/2431 816/3818/767 3029/3819/2432
f 3004/3766/2409 5041/3815/3317 3029/3819/2432 804/3767/757
f 804/3767/757 3029/3819/2432 5042/3820/3318 3006/3770/2411
f 3029/3819/2432 816/3818/767 3030/3821/2433 5042/3820/3318
f 5042/3820/3318 3030/3821/2433 817/3822/768 3031/3823/2434
f 3006/3770/2411 5042/3820/3318 3031/3823/2434 805/3771/758
f 805/3771/758 3031/3823/2434 5043/3824/3319 3008/3774/2413
f 3031/3823/2434 817/3822/768 3032/3825/2435 5043/3824/3319
f 5043/3824/3319 3032/3825/2435 818/3826/769 3033/3827/2436
f 3008/3774/2413 5043/3824/3319 3033/3827/2436 806/3775/759
f 806/3775/759 3033/3827/2436 5044/3828/3320 3010/3778/2415
f 3033/3827/2436 818/3826/769 3034/3829/2437 5044/3828/3320
f 5044/3828/3320 3034/3829/2437 819/3830/770 3035/3831/2438
f 3010/3778/2415 5044/3828/3320 3035/3831/2438 807/3779/760
f 807/3779/760 3035/3831/2438 5045/3832/3321 3012/3782/2417
f 3035/3831/2438 819/3830/770 3036/3833/2439 5045/3832/3321
f 5045/3832/3321 3036/3833/2439 820/3834/771 3037/3835/2440
f 3012/3782/2417 5045/3832/3321 3037/3835/2440 808/3783/761
f 808/3783/761 3037/3836/2440 5046/3837/3322 3014/3786/2419
f 3037/3836/2440 820/3834/771 3038/3838/2441 5046/3837/3322
f 5046/3837/3322 3038/3838/2441 821/3839/523 3039/3840/1897
f 3014/3786/2419 5046/3837/3322 3039/3840/1897 809/3787/511
f 809/3791/511 3039/3841/1897 5047/3842/3323 3016/3792/2420
f 3039/3841/1897 821/3843/523 3040/3844/2442 5047/3842/3323
f 5047/3842/3323 3040/3844/2442 822/3845/772 3041/3846/2443
f 3016/3792/2420 5047/3842/3323 3041/3846/2443 810/3793/762
f 810/3796/762 3041/3847/2443 5048/3848/3324 3018/3797/2422
f 3041/3847/2443 822/3849/772 3042/3850/2444 5048/3848/3324
f 5048/3848/3324 3042/3850/2444 823/3851/773 3043/3852/2445
f 3018/3797/2422 5048/3848/3324 3043/3852/2445 811/3798/763
f 811/3798/763 3043/3852/2445 5049/3853/3325 3020/3801/2424
f 3043/3852/2445 823/3851/773 3044/3854/2446 5049/3853/3325
f 5049/3853/3325 3044/3854/2446 824/3855/774 3045/3856/2447
f 3020/3801/2424 5049/3853/3325 3045/3856/2447 812/3802/764
f 812/3802/764 3045/3856/2447 5050/3857/3326 3022/3805/2426
f 3045/3856/2447 824/3855/774 3046/3858/2448 5050/3857/3326
f 5050/3857/3326 3046/3858/2448 825/3859/775 3047/3860/2449
f 3022/3805/2426 5050/3857/3326 3047/3860/2449 813/3806/765
f 813/3806/765 3047/3860/2449 5051/3861/3327 3024/3809/2428
f 3047/3860/2449 825/3859/775 3048/3862/2450 5051/3861/3327
f 5051/3861/3327 3048/3862/2450 826/3863/776 3049/3864/2451
f 3024/3809/2428 5051/3861/3327 3049/3864/2451 814/3810/766
f 814/3810/766 3049/3864/2451 5052/3865/3328 3026/3813/2430
f 3049/3864/2451 826/3863/776 3050/3866/2452 5052/3865/3328
f 5052/3865/3328 3050/3866/2452 815/3816/529 3027/3814/1909
f 3026/3813/2430 5052/3865/3328 3027/3814/1909 803/3765/517
f 815/3816/529 3051/3867/1933 5053/3868/3329 3028/3817/2431
f 3051/3867/1933 827/3869/541 3052/3870/2453 5053/3868/3329
f 5053/3868/3329 3052/3870/2453 828/3871/777 3053/3872/2454
f 3028/3817/2431 5053/3868/3329 3053/3872/2454 816/3818/767
f 816/3818/767 3053/3872/2454 5054/3873/3330 3030/3821/2433
f 3053/3872/2454 828/3871/777 3054/3874/2455 5054/3873/3330
f 5054/3873/3330 3054/3874/2455 829/3875/778 3055/3876/2456
f 3030/3821/2433 5054/3873/3330 3055/3876/2456 817/3822/768
f 817/3822/768 3055/3876/2456 5055/3877/3331 3032/3825/2435
f 3055/3876/2456 829/3875/778 3056/3878/2457 5055/3877/3331
f 5055/3877/3331 3056/3878/2457 830/3879/779 3057/3880/2458
f 3032/3825/2435 5055/3877/3331 3057/3880/2458 818/3826/769
f 818/3826/769 3057/3880/2458 5056/3881/3332 3034/3829/2437
f 3057/3880/2458 830/3879/779 3058/3882/2459 5056/3881/3332
f 5056/3881/3332 3058/3882/2459 831/3883/780 3059/3884/2460
f 3034/3829/2437 5056/3881/3332 3059/3884/2460 819/3830/770
f 819/3830/770 3059/3884/2460 5057/3885/3333 3036/3833/2439
f 3059/3884/2460 831/3883/780 3060/3886/2461 5057/3885/3333
f 5057/3885/3333 3060/3886/2461 832/3887/781 3061/3888/2462
f 3036/3833/2439 5057/3885/3333 3061/3888/2462 820/3834/771
f 820/3834/771 3061/3889/2462 5058/3890/3334 3038/3838/2441
f 3061/3889/2462 832/3891/781 3062/3892/2463 5058/3890/3334
f 5058/3890/3334 3062/3892/2463 833/3893/535 3063/3894/1921
f 3038/3838/2441 5058/3890/3334 3063/3894/1921 821/3839/523
f 821/3843/523 3063/3895/1921 5059/3896/3335 3040/3844/2442
f 3063/3895/1921 833/3897/535 3064/3898/2464 5059/3896/3335
f 5059/3896/3335 3064/3898/2464 834/3899/782 3065/3900/2465
f 3040/3844/2442 5059/3896/3335 3065/3900/2465 822/3845/772
f 822/3849/772 3065/3901/2465 5060/3902/3336 3042/3850/2444
f 3065/3901/2465 834/3903/782 3066/3904/2466 5060/3902/3336
f 5060/3902/3336 3066/3904/2466 835/3905/783 3067/3906/2467
f 3042/3850/2444 5060/3902/3336 3067/3906/2467 823/3851/773
f 823/3851/773 3067/3906/2467 5061/3907/3337 3044/3854/2446
f 3067/3906/2467 835/3905/783 3068/3908/2468 5061/3907/3337
f 5061/3907/3337 3068/3908/2468 836/3909/784 3069/3910/2469
f 3044/3854/2446 5061/3907/3337 3069/3910/2469 824/3855/774
f 824/3855/774 3069/3910/2469 5062/3911/3338 3046/3858/2448
f 3069/3910/2469 836/3909/784 3070/3912/2470 5062/3911/3338
f 5062/3911/3338 3070/3912/2470 837/3913/785 3071/3914/2471
f 3046/3858/2448 5062/3911/3338 3071/3914/2471 825/3859/775
f 825/3859/775 3071/3914/2471 5063/3915/3339 3048/3862/2450
f 3071/3914/2471 837/3913/785 3072/3916/2472 5063/3915/3339
f 5063/3915/3339 3072/3916/2472 838/3917/786 3073/3918/2473
f 3048/3862/2450 5063/3915/3339 3073/3918/2473 826/3863/776
f 826/3863/776 3073/3918/2473 5064/3919/3340 3050/3866/2452
f 3073/3918/2473 838/3917/786 3074/3920/2474 5064/3919/3340
f 5064/3919/3340 3074/3920/2474 827/3869/541 3051/3867/1933
f 3050/3866/2452 5064/3919/3340 3051/3867/1933 815/3816/529
f 827/3869/541 3075/3921/1957 5065/3922/3341 3052/3870/2453
f 3075/3921/1957 263/1391/96 1935/540/1381 5065/3922/3341
f 5065/3922/3341 1935/540/1381 264/1398/263 3076/3923/2475
f 3052/3870/2453 5065/3922/3341 3076/3923/2475 828/3871/777
f 828/3871/777 3076/3923/2475 5066/3924/3342 3054/3874/2455
f 3076/3923/2475 264/1398/263 1939/1400/1385 5066/3924/3342
f 5066/3924/3342 1939/1400/1385 265/1404/264 3077/3925/2476
f 3054/3874/2455 5066/3924/3342 3077/3925/2476 829/3875/778
f 829/3875/778 3077/3925/2476 5067/3926/3343 3056/3878/2457
f 3077/3925/2476 265/1404/264 1942/504/1388 5067/3926/3343
f 5067/3926/3343 1942/504/1388 266/1409/265 3078/3927/2477
f 3056/3878/2457 5067/3926/3343 3078/3927/2477 830/3879/779
f 830/3879/779 3078/3927/2477 5068/3928/3344 3058/3882/2459
f 3078/3927/2477 266/1409/265 1945/1411/1391 5068/3928/3344
f 5068/3928/3344 1945/1411/1391 267/1415/266 3079/3929/2478
f 3058/3882/2459 5068/3928/3344 3079/3929/2478 831/3883/780
f 831/3883/780 3079/3929/2478 5069/3930/3345 3060/3886/2461
f 3079/3929/2478 267/1415/266 1948/1417/1394 5069/3930/3345
f 5069/3930/3345 1948/1417/1394 268/1421/267 3080/3931/2479
f 3060/3886/2461 5069/3930/3345 3080/3931/2479 832/3887/781
f 832/3891/781 3080/3931/2479 5070/3932/3346 3062/3892/2463
f 3080/3931/2479 268/1421/267 1951/1423/1397 5070/3932/3346
f 5070/3932/3346 1951/1423/1397 269/1427/206 3081/3933/1945
f 3062/3892/2463 5070/3932/3346 3081/3933/1945 833/3893/535
f 833/3897/535 3081/3934/1945 5071/3935/3347 3064/3898/2464
f 3081/3934/1945 269/1428/206 1954/1431/1400 5071/3935/3347
f 5071/3935/3347 1954/1431/1400 270/1436/268 3082/3936/2480
f 3064/3898/2464 5071/3935/3347 3082/3936/2480 834/3899/782
f 834/3903/782 3082/3936/2480 5072/3937/3348 3066/3904/2466
f 3082/3936/2480 270/1436/268 1957/1438/1403 5072/3937/3348
f 5072/3937/3348 1957/1438/1403 271/1443/269 3083/3938/2481
f 3066/3904/2466 5072/3937/3348 3083/3938/2481 835/3905/783
f 835/3905/783 3083/3938/2481 5073/3939/3349 3068/3908/2468
f 3083/3938/2481 271/1443/269 1960/1445/1406 5073/3939/3349
f 5073/3939/3349 1960/1445/1406 272/1449/270 3084/3940/2482
f 3068/3908/2468 5073/3939/3349 3084/3940/2482 836/3909/784
f 836/3909/784 3084/3940/2482 5074/3941/3350 3070/3912/2470
f 3084/3940/2482 272/1449/270 1963/1451/1409 5074/3941/3350
f 5074/3941/3350 1963/1451/1409 273/1455/271 3085/3942/2483
f 3070/3912/2470 5074/3941/3350 3085/3942/2483 837/3913/785
f 837/3913/785 3085/3942/2483 5075/3943/3351 3072/3916/2472
f 3085/3942/2483 273/1455/271 1966/521/1412 5075/3943/3351
f 5075/3943/3351 1966/521/1412 274/1460/272 3086/3944/2484
f 3072/3916/2472 5075/3943/3351 3086/3944/2484 838/3917/786
f 838/3917/786 3086/3944/2484 5076/3945/3352 3074/3920/2474
f 3086/3944/2484 274/1460/272 1969/1462/1415 5076/3945/3352
f 5076/3945/3352 1969/1462/1415 263/1391/96 3075/3921/1957
f 3074/3920/2474 5076/3945/3352 3075/3921/1957 827/3869/541
f 839/1391/96 3088/1392/1382 5077/1393/2777 3087/540/1381
f 3088/1392/1382 851/1394/273 3089/1395/1383 5077/1393/2777
f 5077/1393/2777 3089/1395/1383 852/1396/274 3090/1397/1384
f 3087/540/1381 5077/1393/2777 3090/1397/1384 840/1398/263
f 840/1398/263 3090/1397/1384 5078/1399/2778 3091/1400/1385
f 3090/1397/1384 852/1396/274 3092/1401/1386 5078/1399/2778
f 5078/1399/2778 3092/1401/1386 853/1402/275 3093/1403/1387
f 3091/1400/1385 5078/1399/2778 3093/1403/1387 841/1404/264
f 841/1404/264 3093/1403/1387 5079/1405/2779 3094/504/1388
f 3093/1403/1387 853/1402/275 3095/1406/1389 5079/1405/2779
f 5079/1405/2779 3095/1406/1389 854/1407/276 3096/1408/1390
f 3094/504/1388 5079/1405/2779 3096/1408/1390 842/1409/265
f 842/1409/265 3096/1408/1390 5080/1410/2780 3097/1411/1391
f 3096/1408/1390 854/1407/276 3098/1412/1392 5080/1410/2780
f 5080/1410/2780 3098/1412/1392 855/1413/277 3099/1414/1393
f 3097/1411/1391 5080/1410/2780 3099/1414/1393 843/1415/266
f 843/1415/266 3099/1414/1393 5081/1416/2781 3100/1417/1394
f 3099/1414/1393 855/1413/277 3101/1418/1395 5081/1416/2781
f 5081/1416/2781 3101/1418/1395 856/1419/789 3102/1420/2485
f 3100/1417/1394 5081/1416/2781 3102/1420/2485 844/1421/787
f 844/1421/787 3102/1420/2485 5082/1422/2782 3103/1423/1397
f 3102/1420/2485 856/1419/789 3104/1424/1398 5082/1422/2782
f 5082/1422/2782 3104/1424/1398 857/1425/279 3105/1426/1399
f 3103/1423/1397 5082/1422/2782 3105/1426/1399 845/1427/206
f 845/1428/206 3105/1429/1399 5083/1430/2783 3106/1431/1400
f 3105/1429/1399 857/1432/279 3107/1433/1401 5083/1430/2783
f 5083/1430/2783 3107/1433/1401 858/1434/790 3108/1435/1402
f 3106/1431/1400 5083/1430/2783 3108/1435/1402 846/1436/788
f 846/1436/788 3108/1435/1402 5084/1437/2784 3109/1438/1403
f 3108/1435/1402 858/1439/790 3110/1440/1404 5084/1437/2784
f 5084/1437/2784 3110/1440/1404 859/1441/281 3111/1442/1405
f 3109/1438/1403 5084/1437/2784 3111/1442/1405 847/1443/269
f 847/1443/269 3111/1442/1405 5085/1444/2785 3112/1445/1406
f 3111/1442/1405 859/1441/281 3113/1446/1407 5085/1444/2785
f 5085/1444/2785 3113/1446/1407 860/1447/282 3114/1448/1408
f 3112/1445/1406 5085/1444/2785 3114/1448/1408 848/1449/270
f 848/1449/270 3114/1448/1408 5086/1450/2786 3115/1451/1409
f 3114/1448/1408 860/1447/282 3116/1452/1410 5086/1450/2786
f 5086/1450/2786 3116/1452/1410 861/1453/283 3117/1454/1411
f 3115/1451/1409 5086/1450/2786 3117/1454/1411 849/1455/271
f 849/1455/271 3117/1454/1411 5087/1456/2787 3118/521/1412
f 3117/1454/1411 861/1453/283 3119/1457/1413 5087/1456/2787
f 5087/1456/2787 3119/1457/1413 862/1458/284 3120/1459/1414
f 3118/521/1412 5087/1456/2787 3120/1459/1414 850/1460/272
f 850/1460/272 3120/1459/1414 5088/1461/2788 3121/1462/1415
f 3120/1459/1414 862/1458/284 3122/1463/1416 5088/1461/2788
f 5088/1461/2788 3122/1463/1416 851/1394/273 3088/1392/1382
f 3121/1462/1415 5088/1461/2788 3088/1392/1382 839/1391/96
f 851/1394/273 3123/1464/1417 5089/1465/2789 3089/1395/1383
f 3123/1464/1417 863/1466/285 3124/1467/1418 5089/1465/2789
f 5089/1465/2789 3124/1467/1418 864/1468/286 3125/1469/1419
f 3089/1395/1383 5089/1465/2789 3125/1469/1419 852/1396/274
f 852/1396/274 3125/1469/1419 5090/1470/2790 3092/1401/1386
f 3125/1469/1419 864/1468/286 3126/1471/2486 5090/1470/2790
f 5090/1470/2790 3126/1471/2486 865/1472/287 3127/1473/1421
f 3092/1401/1386 5090/1470/2790 3127/1473/1421 853/1402/275
f 853/1402/275 3127/1473/1421 5091/1474/2791 3095/1406/1389
f 3127/1473/1421 865/1472/287 3128/1475/1422 5091/1474/2791
f 5091/1474/2791 3128/1475/1422 866/1476/791 3129/1477/1423
f 3095/1406/1389 5091/1474/2791 3129/1477/1423 854/1407/276
f 854/1407/276 3129/1477/1423 5092/1478/2792 3098/1412/1392
f 3129/1477/1423 866/1476/791 3130/1479/1424 5092/1478/2792
f 5092/1478/2792 3130/1479/1424 867/1480/289 3131/1481/1425
f 3098/1412/1392 5092/1478/2792 3131/1481/1425 855/1413/277
f 855/1413/277 3131/1481/1425 5093/1482/2793 3101/1418/1395
f 3131/1481/1425 867/1480/289 3132/1483/1426 5093/1482/2793
f 5093/1482/2793 3132/1483/1426 868/1484/792 3133/1485/1427
f 3101/1418/1395 5093/1482/2793 3133/1485/1427 856/1419/789
f 856/1419/789 3133/1485/1427 5094/1486/2794 3104/1424/1398
f 3133/1485/1427 868/1487/792 3134/1488/1428 5094/1486/2794
f 5094/1486/2794 3134/1488/1428 869/1489/291 3135/1490/1429
f 3104/1424/1398 5094/1486/2794 3135/1490/1429 857/1425/279
f 857/1432/279 3135/1491/1429 5095/1492/2795 3107/1433/1401
f 3135/1491/1429 869/1493/291 3136/1494/1430 5095/1492/2795
f 5095/1492/2795 3136/1494/1430 870/1495/793 3137/1496/1431
f 3107/1433/1401 5095/1492/2795 3137/1496/1431 858/1434/790
f 858/1439/790 3137/1496/1431 5096/1497/2796 3110/1440/1404
f 3137/1496/1431 870/1498/793 3138/1499/1432 5096/1497/2796
f 5096/1497/2796 3138/1499/1432 871/1500/293 3139/1501/1433
f 3110/1440/1404 5096/1497/2796 3139/1501/1433 859/1441/281
f 859/1441/281 3139/1501/1433 5097/1502/2797 3113/1446/1407
f 3139/1501/1433 871/1500/293 3140/1503/1434 5097/1502/2797
f 5097/1502/2797 3140/1503/1434 872/1504/294 3141/1505/1435
f 3113/1446/1407 5097/1502/2797 3141/1505/1435 860/1447/282
f 860/1447/282 3141/1505/1435 5098/1506/2798 3116/1452/1410
f 3141/1505/1435 872/1504/294 3142/1507/1436 5098/1506/2798
f 5098/1506/2798 3142/1507/1436 873/1508/295 3143/1509/1437
f 3116/1452/1410 5098/1506/2798 3143/1509/1437 861/1453/283
f 861/1453/283 3143/1509/1437 5099/1510/2799 3119/1457/1413
f 3143/1509/1437 873/1508/295 3144/1511/2487 5099/1510/2799
f 5099/1510/2799 3144/1511/2487 874/1512/296 3145/1513/1439
f 3119/1457/1413 5099/1510/2799 3145/1513/1439 862/1458/284
f 862/1458/284 3145/1513/1439 5100/1514/2800 3122/1463/1416
f 3145/1513/1439 874/1512/296 3146/1515/1440 5100/1514/2800
f 5100/1514/2800 3146/1515/1440 863/1466/285 3123/1464/1417
f 3122/1463/1416 5100/1514/2800 3123/1464/1417 851/1394/273
f 863/1466/285 3147/1516/1441 5101/1517/2801 3124/1467/1418
f 3147/1516/1441 875/1518/297 3148/1519/1442 5101/1517/2801
f 5101/1517/2801 3148/1519/1442 876/1520/298 3149/1521/1443
f 3124/1467/1418 5101/1517/2801 3149/1521/1443 864/1468/286
f 864/1468/286 3149/1521/1443 5102/1522/2802 3126/1471/2486
f 3149/1521/1443 876/1520/298 3150/1523/1444 5102/1522/2802
f 5102/1522/2802 3150/1523/1444 877/1524/299 3151/1525/1445
f 3126/1471/2486 5102/1522/2802 3151/1525/1445 865/1472/287
f 865/1472/287 3151/1525/1445 5103/1526/2803 3128/1475/1422
f 3151/1525/1445 877/1524/299 3152/1527/1446 5103/1526/2803
f 5103/1526/2803 3152/1527/1446 878/1528/300 3153/1529/1447
f 3128/1475/1422 5103/1526/2803 3153/1529/1447 866/1476/791
f 866/1476/791 3153/1529/1447 5104/1530/2804 3130/1479/1424
f 3153/1529/1447 878/1528/300 3154/1531/1448 5104/1530/2804
f 5104/1530/2804 3154/1531/1448 879/1532/301 3155/1533/1449
f 3130/1479/1424 5104/1530/2804 3155/1533/1449 867/1480/289
f 867/1480/289 3155/1533/1449 5105/1534/2805 3132/1483/1426
f 3155/1533/1449 879/1532/301 3156/1535/1450 5105/1534/2805
f 5105/1534/2805 3156/1535/1450 880/1536/794 3157/1537/2488
f 3132/1483/1426 5105/1534/2805 3157/1537/2488 868/1484/792
f 868/1487/792 3157/1538/2488 5106/1539/2806 3134/1488/1428
f 3157/1538/2488 880/1536/794 3158/1540/1452 5106/1539/2806
f 5106/1539/2806 3158/1540/1452 881/1541/303 3159/1542/1453
f 3134/1488/1428 5106/1539/2806 3159/1542/1453 869/1489/291
f 869/1493/291 3159/1543/1453 5107/1544/2807 3136/1494/1430
f 3159/1543/1453 881/1545/303 3160/1546/1454 5107/1544/2807
f 5107/1544/2807 3160/1546/1454 882/1547/795 3161/1548/1455
f 3136/1494/1430 5107/1544/2807 3161/1548/1455 870/1495/793
f 870/1498/793 3161/1549/1455 5108/1550/2808 3138/1499/1432
f 3161/1549/1455 882/1551/795 3162/1552/1456 5108/1550/2808
f 5108/1550/2808 3162/1552/1456 883/1553/305 3163/1554/1457
f 3138/1499/1432 5108/1550/2808 3163/1554/1457 871/1500/293
f 871/1500/293 3163/1554/1457 5109/1555/2809 3140/1503/1434
f 3163/1554/1457 883/1553/305 3164/1556/1458 5109/1555/2809
f 5109/1555/2809 3164/1556/1458 884/1557/306 3165/1558/1459
f 3140/1503/1434 5109/1555/2809 3165/1558/1459 872/1504/294
f 872/1504/294 3165/1558/1459 5110/1559/2810 3142/1507/1436
f 3165/1558/1459 884/1557/306 3166/1560/1460 5110/1559/2810
f 5110/1559/2810 3166/1560/1460 885/1561/307 3167/1562/1461
f 3142/1507/1436 5110/1559/2810 3167/1562/1461 873/1508/295
f 873/1508/295 3167/1562/1461 5111/1563/2811 3144/1511/2487
f 3167/1562/1461 885/1561/307 3168/1564/1462 5111/1563/2811
f 5111/1563/2811 3168/1564/1462 886/1565/308 3169/1566/1463
f 3144/1511/2487 5111/1563/2811 3169/1566/1463 874/1512/296
f 874/1512/296 3169/1566/1463 5112/1567/2812 3146/1515/1440
f 3169/1566/1463 886/1565/308 3170/1568/1464 5112/1567/2812
f 5112/1567/2812 3170/1568/1464 875/1518/297 3147/1516/1441
f 3146/1515/1440 5112/1567/2812 3147/1516/1441 863/1466/285
f 875/1518/297 3171/1569/1465 5113/1570/2813 3148/1519/1442
f 3171/1569/1465 887/1571/309 3172/1572/1466 5113/1570/2813
f 5113/1570/2813 3172/1572/1466 888/1573/310 3173/1574/1467
f 3148/1519/1442 5113/1570/2813 3173/1574/1467 876/1520/298
f 876/1520/298 3173/1574/1467 5114/1575/2814 3150/1523/1444
f 3173/1574/1467 888/1573/310 3174/1576/1468 5114/1575/2814
f 5114/1575/2814 3174/1576/1468 889/1577/311 3175/1578/1469
f 3150/1523/1444 5114/1575/2814 3175/1578/1469 877/1524/299
f 877/1524/299 3175/1578/1469 5115/1579/2815 3152/1527/1446
f 3175/1578/1469 889/1577/311 3176/1580/1470 5115/1579/2815
f 5115/1579/2815 3176/1580/1470 890/1581/312 3177/1582/1471
f 3152/1527/1446 5115/1579/2815 3177/1582/1471 878/1528/300
f 878/1528/300 3177/1582/1471 5116/1583/2816 3154/1531/1448
f 3177/1582/1471 890/1581/312 3178/1584/1472 5116/1583/2816
f 5116/1583/2816 3178/1584/1472 891/1585/313 3179/1586/1473
f 3154/1531/1448 5116/1583/2816 3179/1586/1473 879/1532/301
f 879/1532/301 3179/1586/1473 5117/1587/2817 3156/1535/1450
f 3179/1586/1473 891/1585/313 3180/1588/1474 5117/1587/2817
f 5117/1587/2817 3180/1588/1474 892/1589/796 3181/1590/2489
f 3156/1535/1450 5117/1587/2817 3181/1590/2489 880/1536/794
f 880/1536/794 3181/1591/2489 5118/1592/2818 3158/1540/1452
f 3181/1591/2489 892/1593/796 3182/1594/1476 5118/1592/2818
f 5118/1592/2818 3182/1594/1476 893/1595/315 3183/1596/1477
f 3158/1540/1452 5118/1592/2818 3183/1596/1477 881/1541/303
f 881/1545/303 3183/1597/1477 5119/1598/2819 3160/1546/1454
f 3183/1597/1477 893/1599/315 3184/1600/1478 5119/1598/2819
f 5119/1598/2819 3184/1600/1478 894/1601/797 3185/1602/1479
f 3160/1546/1454 5119/1598/2819 3185/1602/1479 882/1547/795
f 882/1551/795 3185/1603/1479 5120/1604/2820 3162/1552/1456
f 3185/1603/1479 894/1605/797 3186/1606/1480 5120/1604/2820
f 5120/1604/2820 3186/1606/1480 895/1607/317 3187/1608/1481
f 3162/1552/1456 5120/1604/2820 3187/1608/1481 883/1553/305
f 883/1553/305 3187/1608/1481 5121/1609/3353 3164/1556/1458
f 3187/1608/1481 895/1607/317 3188/1610/1482 5121/1609/3353
f 5121/1609/3353 3188/1610/1482 896/1611/318 3189/1612/1483
f 3164/1556/1458 5121/1609/3353 3189/1612/1483 884/1557/306
f 884/1557/306 3189/1612/1483 5122/1613/2822 3166/1560/1460
f 3189/1612/1483 896/1611/318 3190/1614/1484 5122/1613/2822
f 5122/1613/2822 3190/1614/1484 897/1615/319 3191/1616/1485
f 3166/1560/1460 5122/1613/2822 3191/1616/1485 885/1561/307
f 885/1561/307 3191/1616/1485 5123/1617/2823 3168/1564/1462
f 3191/1616/1485 897/1615/319 3192/1618/1486 5123/1617/2823
f 5123/1617/2823 3192/1618/1486 898/1619/798 3193/1620/1487
f 3168/1564/1462 5123/1617/2823 3193/1620/1487 886/1565/308
f 886/1565/308 3193/1620/1487 5124/1621/2824 3170/1568/1464
f 3193/1620/1487 898/1619/798 3194/1622/1488 5124/1621/2824
f 5124/1621/2824 3194/1622/1488 887/1571/309 3171/1569/1465
f 3170/1568/1464 5124/1621/2824 3171/1569/1465 875/1518/297
f 887/1571/309 3195/1623/1489 5125/1624/2825 3172/1572/1466
f 3195/1623/1489 899/1625/321 3196/1626/1490 5125/1624/2825
f 5125/1624/2825 3196/1626/1490 900/1627/322 3197/1628/1491
f 3172/1572/1466 5125/1624/2825 3197/1628/1491 888/1573/310
f 888/1573/310 3197/1628/1491 5126/1629/2826 3174/1576/1468
f 3197/1628/1491 900/1627/322 3198/1630/1492 5126/1629/2826
f 5126/1629/2826 3198/1630/1492 901/1631/323 3199/1632/1493
f 3174/1576/1468 5126/1629/2826 3199/1632/1493 889/1577/311
f 889/1577/311 3199/1632/1493 5127/1633/2827 3176/1580/1470
f 3199/1632/1493 901/1631/323 3200/1634/1494 5127/1633/2827
f 5127/1633/2827 3200/1634/1494 902/1635/324 3201/1636/1495
f 3176/1580/1470 5127/1633/2827 3201/1636/1495 890/1581/312
f 890/1581/312 3201/1636/1495 5128/1637/2828 3178/1584/1472
f 3201/1636/1495 902/1635/324 3202/1638/1496 5128/1637/2828
f 5128/1637/2828 3202/1638/1496 903/1639/325 3203/1640/1497
f 3178/1584/1472 5128/1637/2828 3203/1640/1497 891/1585/313
f 891/1585/313 3203/1640/1497 5129/1641/2829 3180/1588/1474
f 3203/1640/1497 903/1639/325 3204/1642/1498 5129/1641/2829
f 5129/1641/2829 3204/1642/1498 904/1643/799 3205/1644/2490
f 3180/1588/1474 5129/1641/2829 3205/1644/2490 892/1589/796
f 892/1593/796 3205/1645/2490 5130/1646/2830 3182/1594/1476
f 3205/1645/2490 904/1647/799 3206/1648/1500 5130/1646/2830
f 5130/1646/2830 3206/1648/1500 905/1649/327 3207/1650/1501
f 3182/1594/1476 5130/1646/2830 3207/1650/1501 893/1595/315
f 893/1599/315 3207/1651/1501 5131/1652/2831 3184/1600/1478
f 3207/1651/1501 905/1653/327 3208/1654/1502 5131/1652/2831
f 5131/1652/2831 3208/1654/1502 906/1655/800 3209/1656/1503
f 3184/1600/1478 5131/1652/2831 3209/1656/1503 894/1601/797
f 894/1605/797 3209/1657/1503 5132/1658/2832 3186/1606/1480
f 3209/1657/1503 906/1659/800 3210/1660/1504 5132/1658/2832
f 5132/1658/2832 3210/1660/1504 907/1661/329 3211/1662/1505
f 3186/1606/1480 5132/1658/2832 3211/1662/1505 895/1607/317
f 895/1607/317 3211/1662/1505 5133/1663/2833 3188/1610/1482
f 3211/1662/1505 907/1661/329 3212/1664/1506 5133/1663/2833
f 5133/1663/2833 3212/1664/1506 908/1665/330 3213/1666/1507
f 3188/1610/1482 5133/1663/2833 3213/1666/1507 896/1611/318
f 896/1611/318 3213/1666/1507 5134/1667/2834 3190/1614/1484
f 3213/1666/1507 908/1665/330 3214/1668/1508 5134/1667/2834
f 5134/1667/2834 3214/1668/1508 909/1669/331 3215/1670/1509
f 3190/1614/1484 5134/1667/2834 3215/1670/1509 897/1615/319
f 897/1615/319 3215/1670/1509 5135/1671/2835 3192/1618/1486
f 3215/1670/1509 909/1669/331 3216/1672/1510 5135/1671/2835
f 5135/1671/2835 3216/1672/1510 910/1673/332 3217/1674/1511
f 3192/1618/1486 5135/1671/2835 3217/1674/1511 898/1619/798
f 898/1619/798 3217/1674/1511 5136/1675/2836 3194/1622/1488
f 3217/1674/1511 910/1673/332 3218/1676/1512 5136/1675/2836
f 5136/1675/2836 3218/1676/1512 899/1625/321 3195/1623/1489
f 3194/1622/1488 5136/1675/2836 3195/1623/1489 887/1571/309
f 899/1625/321 3219/1677/1513 5137/1678/2837 3196/1626/1490
f 3219/1677/1513 911/1679/333 3220/1680/1514 5137/1678/2837
f 5137/1678/2837 3220/1680/1514 912/1681/334 3221/1682/2491
f 3196/1626/1490 5137/1678/2837 3221/1682/2491 900/1627/322
f 900/1627/322 3221/1682/2491 5138/1683/2838 3198/1630/1492
f 3221/1682/2491 912/1681/334 3222/1684/1516 5138/1683/2838
f 5138/1683/2838 3222/1684/1516 913/1685/335 3223/1686/1517
f 3198/1630/1492 5138/1683/2838 3223/1686/1517 901/1631/323
f 901/1631/323 3223/1686/1517 5139/1687/2839 3200/1634/1494
f 3223/1686/1517 913/1685/335 3224/1688/1518 5139/1687/2839
f 5139/1687/2839 3224/1688/1518 914/46/336 3225/1689/1519
f 3200/1634/1494 5139/1687/2839 3225/1689/1519 902/1635/324
f 902/1635/324 3225/1689/1519 5140/1690/2840 3202/1638/1496
f 3225/1689/1519 914/46/336 3226/1691/1520 5140/1690/2840
f 5140/1690/2840 3226/1691/1520 915/1692/337 3227/1693/1521
f 3202/1638/1496 5140/1690/2840 3227/1693/1521 903/1639/325
f 903/1639/325 3227/1693/1521 5141/1694/2841 3204/1642/1498
f 3227/1693/1521 915/1692/337 3228/1695/1522 5141/1694/2841
f 5141/1694/2841 3228/1695/1522 916/1696/801 3229/1697/2492
f 3204/1642/1498 5141/1694/2841 3229/1697/2492 904/1643/799
f 904/1647/799 3229/1698/2492 5142/1699/2842 3206/1648/1500
f 3229/1698/2492 916/1700/801 3230/1701/1524 5142/1699/2842
f 5142/1699/2842 3230/1701/1524 917/1702/339 3231/1703/1525
f 3206/1648/1500 5142/1699/2842 3231/1703/1525 905/1649/327
f 905/1653/327 3231/1704/1525 5143/1705/2843 3208/1654/1502
f 3231/1704/1525 917/1706/339 3232/1707/1526 5143/1705/2843
f 5143/1705/2843 3232/1707/1526 918/1708/802 3233/1709/1527
f 3208/1654/1502 5143/1705/2843 3233/1709/1527 906/1655/800
f 906/1659/800 3233/1710/1527 5144/1711/2844 3210/1660/1504
f 3233/1710/1527 918/1712/802 3234/1713/1528 5144/1711/2844
f 5144/1711/2844 3234/1713/1528 919/1714/341 3235/1715/1529
f 3210/1660/1504 5144/1711/2844 3235/1715/1529 907/1661/329
f 907/1661/329 3235/1715/1529 5145/1716/2845 3212/1664/1506
f 3235/1715/1529 919/1714/341 3236/1717/1530 5145/1716/2845
f 5145/1716/2845 3236/1717/1530 920/1718/342 3237/1719/1531
f 3212/1664/1506 5145/1716/2845 3237/1719/1531 908/1665/330
f 908/1665/330 3237/1719/1531 5146/1720/2846 3214/1668/1508
f 3237/1719/1531 920/1718/342 3238/1721/1532 5146/1720/2846
f 5146/1720/2846 3238/1721/1532 921/1722/343 3239/1723/1533
f 3214/1668/1508 5146/1720/2846 3239/1723/1533 909/1669/331
f 909/1669/331 3239/1723/1533 5147/1724/2847 3216/1672/1510
f 3239/1723/1533 921/1722/343 3240/1725/1534 5147/1724/2847
f 5147/1724/2847 3240/1725/1534 922/1726/344 3241/1727/1535
f 3216/1672/1510 5147/1724/2847 3241/1727/1535 910/1673/332
f 910/1673/332 3241/1727/1535 5148/1728/2848 3218/1676/1512
f 3241/1727/1535 922/1726/344 3242/1729/1536 5148/1728/2848
f 5148/1728/2848 3242/1729/1536 911/1679/333 3219/1677/1513
f 3218/1676/1512 5148/1728/2848 3219/1677/1513 899/1625/321
f 911/1679/333 3243/1730/1537 5149/1731/2849 3220/1680/1514
f 3243/1730/1537 923/1732/345 3244/1733/1538 5149/1731/2849
f 5149/1731/2849 3244/1733/1538 924/1734/346 3245/1735/1539
f 3220/1680/1514 5149/1731/2849 3245/1735/1539 912/1681/334
f 912/1681/334 3245/1735/1539 5150/1736/2850 3222/1684/1516
f 3245/1735/1539 924/1734/346 3246/1737/1540 5150/1736/2850
f 5150/1736/2850 3246/1737/1540 925/1738/347 3247/1739/1541
f 3222/1684/1516 5150/1736/2850 3247/1739/1541 913/1685/335
f 913/1685/335 3247/1739/1541 5151/1740/2851 3224/1688/1518
f 3247/1739/1541 925/1738/347 3248/1741/1542 5151/1740/2851
f 5151/1740/2851 3248/1741/1542 926/1742/348 3249/1743/1543
f 3224/1688/1518 5151/1740/2851 3249/1743/1543 914/46/336
f 914/46/336 3249/1743/1543 5152/1744/2852 3226/1691/1520
f 3249/1743/1543 926/1742/348 3250/1745/1544 5152/1744/2852
f 5152/1744/2852 3250/1745/1544 927/1746/349 3251/1747/1545
f 3226/1691/1520 5152/1744/2852 3251/1747/1545 915/1692/337
f 915/1692/337 3251/1747/1545 5153/1748/2853 3228/1695/1522
f 3251/1747/1545 927/1746/349 3252/1749/1546 5153/1748/2853
f 5153/1748/2853 3252/1749/1546 928/1750/803 3253/1751/2493
f 3228/1695/1522 5153/1748/2853 3253/1751/2493 916/1696/801
f 916/1700/801 3253/1752/2493 5154/1753/2854 3230/1701/1524
f 3253/1752/2493 928/1754/803 3254/1755/1548 5154/1753/2854
f 5154/1753/2854 3254/1755/1548 929/1756/351 3255/1757/1549
f 3230/1701/1524 5154/1753/2854 3255/1757/1549 917/1702/339
f 917/1706/339 3255/1758/1549 5155/1759/2855 3232/1707/1526
f 3255/1758/1549 929/1760/351 3256/1761/1550 5155/1759/2855
f 5155/1759/2855 3256/1761/1550 930/1762/804 3257/1763/1551
f 3232/1707/1526 5155/1759/2855 3257/1763/1551 918/1708/802
f 918/1712/802 3257/1764/1551 5156/1765/2856 3234/1713/1528
f 3257/1764/1551 930/1766/804 3258/1767/1552 5156/1765/2856
f 5156/1765/2856 3258/1767/1552 931/1768/353 3259/1769/1553
f 3234/1713/1528 5156/1765/2856 3259/1769/1553 919/1714/341
f 919/1714/341 3259/1769/1553 5157/1770/2857 3236/1717/1530
f 3259/1769/1553 931/1768/353 3260/1771/1554 5157/1770/2857
f 5157/1770/2857 3260/1771/1554 932/1772/354 3261/1773/1555
f 3236/1717/1530 5157/1770/2857 3261/1773/1555 920/1718/342
f 920/1718/342 3261/1773/1555 5158/1774/2858 3238/1721/1532
f 3261/1773/1555 932/1772/354 3262/1775/1556 5158/1774/2858
f 5158/1774/2858 3262/1775/1556 933/1776/355 3263/1777/1557
f 3238/1721/1532 5158/1774/2858 3263/1777/1557 921/1722/343
f 921/1722/343 3263/1777/1557 5159/1778/2859 3240/1725/1534
f 3263/1777/1557 933/1776/355 3264/1779/1558 5159/1778/2859
f 5159/1778/2859 3264/1779/1558 934/1780/356 3265/1781/2494
f 3240/1725/1534 5159/1778/2859 3265/1781/2494 922/1726/344
f 922/1726/344 3265/1781/2494 5160/1782/2860 3242/1729/1536
f 3265/1781/2494 934/1780/356 3266/1783/1560 5160/1782/2860
f 5160/1782/2860 3266/1783/1560 923/1732/345 3243/1730/1537
f 3242/1729/1536 5160/1782/2860 3243/1730/1537 911/1679/333
f 923/1732/345 3267/1784/1561 5161/1785/2861 3244/1733/1538
f 3267/1784/1561 935/1786/357 3268/1787/1562 5161/1785/2861
f 5161/1785/2861 3268/1787/1562 936/1788/805 3269/1789/1563
f 3244/1733/1538 5161/1785/2861 3269/1789/1563 924/1734/346
f 924/1734/346 3269/1789/1563 5162/1790/2862 3246/1737/1540
f 3269/1789/1563 936/1788/805 3270/1791/1564 5162/1790/2862
f 5162/1790/2862 3270/1791/1564 937/1792/359 3271/1793/1565
f 3246/1737/1540 5162/1790/2862 3271/1793/1565 925/1738/347
f 925/1738/347 3271/1793/1565 5163/1794/3354 3248/1741/1542
f 3271/1793/1565 937/1792/359 3272/1795/1566 5163/1794/3354
f 5163/1794/3354 3272/1795/1566 938/1796/360 3273/1797/1567
f 3248/1741/1542 5163/1794/3354 3273/1797/1567 926/1742/348
f 926/1742/348 3273/1797/1567 5164/1798/2864 3250/1745/1544
f 3273/1797/1567 938/1796/360 3274/1799/1568 5164/1798/2864
f 5164/1798/2864 3274/1799/1568 939/1800/361 3275/1801/1569
f 3250/1745/1544 5164/1798/2864 3275/1801/1569 927/1746/349
f 927/1746/349 3275/1801/1569 5165/1802/2865 3252/1749/1546
f 3275/1801/1569 939/1800/361 3276/1803/1570 5165/1802/2865
f 5165/1802/2865 3276/1803/1570 940/1804/806 3277/1805/2495
f 3252/1749/1546 5165/1802/2865 3277/1805/2495 928/1750/803
f 928/1754/803 3277/1806/2495 5166/1807/2866 3254/1755/1548
f 3277/1806/2495 940/1808/806 3278/1809/1572 5166/1807/2866
f 5166/1807/2866 3278/1809/1572 941/1810/363 3279/1811/1573
f 3254/1755/1548 5166/1807/2866 3279/1811/1573 929/1756/351
f 929/1760/351 3279/1812/1573 5167/1813/2867 3256/1761/1550
f 3279/1812/1573 941/1814/363 3280/1815/1574 5167/1813/2867
f 5167/1813/2867 3280/1815/1574 942/1816/807 3281/1817/2496
f 3256/1761/1550 5167/1813/2867 3281/1817/2496 930/1762/804
f 930/1766/804 3281/1818/2496 5168/1819/2868 3258/1767/1552
f 3281/1818/2496 942/1820/807 3282/1821/1576 5168/1819/2868
f 5168/1819/2868 3282/1821/1576 943/1822/365 3283/1823/1577
f 3258/1767/1552 5168/1819/2868 3283/1823/1577 931/1768/353
f 931/1768/353 3283/1823/1577 5169/1824/2869 3260/1771/1554
f 3283/1823/1577 943/1822/365 3284/1825/1578 5169/1824/2869
f 5169/1824/2869 3284/1825/1578 944/1826/366 3285/1827/1579
f 3260/1771/1554 5169/1824/2869 3285/1827/1579 932/1772/354
f 932/1772/354 3285/1827/1579 5170/1828/2870 3262/1775/1556
f 3285/1827/1579 944/1826/366 3286/1829/1580 5170/1828/2870
f 5170/1828/2870 3286/1829/1580 945/1830/367 3287/1831/1581
f 3262/1775/1556 5170/1828/2870 3287/1831/1581 933/1776/355
f 933/1776/355 3287/1831/1581 5171/1832/2871 3264/1779/1558
f 3287/1831/1581 945/1830/367 3288/1833/1582 5171/1832/2871
f 5171/1832/2871 3288/1833/1582 946/1834/808 3289/1835/1583
f 3264/1779/1558 5171/1832/2871 3289/1835/1583 934/1780/356
f 934/1780/356 3289/1835/1583 5172/1836/2872 3266/1783/1560
f 3289/1835/1583 946/1834/808 3290/1837/1584 5172/1836/2872
f 5172/1836/2872 3290/1837/1584 935/1786/357 3267/1784/1561
f 3266/1783/1560 5172/1836/2872 3267/1784/1561 923/1732/345
f 935/1786/357 3291/1838/1585 5173/1839/2873 3268/1787/1562
f 3291/1838/1585 947/1840/369 3292/1841/1586 5173/1839/2873
f 5173/1839/2873 3292/1841/1586 948/1842/370 3293/1843/1587
f 3268/1787/1562 5173/1839/2873 3293/1843/1587 936/1788/805
f 936/1788/805 3293/1843/1587 5174/1844/2874 3270/1791/1564
f 3293/1843/1587 948/1842/370 3294/1845/1588 5174/1844/2874
f 5174/1844/2874 3294/1845/1588 949/1846/371 3295/1847/1589
f 3270/1791/1564 5174/1844/2874 3295/1847/1589 937/1792/359
f 937/1792/359 3295/1847/1589 5175/1848/2875 3272/1795/1566
f 3295/1847/1589 949/1846/371 3296/1849/1590 5175/1848/2875
f 5175/1848/2875 3296/1849/1590 950/1850/372 3297/1851/1591
f 3272/1795/1566 5175/1848/2875 3297/1851/1591 938/1796/360
f 938/1796/360 3297/1851/1591 5176/1852/2876 3274/1799/1568
f 3297/1851/1591 950/1850/372 3298/1853/1592 5176/1852/2876
f 5176/1852/2876 3298/1853/1592 951/1854/373 3299/1855/1593
f 3274/1799/1568 5176/1852/2876 3299/1855/1593 939/1800/361
f 939/1800/361 3299/1855/1593 5177/1856/2877 3276/1803/1570
f 3299/1855/1593 951/1854/373 3300/1857/1594 5177/1856/2877
f 5177/1856/2877 3300/1857/1594 952/1858/809 3301/1859/2497
f 3276/1803/1570 5177/1856/2877 3301/1859/2497 940/1804/806
f 940/1808/806 3301/1859/2497 5178/1860/2878 3278/1809/1572
f 3301/1859/2497 952/1858/809 3302/1861/1596 5178/1860/2878
f 5178/1860/2878 3302/1861/1596 953/1862/375 3303/1863/1597
f 3278/1809/1572 5178/1860/2878 3303/1863/1597 941/1810/363
f 941/1814/363 3303/1864/1597 5179/1865/2879 3280/1815/1574
f 3303/1864/1597 953/1866/375 3304/1867/1598 5179/1865/2879
f 5179/1865/2879 3304/1867/1598 954/1868/810 3305/1869/1599
f 3280/1815/1574 5179/1865/2879 3305/1869/1599 942/1816/807
f 942/1820/807 3305/1869/1599 5180/1870/2880 3282/1821/1576
f 3305/1869/1599 954/1871/810 3306/1872/1600 5180/1870/2880
f 5180/1870/2880 3306/1872/1600 955/1873/811 3307/1874/1601
f 3282/1821/1576 5180/1870/2880 3307/1874/1601 943/1822/365
f 943/1822/365 3307/1874/1601 5181/1875/3355 3284/1825/1578
f 3307/1874/1601 955/1873/811 3308/1876/1602 5181/1875/3355
f 5181/1875/3355 3308/1876/1602 956/1877/812 3309/1878/1603
f 3284/1825/1578 5181/1875/3355 3309/1878/1603 944/1826/366
f 944/1826/366 3309/1878/1603 5182/1879/2882 3286/1829/1580
f 3309/1878/1603 956/1877/812 3310/1880/1604 5182/1879/2882
f 5182/1879/2882 3310/1880/1604 957/1881/379 3311/1882/1605
f 3286/1829/1580 5182/1879/2882 3311/1882/1605 945/1830/367
f 945/1830/367 3311/1882/1605 5183/1883/2883 3288/1833/1582
f 3311/1882/1605 957/1881/379 3312/1884/1606 5183/1883/2883
f 5183/1883/2883 3312/1884/1606 958/1885/380 3313/1886/1607
f 3288/1833/1582 5183/1883/2883 3313/1886/1607 946/1834/808
f 946/1834/808 3313/1886/1607 5184/1887/2884 3290/1837/1584
f 3313/1886/1607 958/1885/380 3314/1888/1608 5184/1887/2884
f 5184/1887/2884 3314/1888/1608 947/1840/369 3291/1838/1585
f 3290/1837/1584 5184/1887/2884 3291/1838/1585 935/1786/357
f 947/1840/369 3315/1889/1609 5185/1890/2885 3292/1841/1586
f 3315/1889/1609 959/1891/381 3316/1892/1610 5185/1890/2885
f 5185/1890/2885 3316/1892/1610 960/1893/382 3317/1894/1611
f 3292/1841/1586 5185/1890/2885 3317/1894/1611 948/1842/370
f 948/1842/370 3317/1894/1611 5186/1895/2886 3294/1845/1588
f 3317/1894/1611 960/1893/382 3318/1896/2498 5186/1895/2886
f 5186/1895/2886 3318/1896/2498 961/1897/383 3319/1898/1613
f 3294/1845/1588 5186/1895/2886 3319/1898/1613 949/1846/371
f 949/1846/371 3319/1898/1613 5187/1899/2887 3296/1849/1590
f 3319/1898/1613 961/1897/383 3320/1900/1614 5187/1899/2887
f 5187/1899/2887 3320/1900/1614 962/1901/384 3321/1902/1615
f 3296/1849/1590 5187/1899/2887 3321/1902/1615 950/1850/372
f 950/1850/372 3321/1902/1615 5188/1903/2888 3298/1853/1592
f 3321/1902/1615 962/1901/384 3322/1904/1616 5188/1903/2888
f 5188/1903/2888 3322/1904/1616 963/1905/385 3323/1906/1617
f 3298/1853/1592 5188/1903/2888 3323/1906/1617 951/1854/373
f 951/1854/373 3323/1906/1617 5189/1907/2889 3300/1857/1594
f 3323/1906/1617 963/1905/385 3324/1908/1618 5189/1907/2889
f 5189/1907/2889 3324/1908/1618 964/1909/813 3325/1910/2499
f 3300/1857/1594 5189/1907/2889 3325/1910/2499 952/1858/809
f 952/1858/809 3325/1910/2499 5190/1911/2890 3302/1861/1596
f 3325/1910/2499 964/1912/813 3326/1913/1620 5190/1911/2890
f 5190/1911/2890 3326/1913/1620 965/1914/387 3327/1915/1621
f 3302/1861/1596 5190/1911/2890 3327/1915/1621 953/1862/375
f 953/1866/375 3327/1916/1621 5191/1917/2891 3304/1867/1598
f 3327/1916/1621 965/1918/387 3328/1919/1622 5191/1917/2891
f 5191/1917/2891 3328/1919/1622 966/1920/814 3329/1921/1623
f 3304/1867/1598 5191/1917/2891 3329/1921/1623 954/1868/810
f 954/1871/810 3329/1921/1623 5192/1922/2892 3306/1872/1600
f 3329/1921/1623 966/1923/814 3330/1924/1624 5192/1922/2892
f 5192/1922/2892 3330/1924/1624 967/1925/389 3331/1926/1625
f 3306/1872/1600 5192/1922/2892 3331/1926/1625 955/1873/811
f 955/1873/811 3331/1926/1625 5193/1927/2893 3308/1876/1602
f 3331/1926/1625 967/1925/389 3332/1928/1626 5193/1927/2893
f 5193/1927/2893 3332/1928/1626 968/1929/390 3333/1930/1627
f 3308/1876/1602 5193/1927/2893 3333/1930/1627 956/1877/812
f 956/1877/812 3333/1930/1627 5194/1931/2894 3310/1880/1604
f 3333/1930/1627 968/1929/390 3334/1932/1628 5194/1931/2894
f 5194/1931/2894 3334/1932/1628 969/1933/391 3335/1934/1629
f 3310/1880/1604 5194/1931/2894 3335/1934/1629 957/1881/379
f 957/1881/379 3335/1934/1629 5195/1935/2895 3312/1884/1606
f 3335/1934/1629 969/1933/391 3336/1936/1630 5195/1935/2895
f 5195/1935/2895 3336/1936/1630 970/1937/392 3337/1938/1631
f 3312/1884/1606 5195/1935/2895 3337/1938/1631 958/1885/380
f 958/1885/380 3337/1938/1631 5196/1939/2896 3314/1888/1608
f 3337/1938/1631 970/1937/392 3338/1940/1632 5196/1939/2896
f 5196/1939/2896 3338/1940/1632 959/1891/381 3315/1889/1609
f 3314/1888/1608 5196/1939/2896 3315/1889/1609 947/1840/369
f 959/1891/381 3339/1941/1633 5197/1942/2897 3316/1892/1610
f 3339/1941/1633 971/1943/393 3340/1944/1634 5197/1942/2897
f 5197/1942/2897 3340/1944/1634 972/1945/394 3341/1946/1635
f 3316/1892/1610 5197/1942/2897 3341/1946/1635 960/1893/382
f 960/1893/382 3341/1946/1635 5198/1947/2898 3318/1896/2498
f 3341/1946/1635 972/1945/394 3342/1948/1636 5198/1947/2898
f 5198/1947/2898 3342/1948/1636 973/1949/395 3343/1950/1637
f 3318/1896/2498 5198/1947/2898 3343/1950/1637 961/1897/383
f 961/1897/383 3343/1950/1637 5199/1951/2899 3320/1900/1614
f 3343/1950/1637 973/1949/395 3344/1952/1638 5199/1951/2899
f 5199/1951/2899 3344/1952/1638 974/1953/396 3345/1954/1639
f 3320/1900/1614 5199/1951/2899 3345/1954/1639 962/1901/384
f 962/1901/384 3345/1954/1639 5200/1955/2900 3322/1904/1616
f 3345/1954/1639 974/1953/396 3346/1956/1640 5200/1955/2900
f 5200/1955/2900 3346/1956/1640 975/1957/397 3347/1958/1641
f 3322/1904/1616 5200/1955/2900 3347/1958/1641 963/1905/385
f 963/1905/385 3347/1958/1641 5201/1959/3356 3324/1908/1618
f 3347/1958/1641 975/1957/397 3348/1960/1642 5201/1959/3356
f 5201/1959/3356 3348/1960/1642 976/1961/815 3349/1962/1643
f 3324/1908/1618 5201/1959/3356 3349/1962/1643 964/1909/813
f 964/1912/813 3349/1963/1643 5202/1964/2902 3326/1913/1620
f 3349/1963/1643 976/1961/815 3350/1965/1644 5202/1964/2902
f 5202/1964/2902 3350/1965/1644 977/1966/399 3351/1967/1645
f 3326/1913/1620 5202/1964/2902 3351/1967/1645 965/1914/387
f 965/1918/387 3351/1968/1645 5203/1969/2903 3328/1919/1622
f 3351/1968/1645 977/1970/399 3352/1971/1646 5203/1969/2903
f 5203/1969/2903 3352/1971/1646 978/1972/400 3353/1973/1647
f 3328/1919/1622 5203/1969/2903 3353/1973/1647 966/1920/814
f 966/1923/814 3353/1974/1647 5204/1975/3357 3330/1924/1624
f 3353/1974/1647 978/1976/400 3354/1977/1648 5204/1975/3357
f 5204/1975/3357 3354/1977/1648 979/1978/401 3355/1979/1649
f 3330/1924/1624 5204/1975/3357 3355/1979/1649 967/1925/389
f 967/1925/389 3355/1979/1649 5205/1980/2905 3332/1928/1626
f 3355/1979/1649 979/1978/401 3356/1981/1650 5205/1980/2905
f 5205/1980/2905 3356/1981/1650 980/1982/402 3357/1983/1651
f 3332/1928/1626 5205/1980/2905 3357/1983/1651 968/1929/390
f 968/1929/390 3357/1983/1651 5206/1984/2906 3334/1932/1628
f 3357/1983/1651 980/1982/402 3358/1985/1652 5206/1984/2906
f 5206/1984/2906 3358/1985/1652 981/1986/403 3359/1987/1653
f 3334/1932/1628 5206/1984/2906 3359/1987/1653 969/1933/391
f 969/1933/391 3359/1987/1653 5207/1988/2907 3336/1936/1630
f 3359/1987/1653 981/1986/403 3360/1989/1654 5207/1988/2907
f 5207/1988/2907 3360/1989/1654 982/1990/404 3361/1991/1655
f 3336/1936/1630 5207/1988/2907 3361/1991/1655 970/1937/392
f 970/1937/392 3361/1991/1655 5208/1992/2908 3338/1940/1632
f 3361/1991/1655 982/1990/404 3362/1993/1656 5208/1992/2908
f 5208/1992/2908 3362/1993/1656 971/1943/393 3339/1941/1633
f 3338/1940/1632 5208/1992/2908 3339/1941/1633 959/1891/381
f 971/1943/393 3363/1994/1657 5209/1995/2909 3340/1944/1634
f 3363/1994/1657 983/1996/44 3364/1997/1658 5209/1995/2909
f 5209/1995/2909 3364/1997/1658 984/1998/405 3365/1999/1659
f 3340/1944/1634 5209/1995/2909 3365/1999/1659 972/1945/394
f 972/1945/394 3365/1999/1659 5210/2000/2910 3342/1948/1636
f 3365/1999/1659 984/1998/405 3366/2001/1660 5210/2000/2910
f 5210/2000/2910 3366/2001/1660 985/2002/406 3367/2003/1661
f 3342/1948/1636 5210/2000/2910 3367/2003/1661 973/1949/395
f 973/1949/395 3367/2003/1661 5211/2004/2911 3344/1952/1638
f 3367/2003/1661 985/2002/406 3368/2005/1662 5211/2004/2911
f 5211/2004/2911 3368/2005/1662 986/2006/407 3369/2007/1663
f 3344/1952/1638 5211/2004/2911 3369/2007/1663 974/1953/396
f 974/1953/396 3369/2007/1663 5212/2008/2912 3346/1956/1640
f 3369/2007/1663 986/2006/407 3370/2009/1664 5212/2008/2912
f 5212/2008/2912 3370/2009/1664 987/2010/408 3371/2011/1665
f 3346/1956/1640 5212/2008/2912 3371/2011/1665 975/1957/397
f 975/1957/397 3371/2011/1665 5213/2012/2913 3348/1960/1642
f 3371/2011/1665 987/2010/408 3372/2013/1666 5213/2012/2913
f 5213/2012/2913 3372/2013/1666 988/2014/816 3373/2015/2500
f 3348/1960/1642 5213/2012/2913 3373/2015/2500 976/1961/815
f 976/1961/815 3373/2015/2500 5214/2016/2914 3350/1965/1644
f 3373/2015/2500 988/2014/816 3374/2017/1668 5214/2016/2914
f 5214/2016/2914 3374/2017/1668 989/2018/151 3375/2019/1669
f 3350/1965/1644 5214/2016/2914 3375/2019/1669 977/1966/399
f 977/1970/399 3375/2020/1669 5215/2021/2915 3352/1971/1646
f 3375/2020/1669 989/2022/151 3376/2023/1670 5215/2021/2915
f 5215/2021/2915 3376/2023/1670 990/2024/817 3377/2025/1671
f 3352/1971/1646 5215/2021/2915 3377/2025/1671 978/1972/400
f 978/1976/400 3377/2025/1671 5216/2026/2916 3354/1977/1648
f 3377/2025/1671 990/2027/817 3378/2028/1672 5216/2026/2916
f 5216/2026/2916 3378/2028/1672 991/2029/411 3379/2030/1673
f 3354/1977/1648 5216/2026/2916 3379/2030/1673 979/1978/401
f 979/1978/401 3379/2030/1673 5217/2031/2917 3356/1981/1650
f 3379/2030/1673 991/2029/411 3380/2032/1674 5217/2031/2917
f 5217/2031/2917 3380/2032/1674 992/2033/412 3381/2034/1675
f 3356/1981/1650 5217/2031/2917 3381/2034/1675 980/1982/402
f 980/1982/402 3381/2034/1675 5218/2035/2918 3358/1985/1652
f 3381/2034/1675 992/2033/412 3382/2036/1676 5218/2035/2918
f 5218/2035/2918 3382/2036/1676 993/2037/413 3383/2038/1677
f 3358/1985/1652 5218/2035/2918 3383/2038/1677 981/1986/403
f 981/1986/403 3383/2038/1677 5219/2039/2919 3360/1989/1654
f 3383/2038/1677 993/2037/413 3384/2040/1678 5219/2039/2919
f 5219/2039/2919 3384/2040/1678 994/2041/414 3385/2042/1679
f 3360/1989/1654 5219/2039/2919 3385/2042/1679 982/1990/404
f 982/1990/404 3385/2042/1679 5220/2043/2920 3362/1993/1656
f 3385/2042/1679 994/2041/414 3386/289/1680 5220/2043/2920
f 5220/2043/2920 3386/289/1680 983/1996/44 3363/1994/1657
f 3362/1993/1656 5220/2043/2920 3363/1994/1657 971/1943/393
f 983/1996/44 3387/2044/1681 5221/2045/2921 3364/1997/1658
f 3387/2044/1681 995/2046/415 3388/2047/1682 5221/2045/2921
f 5221/2045/2921 3388/2047/1682 996/2048/416 3389/2049/1683
f 3364/1997/1658 5221/2045/2921 3389/2049/1683 984/1998/405
f 984/1998/405 3389/2049/1683 5222/2050/2922 3366/2001/1660
f 3389/2049/1683 996/2048/416 3390/2051/1684 5222/2050/2922
f 5222/2050/2922 3390/2051/1684 997/2052/417 3391/2053/1685
f 3366/2001/1660 5222/2050/2922 3391/2053/1685 985/2002/406
f 985/2002/406 3391/2053/1685 5223/2054/2923 3368/2005/1662
f 3391/2053/1685 997/2052/417 3392/2055/1686 5223/2054/2923
f 5223/2054/2923 3392/2055/1686 998/2056/418 3393/2057/1687
f 3368/2005/1662 5223/2054/2923 3393/2057/1687 986/2006/407
f 986/2006/407 3393/2057/1687 5224/2058/2924 3370/2009/1664
f 3393/2057/1687 998/2056/418 3394/2059/1688 5224/2058/2924
f 5224/2058/2924 3394/2059/1688 999/2060/419 3395/2061/1689
f 3370/2009/1664 5224/2058/2924 3395/2061/1689 987/2010/408
f 987/2010/408 3395/2061/1689 5225/2062/2925 3372/2013/1666
f 3395/2061/1689 999/2060/419 3396/2063/1690 5225/2062/2925
f 5225/2062/2925 3396/2063/1690 1000/2064/818 3397/2065/2501
f 3372/2013/1666 5225/2062/2925 3397/2065/2501 988/2014/816
f 988/2014/816 3397/2066/2501 5226/2067/2926 3374/2017/1668
f 3397/2066/2501 1000/2068/818 3398/2069/1692 5226/2067/2926
f 5226/2067/2926 3398/2069/1692 1001/2070/421 3399/2071/1693
f 3374/2017/1668 5226/2067/2926 3399/2071/1693 989/2018/151
f 989/2022/151 3399/2072/1693 5227/2073/2927 3376/2023/1670
f 3399/2072/1693 1001/2074/421 3400/2075/1694 5227/2073/2927
f 5227/2073/2927 3400/2075/1694 1002/2076/819 3401/2077/1695
f 3376/2023/1670 5227/2073/2927 3401/2077/1695 990/2024/817
f 990/2027/817 3401/2078/1695 5228/2079/2928 3378/2028/1672
f 3401/2078/1695 1002/2080/819 3402/2081/1696 5228/2079/2928
f 5228/2079/2928 3402/2081/1696 1003/2082/423 3403/2083/1697
f 3378/2028/1672 5228/2079/2928 3403/2083/1697 991/2029/411
f 991/2029/411 3403/2083/1697 5229/2084/2929 3380/2032/1674
f 3403/2083/1697 1003/2082/423 3404/2085/1698 5229/2084/2929
f 5229/2084/2929 3404/2085/1698 1004/2086/424 3405/2087/1699
f 3380/2032/1674 5229/2084/2929 3405/2087/1699 992/2033/412
f 992/2033/412 3405/2087/1699 5230/2088/2930 3382/2036/1676
f 3405/2087/1699 1004/2086/424 3406/2089/1700 5230/2088/2930
f 5230/2088/2930 3406/2089/1700 1005/2090/425 3407/2091/1701
f 3382/2036/1676 5230/2088/2930 3407/2091/1701 993/2037/413
f 993/2037/413 3407/2091/1701 5231/2092/2931 3384/2040/1678
f 3407/2091/1701 1005/2090/425 3408/2093/1702 5231/2092/2931
f 5231/2092/2931 3408/2093/1702 1006/2094/426 3409/2095/1703
f 3384/2040/1678 5231/2092/2931 3409/2095/1703 994/2041/414
f 994/2041/414 3409/2095/1703 5232/2096/2932 3386/289/1680
f 3409/2095/1703 1006/2094/426 3410/2097/1704 5232/2096/2932
f 5232/2096/2932 3410/2097/1704 995/2046/415 3387/2044/1681
f 3386/289/1680 5232/2096/2932 3387/2044/1681 983/1996/44
f 995/2046/415 3411/2098/1705 5233/2099/2933 3388/2047/1682
f 3411/2098/1705 1007/2100/427 3412/2101/1706 5233/2099/2933
f 5233/2099/2933 3412/2101/1706 1008/2102/428 3413/2103/1707
f 3388/2047/1682 5233/2099/2933 3413/2103/1707 996/2048/416
f 996/2048/416 3413/2103/1707 5234/2104/2934 3390/2051/1684
f 3413/2103/1707 1008/2102/428 3414/2105/2502 5234/2104/2934
f 5234/2104/2934 3414/2105/2502 1009/2106/429 3415/2107/1709
f 3390/2051/1684 5234/2104/2934 3415/2107/1709 997/2052/417
f 997/2052/417 3415/2107/1709 5235/2108/2935 3392/2055/1686
f 3415/2107/1709 1009/2106/429 3416/2109/1710 5235/2108/2935
f 5235/2108/2935 3416/2109/1710 1010/2110/430 3417/2111/1711
f 3392/2055/1686 5235/2108/2935 3417/2111/1711 998/2056/418
f 998/2056/418 3417/2111/1711 5236/2112/2936 3394/2059/1688
f 3417/2111/1711 1010/2110/430 3418/2113/1712 5236/2112/2936
f 5236/2112/2936 3418/2113/1712 1011/2114/431 3419/2115/1713
f 3394/2059/1688 5236/2112/2936 3419/2115/1713 999/2060/419
f 999/2060/419 3419/2115/1713 5237/2116/3358 3396/2063/1690
f 3419/2115/1713 1011/2114/431 3420/2117/1714 5237/2116/3358
f 5237/2116/3358 3420/2117/1714 1012/2118/820 3421/2119/2503
f 3396/2063/1690 5237/2116/3358 3421/2119/2503 1000/2064/818
f 1000/2068/818 3421/2120/2503 5238/2121/2938 3398/2069/1692
f 3421/2120/2503 1012/2118/820 3422/2122/1716 5238/2121/2938
f 5238/2121/2938 3422/2122/1716 1013/2123/433 3423/2124/1717
f 3398/2069/1692 5238/2121/2938 3423/2124/1717 1001/2070/421
f 1001/2074/421 3423/2125/1717 5239/2126/2939 3400/2075/1694
f 3423/2125/1717 1013/2127/433 3424/2128/1718 5239/2126/2939
f 5239/2126/2939 3424/2128/1718 1014/2129/821 3425/2130/1719
f 3400/2075/1694 5239/2126/2939 3425/2130/1719 1002/2076/819
f 1002/2080/819 3425/2131/1719 5240/2132/3359 3402/2081/1696
f 3425/2131/1719 1014/2133/821 3426/2134/1720 5240/2132/3359
f 5240/2132/3359 3426/2134/1720 1015/2135/435 3427/2136/1721
f 3402/2081/1696 5240/2132/3359 3427/2136/1721 1003/2082/423
f 1003/2082/423 3427/2136/1721 5241/2137/2941 3404/2085/1698
f 3427/2136/1721 1015/2135/435 3428/2138/1722 5241/2137/2941
f 5241/2137/2941 3428/2138/1722 1016/2139/436 3429/2140/1723
f 3404/2085/1698 5241/2137/2941 3429/2140/1723 1004/2086/424
f 1004/2086/424 3429/2140/1723 5242/2141/2942 3406/2089/1700
f 3429/2140/1723 1016/2139/436 3430/2142/1724 5242/2141/2942
f 5242/2141/2942 3430/2142/1724 1017/2143/437 3431/2144/1725
f 3406/2089/1700 5242/2141/2942 3431/2144/1725 1005/2090/425
f 1005/2090/425 3431/2144/1725 5243/2145/2943 3408/2093/1702
f 3431/2144/1725 1017/2143/437 3432/2146/1726 5243/2145/2943
f 5243/2145/2943 3432/2146/1726 1018/2147/438 3433/2148/1727
f 3408/2093/1702 5243/2145/2943 3433/2148/1727 1006/2094/426
f 1006/2094/426 3433/2148/1727 5244/2149/2944 3410/2097/1704
f 3433/2148/1727 1018/2147/438 3434/2150/1728 5244/2149/2944
f 5244/2149/2944 3434/2150/1728 1007/2100/427 3411/2098/1705
f 3410/2097/1704 5244/2149/2944 3411/2098/1705 995/2046/415
f 1007/2100/427 3435/2151/1729 5245/2152/2945 3412/2101/1706
f 3435/2151/1729 1019/2153/439 3436/2154/1730 5245/2152/2945
f 5245/2152/2945 3436/2154/1730 1020/2155/440 3437/2156/1731
f 3412/2101/1706 5245/2152/2945 3437/2156/1731 1008/2102/428
f 1008/2102/428 3437/2156/1731 5246/2157/2946 3414/2105/2502
f 3437/2156/1731 1020/2155/440 3438/2158/1732 5246/2157/2946
f 5246/2157/2946 3438/2158/1732 1021/2159/441 3439/2160/1733
f 3414/2105/2502 5246/2157/2946 3439/2160/1733 1009/2106/429
f 1009/2106/429 3439/2160/1733 5247/2161/2947 3416/2109/1710
f 3439/2160/1733 1021/2159/441 3440/2162/1734 5247/2161/2947
f 5247/2161/2947 3440/2162/1734 1022/2163/822 3441/2164/1735
f 3416/2109/1710 5247/2161/2947 3441/2164/1735 1010/2110/430
f 1010/2110/430 3441/2164/1735 5248/2165/2948 3418/2113/1712
f 3441/2164/1735 1022/2163/822 3442/2166/1736 5248/2165/2948
f 5248/2165/2948 3442/2166/1736 1023/2167/443 3443/2168/1737
f 3418/2113/1712 5248/2165/2948 3443/2168/1737 1011/2114/431
f 1011/2114/431 3443/2168/1737 5249/2169/2949 3420/2117/1714
f 3443/2168/1737 1023/2167/443 3444/2170/1738 5249/2169/2949
f 5249/2169/2949 3444/2170/1738 1024/2171/823 3445/2172/2504
f 3420/2117/1714 5249/2169/2949 3445/2172/2504 1012/2118/820
f 1012/2118/820 3445/2172/2504 5250/2173/2950 3422/2122/1716
f 3445/2172/2504 1024/2174/823 3446/2175/1740 5250/2173/2950
f 5250/2173/2950 3446/2175/1740 1025/2176/445 3447/2177/1741
f 3422/2122/1716 5250/2173/2950 3447/2177/1741 1013/2123/433
f 1013/2127/433 3447/2178/1741 5251/2179/2951 3424/2128/1718
f 3447/2178/1741 1025/2180/445 3448/2181/1742 5251/2179/2951
f 5251/2179/2951 3448/2181/1742 1026/2182/446 3449/2183/1743
f 3424/2128/1718 5251/2179/2951 3449/2183/1743 1014/2129/821
f 1014/2133/821 3449/2183/1743 5252/2184/2952 3426/2134/1720
f 3449/2183/1743 1026/2185/446 3450/2186/1744 5252/2184/2952
f 5252/2184/2952 3450/2186/1744 1027/2187/447 3451/2188/1745
f 3426/2134/1720 5252/2184/2952 3451/2188/1745 1015/2135/435
f 1015/2135/435 3451/2188/1745 5253/2189/2953 3428/2138/1722
f 3451/2188/1745 1027/2187/447 3452/2190/1746 5253/2189/2953
f 5253/2189/2953 3452/2190/1746 1028/2191/824 3453/2192/1747
f 3428/2138/1722 5253/2189/2953 3453/2192/1747 1016/2139/436
f 1016/2139/436 3453/2192/1747 5254/2193/2954 3430/2142/1724
f 3453/2192/1747 1028/2191/824 3454/2194/1748 5254/2193/2954
f 5254/2193/2954 3454/2194/1748 1029/2195/449 3455/2196/1749
f 3430/2142/1724 5254/2193/2954 3455/2196/1749 1017/2143/437
f 1017/2143/437 3455/2196/1749 5255/2197/2955 3432/2146/1726
f 3455/2196/1749 1029/2195/449 3456/2198/1750 5255/2197/2955
f 5255/2197/2955 3456/2198/1750 1030/2199/450 3457/2200/1751
f 3432/2146/1726 5255/2197/2955 3457/2200/1751 1018/2147/438
f 1018/2147/438 3457/2200/1751 5256/2201/2956 3434/2150/1728
f 3457/2200/1751 1030/2199/450 3458/2202/1752 5256/2201/2956
f 5256/2201/2956 3458/2202/1752 1019/2153/439 3435/2151/1729
f 3434/2150/1728 5256/2201/2956 3435/2151/1729 1007/2100/427
f 1019/2153/439 3459/2203/1753 5257/2204/2957 3436/2154/1730
f 3459/2203/1753 1031/2205/451 3460/2206/1754 5257/2204/2957
f 5257/2204/2957 3460/2206/1754 1032/2207/825 3461/2208/1755
f 3436/2154/1730 5257/2204/2957 3461/2208/1755 1020/2155/440
f 1020/2155/440 3461/2208/1755 5258/2209/2958 3438/2158/1732
f 3461/2208/1755 1032/2207/825 3462/2210/1756 5258/2209/2958
f 5258/2209/2958 3462/2210/1756 1033/2211/453 3463/2212/1757
f 3438/2158/1732 5258/2209/2958 3463/2212/1757 1021/2159/441
f 1021/2159/441 3463/2212/1757 5259/2213/2959 3440/2162/1734
f 3463/2212/1757 1033/2211/453 3464/2214/1758 5259/2213/2959
f 5259/2213/2959 3464/2214/1758 1034/2215/454 3465/2216/1759
f 3440/2162/1734 5259/2213/2959 3465/2216/1759 1022/2163/822
f 1022/2163/822 3465/2216/1759 5260/2217/2960 3442/2166/1736
f 3465/2216/1759 1034/2215/454 3466/2218/1760 5260/2217/2960
f 5260/2217/2960 3466/2218/1760 1035/2219/455 3467/2220/1761
f 3442/2166/1736 5260/2217/2960 3467/2220/1761 1023/2167/443
f 1023/2167/443 3467/2220/1761 5261/2221/2961 3444/2170/1738
f 3467/2220/1761 1035/2219/455 3468/2222/1762 5261/2221/2961
f 5261/2221/2961 3468/2222/1762 1036/2223/456 3469/2224/2505
f 3444/2170/1738 5261/2221/2961 3469/2224/2505 1024/2171/823
f 1024/2174/823 3469/2225/2505 5262/2226/2962 3446/2175/1740
f 3469/2225/2505 1036/2227/456 3470/2228/1764 5262/2226/2962
f 5262/2226/2962 3470/2228/1764 1037/2229/457 3471/2230/1765
f 3446/2175/1740 5262/2226/2962 3471/2230/1765 1025/2176/445
f 1025/2180/445 3471/2231/1765 5263/2232/2963 3448/2181/1742
f 3471/2231/1765 1037/2233/457 3472/2234/1766 5263/2232/2963
f 5263/2232/2963 3472/2234/1766 1038/2235/826 3473/2236/1767
f 3448/2181/1742 5263/2232/2963 3473/2236/1767 1026/2182/446
f 1026/2185/446 3473/2237/1767 5264/2238/2964 3450/2186/1744
f 3473/2237/1767 1038/2239/826 3474/2240/1768 5264/2238/2964
f 5264/2238/2964 3474/2240/1768 1039/2241/459 3475/2242/1769
f 3450/2186/1744 5264/2238/2964 3475/2242/1769 1027/2187/447
f 1027/2187/447 3475/2242/1769 5265/2243/3360 3452/2190/1746
f 3475/2242/1769 1039/2241/459 3476/2244/1770 5265/2243/3360
f 5265/2243/3360 3476/2244/1770 1040/2245/460 3477/2246/1771
f 3452/2190/1746 5265/2243/3360 3477/2246/1771 1028/2191/824
f 1028/2191/824 3477/2246/1771 5266/2247/2966 3454/2194/1748
f 3477/2246/1771 1040/2245/460 3478/2248/1772 5266/2247/2966
f 5266/2247/2966 3478/2248/1772 1041/2249/461 3479/2250/1773
f 3454/2194/1748 5266/2247/2966 3479/2250/1773 1029/2195/449
f 1029/2195/449 3479/2250/1773 5267/2251/2967 3456/2198/1750
f 3479/2250/1773 1041/2249/461 3480/2252/1774 5267/2251/2967
f 5267/2251/2967 3480/2252/1774 1042/2253/462 3481/2254/1775
f 3456/2198/1750 5267/2251/2967 3481/2254/1775 1030/2199/450
f 1030/2199/450 3481/2254/1775 5268/2255/2968 3458/2202/1752
f 3481/2254/1775 1042/2253/462 3482/2256/1776 5268/2255/2968
f 5268/2255/2968 3482/2256/1776 1031/2205/451 3459/2203/1753
f 3458/2202/1752 5268/2255/2968 3459/2203/1753 1019/2153/439
f 1031/2205/451 3483/2257/1777 5269/2258/2969 3460/2206/1754
f 3483/2257/1777 1043/2259/463 3484/2260/1778 5269/2258/2969
f 5269/2258/2969 3484/2260/1778 1044/2261/464 3485/2262/1779
f 3460/2206/1754 5269/2258/2969 3485/2262/1779 1032/2207/825
f 1032/2207/825 3485/2262/1779 5270/2263/2970 3462/2210/1756
f 3485/2262/1779 1044/2261/464 3486/2264/1780 5270/2263/2970
f 5270/2263/2970 3486/2264/1780 1045/2265/465 3487/2266/1781
f 3462/2210/1756 5270/2263/2970 3487/2266/1781 1033/2211/453
f 1033/2211/453 3487/2266/1781 5271/2267/3361 3464/2214/1758
f 3487/2266/1781 1045/2265/465 3488/2268/1782 5271/2267/3361
f 5271/2267/3361 3488/2268/1782 1046/2269/466 3489/2270/1783
f 3464/2214/1758 5271/2267/3361 3489/2270/1783 1034/2215/454
f 1034/2215/454 3489/2270/1783 5272/2271/2972 3466/2218/1760
f 3489/2270/1783 1046/2269/466 3490/2272/1784 5272/2271/2972
f 5272/2271/2972 3490/2272/1784 1047/2273/467 3491/2274/1785
f 3466/2218/1760 5272/2271/2972 3491/2274/1785 1035/2219/455
f 1035/2219/455 3491/2274/1785 5273/2275/2973 3468/2222/1762
f 3491/2274/1785 1047/2273/467 3492/2276/1786 5273/2275/2973
f 5273/2275/2973 3492/2276/1786 1048/2277/468 3493/2278/2506
f 3468/2222/1762 5273/2275/2973 3493/2278/2506 1036/2223/456
f 1036/2227/456 3493/2278/2506 5274/2279/2974 3470/2228/1764
f 3493/2278/2506 1048/2280/468 3494/2281/1788 5274/2279/2974
f 5274/2279/2974 3494/2281/1788 1049/2282/469 3495/2283/1789
f 3470/2228/1764 5274/2279/2974 3495/2283/1789 1037/2229/457
f 1037/2233/457 3495/2284/1789 5275/2285/2975 3472/2234/1766
f 3495/2284/1789 1049/2286/469 3496/2287/1790 5275/2285/2975
f 5275/2285/2975 3496/2287/1790 1050/2288/827 3497/2289/1791
f 3472/2234/1766 5275/2285/2975 3497/2289/1791 1038/2235/826
f 1038/2239/826 3497/2289/1791 5276/2290/2976 3474/2240/1768
f 3497/2289/1791 1050/2291/827 3498/2292/1792 5276/2290/2976
f 5276/2290/2976 3498/2292/1792 1051/2293/471 3499/2294/1793
f 3474/2240/1768 5276/2290/2976 3499/2294/1793 1039/2241/459
f 1039/2241/459 3499/2294/1793 5277/2295/2977 3476/2244/1770
f 3499/2294/1793 1051/2293/471 3500/2296/1794 5277/2295/2977
f 5277/2295/2977 3500/2296/1794 1052/2297/472 3501/2298/1795
f 3476/2244/1770 5277/2295/2977 3501/2298/1795 1040/2245/460
f 1040/2245/460 3501/2298/1795 5278/2299/2978 3478/2248/1772
f 3501/2298/1795 1052/2297/472 3502/2300/1796 5278/2299/2978
f 5278/2299/2978 3502/2300/1796 1053/2301/473 3503/2302/1797
f 3478/2248/1772 5278/2299/2978 3503/2302/1797 1041/2249/461
f 1041/2249/461 3503/2302/1797 5279/2303/2979 3480/2252/1774
f 3503/2302/1797 1053/2301/473 3504/2304/1798 5279/2303/2979
f 5279/2303/2979 3504/2304/1798 1054/2305/474 3505/2306/1799
f 3480/2252/1774 5279/2303/2979 3505/2306/1799 1042/2253/462
f 1042/2253/462 3505/2306/1799 5280/2307/2980 3482/2256/1776
f 3505/2306/1799 1054/2305/474 3506/2308/1800 5280/2307/2980
f 5280/2307/2980 3506/2308/1800 1043/2259/463 3483/2257/1777
f 3482/2256/1776 5280/2307/2980 3483/2257/1777 1031/2205/451
f 1043/2259/463 3507/2309/1801 5281/2310/2981 3484/2260/1778
f 3507/2309/1801 1055/2311/475 3508/2312/1802 5281/2310/2981
f 5281/2310/2981 3508/2312/1802 1056/2313/476 3509/2314/2507
f 3484/2260/1778 5281/2310/2981 3509/2314/2507 1044/2261/464
f 1044/2261/464 3509/2314/2507 5282/2315/2982 3486/2264/1780
f 3509/2314/2507 1056/2313/476 3510/2316/1804 5282/2315/2982
f 5282/2315/2982 3510/2316/1804 1057/2317/477 3511/2318/1805
f 3486/2264/1780 5282/2315/2982 3511/2318/1805 1045/2265/465
f 1045/2265/465 3511/2318/1805 5283/2319/2983 3488/2268/1782
f 3511/2318/1805 1057/2317/477 3512/2320/1806 5283/2319/2983
f 5283/2319/2983 3512/2320/1806 1058/2321/478 3513/2322/1807
f 3488/2268/1782 5283/2319/2983 3513/2322/1807 1046/2269/466
f 1046/2269/466 3513/2322/1807 5284/2323/2984 3490/2272/1784
f 3513/2322/1807 1058/2321/478 3514/2324/1808 5284/2323/2984
f 5284/2323/2984 3514/2324/1808 1059/2325/479 3515/2326/1809
f 3490/2272/1784 5284/2323/2984 3515/2326/1809 1047/2273/467
f 1047/2273/467 3515/2326/1809 5285/2327/2985 3492/2276/1786
f 3515/2326/1809 1059/2325/479 3516/2328/1810 5285/2327/2985
f 5285/2327/2985 3516/2328/1810 1060/2329/480 3517/2330/1811
f 3492/2276/1786 5285/2327/2985 3517/2330/1811 1048/2277/468
f 1048/2280/468 3517/2331/1811 5286/2332/2986 3494/2281/1788
f 3517/2331/1811 1060/2333/480 3518/2334/1812 5286/2332/2986
f 5286/2332/2986 3518/2334/1812 1061/2335/481 3519/2336/1813
f 3494/2281/1788 5286/2332/2986 3519/2336/1813 1049/2282/469
f 1049/2286/469 3519/2337/1813 5287/2338/2987 3496/2287/1790
f 3519/2337/1813 1061/2339/481 3520/2340/1814 5287/2338/2987
f 5287/2338/2987 3520/2340/1814 1062/2341/482 3521/2342/1815
f 3496/2287/1790 5287/2338/2987 3521/2342/1815 1050/2288/827
f 1050/2291/827 3521/2343/1815 5288/2344/2988 3498/2292/1792
f 3521/2343/1815 1062/2345/482 3522/2346/1816 5288/2344/2988
f 5288/2344/2988 3522/2346/1816 1063/2347/483 3523/2348/1817
f 3498/2292/1792 5288/2344/2988 3523/2348/1817 1051/2293/471
f 1051/2293/471 3523/2348/1817 5289/2349/2989 3500/2296/1794
f 3523/2348/1817 1063/2347/483 3524/2350/1818 5289/2349/2989
f 5289/2349/2989 3524/2350/1818 1064/2351/484 3525/2352/1819
f 3500/2296/1794 5289/2349/2989 3525/2352/1819 1052/2297/472
f 1052/2297/472 3525/2352/1819 5290/2353/2990 3502/2300/1796
f 3525/2352/1819 1064/2351/484 3526/2354/1820 5290/2353/2990
f 5290/2353/2990 3526/2354/1820 1065/2355/485 3527/2356/1821
f 3502/2300/1796 5290/2353/2990 3527/2356/1821 1053/2301/473
f 1053/2301/473 3527/2356/1821 5291/2357/2991 3504/2304/1798
f 3527/2356/1821 1065/2355/485 3528/2358/1822 5291/2357/2991
f 5291/2357/2991 3528/2358/1822 1066/2359/486 3529/2360/1823
f 3504/2304/1798 5291/2357/2991 3529/2360/1823 1054/2305/474
f 1054/2305/474 3529/2360/1823 5292/2361/2992 3506/2308/1800
f 3529/2360/1823 1066/2359/486 3530/2362/1824 5292/2361/2992
f 5292/2361/2992 3530/2362/1824 1055/2311/475 3507/2309/1801
f 3506/2308/1800 5292/2361/2992 3507/2309/1801 1043/2259/463
f 1055/2311/475 3531/2363/1825 5293/2364/2993 3508/2312/1802
f 3531/2363/1825 1067/2365/487 3532/2366/1826 5293/2364/2993
f 5293/2364/2993 3532/2366/1826 1068/2367/488 3533/2368/2508
f 3508/2312/1802 5293/2364/2993 3533/2368/2508 1056/2313/476
f 1056/2313/476 3533/2368/2508 5294/2369/2994 3510/2316/1804
f 3533/2368/2508 1068/2367/488 3534/2370/1828 5294/2369/2994
f 5294/2369/2994 3534/2370/1828 1069/2371/489 3535/2372/1829
f 3510/2316/1804 5294/2369/2994 3535/2372/1829 1057/2317/477
f 1057/2317/477 3535/2372/1829 5295/2373/2995 3512/2320/1806
f 3535/2372/1829 1069/2371/489 3536/2374/1830 5295/2373/2995
f 5295/2373/2995 3536/2374/1830 1070/2375/490 3537/2376/1831
f 3512/2320/1806 5295/2373/2995 3537/2376/1831 1058/2321/478
f 1058/2321/478 3537/2376/1831 5296/2377/2996 3514/2324/1808
f 3537/2376/1831 1070/2375/490 3538/2378/1832 5296/2377/2996
f 5296/2377/2996 3538/2378/1832 1071/2379/491 3539/2380/1833
f 3514/2324/1808 5296/2377/2996 3539/2380/1833 1059/2325/479
f 1059/2325/479 3539/2380/1833 5297/2381/2997 3516/2328/1810
f 3539/2380/1833 1071/2379/491 3540/2382/1834 5297/2381/2997
f 5297/2381/2997 3540/2382/1834 1072/2383/828 3541/2384/2509
f 3516/2328/1810 5297/2381/2997 3541/2384/2509 1060/2329/480
f 1060/2333/480 3541/2384/2509 5298/2385/2998 3518/2334/1812
f 3541/2384/2509 1072/2383/828 3542/2386/1836 5298/2385/2998
f 5298/2385/2998 3542/2386/1836 1073/2387/493 3543/2388/1837
f 3518/2334/1812 5298/2385/2998 3543/2388/1837 1061/2335/481
f 1061/2339/481 3543/2389/1837 5299/2390/2999 3520/2340/1814
f 3543/2389/1837 1073/2391/493 3544/2392/1838 5299/2390/2999
f 5299/2390/2999 3544/2392/1838 1074/2393/829 3545/2394/1839
f 3520/2340/1814 5299/2390/2999 3545/2394/1839 1062/2341/482
f 1062/2345/482 3545/2394/1839 5300/2395/3000 3522/2346/1816
f 3545/2394/1839 1074/2396/829 3546/2397/1840 5300/2395/3000
f 5300/2395/3000 3546/2397/1840 1075/2398/495 3547/2399/1841
f 3522/2346/1816 5300/2395/3000 3547/2399/1841 1063/2347/483
f 1063/2347/483 3547/2399/1841 5301/2400/3001 3524/2350/1818
f 3547/2399/1841 1075/2398/495 3548/2401/1842 5301/2400/3001
f 5301/2400/3001 3548/2401/1842 1076/2402/496 3549/2403/1843
f 3524/2350/1818 5301/2400/3001 3549/2403/1843 1064/2351/484
f 1064/2351/484 3549/2403/1843 5302/2404/3002 3526/2354/1820
f 3549/2403/1843 1076/2402/496 3550/2405/1844 5302/2404/3002
f 5302/2404/3002 3550/2405/1844 1077/2406/497 3551/2407/1845
f 3526/2354/1820 5302/2404/3002 3551/2407/1845 1065/2355/485
f 1065/2355/485 3551/2407/1845 5303/2408/3003 3528/2358/1822
f 3551/2407/1845 1077/2406/497 3552/2409/1846 5303/2408/3003
f 5303/2408/3003 3552/2409/1846 1078/2410/498 3553/2411/1847
f 3528/2358/1822 5303/2408/3003 3553/2411/1847 1066/2359/486
f 1066/2359/486 3553/2411/1847 5304/2412/3004 3530/2362/1824
f 3553/2411/1847 1078/2410/498 3554/2413/1848 5304/2412/3004
f 5304/2412/3004 3554/2413/1848 1067/2365/487 3531/2363/1825
f 3530/2362/1824 5304/2412/3004 3531/2363/1825 1055/2311/475
f 1067/2365/487 3555/2414/1849 5305/2415/3005 3532/2366/1826
f 3555/2414/1849 1079/2416/499 3556/2417/1850 5305/2415/3005
f 5305/2415/3005 3556/2417/1850 1080/2418/500 3557/2419/1851
f 3532/2366/1826 5305/2415/3005 3557/2419/1851 1068/2367/488
f 1068/2367/488 3557/2419/1851 5306/2420/3006 3534/2370/1828
f 3557/2419/1851 1080/2418/500 3558/2421/1852 5306/2420/3006
f 5306/2420/3006 3558/2421/1852 1081/2422/501 3559/2423/1853
f 3534/2370/1828 5306/2420/3006 3559/2423/1853 1069/2371/489
f 1069/2371/489 3559/2423/1853 5307/2424/3007 3536/2374/1830
f 3559/2423/1853 1081/2422/501 3560/2425/1854 5307/2424/3007
f 5307/2424/3007 3560/2425/1854 1082/2426/502 3561/2427/1855
f 3536/2374/1830 5307/2424/3007 3561/2427/1855 1070/2375/490
f 1070/2375/490 3561/2427/1855 5308/2428/3008 3538/2378/1832
f 3561/2427/1855 1082/2426/502 3562/2429/1856 5308/2428/3008
f 5308/2428/3008 3562/2429/1856 1083/2430/503 3563/2431/1857
f 3538/2378/1832 5308/2428/3008 3563/2431/1857 1071/2379/491
f 1071/2379/491 3563/2431/1857 5309/2432/3009 3540/2382/1834
f 3563/2431/1857 1083/2430/503 3564/2433/1858 5309/2432/3009
f 5309/2432/3009 3564/2433/1858 1084/2434/830 3565/2435/2510
f 3540/2382/1834 5309/2432/3009 3565/2435/2510 1072/2383/828
f 1072/2383/828 3565/2436/2510 5310/2437/3010 3542/2386/1836
f 3565/2436/2510 1084/2438/830 3566/2439/1860 5310/2437/3010
f 5310/2437/3010 3566/2439/1860 1085/2440/505 3567/2441/1861
f 3542/2386/1836 5310/2437/3010 3567/2441/1861 1073/2387/493
f 1073/2391/493 3567/2442/1861 5311/2443/3011 3544/2392/1838
f 3567/2442/1861 1085/2444/505 3568/2445/1862 5311/2443/3011
f 5311/2443/3011 3568/2445/1862 1086/2446/831 3569/2447/1863
f 3544/2392/1838 5311/2443/3011 3569/2447/1863 1074/2393/829
f 1074/2396/829 3569/2448/1863 5312/2449/3012 3546/2397/1840
f 3569/2448/1863 1086/2450/831 3570/2451/1864 5312/2449/3012
f 5312/2449/3012 3570/2451/1864 1087/2452/507 3571/2453/1865
f 3546/2397/1840 5312/2449/3012 3571/2453/1865 1075/2398/495
f 1075/2398/495 3571/2453/1865 5313/2454/3013 3548/2401/1842
f 3571/2453/1865 1087/2452/507 3572/2455/1866 5313/2454/3013
f 5313/2454/3013 3572/2455/1866 1088/2456/508 3573/2457/1867
f 3548/2401/1842 5313/2454/3013 3573/2457/1867 1076/2402/496
f 1076/2402/496 3573/2457/1867 5314/2458/3362 3550/2405/1844
f 3573/2457/1867 1088/2456/508 3574/2459/1868 5314/2458/3362
f 5314/2458/3362 3574/2459/1868 1089/2460/509 3575/2461/1869
f 3550/2405/1844 5314/2458/3362 3575/2461/1869 1077/2406/497
f 1077/2406/497 3575/2461/1869 5315/2462/3015 3552/2409/1846
f 3575/2461/1869 1089/2460/509 3576/2463/1870 5315/2462/3015
f 5315/2462/3015 3576/2463/1870 1090/2464/832 3577/2465/1871
f 3552/2409/1846 5315/2462/3015 3577/2465/1871 1078/2410/498
f 1078/2410/498 3577/2465/1871 5316/2466/3016 3554/2413/1848
f 3577/2465/1871 1090/2464/832 3578/2467/1872 5316/2466/3016
f 5316/2466/3016 3578/2467/1872 1079/2416/499 3555/2414/1849
f 3554/2413/1848 5316/2466/3016 3555/2414/1849 1067/2365/487
f 1079/2416/499 3579/2468/1873 5317/2469/3017 3556/2417/1850
f 3579/2468/1873 1091/2470/511 3580/2471/1874 5317/2469/3017
f 5317/2469/3017 3580/2471/1874 1092/2472/512 3581/2473/1875
f 3556/2417/1850 5317/2469/3017 3581/2473/1875 1080/2418/500
f 1080/2418/500 3581/2473/1875 5318/2474/3018 3558/2421/1852
f 3581/2473/1875 1092/2472/512 3582/2475/1876 5318/2474/3018
f 5318/2474/3018 3582/2475/1876 1093/2476/513 3583/2477/1877
f 3558/2421/1852 5318/2474/3018 3583/2477/1877 1081/2422/501
f 1081/2422/501 3583/2477/1877 5319/2478/3019 3560/2425/1854
f 3583/2477/1877 1093/2476/513 3584/2479/1878 5319/2478/3019
f 5319/2478/3019 3584/2479/1878 1094/2480/514 3585/2481/1879
f 3560/2425/1854 5319/2478/3019 3585/2481/1879 1082/2426/502
f 1082/2426/502 3585/2481/1879 5320/2482/3020 3562/2429/1856
f 3585/2481/1879 1094/2480/514 3586/2483/1880 5320/2482/3020
f 5320/2482/3020 3586/2483/1880 1095/2484/515 3587/2485/1881
f 3562/2429/1856 5320/2482/3020 3587/2485/1881 1083/2430/503
f 1083/2430/503 3587/2485/1881 5321/2486/3021 3564/2433/1858
f 3587/2485/1881 1095/2484/515 3588/2487/1882 5321/2486/3021
f 5321/2486/3021 3588/2487/1882 1096/2488/833 3589/2489/1883
f 3564/2433/1858 5321/2486/3021 3589/2489/1883 1084/2434/830
f 1084/2438/830 3589/2490/1883 5322/2491/3022 3566/2439/1860
f 3589/2490/1883 1096/2492/833 3590/2493/1884 5322/2491/3022
f 5322/2491/3022 3590/2493/1884 1097/2494/517 3591/2495/1885
f 3566/2439/1860 5322/2491/3022 3591/2495/1885 1085/2440/505
f 1085/2444/505 3591/2496/1885 5323/2497/3023 3568/2445/1862
f 3591/2496/1885 1097/2498/517 3592/2499/1886 5323/2497/3023
f 5323/2497/3023 3592/2499/1886 1098/2500/834 3593/2501/1887
f 3568/2445/1862 5323/2497/3023 3593/2501/1887 1086/2446/831
f 1086/2450/831 3593/2502/1887 5324/2503/3024 3570/2451/1864
f 3593/2502/1887 1098/2504/834 3594/2505/1888 5324/2503/3024
f 5324/2503/3024 3594/2505/1888 1099/2506/519 3595/2507/1889
f 3570/2451/1864 5324/2503/3024 3595/2507/1889 1087/2452/507
f 1087/2452/507 3595/2507/1889 5325/2508/3363 3572/2455/1866
f 3595/2507/1889 1099/2506/519 3596/2509/1890 5325/2508/3363
f 5325/2508/3363 3596/2509/1890 1100/2510/520 3597/2511/1891
f 3572/2455/1866 5325/2508/3363 3597/2511/1891 1088/2456/508
f 1088/2456/508 3597/2511/1891 5326/2512/3026 3574/2459/1868
f 3597/2511/1891 1100/2510/520 3598/2513/1892 5326/2512/3026
f 5326/2512/3026 3598/2513/1892 1101/2514/521 3599/2515/1893
f 3574/2459/1868 5326/2512/3026 3599/2515/1893 1089/2460/509
f 1089/2460/509 3599/2515/1893 5327/2516/3027 3576/2463/1870
f 3599/2515/1893 1101/2514/521 3600/2517/1894 5327/2516/3027
f 5327/2516/3027 3600/2517/1894 1102/2518/522 3601/2519/1895
f 3576/2463/1870 5327/2516/3027 3601/2519/1895 1090/2464/832
f 1090/2464/832 3601/2519/1895 5328/2520/3028 3578/2467/1872
f 3601/2519/1895 1102/2518/522 3602/2521/1896 5328/2520/3028
f 5328/2520/3028 3602/2521/1896 1091/2470/511 3579/2468/1873
f 3578/2467/1872 5328/2520/3028 3579/2468/1873 1079/2416/499
f 1091/2470/511 3603/2522/1897 5329/2523/3029 3580/2471/1874
f 3603/2522/1897 1103/2524/523 3604/2525/1898 5329/2523/3029
f 5329/2523/3029 3604/2525/1898 1104/2526/524 3605/2527/1899
f 3580/2471/1874 5329/2523/3029 3605/2527/1899 1092/2472/512
f 1092/2472/512 3605/2527/1899 5330/2528/3030 3582/2475/1876
f 3605/2527/1899 1104/2526/524 3606/2529/1900 5330/2528/3030
f 5330/2528/3030 3606/2529/1900 1105/2530/525 3607/2531/1901
f 3582/2475/1876 5330/2528/3030 3607/2531/1901 1093/2476/513
f 1093/2476/513 3607/2531/1901 5331/2532/3031 3584/2479/1878
f 3607/2531/1901 1105/2530/525 3608/2533/1902 5331/2532/3031
f 5331/2532/3031 3608/2533/1902 1106/2534/835 3609/2535/1903
f 3584/2479/1878 5331/2532/3031 3609/2535/1903 1094/2480/514
f 1094/2480/514 3609/2535/1903 5332/2536/3032 3586/2483/1880
f 3609/2535/1903 1106/2534/835 3610/2537/1904 5332/2536/3032
f 5332/2536/3032 3610/2537/1904 1107/2538/527 3611/2539/1905
f 3586/2483/1880 5332/2536/3032 3611/2539/1905 1095/2484/515
f 1095/2484/515 3611/2539/1905 5333/2540/3033 3588/2487/1882
f 3611/2539/1905 1107/2538/527 3612/2541/1906 5333/2540/3033
f 5333/2540/3033 3612/2541/1906 1108/2542/836 3613/2543/2511
f 3588/2487/1882 5333/2540/3033 3613/2543/2511 1096/2488/833
f 1096/2492/833 3613/2543/2511 5334/2544/3034 3590/2493/1884
f 3613/2543/2511 1108/2542/836 3614/2545/1908 5334/2544/3034
f 5334/2544/3034 3614/2545/1908 1109/2546/529 3615/2547/1909
f 3590/2493/1884 5334/2544/3034 3615/2547/1909 1097/2494/517
f 1097/2498/517 3615/2548/1909 5335/2549/3035 3592/2499/1886
f 3615/2548/1909 1109/2550/529 3616/2551/1910 5335/2549/3035
f 5335/2549/3035 3616/2551/1910 1110/2552/837 3617/2553/1911
f 3592/2499/1886 5335/2549/3035 3617/2553/1911 1098/2500/834
f 1098/2504/834 3617/2553/1911 5336/2554/3036 3594/2505/1888
f 3617/2553/1911 1110/2555/837 3618/2556/1912 5336/2554/3036
f 5336/2554/3036 3618/2556/1912 1111/2557/531 3619/2558/1913
f 3594/2505/1888 5336/2554/3036 3619/2558/1913 1099/2506/519
f 1099/2506/519 3619/2558/1913 5337/2559/3037 3596/2509/1890
f 3619/2558/1913 1111/2557/531 3620/2560/1914 5337/2559/3037
f 5337/2559/3037 3620/2560/1914 1112/2561/838 3621/2562/1915
f 3596/2509/1890 5337/2559/3037 3621/2562/1915 1100/2510/520
f 1100/2510/520 3621/2562/1915 5338/2563/3038 3598/2513/1892
f 3621/2562/1915 1112/2561/838 3622/2564/1916 5338/2563/3038
f 5338/2563/3038 3622/2564/1916 1113/2565/533 3623/2566/1917
f 3598/2513/1892 5338/2563/3038 3623/2566/1917 1101/2514/521
f 1101/2514/521 3623/2566/1917 5339/2567/3039 3600/2517/1894
f 3623/2566/1917 1113/2565/533 3624/2568/2512 5339/2567/3039
f 5339/2567/3039 3624/2568/2512 1114/2569/534 3625/2570/1919
f 3600/2517/1894 5339/2567/3039 3625/2570/1919 1102/2518/522
f 1102/2518/522 3625/2570/1919 5340/2571/3040 3602/2521/1896
f 3625/2570/1919 1114/2569/534 3626/2572/1920 5340/2571/3040
f 5340/2571/3040 3626/2572/1920 1103/2524/523 3603/2522/1897
f 3602/2521/1896 5340/2571/3040 3603/2522/1897 1091/2470/511
f 1103/2524/523 3627/2573/1921 5341/2574/3041 3604/2525/1898
f 3627/2573/1921 1115/2575/535 3628/2576/1922 5341/2574/3041
f 5341/2574/3041 3628/2576/1922 1116/2577/536 3629/2578/1923
f 3604/2525/1898 5341/2574/3041 3629/2578/1923 1104/2526/524
f 1104/2526/524 3629/2578/1923 5342/2579/3042 3606/2529/1900
f 3629/2578/1923 1116/2577/536 3630/2580/1924 5342/2579/3042
f 5342/2579/3042 3630/2580/1924 1117/2581/537 3631/2582/1925
f 3606/2529/1900 5342/2579/3042 3631/2582/1925 1105/2530/525
f 1105/2530/525 3631/2582/1925 5343/2583/3043 3608/2533/1902
f 3631/2582/1925 1117/2581/537 3632/2584/1926 5343/2583/3043
f 5343/2583/3043 3632/2584/1926 1118/2585/538 3633/2586/1927
f 3608/2533/1902 5343/2583/3043 3633/2586/1927 1106/2534/835
f 1106/2534/835 3633/2586/1927 5344/2587/3044 3610/2537/1904
f 3633/2586/1927 1118/2585/538 3634/2588/1928 5344/2587/3044
f 5344/2587/3044 3634/2588/1928 1119/2589/539 3635/2590/1929
f 3610/2537/1904 5344/2587/3044 3635/2590/1929 1107/2538/527
f 1107/2538/527 3635/2590/1929 5345/2591/3364 3612/2541/1906
f 3635/2590/1929 1119/2589/539 3636/2592/1930 5345/2591/3364
f 5345/2591/3364 3636/2592/1930 1120/2593/839 3637/2594/1931
f 3612/2541/1906 5345/2591/3364 3637/2594/1931 1108/2542/836
f 1108/2542/836 3637/2594/1931 5346/2595/3046 3614/2545/1908
f 3637/2594/1931 1120/2596/839 3638/2597/1932 5346/2595/3046
f 5346/2595/3046 3638/2597/1932 1121/2598/541 3639/2599/1933
f 3614/2545/1908 5346/2595/3046 3639/2599/1933 1109/2546/529
f 1109/2550/529 3639/2600/1933 5347/2601/3047 3616/2551/1910
f 3639/2600/1933 1121/2602/541 3640/2603/1934 5347/2601/3047
f 5347/2601/3047 3640/2603/1934 1122/2604/840 3641/2605/2513
f 3616/2551/1910 5347/2601/3047 3641/2605/2513 1110/2552/837
f 1110/2555/837 3641/2605/2513 5348/2606/3365 3618/2556/1912
f 3641/2605/2513 1122/2607/840 3642/2608/1936 5348/2606/3365
f 5348/2606/3365 3642/2608/1936 1123/2609/543 3643/2610/1937
f 3618/2556/1912 5348/2606/3365 3643/2610/1937 1111/2557/531
f 1111/2557/531 3643/2610/1937 5349/2611/3049 3620/2560/1914
f 3643/2610/1937 1123/2609/543 3644/2612/1938 5349/2611/3049
f 5349/2611/3049 3644/2612/1938 1124/2613/544 3645/2614/1939
f 3620/2560/1914 5349/2611/3049 3645/2614/1939 1112/2561/838
f 1112/2561/838 3645/2614/1939 5350/2615/3050 3622/2564/1916
f 3645/2614/1939 1124/2613/544 3646/2616/1940 5350/2615/3050
f 5350/2615/3050 3646/2616/1940 1125/2617/545 3647/2618/1941
f 3622/2564/1916 5350/2615/3050 3647/2618/1941 1113/2565/533
f 1113/2565/533 3647/2618/1941 5351/2619/3051 3624/2568/2512
f 3647/2618/1941 1125/2617/545 3648/2620/1942 5351/2619/3051
f 5351/2619/3051 3648/2620/1942 1126/2621/546 3649/2622/1943
f 3624/2568/2512 5351/2619/3051 3649/2622/1943 1114/2569/534
f 1114/2569/534 3649/2622/1943 5352/2623/3052 3626/2572/1920
f 3649/2622/1943 1126/2621/546 3650/2624/1944 5352/2623/3052
f 5352/2623/3052 3650/2624/1944 1115/2575/535 3627/2573/1921
f 3626/2572/1920 5352/2623/3052 3627/2573/1921 1103/2524/523
f 1115/2625/535 3651/2626/1945 5353/2627/3053 3628/2628/1922
f 3651/2626/1945 1127/1111/206 3652/1170/1946 5353/2627/3053
f 5353/2627/3053 3652/1170/1946 1128/1147/547 3653/2629/1947
f 3628/2628/1922 5353/2627/3053 3653/2629/1947 1116/2630/536
f 1116/2630/536 3653/2629/1947 5354/2631/3054 3630/2632/1924
f 3653/2629/1947 1128/1147/547 3654/1148/1948 5354/2631/3054
f 5354/2631/3054 3654/1148/1948 1129/2633/548 3655/2634/1949
f 3630/2632/1924 5354/2631/3054 3655/2634/1949 1117/2635/537
f 1117/2635/537 3655/2634/1949 5355/2636/3366 3632/2584/1926
f 3655/2634/1949 1129/2633/548 3656/2637/1950 5355/2636/3366
f 5355/2636/3366 3656/2637/1950 1130/1119/549 3657/2638/1951
f 3632/2584/1926 5355/2636/3366 3657/2638/1951 1118/2639/538
f 1118/2639/538 3657/2638/1951 5356/2640/3056 3634/2588/1928
f 3657/2638/1951 1130/1119/549 3658/1173/1952 5356/2640/3056
f 5356/2640/3056 3658/1173/1952 1131/1158/550 3659/2641/1953
f 3634/2588/1928 5356/2640/3056 3659/2641/1953 1119/2642/539
f 1119/2642/539 3659/2641/1953 5357/2643/3057 3636/2592/1930
f 3659/2641/1953 1131/1158/550 3660/2644/1954 5357/2643/3057
f 5357/2643/3057 3660/2644/1954 1132/2645/551 3661/2646/1955
f 3636/2592/1930 5357/2643/3057 3661/2646/1955 1120/2596/839
f 1120/2596/839 3661/2646/1955 5358/2647/3058 3638/2597/1932
f 3661/2646/1955 1132/2645/551 3662/2648/1956 5358/2647/3058
f 5358/2647/3058 3662/2648/1956 1133/5/96 3663/2649/1957
f 3638/2597/1932 5358/2647/3058 3663/2649/1957 1121/2598/541
f 1121/2602/541 3663/2650/1957 5359/2651/3059 3640/2603/1934
f 3663/2650/1957 1133/2652/96 3664/2653/1958 5359/2651/3059
f 5359/2651/3059 3664/2653/1958 1134/2654/552 3665/2655/1959
f 3640/2603/1934 5359/2651/3059 3665/2655/1959 1122/2604/840
f 1122/2604/840 3665/2655/1959 5360/2656/3060 3642/2608/1936
f 3665/2655/1959 1134/2654/552 3666/2657/1960 5360/2656/3060
f 5360/2656/3060 3666/2657/1960 1135/2658/553 3667/2659/1961
f 3642/2608/1936 5360/2656/3060 3667/2659/1961 1123/2660/543
f 1123/2660/543 3667/2659/1961 5361/2661/3061 3644/2662/1938
f 3667/2659/1961 1135/2658/553 3668/2663/1962 5361/2661/3061
f 5361/2661/3061 3668/2663/1962 1136/1164/554 3669/2664/1963
f 3644/2662/1938 5361/2661/3061 3669/2664/1963 1124/2665/544
f 1124/2665/544 3669/2664/1963 5362/2666/3062 3646/2667/1940
f 3669/2664/1963 1136/1164/554 3670/2668/1964 5362/2666/3062
f 5362/2666/3062 3670/2668/1964 1137/2669/555 3671/2670/1965
f 3646/2667/1940 5362/2666/3062 3671/2670/1965 1125/2671/545
f 1125/2671/545 3671/2670/1965 5363/2672/3063 3648/2673/1942
f 3671/2670/1965 1137/2669/555 3672/2674/1966 5363/2672/3063
f 5363/2672/3063 3672/2674/1966 1138/2675/556 3673/2676/1967
f 3648/2673/1942 5363/2672/3063 3673/2676/1967 1126/2677/546
f 1126/2677/546 3673/2676/1967 5364/2678/3064 3650/2624/1944
f 3673/2676/1967 1138/2675/556 3674/2679/1968 5364/2678/3064
f 5364/2678/3064 3674/2679/1968 1127/1111/206 3651/2626/1945
f 3650/2624/1944 5364/2678/3064 3651/2626/1945 1115/2625/535
f 1127/2680/206 3675/2681/1399 5365/2682/3065 3652/2683/1946
f 3675/2681/1399 1139/2684/279 3676/2685/1969 5365/2682/3065
f 5365/2682/3065 3676/2685/1969 1140/2686/557 3677/2687/1970
f 3652/2683/1946 5365/2682/3065 3677/2687/1970 1128/2688/547
f 1128/2688/547 3677/2687/1970 5366/2689/3066 3654/2690/1948
f 3677/2687/1970 1140/2686/557 3678/2691/1971 5366/2689/3066
f 5366/2689/3066 3678/2691/1971 1141/2692/558 3679/2693/1972
f 3654/2690/1948 5366/2689/3066 3679/2693/1972 1129/2694/548
f 1129/2694/548 3679/2693/1972 5367/2695/3067 3656/2696/1950
f 3679/2693/1972 1141/2692/558 3680/2697/1973 5367/2695/3067
f 5367/2695/3067 3680/2697/1973 1142/2698/559 3681/2699/1974
f 3656/2696/1950 5367/2695/3067 3681/2699/1974 1130/2700/549
f 1130/2700/549 3681/2699/1974 5368/2701/3068 3658/2702/1952
f 3681/2699/1974 1142/2698/559 3682/2703/1975 5368/2701/3068
f 5368/2701/3068 3682/2703/1975 1143/2704/560 3683/2705/1976
f 3658/2702/1952 5368/2701/3068 3683/2705/1976 1131/2706/550
f 1131/2706/550 3683/2705/1976 5369/2707/3069 3660/2708/1954
f 3683/2705/1976 1143/2704/560 3684/2709/1977 5369/2707/3069
f 5369/2707/3069 3684/2709/1977 1144/2710/561 3685/2711/1978
f 3660/2708/1954 5369/2707/3069 3685/2711/1978 1132/2712/551
f 1132/2712/551 3685/2711/1978 5370/2713/3070 3662/2714/1956
f 3685/2711/1978 1144/2710/561 3686/2715/1979 5370/2713/3070
f 5370/2713/3070 3686/2715/1979 1145/2716/273 3687/2717/1382
f 3662/2714/1956 5370/2713/3070 3687/2717/1382 1133/2718/96
f 1133/2719/96 3687/2720/1382 5371/2721/3071 3664/2722/1958
f 3687/2720/1382 1145/2723/273 3688/2724/1980 5371/2721/3071
f 5371/2721/3071 3688/2724/1980 1146/2725/562 3689/2726/1981
f 3664/2722/1958 5371/2721/3071 3689/2726/1981 1134/2727/552
f 1134/2727/552 3689/2726/1981 5372/2728/3072 3666/2729/1960
f 3689/2726/1981 1146/2725/562 3690/2730/1982 5372/2728/3072
f 5372/2728/3072 3690/2730/1982 1147/2731/563 3691/2732/1983
f 3666/2729/1960 5372/2728/3072 3691/2732/1983 1135/2733/553
f 1135/2733/553 3691/2732/1983 5373/2734/3073 3668/2735/1962
f 3691/2732/1983 1147/2731/563 3692/2736/1984 5373/2734/3073
f 5373/2734/3073 3692/2736/1984 1148/2737/564 3693/2738/1985
f 3668/2735/1962 5373/2734/3073 3693/2738/1985 1136/2739/554
f 1136/2739/554 3693/2738/1985 5374/2740/3367 3670/2741/1964
f 3693/2738/1985 1148/2737/564 3694/2742/1986 5374/2740/3367
f 5374/2740/3367 3694/2742/1986 1149/2743/565 3695/2744/1987
f 3670/2741/1964 5374/2740/3367 3695/2744/1987 1137/2745/555
f 1137/2745/555 3695/2744/1987 5375/2746/3075 3672/2747/1966
f 3695/2744/1987 1149/2743/565 3696/2748/1988 5375/2746/3075
f 5375/2746/3075 3696/2748/1988 1150/2749/566 3697/2750/1989
f 3672/2747/1966 5375/2746/3075 3697/2750/1989 1138/2751/556
f 1138/2751/556 3697/2750/1989 5376/2752/3076 3674/2753/1968
f 3697/2750/1989 1150/2749/566 3698/2754/1990 5376/2752/3076
f 5376/2752/3076 3698/2754/1990 1139/2684/279 3675/2681/1399
f 3674/2753/1968 5376/2752/3076 3675/2681/1399 1127/2680/206
f 1139/2684/279 3699/2755/1429 5377/2756/3077 3676/2757/1969
f 3699/2755/1429 1151/2758/291 3700/2759/1991 5377/2756/3077
f 5377/2756/3077 3700/2759/1991 1152/2760/567 3701/2761/1992
f 3676/2757/1969 5377/2756/3077 3701/2761/1992 1140/2762/557
f 1140/2762/557 3701/2761/1992 5378/2763/3078 3678/2764/1971
f 3701/2761/1992 1152/2760/567 3702/2765/1993 5378/2763/3078
f 5378/2763/3078 3702/2765/1993 1153/2766/568 3703/2767/1994
f 3678/2764/1971 5378/2763/3078 3703/2767/1994 1141/2692/558
f 1141/2692/558 3703/2767/1994 5379/2768/3079 3680/2697/1973
f 3703/2767/1994 1153/2766/568 3704/2769/1995 5379/2768/3079
f 5379/2768/3079 3704/2769/1995 1154/2770/841 3705/2771/1996
f 3680/2697/1973 5379/2768/3079 3705/2771/1996 1142/2772/559
f 1142/2772/559 3705/2771/1996 5380/2773/3080 3682/2703/1975
f 3705/2771/1996 1154/2770/841 3706/2774/1997 5380/2773/3080
f 5380/2773/3080 3706/2774/1997 1155/2775/570 3707/2776/1998
f 3682/2703/1975 5380/2773/3080 3707/2776/1998 1143/2704/560
f 1143/2704/560 3707/2776/1998 5381/2777/3081 3684/2709/1977
f 3707/2776/1998 1155/2775/570 3708/2778/1999 5381/2777/3081
f 5381/2777/3081 3708/2778/1999 1156/2779/842 3709/2780/2000
f 3684/2709/1977 5381/2777/3081 3709/2780/2000 1144/2710/561
f 1144/2710/561 3709/2780/2000 5382/2781/3082 3686/2715/1979
f 3709/2780/2000 1156/2779/842 3710/2782/2001 5382/2781/3082
f 5382/2781/3082 3710/2782/2001 1157/2783/285 3711/2784/1417
f 3686/2715/1979 5382/2781/3082 3711/2784/1417 1145/2716/273
f 1145/2723/273 3711/2785/1417 5383/2786/3083 3688/2724/1980
f 3711/2785/1417 1157/2787/285 3712/2788/2002 5383/2786/3083
f 5383/2786/3083 3712/2788/2002 1158/2789/843 3713/2790/2003
f 3688/2724/1980 5383/2786/3083 3713/2790/2003 1146/2725/562
f 1146/2791/562 3713/2790/2003 5384/2792/3084 3690/2730/1982
f 3713/2790/2003 1158/2793/843 3714/2794/2004 5384/2792/3084
f 5384/2792/3084 3714/2794/2004 1159/2795/573 3715/2796/2005
f 3690/2730/1982 5384/2792/3084 3715/2796/2005 1147/2731/563
f 1147/2731/563 3715/2796/2005 5385/2797/3085 3692/2798/1984
f 3715/2796/2005 1159/2795/573 3716/2799/2006 5385/2797/3085
f 5385/2797/3085 3716/2799/2006 1160/2800/574 3717/2801/2007
f 3692/2798/1984 5385/2797/3085 3717/2801/2007 1148/2737/564
f 1148/2737/564 3717/2801/2007 5386/2802/3086 3694/2803/1986
f 3717/2801/2007 1160/2800/574 3718/2804/2008 5386/2802/3086
f 5386/2802/3086 3718/2804/2008 1161/2805/575 3719/2806/2009
f 3694/2803/1986 5386/2802/3086 3719/2806/2009 1149/2807/565
f 1149/2807/565 3719/2806/2009 5387/2808/3087 3696/2809/1988
f 3719/2806/2009 1161/2805/575 3720/2810/2514 5387/2808/3087
f 5387/2808/3087 3720/2810/2514 1162/2811/576 3721/2812/2011
f 3696/2809/1988 5387/2808/3087 3721/2812/2011 1150/2813/566
f 1150/2813/566 3721/2812/2011 5388/2814/3088 3698/2754/1990
f 3721/2812/2011 1162/2811/576 3722/2815/2012 5388/2814/3088
f 5388/2814/3088 3722/2815/2012 1151/2758/291 3699/2755/1429
f 3698/2754/1990 5388/2814/3088 3699/2755/1429 1139/2684/279
f 1151/2758/291 3723/2816/1453 5389/2817/3089 3700/2759/1991
f 3723/2816/1453 1163/2818/303 3724/2819/2013 5389/2817/3089
f 5389/2817/3089 3724/2819/2013 1164/2820/577 3725/2821/2014
f 3700/2759/1991 5389/2817/3089 3725/2821/2014 1152/2760/567
f 1152/2760/567 3725/2821/2014 5390/2822/3090 3702/2765/1993
f 3725/2821/2014 1164/2820/577 3726/2823/2015 5390/2822/3090
f 5390/2822/3090 3726/2823/2015 1165/2824/578 3727/2825/2016
f 3702/2765/1993 5390/2822/3090 3727/2825/2016 1153/2766/568
f 1153/2766/568 3727/2825/2016 5391/2826/3091 3704/2769/1995
f 3727/2825/2016 1165/2824/578 3728/2827/2017 5391/2826/3091
f 5391/2826/3091 3728/2827/2017 1166/2828/579 3729/2829/2018
f 3704/2769/1995 5391/2826/3091 3729/2829/2018 1154/2770/841
f 1154/2770/841 3729/2829/2018 5392/2830/3092 3706/2774/1997
f 3729/2829/2018 1166/2828/579 3730/2831/2019 5392/2830/3092
f 5392/2830/3092 3730/2831/2019 1167/2832/580 3731/2833/2020
f 3706/2774/1997 5392/2830/3092 3731/2833/2020 1155/2775/570
f 1155/2775/570 3731/2833/2020 5393/2834/3093 3708/2778/1999
f 3731/2833/2020 1167/2832/580 3732/2835/2021 5393/2834/3093
f 5393/2834/3093 3732/2835/2021 1168/2836/844 3733/2837/2515
f 3708/2778/1999 5393/2834/3093 3733/2837/2515 1156/2779/842
f 1156/2779/842 3733/2838/2515 5394/2839/3094 3710/2782/2001
f 3733/2838/2515 1168/2836/844 3734/2840/2023 5394/2839/3094
f 5394/2839/3094 3734/2840/2023 1169/2841/297 3735/2842/1441
f 3710/2782/2001 5394/2839/3094 3735/2842/1441 1157/2783/285
f 1157/2787/285 3735/2843/1441 5395/2844/3095 3712/2788/2002
f 3735/2843/1441 1169/2845/297 3736/2846/2024 5395/2844/3095
f 5395/2844/3095 3736/2846/2024 1170/2847/845 3737/2848/2025
f 3712/2788/2002 5395/2844/3095 3737/2848/2025 1158/2789/843
f 1158/2793/843 3737/2849/2025 5396/2850/3096 3714/2794/2004
f 3737/2849/2025 1170/2851/845 3738/2852/2026 5396/2850/3096
f 5396/2850/3096 3738/2852/2026 1171/2853/583 3739/2854/2027
f 3714/2794/2004 5396/2850/3096 3739/2854/2027 1159/2795/573
f 1159/2795/573 3739/2854/2027 5397/2855/3097 3716/2799/2006
f 3739/2854/2027 1171/2853/583 3740/2856/2028 5397/2855/3097
f 5397/2855/3097 3740/2856/2028 1172/2857/584 3741/2858/2029
f 3716/2799/2006 5397/2855/3097 3741/2858/2029 1160/2800/574
f 1160/2800/574 3741/2858/2029 5398/2859/3098 3718/2804/2008
f 3741/2858/2029 1172/2857/584 3742/2860/2030 5398/2859/3098
f 5398/2859/3098 3742/2860/2030 1173/2861/585 3743/2862/2031
f 3718/2804/2008 5398/2859/3098 3743/2862/2031 1161/2805/575
f 1161/2805/575 3743/2862/2031 5399/2863/3099 3720/2810/2514
f 3743/2862/2031 1173/2861/585 3744/2864/2032 5399/2863/3099
f 5399/2863/3099 3744/2864/2032 1174/2865/586 3745/2866/2033
f 3720/2810/2514 5399/2863/3099 3745/2866/2033 1162/2811/576
f 1162/2811/576 3745/2866/2033 5400/2867/3100 3722/2815/2012
f 3745/2866/2033 1174/2865/586 3746/2868/2034 5400/2867/3100
f 5400/2867/3100 3746/2868/2034 1163/2818/303 3723/2816/1453
f 3722/2815/2012 5400/2867/3100 3723/2816/1453 1151/2758/291
f 1163/2818/303 3747/2869/1477 5401/2870/3101 3724/2819/2013
f 3747/2869/1477 1175/2871/315 3748/2872/2035 5401/2870/3101
f 5401/2870/3101 3748/2872/2035 1176/2873/846 3749/2874/2036
f 3724/2819/2013 5401/2870/3101 3749/2874/2036 1164/2820/577
f 1164/2820/577 3749/2874/2036 5402/2875/3102 3726/2823/2015
f 3749/2874/2036 1176/2873/846 3750/2876/2037 5402/2875/3102
f 5402/2875/3102 3750/2876/2037 1177/2877/588 3751/2878/2038
f 3726/2823/2015 5402/2875/3102 3751/2878/2038 1165/2824/578
f 1165/2824/578 3751/2878/2038 5403/2879/3103 3728/2827/2017
f 3751/2878/2038 1177/2877/588 3752/2880/2039 5403/2879/3103
f 5403/2879/3103 3752/2880/2039 1178/2881/589 3753/2882/2040
f 3728/2827/2017 5403/2879/3103 3753/2882/2040 1166/2828/579
f 1166/2828/579 3753/2882/2040 5404/2883/3104 3730/2831/2019
f 3753/2882/2040 1178/2881/589 3754/2884/2041 5404/2883/3104
f 5404/2883/3104 3754/2884/2041 1179/2885/590 3755/2886/2042
f 3730/2831/2019 5404/2883/3104 3755/2886/2042 1167/2832/580
f 1167/2832/580 3755/2886/2042 5405/2887/3105 3732/2835/2021
f 3755/2886/2042 1179/2885/590 3756/2888/2043 5405/2887/3105
f 5405/2887/3105 3756/2888/2043 1180/2889/591 3757/2890/2044
f 3732/2835/2021 5405/2887/3105 3757/2890/2044 1168/2836/844
f 1168/2836/844 3757/2891/2044 5406/2892/3106 3734/2840/2023
f 3757/2891/2044 1180/2893/591 3758/2894/2045 5406/2892/3106
f 5406/2892/3106 3758/2894/2045 1181/2895/309 3759/2896/1465
f 3734/2840/2023 5406/2892/3106 3759/2896/1465 1169/2841/297
f 1169/2845/297 3759/2897/1465 5407/2898/3107 3736/2846/2024
f 3759/2897/1465 1181/2899/309 3760/2900/2046 5407/2898/3107
f 5407/2898/3107 3760/2900/2046 1182/2901/847 3761/2902/2047
f 3736/2846/2024 5407/2898/3107 3761/2902/2047 1170/2847/845
f 1170/2851/845 3761/2903/2047 5408/2904/3108 3738/2852/2026
f 3761/2903/2047 1182/2905/847 3762/2906/2048 5408/2904/3108
f 5408/2904/3108 3762/2906/2048 1183/2907/593 3763/2908/2049
f 3738/2852/2026 5408/2904/3108 3763/2908/2049 1171/2853/583
f 1171/2853/583 3763/2908/2049 5409/2909/3368 3740/2856/2028
f 3763/2908/2049 1183/2907/593 3764/2910/2050 5409/2909/3368
f 5409/2909/3368 3764/2910/2050 1184/2911/594 3765/2912/2051
f 3740/2856/2028 5409/2909/3368 3765/2912/2051 1172/2857/584
f 1172/2857/584 3765/2912/2051 5410/2913/3110 3742/2860/2030
f 3765/2912/2051 1184/2911/594 3766/2914/2052 5410/2913/3110
f 5410/2913/3110 3766/2914/2052 1185/2915/595 3767/2916/2053
f 3742/2860/2030 5410/2913/3110 3767/2916/2053 1173/2861/585
f 1173/2861/585 3767/2916/2053 5411/2917/3111 3744/2864/2032
f 3767/2916/2053 1185/2915/595 3768/2918/2054 5411/2917/3111
f 5411/2917/3111 3768/2918/2054 1186/2919/848 3769/2920/2055
f 3744/2864/2032 5411/2917/3111 3769/2920/2055 1174/2865/586
f 1174/2865/586 3769/2920/2055 5412/2921/3112 3746/2868/2034
f 3769/2920/2055 1186/2919/848 3770/2922/2056 5412/2921/3112
f 5412/2921/3112 3770/2922/2056 1175/2871/315 3747/2869/1477
f 3746/2868/2034 5412/2921/3112 3747/2869/1477 1163/2818/303
f 1175/2871/315 3771/2923/1501 5413/2924/3113 3748/2872/2035
f 3771/2923/1501 1187/2925/327 3772/2926/2057 5413/2924/3113
f 5413/2924/3113 3772/2926/2057 1188/2927/597 3773/2928/2058
f 3748/2872/2035 5413/2924/3113 3773/2928/2058 1176/2873/846
f 1176/2873/846 3773/2928/2058 5414/2929/3114 3750/2876/2037
f 3773/2928/2058 1188/2927/597 3774/2930/2059 5414/2929/3114
f 5414/2929/3114 3774/2930/2059 1189/2931/598 3775/2932/2060
f 3750/2876/2037 5414/2929/3114 3775/2932/2060 1177/2877/588
f 1177/2877/588 3775/2932/2060 5415/2933/3369 3752/2880/2039
f 3775/2932/2060 1189/2931/598 3776/2934/2061 5415/2933/3369
f 5415/2933/3369 3776/2934/2061 1190/2935/599 3777/2936/2062
f 3752/2880/2039 5415/2933/3369 3777/2936/2062 1178/2881/589
f 1178/2881/589 3777/2936/2062 5416/2937/3116 3754/2884/2041
f 3777/2936/2062 1190/2935/599 3778/2938/2063 5416/2937/3116
f 5416/2937/3116 3778/2938/2063 1191/2939/600 3779/2940/2064
f 3754/2884/2041 5416/2937/3116 3779/2940/2064 1179/2885/590
f 1179/2885/590 3779/2940/2064 5417/2941/3117 3756/2888/2043
f 3779/2940/2064 1191/2939/600 3780/2942/2065 5417/2941/3117
f 5417/2941/3117 3780/2942/2065 1192/2943/849 3781/2944/2066
f 3756/2888/2043 5417/2941/3117 3781/2944/2066 1180/2889/591
f 1180/2893/591 3781/2945/2066 5418/2946/3118 3758/2894/2045
f 3781/2945/2066 1192/2947/849 3782/2948/2067 5418/2946/3118
f 5418/2946/3118 3782/2948/2067 1193/2949/321 3783/2950/1489
f 3758/2894/2045 5418/2946/3118 3783/2950/1489 1181/2895/309
f 1181/2899/309 3783/2951/1489 5419/2952/3119 3760/2900/2046
f 3783/2951/1489 1193/2953/321 3784/2954/2068 5419/2952/3119
f 5419/2952/3119 3784/2954/2068 1194/2955/850 3785/2956/2516
f 3760/2900/2046 5419/2952/3119 3785/2956/2516 1182/2901/847
f 1182/2905/847 3785/2957/2516 5420/2958/3120 3762/2906/2048
f 3785/2957/2516 1194/2959/850 3786/2960/2070 5420/2958/3120
f 5420/2958/3120 3786/2960/2070 1195/2961/603 3787/2962/2071
f 3762/2906/2048 5420/2958/3120 3787/2962/2071 1183/2907/593
f 1183/2907/593 3787/2962/2071 5421/2963/3121 3764/2910/2050
f 3787/2962/2071 1195/2961/603 3788/2964/2072 5421/2963/3121
f 5421/2963/3121 3788/2964/2072 1196/2965/604 3789/2966/2073
f 3764/2910/2050 5421/2963/3121 3789/2966/2073 1184/2911/594
f 1184/2911/594 3789/2966/2073 5422/2967/3122 3766/2914/2052
f 3789/2966/2073 1196/2965/604 3790/2968/2074 5422/2967/3122
f 5422/2967/3122 3790/2968/2074 1197/2969/605 3791/2970/2075
f 3766/2914/2052 5422/2967/3122 3791/2970/2075 1185/2915/595
f 1185/2915/595 3791/2970/2075 5423/2971/3123 3768/2918/2054
f 3791/2970/2075 1197/2969/605 3792/2972/2076 5423/2971/3123
f 5423/2971/3123 3792/2972/2076 1198/2973/606 3793/2974/2077
f 3768/2918/2054 5423/2971/3123 3793/2974/2077 1186/2919/848
f 1186/2919/848 3793/2974/2077 5424/2975/3124 3770/2922/2056
f 3793/2974/2077 1198/2973/606 3794/2976/2078 5424/2975/3124
f 5424/2975/3124 3794/2976/2078 1187/2925/327 3771/2923/1501
f 3770/2922/2056 5424/2975/3124 3771/2923/1501 1175/2871/315
f 1187/2925/327 3795/2977/1525 5425/2978/3125 3772/2926/2057
f 3795/2977/1525 1199/2979/339 3796/2980/2079 5425/2978/3125
f 5425/2978/3125 3796/2980/2079 1200/960/607 3797/2981/2080
f 3772/2926/2057 5425/2978/3125 3797/2981/2080 1188/2927/597
f 1188/2927/597 3797/2981/2080 5426/2982/3126 3774/2930/2059
f 3797/2981/2080 1200/960/607 3798/2983/2081 5426/2982/3126
f 5426/2982/3126 3798/2983/2081 1201/2984/608 3799/2985/2082
f 3774/2930/2059 5426/2982/3126 3799/2985/2082 1189/2931/598
f 1189/2931/598 3799/2985/2082 5427/2986/3127 3776/2934/2061
f 3799/2985/2082 1201/2984/608 3800/2987/2083 5427/2986/3127
f 5427/2986/3127 3800/2987/2083 1202/2988/609 3801/2989/2084
f 3776/2934/2061 5427/2986/3127 3801/2989/2084 1190/2935/599
f 1190/2935/599 3801/2989/2084 5428/2990/3128 3778/2938/2063
f 3801/2989/2084 1202/2988/609 3802/2991/2085 5428/2990/3128
f 5428/2990/3128 3802/2991/2085 1203/980/610 3803/2992/2086
f 3778/2938/2063 5428/2990/3128 3803/2992/2086 1191/2939/600
f 1191/2939/600 3803/2992/2086 5429/2993/3129 3780/2942/2065
f 3803/2992/2086 1203/980/610 3804/2994/2087 5429/2993/3129
f 5429/2993/3129 3804/2994/2087 1204/2995/851 3805/2996/2517
f 3780/2942/2065 5429/2993/3129 3805/2996/2517 1192/2943/849
f 1192/2947/849 3805/2997/2517 5430/2998/3130 3782/2948/2067
f 3805/2997/2517 1204/2999/851 3806/3000/2089 5430/2998/3130
f 5430/2998/3130 3806/3000/2089 1205/3001/333 3807/3002/1513
f 3782/2948/2067 5430/2998/3130 3807/3002/1513 1193/2949/321
f 1193/2953/321 3807/3003/1513 5431/3004/3131 3784/2954/2068
f 3807/3003/1513 1205/3005/333 3808/3006/2090 5431/3004/3131
f 5431/3004/3131 3808/3006/2090 1206/3007/852 3809/3008/2091
f 3784/2954/2068 5431/3004/3131 3809/3008/2091 1194/2955/850
f 1194/2959/850 3809/3009/2091 5432/3010/3132 3786/2960/2070
f 3809/3009/2091 1206/3011/852 3810/3012/2092 5432/3010/3132
f 5432/3010/3132 3810/3012/2092 1207/3013/613 3811/3014/2093
f 3786/2960/2070 5432/3010/3132 3811/3014/2093 1195/2961/603
f 1195/2961/603 3811/3014/2093 5433/3015/3133 3788/2964/2072
f 3811/3014/2093 1207/3013/613 3812/3016/2094 5433/3015/3133
f 5433/3015/3133 3812/3016/2094 1208/3017/614 3813/3018/2095
f 3788/2964/2072 5433/3015/3133 3813/3018/2095 1196/2965/604
f 1196/2965/604 3813/3018/2095 5434/3019/3134 3790/2968/2074
f 3813/3018/2095 1208/3017/614 3814/3020/2096 5434/3019/3134
f 5434/3019/3134 3814/3020/2096 1209/3021/615 3815/3022/2097
f 3790/2968/2074 5434/3019/3134 3815/3022/2097 1197/2969/605
f 1197/2969/605 3815/3022/2097 5435/3023/3135 3792/2972/2076
f 3815/3022/2097 1209/3021/615 3816/3024/2098 5435/3023/3135
f 5435/3023/3135 3816/3024/2098 1210/3025/616 3817/3026/2099
f 3792/2972/2076 5435/3023/3135 3817/3026/2099 1198/2973/606
f 1198/2973/606 3817/3026/2099 5436/3027/3136 3794/2976/2078
f 3817/3026/2099 1210/3025/616 3818/3028/2100 5436/3027/3136
f 5436/3027/3136 3818/3028/2100 1199/2979/339 3795/2977/1525
f 3794/2976/2078 5436/3027/3136 3795/2977/1525 1187/2925/327
f 1199/2979/339 3819/3029/1549 5437/3030/3137 3796/2980/2079
f 3819/3029/1549 1211/3031/351 3820/3032/2101 5437/3030/3137
f 5437/3030/3137 3820/3032/2101 1212/3033/617 3821/3034/2102
f 3796/2980/2079 5437/3030/3137 3821/3034/2102 1200/960/607
f 1200/960/607 3821/3034/2102 5438/3035/3138 3798/2983/2081
f 3821/3034/2102 1212/3033/617 3822/3036/2103 5438/3035/3138
f 5438/3035/3138 3822/3036/2103 1213/3037/618 3823/3038/2104
f 3798/2983/2081 5438/3035/3138 3823/3038/2104 1201/2984/608
f 1201/2984/608 3823/3038/2104 5439/3039/3139 3800/2987/2083
f 3823/3038/2104 1213/3037/618 3824/3040/2105 5439/3039/3139
f 5439/3039/3139 3824/3040/2105 1214/3041/619 3825/3042/2106
f 3800/2987/2083 5439/3039/3139 3825/3042/2106 1202/2988/609
f 1202/2988/609 3825/3042/2106 5440/3043/3140 3802/2991/2085
f 3825/3042/2106 1214/3041/619 3826/3044/2107 5440/3043/3140
f 5440/3043/3140 3826/3044/2107 1215/3045/620 3827/3046/2108
f 3802/2991/2085 5440/3043/3140 3827/3046/2108 1203/980/610
f 1203/980/610 3827/3046/2108 5441/3047/3141 3804/2994/2087
f 3827/3046/2108 1215/3045/620 3828/3048/2109 5441/3047/3141
f 5441/3047/3141 3828/3048/2109 1216/3049/853 3829/3050/2518
f 3804/2994/2087 5441/3047/3141 3829/3050/2518 1204/2995/851
f 1204/2999/851 3829/3050/2518 5442/3051/3142 3806/3000/2089
f 3829/3050/2518 1216/3052/853 3830/3053/2111 5442/3051/3142
f 5442/3051/3142 3830/3053/2111 1217/3054/345 3831/3055/1537
f 3806/3000/2089 5442/3051/3142 3831/3055/1537 1205/3001/333
f 1205/3005/333 3831/3056/1537 5443/3057/3143 3808/3006/2090
f 3831/3056/1537 1217/3058/345 3832/3059/2112 5443/3057/3143
f 5443/3057/3143 3832/3059/2112 1218/3060/854 3833/3061/2113
f 3808/3006/2090 5443/3057/3143 3833/3061/2113 1206/3007/852
f 1206/3011/852 3833/3061/2113 5444/3062/3144 3810/3012/2092
f 3833/3061/2113 1218/3063/854 3834/3064/2114 5444/3062/3144
f 5444/3062/3144 3834/3064/2114 1219/3065/623 3835/3066/2115
f 3810/3012/2092 5444/3062/3144 3835/3066/2115 1207/3013/613
f 1207/3013/613 3835/3066/2115 5445/3067/3145 3812/3016/2094
f 3835/3066/2115 1219/3065/623 3836/3068/2116 5445/3067/3145
f 5445/3067/3145 3836/3068/2116 1220/3069/624 3837/3070/2117
f 3812/3016/2094 5445/3067/3145 3837/3070/2117 1208/3017/614
f 1208/3017/614 3837/3070/2117 5446/3071/3146 3814/3020/2096
f 3837/3070/2117 1220/3069/624 3838/3072/2118 5446/3071/3146
f 5446/3071/3146 3838/3072/2118 1221/3073/625 3839/3074/2119
f 3814/3020/2096 5446/3071/3146 3839/3074/2119 1209/3021/615
f 1209/3021/615 3839/3074/2119 5447/3075/3147 3816/3024/2098
f 3839/3074/2119 1221/3073/625 3840/3076/2120 5447/3075/3147
f 5447/3075/3147 3840/3076/2120 1222/3077/626 3841/3078/2519
f 3816/3024/2098 5447/3075/3147 3841/3078/2519 1210/3025/616
f 1210/3025/616 3841/3078/2519 5448/3079/3148 3818/3028/2100
f 3841/3078/2519 1222/3077/626 3842/3080/2122 5448/3079/3148
f 5448/3079/3148 3842/3080/2122 1211/3031/351 3819/3029/1549
f 3818/3028/2100 5448/3079/3148 3819/3029/1549 1199/2979/339
f 1211/3031/351 3843/3081/1573 5449/3082/3149 3820/3032/2101
f 3843/3081/1573 1223/3083/363 3844/3084/2123 5449/3082/3149
f 5449/3082/3149 3844/3084/2123 1224/3085/627 3845/3086/2124
f 3820/3032/2101 5449/3082/3149 3845/3086/2124 1212/3033/617
f 1212/3033/617 3845/3086/2124 5450/3087/3150 3822/3036/2103
f 3845/3086/2124 1224/3085/627 3846/3088/2125 5450/3087/3150
f 5450/3087/3150 3846/3088/2125 1225/3089/628 3847/3090/2126
f 3822/3036/2103 5450/3087/3150 3847/3090/2126 1213/3037/618
f 1213/3037/618 3847/3090/2126 5451/3091/3370 3824/3040/2105
f 3847/3090/2126 1225/3089/628 3848/3092/2127 5451/3091/3370
f 5451/3091/3370 3848/3092/2127 1226/3093/629 3849/3094/2128
f 3824/3040/2105 5451/3091/3370 3849/3094/2128 1214/3041/619
f 1214/3041/619 3849/3094/2128 5452/3095/3152 3826/3044/2107
f 3849/3094/2128 1226/3093/629 3850/3096/2129 5452/3095/3152
f 5452/3095/3152 3850/3096/2129 1227/3097/630 3851/3098/2130
f 3826/3044/2107 5452/3095/3152 3851/3098/2130 1215/3045/620
f 1215/3045/620 3851/3098/2130 5453/3099/3153 3828/3048/2109
f 3851/3098/2130 1227/3097/630 3852/3100/2131 5453/3099/3153
f 5453/3099/3153 3852/3100/2131 1228/3101/631 3853/3102/2520
f 3828/3048/2109 5453/3099/3153 3853/3102/2520 1216/3049/853
f 1216/3052/853 3853/3103/2520 5454/3104/3154 3830/3053/2111
f 3853/3103/2520 1228/3101/631 3854/3105/2133 5454/3104/3154
f 5454/3104/3154 3854/3105/2133 1229/3106/357 3855/3107/1561
f 3830/3053/2111 5454/3104/3154 3855/3107/1561 1217/3054/345
f 1217/3058/345 3855/3108/1561 5455/3109/3155 3832/3059/2112
f 3855/3108/1561 1229/3110/357 3856/3111/2134 5455/3109/3155
f 5455/3109/3155 3856/3111/2134 1230/3112/855 3857/3113/2135
f 3832/3059/2112 5455/3109/3155 3857/3113/2135 1218/3060/854
f 1218/3063/854 3857/3114/2135 5456/3115/3156 3834/3064/2114
f 3857/3114/2135 1230/3116/855 3858/3117/2136 5456/3115/3156
f 5456/3115/3156 3858/3117/2136 1231/3118/633 3859/3119/2137
f 3834/3064/2114 5456/3115/3156 3859/3119/2137 1219/3065/623
f 1219/3065/623 3859/3119/2137 5457/3120/3157 3836/3068/2116
f 3859/3119/2137 1231/3118/633 3860/3121/2138 5457/3120/3157
f 5457/3120/3157 3860/3121/2138 1232/3122/634 3861/3123/2139
f 3836/3068/2116 5457/3120/3157 3861/3123/2139 1220/3069/624
f 1220/3069/624 3861/3123/2139 5458/3124/3158 3838/3072/2118
f 3861/3123/2139 1232/3122/634 3862/3125/2140 5458/3124/3158
f 5458/3124/3158 3862/3125/2140 1233/3126/635 3863/3127/2141
f 3838/3072/2118 5458/3124/3158 3863/3127/2141 1221/3073/625
f 1221/3073/625 3863/3127/2141 5459/3128/3159 3840/3076/2120
f 3863/3127/2141 1233/3126/635 3864/3129/2142 5459/3128/3159
f 5459/3128/3159 3864/3129/2142 1234/3130/856 3865/3131/2143
f 3840/3076/2120 5459/3128/3159 3865/3131/2143 1222/3077/626
f 1222/3077/626 3865/3131/2143 5460/3132/3160 3842/3080/2122
f 3865/3131/2143 1234/3130/856 3866/3133/2144 5460/3132/3160
f 5460/3132/3160 3866/3133/2144 1223/3083/363 3843/3081/1573
f 3842/3080/2122 5460/3132/3160 3843/3081/1573 1211/3031/351
f 1223/3083/363 3867/3134/1597 5461/3135/3161 3844/3084/2123
f 3867/3134/1597 1235/3136/375 3868/3137/2145 5461/3135/3161
f 5461/3135/3161 3868/3137/2145 1236/3138/637 3869/3139/2146
f 3844/3084/2123 5461/3135/3161 3869/3139/2146 1224/3085/627
f 1224/3085/627 3869/3139/2146 5462/3140/3162 3846/3088/2125
f 3869/3139/2146 1236/3138/637 3870/3141/2147 5462/3140/3162
f 5462/3140/3162 3870/3141/2147 1237/3142/638 3871/3143/2148
f 3846/3088/2125 5462/3140/3162 3871/3143/2148 1225/3089/628
f 1225/3089/628 3871/3143/2148 5463/3144/3163 3848/3092/2127
f 3871/3143/2148 1237/3142/638 3872/3145/2149 5463/3144/3163
f 5463/3144/3163 3872/3145/2149 1238/3146/639 3873/3147/2150
f 3848/3092/2127 5463/3144/3163 3873/3147/2150 1226/3093/629
f 1226/3093/629 3873/3147/2150 5464/3148/3164 3850/3096/2129
f 3873/3147/2150 1238/3146/639 3874/3149/2151 5464/3148/3164
f 5464/3148/3164 3874/3149/2151 1239/3150/640 3875/3151/2152
f 3850/3096/2129 5464/3148/3164 3875/3151/2152 1227/3097/630
f 1227/3097/630 3875/3151/2152 5465/3152/3165 3852/3100/2131
f 3875/3151/2152 1239/3150/640 3876/3153/2153 5465/3152/3165
f 5465/3152/3165 3876/3153/2153 1240/3154/857 3877/3155/2521
f 3852/3100/2131 5465/3152/3165 3877/3155/2521 1228/3101/631
f 1228/3101/631 3877/3156/2521 5466/3157/3166 3854/3105/2133
f 3877/3156/2521 1240/3158/857 3878/3159/2155 5466/3157/3166
f 5466/3157/3166 3878/3159/2155 1241/3160/369 3879/3161/1585
f 3854/3105/2133 5466/3157/3166 3879/3161/1585 1229/3106/357
f 1229/3110/357 3879/3162/1585 5467/3163/3167 3856/3111/2134
f 3879/3162/1585 1241/3164/369 3880/3165/2156 5467/3163/3167
f 5467/3163/3167 3880/3165/2156 1242/3166/858 3881/3167/2157
f 3856/3111/2134 5467/3163/3167 3881/3167/2157 1230/3112/855
f 1230/3116/855 3881/3168/2157 5468/3169/3168 3858/3117/2136
f 3881/3168/2157 1242/3170/858 3882/3171/2158 5468/3169/3168
f 5468/3169/3168 3882/3171/2158 1243/3172/859 3883/3173/2159
f 3858/3117/2136 5468/3169/3168 3883/3173/2159 1231/3118/633
f 1231/3118/633 3883/3173/2159 5469/3174/3371 3860/3121/2138
f 3883/3173/2159 1243/3172/859 3884/3175/2160 5469/3174/3371
f 5469/3174/3371 3884/3175/2160 1244/3176/644 3885/3177/2161
f 3860/3121/2138 5469/3174/3371 3885/3177/2161 1232/3122/634
f 1232/3122/634 3885/3177/2161 5470/3178/3170 3862/3125/2140
f 3885/3177/2161 1244/3176/644 3886/3179/2162 5470/3178/3170
f 5470/3178/3170 3886/3179/2162 1245/3180/645 3887/3181/2163
f 3862/3125/2140 5470/3178/3170 3887/3181/2163 1233/3126/635
f 1233/3126/635 3887/3181/2163 5471/3182/3171 3864/3129/2142
f 3887/3181/2163 1245/3180/645 3888/3183/2164 5471/3182/3171
f 5471/3182/3171 3888/3183/2164 1246/3184/646 3889/3185/2165
f 3864/3129/2142 5471/3182/3171 3889/3185/2165 1234/3130/856
f 1234/3130/856 3889/3185/2165 5472/3186/3172 3866/3133/2144
f 3889/3185/2165 1246/3184/646 3890/3187/2166 5472/3186/3172
f 5472/3186/3172 3890/3187/2166 1235/3136/375 3867/3134/1597
f 3866/3133/2144 5472/3186/3172 3867/3134/1597 1223/3083/363
f 1235/3136/375 3891/3188/1621 5473/3189/3173 3868/3137/2145
f 3891/3188/1621 1247/3190/387 3892/3191/2167 5473/3189/3173
f 5473/3189/3173 3892/3191/2167 1248/3192/647 3893/3193/2168
f 3868/3137/2145 5473/3189/3173 3893/3193/2168 1236/3138/637
f 1236/3138/637 3893/3193/2168 5474/3194/3174 3870/3141/2147
f 3893/3193/2168 1248/3192/647 3894/3195/2169 5474/3194/3174
f 5474/3194/3174 3894/3195/2169 1249/3196/648 3895/3197/2170
f 3870/3141/2147 5474/3194/3174 3895/3197/2170 1237/3142/638
f 1237/3142/638 3895/3197/2170 5475/3198/3175 3872/3145/2149
f 3895/3197/2170 1249/3196/648 3896/3199/2171 5475/3198/3175
f 5475/3198/3175 3896/3199/2171 1250/3200/649 3897/3201/2172
f 3872/3145/2149 5475/3198/3175 3897/3201/2172 1238/3146/639
f 1238/3146/639 3897/3201/2172 5476/3202/3176 3874/3149/2151
f 3897/3201/2172 1250/3200/649 3898/3203/2173 5476/3202/3176
f 5476/3202/3176 3898/3203/2173 1251/3204/650 3899/3205/2174
f 3874/3149/2151 5476/3202/3176 3899/3205/2174 1239/3150/640
f 1239/3150/640 3899/3205/2174 5477/3206/3177 3876/3153/2153
f 3899/3205/2174 1251/3204/650 3900/3207/2175 5477/3206/3177
f 5477/3206/3177 3900/3207/2175 1252/3208/860 3901/3209/2522
f 3876/3153/2153 5477/3206/3177 3901/3209/2522 1240/3154/857
f 1240/3158/857 3901/3209/2522 5478/3210/3178 3878/3159/2155
f 3901/3209/2522 1252/3208/860 3902/3211/2177 5478/3210/3178
f 5478/3210/3178 3902/3211/2177 1253/3212/381 3903/3213/1609
f 3878/3159/2155 5478/3210/3178 3903/3213/1609 1241/3160/369
f 1241/3164/369 3903/3214/1609 5479/3215/3179 3880/3165/2156
f 3903/3214/1609 1253/3216/381 3904/3217/2178 5479/3215/3179
f 5479/3215/3179 3904/3217/2178 1254/3218/861 3905/3219/2179
f 3880/3165/2156 5479/3215/3179 3905/3219/2179 1242/3166/858
f 1242/3170/858 3905/3219/2179 5480/3220/3180 3882/3171/2158
f 3905/3219/2179 1254/3221/861 3906/3222/2180 5480/3220/3180
f 5480/3220/3180 3906/3222/2180 1255/3223/653 3907/3224/2181
f 3882/3171/2158 5480/3220/3180 3907/3224/2181 1243/3172/859
f 1243/3172/859 3907/3224/2181 5481/3225/3181 3884/3175/2160
f 3907/3224/2181 1255/3223/653 3908/3226/2182 5481/3225/3181
f 5481/3225/3181 3908/3226/2182 1256/3227/654 3909/3228/2183
f 3884/3175/2160 5481/3225/3181 3909/3228/2183 1244/3176/644
f 1244/3176/644 3909/3228/2183 5482/3229/3182 3886/3179/2162
f 3909/3228/2183 1256/3227/654 3910/3230/2184 5482/3229/3182
f 5482/3229/3182 3910/3230/2184 1257/3231/655 3911/3232/2185
f 3886/3179/2162 5482/3229/3182 3911/3232/2185 1245/3180/645
f 1245/3180/645 3911/3232/2185 5483/3233/3183 3888/3183/2164
f 3911/3232/2185 1257/3231/655 3912/3234/2186 5483/3233/3183
f 5483/3233/3183 3912/3234/2186 1258/3235/656 3913/3236/2187
f 3888/3183/2164 5483/3233/3183 3913/3236/2187 1246/3184/646
f 1246/3184/646 3913/3236/2187 5484/3237/3184 3890/3187/2166
f 3913/3236/2187 1258/3235/656 3914/3238/2188 5484/3237/3184
f 5484/3237/3184 3914/3238/2188 1247/3190/387 3891/3188/1621
f 3890/3187/2166 5484/3237/3184 3891/3188/1621 1235/3136/375
f 1247/3190/387 3915/3239/1645 5485/3240/3185 3892/3191/2167
f 3915/3239/1645 1259/3241/399 3916/3242/2189 5485/3240/3185
f 5485/3240/3185 3916/3242/2189 1260/3243/657 3917/3244/2190
f 3892/3191/2167 5485/3240/3185 3917/3244/2190 1248/3192/647
f 1248/3192/647 3917/3244/2190 5486/3245/3186 3894/3195/2169
f 3917/3244/2190 1260/3243/657 3918/3246/2191 5486/3245/3186
f 5486/3245/3186 3918/3246/2191 1261/3247/658 3919/3248/2192
f 3894/3195/2169 5486/3245/3186 3919/3248/2192 1249/3196/648
f 1249/3196/648 3919/3248/2192 5487/3249/3187 3896/3199/2171
f 3919/3248/2192 1261/3247/658 3920/3250/2193 5487/3249/3187
f 5487/3249/3187 3920/3250/2193 1262/3251/659 3921/3252/2194
f 3896/3199/2171 5487/3249/3187 3921/3252/2194 1250/3200/649
f 1250/3200/649 3921/3252/2194 5488/3253/3188 3898/3203/2173
f 3921/3252/2194 1262/3251/659 3922/3254/2195 5488/3253/3188
f 5488/3253/3188 3922/3254/2195 1263/3255/660 3923/3256/2196
f 3898/3203/2173 5488/3253/3188 3923/3256/2196 1251/3204/650
f 1251/3204/650 3923/3256/2196 5489/3257/3372 3900/3207/2175
f 3923/3256/2196 1263/3255/660 3924/3258/2197 5489/3257/3372
f 5489/3257/3372 3924/3258/2197 1264/3259/862 3925/3260/2523
f 3900/3207/2175 5489/3257/3372 3925/3260/2523 1252/3208/860
f 1252/3208/860 3925/3260/2523 5490/3261/3190 3902/3211/2177
f 3925/3260/2523 1264/3262/862 3926/3263/2199 5490/3261/3190
f 5490/3261/3190 3926/3263/2199 1265/3264/393 3927/3265/1633
f 3902/3211/2177 5490/3261/3190 3927/3265/1633 1253/3212/381
f 1253/3216/381 3927/3266/1633 5491/3267/3191 3904/3217/2178
f 3927/3266/1633 1265/3268/393 3928/3269/2200 5491/3267/3191
f 5491/3267/3191 3928/3269/2200 1266/3270/863 3929/3271/2201
f 3904/3217/2178 5491/3267/3191 3929/3271/2201 1254/3218/861
f 1254/3221/861 3929/3271/2201 5492/3272/3373 3906/3222/2180
f 3929/3271/2201 1266/3273/863 3930/3274/2202 5492/3272/3373
f 5492/3272/3373 3930/3274/2202 1267/3275/663 3931/3276/2203
f 3906/3222/2180 5492/3272/3373 3931/3276/2203 1255/3223/653
f 1255/3223/653 3931/3276/2203 5493/3277/3193 3908/3226/2182
f 3931/3276/2203 1267/3275/663 3932/3278/2204 5493/3277/3193
f 5493/3277/3193 3932/3278/2204 1268/3279/664 3933/3280/2205
f 3908/3226/2182 5493/3277/3193 3933/3280/2205 1256/3227/654
f 1256/3227/654 3933/3280/2205 5494/3281/3194 3910/3230/2184
f 3933/3280/2205 1268/3279/664 3934/3282/2206 5494/3281/3194
f 5494/3281/3194 3934/3282/2206 1269/3283/665 3935/3284/2207
f 3910/3230/2184 5494/3281/3194 3935/3284/2207 1257/3231/655
f 1257/3231/655 3935/3284/2207 5495/3285/3195 3912/3234/2186
f 3935/3284/2207 1269/3283/665 3936/3286/2208 5495/3285/3195
f 5495/3285/3195 3936/3286/2208 1270/3287/666 3937/3288/2209
f 3912/3234/2186 5495/3285/3195 3937/3288/2209 1258/3235/656
f 1258/3235/656 3937/3288/2209 5496/3289/3196 3914/3238/2188
f 3937/3288/2209 1270/3287/666 3938/3290/2210 5496/3289/3196
f 5496/3289/3196 3938/3290/2210 1259/3241/399 3915/3239/1645
f 3914/3238/2188 5496/3289/3196 3915/3239/1645 1247/3190/387
f 1259/3241/399 3939/3291/1669 5497/3292/3197 3916/3242/2189
f 3939/3291/1669 1271/3293/151 3940/3294/2211 5497/3292/3197
f 5497/3292/3197 3940/3294/2211 1272/3295/667 3941/3296/2212
f 3916/3242/2189 5497/3292/3197 3941/3296/2212 1260/3243/657
f 1260/3243/657 3941/3296/2212 5498/3297/3198 3918/3246/2191
f 3941/3296/2212 1272/3295/667 3942/3298/2213 5498/3297/3198
f 5498/3297/3198 3942/3298/2213 1273/3299/668 3943/3300/2214
f 3918/3246/2191 5498/3297/3198 3943/3300/2214 1261/3247/658
f 1261/3247/658 3943/3300/2214 5499/3301/3199 3920/3250/2193
f 3943/3300/2214 1273/3299/668 3944/767/2215 5499/3301/3199
f 5499/3301/3199 3944/767/2215 1274/3302/669 3945/3303/2216
f 3920/3250/2193 5499/3301/3199 3945/3303/2216 1262/3251/659
f 1262/3251/659 3945/3303/2216 5500/3304/3200 3922/3254/2195
f 3945/3303/2216 1274/3302/669 3946/3305/2217 5500/3304/3200
f 5500/3304/3200 3946/3305/2217 1275/3306/670 3947/3307/2218
f 3922/3254/2195 5500/3304/3200 3947/3307/2218 1263/3255/660
f 1263/3255/660 3947/3307/2218 5501/3308/3201 3924/3258/2197
f 3947/3307/2218 1275/3306/670 3948/3309/2219 5501/3308/3201
f 5501/3308/3201 3948/3309/2219 1276/3310/864 3949/3311/2524
f 3924/3258/2197 5501/3308/3201 3949/3311/2524 1264/3259/862
f 1264/3262/862 3949/3311/2524 5502/3312/3202 3926/3263/2199
f 3949/3311/2524 1276/3310/864 3950/3313/2221 5502/3312/3202
f 5502/3312/3202 3950/3313/2221 1277/3314/44 3951/3315/1657
f 3926/3263/2199 5502/3312/3202 3951/3315/1657 1265/3264/393
f 1265/3268/393 3951/3316/1657 5503/3317/3203 3928/3269/2200
f 3951/3316/1657 1277/3318/44 3952/3319/2222 5503/3317/3203
f 5503/3317/3203 3952/3319/2222 1278/3320/865 3953/3321/2223
f 3928/3269/2200 5503/3317/3203 3953/3321/2223 1266/3270/863
f 1266/3273/863 3953/3321/2223 5504/3322/3204 3930/3274/2202
f 3953/3321/2223 1278/3323/865 3954/3324/2224 5504/3322/3204
f 5504/3322/3204 3954/3324/2224 1279/3325/673 3955/3326/2225
f 3930/3274/2202 5504/3322/3204 3955/3326/2225 1267/3275/663
f 1267/3275/663 3955/3326/2225 5505/3327/3205 3932/3278/2204
f 3955/3326/2225 1279/3325/673 3956/3328/2226 5505/3327/3205
f 5505/3327/3205 3956/3328/2226 1280/3329/674 3957/3330/2227
f 3932/3278/2204 5505/3327/3205 3957/3330/2227 1268/3279/664
f 1268/3279/664 3957/3330/2227 5506/3331/3206 3934/3282/2206
f 3957/3330/2227 1280/3329/674 3958/3332/2228 5506/3331/3206
f 5506/3331/3206 3958/3332/2228 1281/3333/675 3959/3334/2229
f 3934/3282/2206 5506/3331/3206 3959/3334/2229 1269/3283/665
f 1269/3283/665 3959/3334/2229 5507/3335/3207 3936/3286/2208
f 3959/3334/2229 1281/3333/675 3960/3336/2230 5507/3335/3207
f 5507/3335/3207 3960/3336/2230 1282/3337/676 3961/3338/2231
f 3936/3286/2208 5507/3335/3207 3961/3338/2231 1270/3287/666
f 1270/3287/666 3961/3338/2231 5508/3339/3208 3938/3290/2210
f 3961/3338/2231 1282/3337/676 3962/3340/2232 5508/3339/3208
f 5508/3339/3208 3962/3340/2232 1271/3293/151 3939/3291/1669
f 3938/3290/2210 5508/3339/3208 3939/3291/1669 1259/3241/399
f 1271/3293/151 3963/3341/1693 5509/3342/3209 3940/3294/2211
f 3963/3341/1693 1283/3343/421 3964/3344/2233 5509/3342/3209
f 5509/3342/3209 3964/3344/2233 1284/3345/677 3965/3346/2234
f 3940/3294/2211 5509/3342/3209 3965/3346/2234 1272/3295/667
f 1272/3295/667 3965/3346/2234 5510/3347/3210 3942/3298/2213
f 3965/3346/2234 1284/3345/677 3966/3348/2235 5510/3347/3210
f 5510/3347/3210 3966/3348/2235 1285/3349/678 3967/3350/2236
f 3942/3298/2213 5510/3347/3210 3967/3350/2236 1273/3299/668
f 1273/3299/668 3967/3350/2236 5511/3351/3211 3944/767/2215
f 3967/3350/2236 1285/3349/678 3968/3352/2237 5511/3351/3211
f 5511/3351/3211 3968/3352/2237 1286/3353/679 3969/3354/2238
f 3944/767/2215 5511/3351/3211 3969/3354/2238 1274/3302/669
f 1274/3302/669 3969/3354/2238 5512/3355/3212 3946/3305/2217
f 3969/3354/2238 1286/3353/679 3970/3356/2239 5512/3355/3212
f 5512/3355/3212 3970/3356/2239 1287/3357/680 3971/3358/2240
f 3946/3305/2217 5512/3355/3212 3971/3358/2240 1275/3306/670
f 1275/3306/670 3971/3358/2240 5513/3359/3213 3948/3309/2219
f 3971/3358/2240 1287/3357/680 3972/3360/2241 5513/3359/3213
f 5513/3359/3213 3972/3360/2241 1288/3361/866 3973/3362/2242
f 3948/3309/2219 5513/3359/3213 3973/3362/2242 1276/3310/864
f 1276/3310/864 3973/3363/2242 5514/3364/3214 3950/3313/2221
f 3973/3363/2242 1288/3361/866 3974/3365/2243 5514/3364/3214
f 5514/3364/3214 3974/3365/2243 1289/3366/415 3975/3367/1681
f 3950/3313/2221 5514/3364/3214 3975/3367/1681 1277/3314/44
f 1277/3318/44 3975/3368/1681 5515/3369/3215 3952/3319/2222
f 3975/3368/1681 1289/3370/415 3976/3371/2244 5515/3369/3215
f 5515/3369/3215 3976/3371/2244 1290/3372/867 3977/3373/2245
f 3952/3319/2222 5515/3369/3215 3977/3373/2245 1278/3320/865
f 1278/3323/865 3977/3374/2245 5516/3375/3216 3954/3324/2224
f 3977/3374/2245 1290/3376/867 3978/3377/2246 5516/3375/3216
f 5516/3375/3216 3978/3377/2246 1291/3378/683 3979/3379/2247
f 3954/3324/2224 5516/3375/3216 3979/3379/2247 1279/3325/673
f 1279/3325/673 3979/3379/2247 5517/3380/3217 3956/3328/2226
f 3979/3379/2247 1291/3378/683 3980/3381/2248 5517/3380/3217
f 5517/3380/3217 3980/3381/2248 1292/3382/684 3981/3383/2249
f 3956/3328/2226 5517/3380/3217 3981/3383/2249 1280/3329/674
f 1280/3329/674 3981/3383/2249 5518/3384/3218 3958/3332/2228
f 3981/3383/2249 1292/3382/684 3982/3385/2250 5518/3384/3218
f 5518/3384/3218 3982/3385/2250 1293/3386/685 3983/3387/2251
f 3958/3332/2228 5518/3384/3218 3983/3387/2251 1281/3333/675
f 1281/3333/675 3983/3387/2251 5519/3388/3219 3960/3336/2230
f 3983/3387/2251 1293/3386/685 3984/3389/2252 5519/3388/3219
f 5519/3388/3219 3984/3389/2252 1294/3390/686 3985/3391/2253
f 3960/3336/2230 5519/3388/3219 3985/3391/2253 1282/3337/676
f 1282/3337/676 3985/3391/2253 5520/3392/3220 3962/3340/2232
f 3985/3391/2253 1294/3390/686 3986/3393/2254 5520/3392/3220
f 5520/3392/3220 3986/3393/2254 1283/3343/421 3963/3341/1693
f 3962/3340/2232 5520/3392/3220 3963/3341/1693 1271/3293/151
f 1283/3343/421 3987/3394/1717 5521/3395/3221 3964/3344/2233
f 3987/3394/1717 1295/3396/433 3988/3397/2255 5521/3395/3221
f 5521/3395/3221 3988/3397/2255 1296/3398/687 3989/3399/2256
f 3964/3344/2233 5521/3395/3221 3989/3399/2256 1284/3345/677
f 1284/3345/677 3989/3399/2256 5522/3400/3222 3966/3348/2235
f 3989/3399/2256 1296/3398/687 3990/3401/2525 5522/3400/3222
f 5522/3400/3222 3990/3401/2525 1297/3402/688 3991/3403/2258
f 3966/3348/2235 5522/3400/3222 3991/3403/2258 1285/3349/678
f 1285/3349/678 3991/3403/2258 5523/3404/3223 3968/3352/2237
f 3991/3403/2258 1297/3402/688 3992/3405/2259 5523/3404/3223
f 5523/3404/3223 3992/3405/2259 1298/3406/689 3993/3407/2260
f 3968/3352/2237 5523/3404/3223 3993/3407/2260 1286/3353/679
f 1286/3353/679 3993/3407/2260 5524/3408/3224 3970/3356/2239
f 3993/3407/2260 1298/3406/689 3994/3409/2261 5524/3408/3224
f 5524/3408/3224 3994/3409/2261 1299/3410/690 3995/3411/2262
f 3970/3356/2239 5524/3408/3224 3995/3411/2262 1287/3357/680
f 1287/3357/680 3995/3411/2262 5525/3412/3374 3972/3360/2241
f 3995/3411/2262 1299/3410/690 3996/3413/2526 5525/3412/3374
f 5525/3412/3374 3996/3413/2526 1300/3414/868 3997/3415/2264
f 3972/3360/2241 5525/3412/3374 3997/3415/2264 1288/3361/866
f 1288/3361/866 3997/3415/2264 5526/3416/3226 3974/3365/2243
f 3997/3415/2264 1300/3417/868 3998/3418/2265 5526/3416/3226
f 5526/3416/3226 3998/3418/2265 1301/3419/427 3999/3420/1705
f 3974/3365/2243 5526/3416/3226 3999/3420/1705 1289/3366/415
f 1289/3370/415 3999/3421/1705 5527/3422/3227 3976/3371/2244
f 3999/3421/1705 1301/3423/427 4000/3424/2266 5527/3422/3227
f 5527/3422/3227 4000/3424/2266 1302/3425/692 4001/3426/2267
f 3976/3371/2244 5527/3422/3227 4001/3426/2267 1290/3372/867
f 1290/3376/867 4001/3426/2267 5528/3427/3375 3978/3377/2246
f 4001/3426/2267 1302/3428/692 4002/3429/2268 5528/3427/3375
f 5528/3427/3375 4002/3429/2268 1303/3430/693 4003/3431/2269
f 3978/3377/2246 5528/3427/3375 4003/3431/2269 1291/3378/683
f 1291/3378/683 4003/3431/2269 5529/3432/3229 3980/3381/2248
f 4003/3431/2269 1303/3430/693 4004/3433/2270 5529/3432/3229
f 5529/3432/3229 4004/3433/2270 1304/3434/694 4005/3435/2271
f 3980/3381/2248 5529/3432/3229 4005/3435/2271 1292/3382/684
f 1292/3382/684 4005/3435/2271 5530/3436/3230 3982/3385/2250
f 4005/3435/2271 1304/3434/694 4006/3437/2272 5530/3436/3230
f 5530/3436/3230 4006/3437/2272 1305/3438/695 4007/3439/2273
f 3982/3385/2250 5530/3436/3230 4007/3439/2273 1293/3386/685
f 1293/3386/685 4007/3439/2273 5531/3440/3231 3984/3389/2252
f 4007/3439/2273 1305/3438/695 4008/3441/2274 5531/3440/3231
f 5531/3440/3231 4008/3441/2274 1306/3442/696 4009/3443/2275
f 3984/3389/2252 5531/3440/3231 4009/3443/2275 1294/3390/686
f 1294/3390/686 4009/3443/2275 5532/3444/3232 3986/3393/2254
f 4009/3443/2275 1306/3442/696 4010/3445/2276 5532/3444/3232
f 5532/3444/3232 4010/3445/2276 1295/3396/433 3987/3394/1717
f 3986/3393/2254 5532/3444/3232 3987/3394/1717 1283/3343/421
f 1295/3396/433 4011/3446/1741 5533/3447/3233 3988/3397/2255
f 4011/3446/1741 1307/3448/445 4012/3449/2277 5533/3447/3233
f 5533/3447/3233 4012/3449/2277 1308/3450/697 4013/3451/2278
f 3988/3397/2255 5533/3447/3233 4013/3451/2278 1296/3398/687
f 1296/3398/687 4013/3451/2278 5534/3452/3234 3990/3401/2525
f 4013/3451/2278 1308/3450/697 4014/3453/2279 5534/3452/3234
f 5534/3452/3234 4014/3453/2279 1309/3454/698 4015/3455/2280
f 3990/3401/2525 5534/3452/3234 4015/3455/2280 1297/3402/688
f 1297/3402/688 4015/3455/2280 5535/3456/3235 3992/3405/2259
f 4015/3455/2280 1309/3454/698 4016/3457/2281 5535/3456/3235
f 5535/3456/3235 4016/3457/2281 1310/3458/699 4017/3459/2282
f 3992/3405/2259 5535/3456/3235 4017/3459/2282 1298/3406/689
f 1298/3406/689 4017/3459/2282 5536/3460/3236 3994/3409/2261
f 4017/3459/2282 1310/3458/699 4018/3461/2283 5536/3460/3236
f 5536/3460/3236 4018/3461/2283 1311/3462/700 4019/3463/2284
f 3994/3409/2261 5536/3460/3236 4019/3463/2284 1299/3410/690
f 1299/3410/690 4019/3463/2284 5537/3464/3237 3996/3413/2526
f 4019/3463/2284 1311/3462/700 4020/3465/2285 5537/3464/3237
f 5537/3464/3237 4020/3465/2285 1312/3466/701 4021/3467/2527
f 3996/3413/2526 5537/3464/3237 4021/3467/2527 1300/3414/868
f 1300/3417/868 4021/3468/2527 5538/3469/3238 3998/3418/2265
f 4021/3468/2527 1312/3470/701 4022/3471/2287 5538/3469/3238
f 5538/3469/3238 4022/3471/2287 1313/3472/439 4023/3473/1729
f 3998/3418/2265 5538/3469/3238 4023/3473/1729 1301/3419/427
f 1301/3423/427 4023/3474/1729 5539/3475/3239 4000/3424/2266
f 4023/3474/1729 1313/3476/439 4024/3477/2288 5539/3475/3239
f 5539/3475/3239 4024/3477/2288 1314/3478/702 4025/3479/2289
f 4000/3424/2266 5539/3475/3239 4025/3479/2289 1302/3425/692
f 1302/3428/692 4025/3480/2289 5540/3481/3240 4002/3429/2268
f 4025/3480/2289 1314/3482/702 4026/3483/2290 5540/3481/3240
f 5540/3481/3240 4026/3483/2290 1315/3484/703 4027/3485/2291
f 4002/3429/2268 5540/3481/3240 4027/3485/2291 1303/3430/693
f 1303/3430/693 4027/3485/2291 5541/3486/3241 4004/3433/2270
f 4027/3485/2291 1315/3484/703 4028/3487/2292 5541/3486/3241
f 5541/3486/3241 4028/3487/2292 1316/3488/869 4029/3489/2293
f 4004/3433/2270 5541/3486/3241 4029/3489/2293 1304/3434/694
f 1304/3434/694 4029/3489/2293 5542/3490/3242 4006/3437/2272
f 4029/3489/2293 1316/3488/869 4030/3491/2294 5542/3490/3242
f 5542/3490/3242 4030/3491/2294 1317/3492/705 4031/3493/2295
f 4006/3437/2272 5542/3490/3242 4031/3493/2295 1305/3438/695
f 1305/3438/695 4031/3493/2295 5543/3494/3243 4008/3441/2274
f 4031/3493/2295 1317/3492/705 4032/3495/2296 5543/3494/3243
f 5543/3494/3243 4032/3495/2296 1318/3496/706 4033/3497/2297
f 4008/3441/2274 5543/3494/3243 4033/3497/2297 1306/3442/696
f 1306/3442/696 4033/3497/2297 5544/3498/3244 4010/3445/2276
f 4033/3497/2297 1318/3496/706 4034/3499/2298 5544/3498/3244
f 5544/3498/3244 4034/3499/2298 1307/3448/445 4011/3446/1741
f 4010/3445/2276 5544/3498/3244 4011/3446/1741 1295/3396/433
f 1307/3448/445 4035/3500/1765 5545/3501/3245 4012/3449/2277
f 4035/3500/1765 1319/3502/457 4036/3503/2299 5545/3501/3245
f 5545/3501/3245 4036/3503/2299 1320/3504/870 4037/3505/2300
f 4012/3449/2277 5545/3501/3245 4037/3505/2300 1308/3450/697
f 1308/3450/697 4037/3505/2300 5546/3506/3246 4014/3453/2279
f 4037/3505/2300 1320/3504/870 4038/3507/2301 5546/3506/3246
f 5546/3506/3246 4038/3507/2301 1321/3508/708 4039/3509/2302
f 4014/3453/2279 5546/3506/3246 4039/3509/2302 1309/3454/698
f 1309/3454/698 4039/3509/2302 5547/3510/3247 4016/3457/2281
f 4039/3509/2302 1321/3508/708 4040/3511/2303 5547/3510/3247
f 5547/3510/3247 4040/3511/2303 1322/3512/709 4041/3513/2304
f 4016/3457/2281 5547/3510/3247 4041/3513/2304 1310/3458/699
f 1310/3458/699 4041/3513/2304 5548/3514/3248 4018/3461/2283
f 4041/3513/2304 1322/3512/709 4042/3515/2305 5548/3514/3248
f 5548/3514/3248 4042/3515/2305 1323/3516/710 4043/3517/2306
f 4018/3461/2283 5548/3514/3248 4043/3517/2306 1311/3462/700
f 1311/3462/700 4043/3517/2306 5549/3518/3249 4020/3465/2285
f 4043/3517/2306 1323/3516/710 4044/3519/2307 5549/3518/3249
f 5549/3518/3249 4044/3519/2307 1324/3520/871 4045/3521/2528
f 4020/3465/2285 5549/3518/3249 4045/3521/2528 1312/3466/701
f 1312/3470/701 4045/3522/2528 5550/3523/3250 4022/3471/2287
f 4045/3522/2528 1324/3520/871 4046/3524/2309 5550/3523/3250
f 5550/3523/3250 4046/3524/2309 1325/3525/451 4047/3526/1753
f 4022/3471/2287 5550/3523/3250 4047/3526/1753 1313/3472/439
f 1313/3476/439 4047/3527/1753 5551/3528/3251 4024/3477/2288
f 4047/3527/1753 1325/3529/451 4048/3530/2310 5551/3528/3251
f 5551/3528/3251 4048/3530/2310 1326/3531/712 4049/3532/2311
f 4024/3477/2288 5551/3528/3251 4049/3532/2311 1314/3478/702
f 1314/3482/702 4049/3533/2311 5552/3534/3252 4026/3483/2290
f 4049/3533/2311 1326/3535/712 4050/3536/2312 5552/3534/3252
f 5552/3534/3252 4050/3536/2312 1327/3537/713 4051/3538/2313
f 4026/3483/2290 5552/3534/3252 4051/3538/2313 1315/3484/703
f 1315/3484/703 4051/3538/2313 5553/3539/3253 4028/3487/2292
f 4051/3538/2313 1327/3537/713 4052/3540/2314 5553/3539/3253
f 5553/3539/3253 4052/3540/2314 1328/3541/714 4053/3542/2315
f 4028/3487/2292 5553/3539/3253 4053/3542/2315 1316/3488/869
f 1316/3488/869 4053/3542/2315 5554/3543/3254 4030/3491/2294
f 4053/3542/2315 1328/3541/714 4054/3544/2316 5554/3543/3254
f 5554/3543/3254 4054/3544/2316 1329/3545/715 4055/3546/2317
f 4030/3491/2294 5554/3543/3254 4055/3546/2317 1317/3492/705
f 1317/3492/705 4055/3546/2317 5555/3547/3255 4032/3495/2296
f 4055/3546/2317 1329/3545/715 4056/3548/2318 5555/3547/3255
f 5555/3547/3255 4056/3548/2318 1330/3549/716 4057/3550/2319
f 4032/3495/2296 5555/3547/3255 4057/3550/2319 1318/3496/706
f 1318/3496/706 4057/3550/2319 5556/3551/3256 4034/3499/2298
f 4057/3550/2319 1330/3549/716 4058/3552/2320 5556/3551/3256
f 5556/3551/3256 4058/3552/2320 1319/3502/457 4035/3500/1765
f 4034/3499/2298 5556/3551/3256 4035/3500/1765 1307/3448/445
f 1319/3502/457 4059/3553/1789 5557/3554/3257 4036/3503/2299
f 4059/3553/1789 1331/3555/469 4060/3556/2321 5557/3554/3257
f 5557/3554/3257 4060/3556/2321 1332/3557/717 4061/3558/2322
f 4036/3503/2299 5557/3554/3257 4061/3558/2322 1320/3504/870
f 1320/3504/870 4061/3558/2322 5558/3559/3258 4038/3507/2301
f 4061/3558/2322 1332/3557/717 4062/3560/2323 5558/3559/3258
f 5558/3559/3258 4062/3560/2323 1333/3561/718 4063/3562/2324
f 4038/3507/2301 5558/3559/3258 4063/3562/2324 1321/3508/708
f 1321/3508/708 4063/3562/2324 5559/3563/3259 4040/3511/2303
f 4063/3562/2324 1333/3561/718 4064/3564/2325 5559/3563/3259
f 5559/3563/3259 4064/3564/2325 1334/3565/719 4065/3566/2326
f 4040/3511/2303 5559/3563/3259 4065/3566/2326 1322/3512/709
f 1322/3512/709 4065/3566/2326 5560/3567/3260 4042/3515/2305
f 4065/3566/2326 1334/3565/719 4066/3568/2327 5560/3567/3260
f 5560/3567/3260 4066/3568/2327 1335/3569/720 4067/3570/2328
f 4042/3515/2305 5560/3567/3260 4067/3570/2328 1323/3516/710
f 1323/3516/710 4067/3570/2328 5561/3571/3261 4044/3519/2307
f 4067/3570/2328 1335/3569/720 4068/3572/2329 5561/3571/3261
f 5561/3571/3261 4068/3572/2329 1336/3573/872 4069/3574/2529
f 4044/3519/2307 5561/3571/3261 4069/3574/2529 1324/3520/871
f 1324/3520/871 4069/3575/2529 5562/3576/3262 4046/3524/2309
f 4069/3575/2529 1336/3573/872 4070/3577/2331 5562/3576/3262
f 5562/3576/3262 4070/3577/2331 1337/3578/463 4071/3579/1777
f 4046/3524/2309 5562/3576/3262 4071/3579/1777 1325/3525/451
f 1325/3529/451 4071/3580/1777 5563/3581/3263 4048/3530/2310
f 4071/3580/1777 1337/3582/463 4072/3583/2332 5563/3581/3263
f 5563/3581/3263 4072/3583/2332 1338/3584/873 4073/3585/2333
f 4048/3530/2310 5563/3581/3263 4073/3585/2333 1326/3531/712
f 1326/3535/712 4073/3586/2333 5564/3587/3264 4050/3536/2312
f 4073/3586/2333 1338/3588/873 4074/3589/2334 5564/3587/3264
f 5564/3587/3264 4074/3589/2334 1339/3590/723 4075/3591/2335
f 4050/3536/2312 5564/3587/3264 4075/3591/2335 1327/3537/713
f 1327/3537/713 4075/3591/2335 5565/3592/3265 4052/3540/2314
f 4075/3591/2335 1339/3590/723 4076/3593/2336 5565/3592/3265
f 5565/3592/3265 4076/3593/2336 1340/3594/724 4077/3595/2337
f 4052/3540/2314 5565/3592/3265 4077/3595/2337 1328/3541/714
f 1328/3541/714 4077/3595/2337 5566/3596/3266 4054/3544/2316
f 4077/3595/2337 1340/3594/724 4078/3597/2338 5566/3596/3266
f 5566/3596/3266 4078/3597/2338 1341/3598/725 4079/3599/2339
f 4054/3544/2316 5566/3596/3266 4079/3599/2339 1329/3545/715
f 1329/3545/715 4079/3599/2339 5567/3600/3267 4056/3548/2318
f 4079/3599/2339 1341/3598/725 4080/3601/2340 5567/3600/3267
f 5567/3600/3267 4080/3601/2340 1342/3602/726 4081/3603/2341
f 4056/3548/2318 5567/3600/3267 4081/3603/2341 1330/3549/716
f 1330/3549/716 4081/3603/2341 5568/3604/3268 4058/3552/2320
f 4081/3603/2341 1342/3602/726 4082/3605/2342 5568/3604/3268
f 5568/3604/3268 4082/3605/2342 1331/3555/469 4059/3553/1789
f 4058/3552/2320 5568/3604/3268 4059/3553/1789 1319/3502/457
f 1331/3555/469 4083/3606/1813 5569/3607/3269 4060/3556/2321
f 4083/3606/1813 1343/3608/481 4084/3609/2343 5569/3607/3269
f 5569/3607/3269 4084/3609/2343 1344/3610/727 4085/3611/2530
f 4060/3556/2321 5569/3607/3269 4085/3611/2530 1332/3557/717
f 1332/3557/717 4085/3611/2530 5570/3612/3270 4062/3560/2323
f 4085/3611/2530 1344/3610/727 4086/3613/2345 5570/3612/3270
f 5570/3612/3270 4086/3613/2345 1345/3614/728 4087/3615/2346
f 4062/3560/2323 5570/3612/3270 4087/3615/2346 1333/3561/718
f 1333/3561/718 4087/3615/2346 5571/3616/3271 4064/3564/2325
f 4087/3615/2346 1345/3614/728 4088/3617/2347 5571/3616/3271
f 5571/3616/3271 4088/3617/2347 1346/3618/729 4089/3619/2348
f 4064/3564/2325 5571/3616/3271 4089/3619/2348 1334/3565/719
f 1334/3565/719 4089/3619/2348 5572/3620/3272 4066/3568/2327
f 4089/3619/2348 1346/3618/729 4090/655/2349 5572/3620/3272
f 5572/3620/3272 4090/655/2349 1347/3621/730 4091/3622/2350
f 4066/3568/2327 5572/3620/3272 4091/3622/2350 1335/3569/720
f 1335/3569/720 4091/3622/2350 5573/3623/3273 4068/3572/2329
f 4091/3622/2350 1347/3621/730 4092/3624/2351 5573/3623/3273
f 5573/3623/3273 4092/3624/2351 1348/3625/874 4093/3626/2531
f 4068/3572/2329 5573/3623/3273 4093/3626/2531 1336/3573/872
f 1336/3573/872 4093/3626/2531 5574/3627/3274 4070/3577/2331
f 4093/3626/2531 1348/3628/874 4094/3629/2353 5574/3627/3274
f 5574/3627/3274 4094/3629/2353 1349/3630/475 4095/3631/1801
f 4070/3577/2331 5574/3627/3274 4095/3631/1801 1337/3578/463
f 1337/3582/463 4095/3632/1801 5575/3633/3275 4072/3583/2332
f 4095/3632/1801 1349/3634/475 4096/3635/2354 5575/3633/3275
f 5575/3633/3275 4096/3635/2354 1350/3636/875 4097/3637/2355
f 4072/3583/2332 5575/3633/3275 4097/3637/2355 1338/3584/873
f 1338/3588/873 4097/3637/2355 5576/3638/3276 4074/3589/2334
f 4097/3637/2355 1350/3639/875 4098/3640/2356 5576/3638/3276
f 5576/3638/3276 4098/3640/2356 1351/3641/733 4099/3642/2357
f 4074/3589/2334 5576/3638/3276 4099/3642/2357 1339/3590/723
f 1339/3590/723 4099/3642/2357 5577/3643/3277 4076/3593/2336
f 4099/3642/2357 1351/3641/733 4100/3644/2358 5577/3643/3277
f 5577/3643/3277 4100/3644/2358 1352/3645/734 4101/3646/2359
f 4076/3593/2336 5577/3643/3277 4101/3646/2359 1340/3594/724
f 1340/3594/724 4101/3646/2359 5578/3647/3278 4078/3597/2338
f 4101/3646/2359 1352/3645/734 4102/3648/2360 5578/3647/3278
f 5578/3647/3278 4102/3648/2360 1353/3649/735 4103/3650/2361
f 4078/3597/2338 5578/3647/3278 4103/3650/2361 1341/3598/725
f 1341/3598/725 4103/3650/2361 5579/3651/3279 4080/3601/2340
f 4103/3650/2361 1353/3649/735 4104/3652/2362 5579/3651/3279
f 5579/3651/3279 4104/3652/2362 1354/3653/736 4105/3654/2532
f 4080/3601/2340 5579/3651/3279 4105/3654/2532 1342/3602/726
f 1342/3602/726 4105/3654/2532 5580/3655/3280 4082/3605/2342
f 4105/3654/2532 1354/3653/736 4106/3656/2364 5580/3655/3280
f 5580/3655/3280 4106/3656/2364 1343/3608/481 4083/3606/1813
f 4082/3605/2342 5580/3655/3280 4083/3606/1813 1331/3555/469
f 1343/3608/481 4107/3657/1837 5581/3658/3281 4084/3609/2343
f 4107/3657/1837 1355/3659/493 4108/3660/2365 5581/3658/3281
f 5581/3658/3281 4108/3660/2365 1356/3661/737 4109/3662/2366
f 4084/3609/2343 5581/3658/3281 4109/3662/2366 1344/3610/727
f 1344/3610/727 4109/3662/2366 5582/3663/3282 4086/3613/2345
f 4109/3662/2366 1356/3661/737 4110/3664/2367 5582/3663/3282
f 5582/3663/3282 4110/3664/2367 1357/3665/738 4111/3666/2368
f 4086/3613/2345 5582/3663/3282 4111/3666/2368 1345/3614/728
f 1345/3614/728 4111/3666/2368 5583/3667/3283 4088/3617/2347
f 4111/3666/2368 1357/3665/738 4112/3668/2369 5583/3667/3283
f 5583/3667/3283 4112/3668/2369 1358/3669/739 4113/3670/2370
f 4088/3617/2347 5583/3667/3283 4113/3670/2370 1346/3618/729
f 1346/3618/729 4113/3670/2370 5584/3671/3284 4090/655/2349
f 4113/3670/2370 1358/3669/739 4114/3672/2371 5584/3671/3284
f 5584/3671/3284 4114/3672/2371 1359/3673/740 4115/3674/2372
f 4090/655/2349 5584/3671/3284 4115/3674/2372 1347/3621/730
f 1347/3621/730 4115/3674/2372 5585/3675/3285 4092/3624/2351
f 4115/3674/2372 1359/3673/740 4116/3676/2373 5585/3675/3285
f 5585/3675/3285 4116/3676/2373 1360/3677/876 4117/3678/2533
f 4092/3624/2351 5585/3675/3285 4117/3678/2533 1348/3625/874
f 1348/3628/874 4117/3678/2533 5586/3679/3286 4094/3629/2353
f 4117/3678/2533 1360/3680/876 4118/3681/2375 5586/3679/3286
f 5586/3679/3286 4118/3681/2375 1361/3682/487 4119/3683/1825
f 4094/3629/2353 5586/3679/3286 4119/3683/1825 1349/3630/475
f 1349/3634/475 4119/3684/1825 5587/3685/3287 4096/3635/2354
f 4119/3684/1825 1361/3686/487 4120/3687/2376 5587/3685/3287
f 5587/3685/3287 4120/3687/2376 1362/3688/877 4121/3689/2377
f 4096/3635/2354 5587/3685/3287 4121/3689/2377 1350/3636/875
f 1350/3639/875 4121/3689/2377 5588/3690/3288 4098/3640/2356
f 4121/3689/2377 1362/3691/877 4122/3692/2378 5588/3690/3288
f 5588/3690/3288 4122/3692/2378 1363/3693/743 4123/3694/2379
f 4098/3640/2356 5588/3690/3288 4123/3694/2379 1351/3641/733
f 1351/3641/733 4123/3694/2379 5589/3695/3289 4100/3644/2358
f 4123/3694/2379 1363/3693/743 4124/3696/2380 5589/3695/3289
f 5589/3695/3289 4124/3696/2380 1364/3697/744 4125/3698/2381
f 4100/3644/2358 5589/3695/3289 4125/3698/2381 1352/3645/734
f 1352/3645/734 4125/3698/2381 5590/3699/3290 4102/3648/2360
f 4125/3698/2381 1364/3697/744 4126/3700/2382 5590/3699/3290
f 5590/3699/3290 4126/3700/2382 1365/3701/745 4127/3702/2383
f 4102/3648/2360 5590/3699/3290 4127/3702/2383 1353/3649/735
f 1353/3649/735 4127/3702/2383 5591/3703/3291 4104/3652/2362
f 4127/3702/2383 1365/3701/745 4128/3704/2384 5591/3703/3291
f 5591/3703/3291 4128/3704/2384 1366/3705/746 4129/3706/2534
f 4104/3652/2362 5591/3703/3291 4129/3706/2534 1354/3653/736
f 1354/3653/736 4129/3706/2534 5592/3707/3292 4106/3656/2364
f 4129/3706/2534 1366/3705/746 4130/3708/2386 5592/3707/3292
f 5592/3707/3292 4130/3708/2386 1355/3659/493 4107/3657/1837
f 4106/3656/2364 5592/3707/3292 4107/3657/1837 1343/3608/481
f 1355/3659/493 4131/3709/1861 5593/3710/3293 4108/3660/2365
f 4131/3709/1861 1367/3711/505 4132/3712/2387 5593/3710/3293
f 5593/3710/3293 4132/3712/2387 1368/3713/878 4133/3714/2388
f 4108/3660/2365 5593/3710/3293 4133/3714/2388 1356/3661/737
f 1356/3661/737 4133/3714/2388 5594/3715/3294 4110/3664/2367
f 4133/3714/2388 1368/3713/878 4134/3716/2389 5594/3715/3294
f 5594/3715/3294 4134/3716/2389 1369/3717/748 4135/3718/2390
f 4110/3664/2367 5594/3715/3294 4135/3718/2390 1357/3665/738
f 1357/3665/738 4135/3718/2390 5595/3719/3295 4112/3668/2369
f 4135/3718/2390 1369/3717/748 4136/3720/2391 5595/3719/3295
f 5595/3719/3295 4136/3720/2391 1370/3721/749 4137/3722/2392
f 4112/3668/2369 5595/3719/3295 4137/3722/2392 1358/3669/739
f 1358/3669/739 4137/3722/2392 5596/3723/3296 4114/3672/2371
f 4137/3722/2392 1370/3721/749 4138/3724/2393 5596/3723/3296
f 5596/3723/3296 4138/3724/2393 1371/3725/750 4139/3726/2394
f 4114/3672/2371 5596/3723/3296 4139/3726/2394 1359/3673/740
f 1359/3673/740 4139/3726/2394 5597/3727/3297 4116/3676/2373
f 4139/3726/2394 1371/3725/750 4140/3728/2395 5597/3727/3297
f 5597/3727/3297 4140/3728/2395 1372/3729/879 4141/3730/2396
f 4116/3676/2373 5597/3727/3297 4141/3730/2396 1360/3677/876
f 1360/3680/876 4141/3731/2396 5598/3732/3298 4118/3681/2375
f 4141/3731/2396 1372/3733/879 4142/3734/2397 5598/3732/3298
f 5598/3732/3298 4142/3734/2397 1373/3735/499 4143/3736/1849
f 4118/3681/2375 5598/3732/3298 4143/3736/1849 1361/3682/487
f 1361/3686/487 4143/3737/1849 5599/3738/3299 4120/3687/2376
f 4143/3737/1849 1373/3739/499 4144/3740/2398 5599/3738/3299
f 5599/3738/3299 4144/3740/2398 1374/3741/880 4145/3742/2399
f 4120/3687/2376 5599/3738/3299 4145/3742/2399 1362/3688/877
f 1362/3691/877 4145/3743/2399 5600/3744/3300 4122/3692/2378
f 4145/3743/2399 1374/3745/880 4146/3746/2400 5600/3744/3300
f 5600/3744/3300 4146/3746/2400 1375/3747/753 4147/3748/2401
f 4122/3692/2378 5600/3744/3300 4147/3748/2401 1363/3693/743
f 1363/3693/743 4147/3748/2401 5601/3749/3301 4124/3696/2380
f 4147/3748/2401 1375/3747/753 4148/3750/2402 5601/3749/3301
f 5601/3749/3301 4148/3750/2402 1376/3751/754 4149/3752/2403
f 4124/3696/2380 5601/3749/3301 4149/3752/2403 1364/3697/744
f 1364/3697/744 4149/3752/2403 5602/3753/3376 4126/3700/2382
f 4149/3752/2403 1376/3751/754 4150/3754/2404 5602/3753/3376
f 5602/3753/3376 4150/3754/2404 1377/3755/755 4151/3756/2405
f 4126/3700/2382 5602/3753/3376 4151/3756/2405 1365/3701/745
f 1365/3701/745 4151/3756/2405 5603/3757/3303 4128/3704/2384
f 4151/3756/2405 1377/3755/755 4152/3758/2406 5603/3757/3303
f 5603/3757/3303 4152/3758/2406 1378/3759/756 4153/3760/2407
f 4128/3704/2384 5603/3757/3303 4153/3760/2407 1366/3705/746
f 1366/3705/746 4153/3760/2407 5604/3761/3304 4130/3708/2386
f 4153/3760/2407 1378/3759/756 4154/3762/2408 5604/3761/3304
f 5604/3761/3304 4154/3762/2408 1367/3711/505 4131/3709/1861
f 4130/3708/2386 5604/3761/3304 4131/3709/1861 1355/3659/493
f 1367/3711/505 4155/3763/1885 5605/3764/3305 4132/3712/2387
f 4155/3763/1885 1379/3765/517 4156/3766/2409 5605/3764/3305
f 5605/3764/3305 4156/3766/2409 1380/3767/757 4157/3768/2410
f 4132/3712/2387 5605/3764/3305 4157/3768/2410 1368/3713/878
f 1368/3713/878 4157/3768/2410 5606/3769/3306 4134/3716/2389
f 4157/3768/2410 1380/3767/757 4158/3770/2411 5606/3769/3306
f 5606/3769/3306 4158/3770/2411 1381/3771/758 4159/3772/2412
f 4134/3716/2389 5606/3769/3306 4159/3772/2412 1369/3717/748
f 1369/3717/748 4159/3772/2412 5607/3773/3307 4136/3720/2391
f 4159/3772/2412 1381/3771/758 4160/3774/2413 5607/3773/3307
f 5607/3773/3307 4160/3774/2413 1382/3775/759 4161/3776/2414
f 4136/3720/2391 5607/3773/3307 4161/3776/2414 1370/3721/749
f 1370/3721/749 4161/3776/2414 5608/3777/3308 4138/3724/2393
f 4161/3776/2414 1382/3775/759 4162/3778/2415 5608/3777/3308
f 5608/3777/3308 4162/3778/2415 1383/3779/760 4163/3780/2416
f 4138/3724/2393 5608/3777/3308 4163/3780/2416 1371/3725/750
f 1371/3725/750 4163/3780/2416 5609/3781/3309 4140/3728/2395
f 4163/3780/2416 1383/3779/760 4164/3782/2417 5609/3781/3309
f 5609/3781/3309 4164/3782/2417 1384/3783/761 4165/3784/2535
f 4140/3728/2395 5609/3781/3309 4165/3784/2535 1372/3729/879
f 1372/3733/879 4165/3784/2535 5610/3785/3310 4142/3734/2397
f 4165/3784/2535 1384/3783/761 4166/3786/2419 5610/3785/3310
f 5610/3785/3310 4166/3786/2419 1385/3787/511 4167/3788/1873
f 4142/3734/2397 5610/3785/3310 4167/3788/1873 1373/3735/499
f 1373/3739/499 4167/3789/1873 5611/3790/3311 4144/3740/2398
f 4167/3789/1873 1385/3791/511 4168/3792/2420 5611/3790/3311
f 5611/3790/3311 4168/3792/2420 1386/3793/881 4169/3794/2421
f 4144/3740/2398 5611/3790/3311 4169/3794/2421 1374/3741/880
f 1374/3745/880 4169/3794/2421 5612/3795/3312 4146/3746/2400
f 4169/3794/2421 1386/3796/881 4170/3797/2422 5612/3795/3312
f 5612/3795/3312 4170/3797/2422 1387/3798/763 4171/3799/2423
f 4146/3746/2400 5612/3795/3312 4171/3799/2423 1375/3747/753
f 1375/3747/753 4171/3799/2423 5613/3800/3377 4148/3750/2402
f 4171/3799/2423 1387/3798/763 4172/3801/2424 5613/3800/3377
f 5613/3800/3377 4172/3801/2424 1388/3802/764 4173/3803/2425
f 4148/3750/2402 5613/3800/3377 4173/3803/2425 1376/3751/754
f 1376/3751/754 4173/3803/2425 5614/3804/3314 4150/3754/2404
f 4173/3803/2425 1388/3802/764 4174/3805/2426 5614/3804/3314
f 5614/3804/3314 4174/3805/2426 1389/3806/765 4175/3807/2427
f 4150/3754/2404 5614/3804/3314 4175/3807/2427 1377/3755/755
f 1377/3755/755 4175/3807/2427 5615/3808/3315 4152/3758/2406
f 4175/3807/2427 1389/3806/765 4176/3809/2428 5615/3808/3315
f 5615/3808/3315 4176/3809/2428 1390/3810/766 4177/3811/2429
f 4152/3758/2406 5615/3808/3315 4177/3811/2429 1378/3759/756
f 1378/3759/756 4177/3811/2429 5616/3812/3316 4154/3762/2408
f 4177/3811/2429 1390/3810/766 4178/3813/2430 5616/3812/3316
f 5616/3812/3316 4178/3813/2430 1379/3765/517 4155/3763/1885
f 4154/3762/2408 5616/3812/3316 4155/3763/1885 1367/3711/505
f 1379/3765/517 4179/3814/1909 5617/3815/3317 4156/3766/2409
f 4179/3814/1909 1391/3816/529 4180/3817/2431 5617/3815/3317
f 5617/3815/3317 4180/3817/2431 1392/3818/767 4181/3819/2432
f 4156/3766/2409 5617/3815/3317 4181/3819/2432 1380/3767/757
f 1380/3767/757 4181/3819/2432 5618/3820/3318 4158/3770/2411
f 4181/3819/2432 1392/3818/767 4182/3821/2433 5618/3820/3318
f 5618/3820/3318 4182/3821/2433 1393/3822/768 4183/3823/2434
f 4158/3770/2411 5618/3820/3318 4183/3823/2434 1381/3771/758
f 1381/3771/758 4183/3823/2434 5619/3824/3319 4160/3774/2413
f 4183/3823/2434 1393/3822/768 4184/3825/2435 5619/3824/3319
f 5619/3824/3319 4184/3825/2435 1394/3826/769 4185/3827/2436
f 4160/3774/2413 5619/3824/3319 4185/3827/2436 1382/3775/759
f 1382/3775/759 4185/3827/2436 5620/3828/3320 4162/3778/2415
f 4185/3827/2436 1394/3826/769 4186/3829/2437 5620/3828/3320
f 5620/3828/3320 4186/3829/2437 1395/3830/770 4187/3831/2438
f 4162/3778/2415 5620/3828/3320 4187/3831/2438 1383/3779/760
f 1383/3779/760 4187/3831/2438 5621/3832/3321 4164/3782/2417
f 4187/3831/2438 1395/3830/770 4188/3833/2439 5621/3832/3321
f 5621/3832/3321 4188/3833/2439 1396/3834/882 4189/3835/2536
f 4164/3782/2417 5621/3832/3321 4189/3835/2536 1384/3783/761
f 1384/3783/761 4189/3836/2536 5622/3837/3322 4166/3786/2419
f 4189/3836/2536 1396/3834/882 4190/3838/2441 5622/3837/3322
f 5622/3837/3322 4190/3838/2441 1397/3839/523 4191/3840/1897
f 4166/3786/2419 5622/3837/3322 4191/3840/1897 1385/3787/511
f 1385/3791/511 4191/3841/1897 5623/3842/3323 4168/3792/2420
f 4191/3841/1897 1397/3843/523 4192/3844/2442 5623/3842/3323
f 5623/3842/3323 4192/3844/2442 1398/3845/883 4193/3846/2443
f 4168/3792/2420 5623/3842/3323 4193/3846/2443 1386/3793/881
f 1386/3796/881 4193/3847/2443 5624/3848/3324 4170/3797/2422
f 4193/3847/2443 1398/3849/883 4194/3850/2444 5624/3848/3324
f 5624/3848/3324 4194/3850/2444 1399/3851/773 4195/3852/2445
f 4170/3797/2422 5624/3848/3324 4195/3852/2445 1387/3798/763
f 1387/3798/763 4195/3852/2445 5625/3853/3325 4172/3801/2424
f 4195/3852/2445 1399/3851/773 4196/3854/2446 5625/3853/3325
f 5625/3853/3325 4196/3854/2446 1400/3855/774 4197/3856/2447
f 4172/3801/2424 5625/3853/3325 4197/3856/2447 1388/3802/764
f 1388/3802/764 4197/3856/2447 5626/3857/3326 4174/3805/2426
f 4197/3856/2447 1400/3855/774 4198/3858/2448 5626/3857/3326
f 5626/3857/3326 4198/3858/2448 1401/3859/775 4199/3860/2449
f 4174/3805/2426 5626/3857/3326 4199/3860/2449 1389/3806/765
f 1389/3806/765 4199/3860/2449 5627/3861/3327 4176/3809/2428
f 4199/3860/2449 1401/3859/775 4200/3862/2450 5627/3861/3327
f 5627/3861/3327 4200/3862/2450 1402/3863/776 4201/3864/2451
f 4176/3809/2428 5627/3861/3327 4201/3864/2451 1390/3810/766
f 1390/3810/766 4201/3864/2451 5628/3865/3328 4178/3813/2430
f 4201/3864/2451 1402/3863/776 4202/3866/2452 5628/3865/3328
f 5628/3865/3328 4202/3866/2452 1391/3816/529 4179/3814/1909
f 4178/3813/2430 5628/3865/3328 4179/3814/1909 1379/3765/517
f 1391/3816/529 4203/3867/1933 5629/3868/3329 4180/3817/2431
f 4203/3867/1933 1403/3869/541 4204/3870/2453 5629/3868/3329
f 5629/3868/3329 4204/3870/2453 1404/3871/777 4205/3872/2454
f 4180/3817/2431 5629/3868/3329 4205/3872/2454 1392/3818/767
f 1392/3818/767 4205/3872/2454 5630/3873/3330 4182/3821/2433
f 4205/3872/2454 1404/3871/777 4206/3874/2455 5630/3873/3330
f 5630/3873/3330 4206/3874/2455 1405/3875/778 4207/3876/2456
f 4182/3821/2433 5630/3873/3330 4207/3876/2456 1393/3822/768
f 1393/3822/768 4207/3876/2456 5631/3877/3331 4184/3825/2435
f 4207/3876/2456 1405/3875/778 4208/3878/2457 5631/3877/3331
f 5631/3877/3331 4208/3878/2457 1406/3879/779 4209/3880/2458
f 4184/3825/2435 5631/3877/3331 4209/3880/2458 1394/3826/769
f 1394/3826/769 4209/3880/2458 5632/3881/3332 4186/3829/2437
f 4209/3880/2458 1406/3879/779 4210/3882/2459 5632/3881/3332
f 5632/3881/3332 4210/3882/2459 1407/3883/780 4211/3884/2460
f 4186/3829/2437 5632/3881/3332 4211/3884/2460 1395/3830/770
f 1395/3830/770 4211/3884/2460 5633/3885/3378 4188/3833/2439
f 4211/3884/2460 1407/3883/780 4212/3886/2461 5633/3885/3378
f 5633/3885/3378 4212/3886/2461 1408/3887/884 4213/3888/2462
f 4188/3833/2439 5633/3885/3378 4213/3888/2462 1396/3834/882
f 1396/3834/882 4213/3889/2462 5634/3890/3334 4190/3838/2441
f 4213/3889/2462 1408/3891/884 4214/3892/2463 5634/3890/3334
f 5634/3890/3334 4214/3892/2463 1409/3893/535 4215/3894/1921
f 4190/3838/2441 5634/3890/3334 4215/3894/1921 1397/3839/523
f 1397/3843/523 4215/3895/1921 5635/3896/3335 4192/3844/2442
f 4215/3895/1921 1409/3897/535 4216/3898/2464 5635/3896/3335
f 5635/3896/3335 4216/3898/2464 1410/3899/782 4217/3900/2465
f 4192/3844/2442 5635/3896/3335 4217/3900/2465 1398/3845/883
f 1398/3849/883 4217/3901/2465 5636/3902/3336 4194/3850/2444
f 4217/3901/2465 1410/3903/782 4218/3904/2466 5636/3902/3336
f 5636/3902/3336 4218/3904/2466 1411/3905/783 4219/3906/2467
f 4194/3850/2444 5636/3902/3336 4219/3906/2467 1399/3851/773
f 1399/3851/773 4219/3906/2467 5637/3907/3337 4196/3854/2446
f 4219/3906/2467 1411/3905/783 4220/3908/2468 5637/3907/3337
f 5637/3907/3337 4220/3908/2468 1412/3909/784 4221/3910/2469
f 4196/3854/2446 5637/3907/3337 4221/3910/2469 1400/3855/774
f 1400/3855/774 4221/3910/2469 5638/3911/3338 4198/3858/2448
f 4221/3910/2469 1412/3909/784 4222/3912/2470 5638/3911/3338
f 5638/3911/3338 4222/3912/2470 1413/3913/785 4223/3914/2471
f 4198/3858/2448 5638/3911/3338 4223/3914/2471 1401/3859/775
f 1401/3859/775 4223/3914/2471 5639/3915/3339 4200/3862/2450
f 4223/3914/2471 1413/3913/785 4224/3916/2472 5639/3915/3339
f 5639/3915/3339 4224/3916/2472 1414/3917/786 4225/3918/2473
f 4200/3862/2450 5639/3915/3339 4225/3918/2473 1402/3863/776
f 1402/3863/776 4225/3918/2473 5640/3919/3340 4202/3866/2452
f 4225/3918/2473 1414/3917/786 4226/3920/2474 5640/3919/3340
f 5640/3919/3340 4226/3920/2474 1403/3869/541 4203/3867/1933
f 4202/3866/2452 5640/3919/3340 4203/3867/1933 1391/3816/529
f 1403/3869/541 4227/3921/1957 5641/3922/3341 4204/3870/2453
f 4227/3921/1957 839/1391/96 3087/540/1381 5641/3922/3341
f 5641/3922/3341 3087/540/1381 840/1398/263 4228/3923/2475
f 4204/3870/2453 5641/3922/3341 4228/3923/2475 1404/3871/777
f 1404/3871/777 4228/3923/2475 5642/3924/3342 4206/3874/2455
f 4228/3923/2475 840/1398/263 3091/1400/1385 5642/3924/3342
f 5642/3924/3342 3091/1400/1385 841/1404/264 4229/3925/2476
f 4206/3874/2455 5642/3924/3342 4229/3925/2476 1405/3875/778
f 1405/3875/778 4229/3925/2476 5643/3926/3343 4208/3878/2457
f 4229/3925/2476 841/1404/264 3094/504/1388 5643/3926/3343
f 5643/3926/3343 3094/504/1388 842/1409/265 4230/3927/2477
f 4208/3878/2457 5643/3926/3343 4230/3927/2477 1406/3879/779
f 1406/3879/779 4230/3927/2477 5644/3928/3344 4210/3882/2459
f 4230/3927/2477 842/1409/265 3097/1411/1391 5644/3928/3344
f 5644/3928/3344 3097/1411/1391 843/1415/266 4231/3929/2478
f 4210/3882/2459 5644/3928/3344 4231/3929/2478 1407/3883/780
f 1407/3883/780 4231/3929/2478 5645/3930/3345 4212/3886/2461
f 4231/3929/2478 843/1415/266 3100/1417/1394 5645/3930/3345
f 5645/3930/3345 3100/1417/1394 844/1421/787 4232/3931/2479
f 4212/3886/2461 5645/3930/3345 4232/3931/2479 1408/3887/884
f 1408/3891/884 4232/3931/2479 5646/3932/3346 4214/3892/2463
f 4232/3931/2479 844/1421/787 3103/1423/1397 5646/3932/3346
f 5646/3932/3346 3103/1423/1397 845/1427/206 4233/3933/1945
f 4214/3892/2463 5646/3932/3346 4233/3933/1945 1409/3893/535
f 1409/3897/535 4233/3934/1945 5647/3935/3347 4216/3898/2464
f 4233/3934/1945 845/1428/206 3106/1431/1400 5647/3935/3347
f 5647/3935/3347 3106/1431/1400 846/1436/788 4234/3936/2480
f 4216/3898/2464 5647/3935/3347 4234/3936/2480 1410/3899/782
f 1410/3903/782 4234/3936/2480 5648/3937/3348 4218/3904/2466
f 4234/3936/2480 846/1436/788 3109/1438/1403 5648/3937/3348
f 5648/3937/3348 3109/1438/1403 847/1443/269 4235/3938/2481
f 4218/3904/2466 5648/3937/3348 4235/3938/2481 1411/3905/783
f 1411/3905/783 4235/3938/2481 5649/3939/3349 4220/3908/2468
f 4235/3938/2481 847/1443/269 3112/1445/1406 5649/3939/3349
f 5649/3939/3349 3112/1445/1406 848/1449/270 4236/3940/2482
f 4220/3908/2468 5649/3939/3349 4236/3940/2482 1412/3909/784
f 1412/3909/784 4236/3940/2482 5650/3941/3350 4222/3912/2470
f 4236/3940/2482 848/1449/270 3115/1451/1409 5650/3941/3350
f 5650/3941/3350 3115/1451/1409 849/1455/271 4237/3942/2483
f 4222/3912/2470 5650/3941/3350 4237/3942/2483 1413/3913/785
f 1413/3913/785 4237/3942/2483 5651/3943/3351 4224/3916/2472
f 4237/3942/2483 849/1455/271 3118/521/1412 5651/3943/3351
f 5651/3943/3351 3118/521/1412 850/1460/272 4238/3944/2484
f 4224/3916/2472 5651/3943/3351 4238/3944/2484 1414/3917/786
f 1414/3917/786 4238/3944/2484 5652/3945/3352 4226/3920/2474
f 4238/3944/2484 850/1460/272 3121/1462/1415 5652/3945/3352
f 5652/3945/3352 3121/1462/1415 839/1391/96 4227/3921/1957
f 4226/3920/2474 5652/3945/3352 4227/3921/1957 1403/3869/541
