# Blender 5.1.1
# www.blender.org
mtllib ghost.mtl
o Cylinder
v 0.000000 0.593271 -0.637465
v 0.000000 1.898358 -0.600183
v 0.124522 0.593088 -0.626013
v 0.106089 1.885697 -0.533348
v 0.237841 0.596853 -0.574200
v 0.195656 1.878394 -0.472356
v 0.348299 0.595638 -0.521267
v 0.280115 1.876804 -0.419221
v 0.409426 0.606394 -0.409426
v 0.342216 1.872263 -0.342216
v 0.427334 0.621004 -0.285535
v 0.449553 1.884995 -0.300382
v 0.526440 0.608461 -0.218059
v 0.518488 1.889606 -0.214765
v 0.574940 0.604781 -0.114363
v 0.616281 1.904683 -0.122586
v 0.628167 0.595358 -0.000000
v 0.640247 1.907353 -0.000000
v 0.618467 0.594816 0.123021
v 0.583392 1.897153 0.116044
v 0.585780 0.594039 0.242638
v 0.482903 1.880958 0.200025
v 0.534219 0.592140 0.356954
v 0.356742 1.859932 0.238368
v 0.416218 0.604238 0.416218
v 0.258215 1.845589 0.258215
v 0.221552 0.646863 0.331576
v 0.194639 1.842259 0.291298
v 0.133888 0.657847 0.323235
v 0.134215 1.842344 0.324023
v 0.076404 0.648469 0.384108
v 0.068260 1.842158 0.343165
v -0.000000 0.637859 0.438886
v -0.000000 1.855047 0.407293
v -0.103181 0.617650 0.518728
v -0.102413 1.881466 0.514865
v -0.236557 0.597607 0.571099
v -0.203620 1.883067 0.491583
v -0.354418 0.593166 0.530424
v -0.283389 1.878128 0.424121
v -0.454009 0.592238 0.454009
v -0.367891 1.880416 0.367891
v -0.531475 0.592882 0.355120
v -0.407637 1.873676 0.272375
v -0.573613 0.596997 0.237598
v -0.543194 1.895611 0.224998
v -0.503730 0.621084 0.100198
v -0.608143 1.902820 0.120967
v -0.405990 0.645246 -0.000000
v -0.629914 1.905034 0.000000
v -0.343534 0.657758 -0.068333
v -0.599803 1.900911 -0.119308
v -0.334808 0.655035 -0.138682
v -0.502691 1.885767 -0.208221
v -0.339128 0.644825 -0.226598
v -0.308095 1.846796 -0.205862
v -0.321919 0.634182 -0.321919
v -0.271489 1.849805 -0.271489
v -0.240868 0.639057 -0.360485
v -0.281769 1.877474 -0.421698
v -0.174748 0.633873 -0.421879
v -0.221536 1.893580 -0.534835
v -0.114176 0.604996 -0.574001
v -0.124686 1.907101 -0.626839
v 0.038645 0.494288 -0.570472
v 0.048054 0.462475 -0.487898
v 0.073371 0.489517 -0.580277
v 0.073482 1.983002 -0.504087
v 0.050120 2.048228 -0.508880
v 0.035027 1.999070 -0.552416
v -0.000000 0.893710 -0.394042
v -0.000000 1.250000 -0.423155
v -0.000000 1.620560 -0.540470
v 0.115778 1.625723 -0.582054
v 0.097962 1.250000 -0.492491
v 0.085683 0.889309 -0.430760
v 0.152424 0.491256 -0.559733
v 0.145126 0.457559 -0.478415
v 0.184241 0.491243 -0.550118
v 0.167997 1.978503 -0.467829
v 0.140941 2.035124 -0.464621
v 0.120382 1.978649 -0.482692
v 0.238922 1.628732 -0.576809
v 0.242605 1.250000 -0.585700
v 0.163229 0.890543 -0.394071
v 0.259332 0.490842 -0.520194
v 0.248381 0.443872 -0.464689
v 0.291381 0.488068 -0.511741
v 0.241799 1.965035 -0.391547
v 0.205946 2.010431 -0.385297
v 0.205445 1.974248 -0.439797
v 0.382615 1.635003 -0.572623
v 0.350723 1.250000 -0.524894
v 0.220131 0.893497 -0.329449
v 0.368714 0.484281 -0.472448
v 0.362273 0.421460 -0.441431
v 0.392700 0.483460 -0.455696
v 0.294045 1.952351 -0.307584
v 0.264865 2.000596 -0.322740
v 0.262150 1.961439 -0.366192
v 0.487626 1.635092 -0.487626
v 0.393820 1.250000 -0.393820
v 0.305715 0.889977 -0.305715
v 0.449330 0.486218 -0.388460
v 0.437274 0.424190 -0.358862
v 0.442081 0.499795 -0.338259
v 0.354772 1.955605 -0.250698
v 0.298411 1.984620 -0.244899
v 0.295436 1.947086 -0.285953
v 0.575161 1.635300 -0.384310
v 0.429831 1.250000 -0.287204
v 0.444463 0.880017 -0.296981
v 0.467066 0.505499 -0.272952
v 0.477613 0.436433 -0.255289
v 0.494408 0.502039 -0.242049
v 0.500198 2.000475 -0.245930
v 0.429214 2.035709 -0.229420
v 0.410156 1.972296 -0.249475
v 0.598476 1.631017 -0.247897
v 0.523929 1.250000 -0.217018
v 0.491117 0.880307 -0.203427
v 0.530335 0.498516 -0.180336
v 0.529870 0.430264 -0.160734
v 0.562794 0.490060 -0.153698
v 0.578261 2.015982 -0.160130
v 0.528241 2.068872 -0.160240
v 0.549084 2.008377 -0.184038
v 0.678874 1.635343 -0.135037
v 0.476492 1.250000 -0.094780
v 0.528278 0.879620 -0.105081
v 0.591702 0.485396 -0.073355
v 0.570862 0.420156 -0.056225
v 0.600974 0.483067 -0.044759
v 0.600822 2.016877 -0.044728
v 0.564032 2.076360 -0.055552
v 0.597309 2.016627 -0.073347
v 0.638234 1.630086 -0.000000
v 0.416202 1.250000 -0.000000
v 0.599267 0.873711 0.000000
v 0.601199 0.482984 0.044803
v 0.570872 0.420151 0.056226
v 0.597509 0.483302 0.073347
v 0.582685 2.011352 0.073368
v 0.570457 2.079637 0.056185
v 0.594874 2.014689 0.043536
v 0.509179 1.618482 0.101282
v 0.422555 1.250000 0.084051
v 0.668241 0.865714 0.132922
v 0.579608 0.483491 0.160691
v 0.548024 0.420634 0.166241
v 0.572703 0.482939 0.188700
v 0.493604 1.987979 0.173085
v 0.519927 2.064462 0.157718
v 0.556115 2.007331 0.150920
v 0.374992 1.607445 0.155327
v 0.438801 1.250000 0.181758
v 0.597188 0.869119 0.247363
v 0.537750 0.483219 0.271100
v 0.473561 0.438765 0.253124
v 0.510267 0.488643 0.290772
v 0.321477 1.937695 0.212893
v 0.398414 2.017981 0.212957
v 0.429214 1.969652 0.198351
v 0.346586 1.608512 0.231582
v 0.492477 1.250000 0.329063
v 0.524344 0.870656 0.350356
v 0.442718 0.499469 0.338898
v 0.352564 0.479819 0.289342
v 0.368418 0.521285 0.334566
v 0.242854 1.924298 0.250929
v 0.300612 1.986065 0.246706
v 0.299703 1.927474 0.195470
v 0.360613 1.617589 0.360613
v 0.461857 1.250000 0.461857
v 0.487714 0.864896 0.487714
v 0.305564 0.540155 0.324877
v 0.242313 0.517450 0.295259
v 0.196116 0.572197 0.300349
v 0.177305 1.918221 0.281592
v 0.215554 1.961138 0.262653
v 0.247862 1.922302 0.238249
v 0.322960 1.624539 0.483343
v 0.396749 1.250000 0.593776
v 0.307664 0.878144 0.460451
v 0.192350 0.581735 0.271679
v 0.144452 0.555789 0.270251
v 0.118080 0.582350 0.309456
v 0.127063 1.923469 0.322857
v 0.157307 1.958054 0.294301
v 0.193967 1.919794 0.275599
v 0.247272 1.630858 0.596966
v 0.232996 1.250000 0.562502
v 0.156053 0.892370 0.376745
v 0.139089 0.575336 0.321391
v 0.099138 0.537978 0.326815
v 0.071821 0.566963 0.365933
v 0.067970 1.929419 0.356673
v 0.098756 1.961353 0.325554
v 0.139809 1.926007 0.325043
v 0.128296 1.631976 0.644988
v 0.096017 1.250000 0.482710
v 0.078085 0.893104 0.392561
v 0.073665 0.562639 0.377551
v 0.037688 0.516161 0.382648
v 0.007479 0.551494 0.414964
v -0.010601 1.915321 0.324755
v 0.031520 1.951895 0.320023
v 0.073718 1.924129 0.340866
v 0.000000 1.635273 0.691464
v 0.000000 1.250000 0.586577
v -0.000000 0.889740 0.434779
v -0.012314 0.542620 0.439087
v -0.043218 0.487521 0.438795
v -0.073498 0.520903 0.493262
v -0.073684 1.932674 0.364559
v -0.030367 1.945925 0.308319
v 0.009378 1.917564 0.330852
v -0.115122 1.625396 0.578760
v -0.105461 1.250000 0.530189
v -0.099720 0.882298 0.501326
v -0.138822 0.504031 0.527029
v -0.161490 0.428943 0.532360
v -0.187503 0.485169 0.566639
v -0.158719 1.961223 0.420828
v -0.115565 1.990747 0.380966
v -0.086684 1.946997 0.401669
v -0.220886 1.624139 0.533267
v -0.189650 1.250000 0.457857
v -0.190420 0.883619 0.459714
v -0.271527 0.482942 0.538388
v -0.269285 0.421362 0.503796
v -0.293066 0.486474 0.515827
v -0.239404 1.962770 0.385743
v -0.204099 2.008442 0.381842
v -0.185927 1.961603 0.410678
v -0.351196 1.629492 0.525602
v -0.312718 1.250000 0.468015
v -0.269267 0.884878 0.402986
v -0.360773 0.488326 0.464530
v -0.357942 0.424926 0.436154
v -0.386358 0.487587 0.446174
v -0.307354 1.961010 0.327565
v -0.269754 2.004508 0.328696
v -0.273172 1.967053 0.377182
v -0.480844 1.634158 0.480844
v -0.316864 1.250000 0.316864
v -0.425929 0.873410 0.425929
v -0.445497 0.487879 0.385908
v -0.436171 0.424915 0.357956
v -0.472423 0.484294 0.368690
v -0.379465 1.968219 0.275462
v -0.319754 1.998635 0.262415
v -0.328940 1.961606 0.308270
v -0.575399 1.635328 0.384470
v -0.344802 1.250000 0.230390
v -0.556615 0.866874 0.371918
v -0.524334 0.483154 0.296576
v -0.501286 0.422807 0.267943
v -0.515155 0.493030 0.255955
v -0.476385 1.990135 0.229969
v -0.383598 2.009453 0.205037
v -0.412118 1.973061 0.250284
v -0.637847 1.635170 0.264205
v -0.391228 1.250000 0.162052
v -0.630581 0.865597 0.261195
v -0.527831 0.499437 0.179842
v -0.521503 0.434702 0.158196
v -0.511421 0.510129 0.132331
v -0.541432 2.001595 0.144813
v -0.453352 2.029146 0.137523
v -0.520054 1.997704 0.178307
v -0.673326 1.634791 0.133933
v -0.417179 1.250000 0.082982
v -0.607510 0.871748 0.120841
v -0.491003 0.521718 0.073501
v -0.513655 0.449336 0.050590
v -0.447331 0.539588 0.013966
v -0.558124 2.001170 0.036171
v -0.491778 2.039505 0.048436
v -0.553087 2.000676 0.073411
v -0.660350 1.632241 0.000000
v -0.487041 1.250000 -0.000000
v -0.491718 0.884191 -0.000000
v -0.428795 0.546406 -0.010251
v -0.436067 0.488913 -0.042949
v -0.366035 0.566793 -0.073682
v -0.542598 1.996892 -0.073426
v -0.489387 2.038285 -0.048200
v -0.559886 2.001818 -0.036523
v -0.613206 1.628818 -0.121974
v -0.654577 1.250000 -0.130203
v -0.388188 0.893539 -0.077215
v -0.337972 0.577886 -0.060192
v -0.321431 0.540834 -0.097505
v -0.297311 0.584189 -0.134336
v -0.393294 1.951099 -0.153283
v -0.374522 1.987329 -0.113610
v -0.494524 1.983271 -0.125303
v -0.598573 1.631027 -0.247937
v -0.656159 1.250000 -0.271790
v -0.481237 0.881349 -0.199335
v -0.304345 0.584569 -0.114655
v -0.278334 0.551136 -0.148773
v -0.275542 0.580228 -0.193945
v -0.267381 1.916587 -0.190578
v -0.270245 1.944207 -0.144449
v -0.346167 1.933591 -0.142687
v -0.489376 1.625247 -0.326990
v -0.594158 1.250000 -0.397004
v -0.564932 0.865899 -0.377475
v -0.286703 0.579167 -0.182431
v -0.237469 0.555400 -0.194886
v -0.229756 0.581379 -0.242205
v -0.275745 1.938552 -0.272838
v -0.275634 1.969662 -0.226206
v -0.278003 1.916388 -0.173706
v -0.338808 1.614584 -0.338808
v -0.489943 1.250000 -0.489943
v -0.489528 0.864646 -0.489529
v -0.242021 0.581498 -0.229480
v -0.195643 0.554794 -0.238392
v -0.180734 0.580032 -0.285011
v -0.313753 1.987723 -0.417646
v -0.322234 2.046501 -0.392644
v -0.312009 1.964039 -0.334553
v -0.218779 1.606266 -0.327426
v -0.358727 1.250000 -0.536873
v -0.382762 0.864972 -0.572844
v -0.198253 0.576152 -0.285988
v -0.165364 0.533270 -0.309375
v -0.144868 0.564996 -0.349422
v -0.261445 2.010526 -0.523345
v -0.262381 2.071204 -0.490882
v -0.273115 1.994655 -0.467461
v -0.150921 1.606323 -0.364356
v -0.199522 1.250000 -0.481688
v -0.239327 0.871165 -0.577787
v -0.148312 0.558159 -0.368112
v -0.111280 0.516746 -0.366840
v -0.103007 0.537672 -0.440915
v -0.161269 2.017052 -0.580999
v -0.166470 2.079767 -0.548778
v -0.187511 2.014845 -0.566676
v -0.083861 1.609781 -0.421600
v -0.082690 1.250000 -0.415710
v -0.093636 0.885337 -0.470738
v -0.073507 0.523278 -0.486677
v -0.043054 0.488366 -0.437138
v -0.033975 0.502860 -0.547171
v -0.040881 2.009816 -0.581626
v -0.054564 2.071243 -0.554000
v -0.073348 2.016434 -0.596775
v -0.023650 0.874960 -0.393614
v -0.005795 1.250000 -0.437817
v 0.037823 1.650570 -0.571102
v 0.038059 0.859180 -0.386422
v 0.043641 1.250000 -0.443090
v 0.059259 1.681091 -0.601664
v 0.099608 0.874584 -0.384175
v 0.088876 1.250000 -0.461632
v 0.071574 1.653301 -0.587416
v 0.060619 0.873071 -0.402660
v 0.129171 1.250000 -0.530525
v 0.170002 1.656350 -0.589446
v 0.109904 0.860983 -0.362305
v 0.169633 1.250000 -0.559205
v 0.180983 1.684609 -0.596622
v 0.173267 0.873154 -0.367865
v 0.196705 1.250000 -0.584578
v 0.186504 1.657214 -0.590903
v 0.128876 0.874940 -0.372811
v 0.275301 1.250000 -0.553793
v 0.305104 1.661134 -0.571277
v 0.183051 0.859175 -0.342464
v 0.284272 1.250000 -0.531835
v 0.316124 1.693387 -0.591425
v 0.239620 0.874275 -0.319017
v 0.306825 1.250000 -0.534541
v 0.312770 1.665046 -0.598916
v 0.207380 0.873534 -0.346754
v 0.381444 1.250000 -0.492414
v 0.435694 1.665398 -0.519718
v 0.255791 0.856403 -0.311682
v 0.384447 1.250000 -0.468450
v 0.426744 1.693772 -0.519989
v 0.308121 0.870892 -0.288526
v 0.390975 1.250000 -0.439689
v 0.424701 1.665388 -0.528651
v 0.326420 0.865167 -0.326518
v 0.374335 1.250000 -0.353334
v 0.527724 1.665248 -0.424251
v 0.371852 0.841910 -0.305171
v 0.380298 1.250000 -0.312102
v 0.520394 1.693870 -0.427076
v 0.414886 0.858198 -0.297316
v 0.410586 1.250000 -0.287939
v 0.519633 1.665379 -0.435583
v 0.466563 0.853547 -0.278180
v 0.440545 1.250000 -0.275028
v 0.596829 1.664753 -0.312225
v 0.483319 0.829437 -0.258339
v 0.459761 1.250000 -0.245747
v 0.575722 1.690071 -0.307730
v 0.496338 0.852487 -0.238562
v 0.491339 1.250000 -0.227273
v 0.571434 1.661163 -0.305244
v 0.496006 0.855707 -0.180872
v 0.531773 1.250000 -0.189809
v 0.608932 1.659669 -0.187574
v 0.523206 0.829676 -0.158713
v 0.515942 1.250000 -0.156509
v 0.627423 1.690602 -0.190327
v 0.524072 0.853947 -0.131719
v 0.501847 1.250000 -0.114991
v 0.641843 1.664603 -0.200686
v 0.546890 0.852259 -0.077164
v 0.441442 1.250000 -0.090220
v 0.674764 1.665286 -0.059526
v 0.554170 0.827795 -0.054581
v 0.417964 1.250000 -0.041166
v 0.667314 1.693374 -0.065725
v 0.569673 0.849636 -0.037328
v 0.416289 1.250000 0.011587
v 0.657330 1.662973 -0.067688
v 0.626552 0.841454 0.057028
v 0.421885 1.250000 -0.010082
v 0.606473 1.655658 0.050074
v 0.643291 0.811121 0.063359
v 0.413206 1.250000 0.040697
v 0.582074 1.677426 0.057329
v 0.666163 0.835894 0.060712
v 0.417048 1.250000 0.091845
v 0.530063 1.645432 0.079485
v 0.639237 0.835808 0.199161
v 0.428677 1.250000 0.078811
v 0.464734 1.636707 0.096970
v 0.635046 0.807915 0.192639
v 0.420675 1.250000 0.127610
v 0.409889 1.648276 0.124338
v 0.629812 0.837488 0.188813
v 0.425572 1.250000 0.175942
v 0.383042 1.628912 0.174167
v 0.570826 0.838947 0.304704
v 0.453023 1.250000 0.197808
v 0.378079 1.626017 0.133554
v 0.569566 0.811228 0.304439
v 0.463096 1.250000 0.247530
v 0.334662 1.639178 0.178880
v 0.564851 0.839739 0.303867
v 0.483006 1.250000 0.289392
v 0.316937 1.625433 0.239076
v 0.502138 0.838559 0.412490
v 0.480432 1.250000 0.367752
v 0.350844 1.627387 0.212779
v 0.513766 0.807727 0.421637
v 0.475916 1.250000 0.390574
v 0.305652 1.642145 0.250842
v 0.528496 0.834635 0.424625
v 0.478323 1.250000 0.413226
v 0.307387 1.631957 0.317278
v 0.411578 0.838696 0.501620
v 0.431973 1.250000 0.510874
v 0.344832 1.640532 0.364141
v 0.371133 0.822550 0.452227
v 0.434199 1.250000 0.529073
v 0.306199 1.658392 0.373105
v 0.337450 0.851355 0.445291
v 0.438999 1.250000 0.542781
v 0.310201 1.643999 0.424648
v 0.263933 0.861205 0.412048
v 0.334514 1.250000 0.616392
v 0.278188 1.646457 0.466594
v 0.201805 0.851768 0.377550
v 0.318785 1.250000 0.596404
v 0.247090 1.666119 0.462273
v 0.144375 0.871768 0.390266
v 0.293503 1.250000 0.577463
v 0.265262 1.652979 0.526407
v 0.172690 0.874477 0.358148
v 0.189475 1.250000 0.529213
v 0.185306 1.654467 0.570726
v 0.109838 0.861025 0.362088
v 0.151092 1.250000 0.498084
v 0.163187 1.673194 0.537957
v 0.054049 0.874838 0.391441
v 0.108035 1.250000 0.487779
v 0.166019 1.655278 0.582644
v 0.097014 0.872003 0.402986
v 0.087108 1.250000 0.488178
v 0.065253 1.659589 0.633243
v 0.040331 0.854864 0.409486
v 0.050345 1.250000 0.511159
v 0.062757 1.687737 0.637181
v -0.011789 0.870034 0.427860
v 0.025114 1.250000 0.552687
v 0.069391 1.663680 0.662246
v -0.000373 0.864983 0.462976
v -0.036402 1.250000 0.594638
v -0.072609 1.665017 0.671539
v -0.048163 0.839987 0.489005
v -0.057824 1.250000 0.587098
v -0.064204 1.690485 0.651873
v -0.082076 0.857145 0.511281
v -0.082222 1.250000 0.561534
v -0.067555 1.657300 0.616556
v -0.123946 0.856038 0.510798
v -0.118841 1.250000 0.509634
v -0.160968 1.653920 0.574019
v -0.157753 0.830291 0.520043
v -0.146416 1.250000 0.482669
v -0.177725 1.682519 0.585879
v -0.180588 0.856358 0.491220
v -0.180715 1.250000 0.462125
v -0.185332 1.654526 0.571160
v -0.205690 0.859216 0.459318
v -0.212593 1.250000 0.472250
v -0.267630 1.653463 0.529073
v -0.238648 0.837215 0.446479
v -0.255343 1.250000 0.477713
v -0.288825 1.682604 0.540354
v -0.263772 0.861292 0.411432
v -0.287913 1.250000 0.478635
v -0.295631 1.655833 0.533334
v -0.313523 0.855435 0.427164
v -0.330086 1.250000 0.447469
v -0.410216 1.661053 0.500416
v -0.351581 0.828288 0.428403
v -0.334585 1.250000 0.407693
v -0.416372 1.690728 0.507351
v -0.376579 0.849588 0.429531
v -0.338147 1.250000 0.347966
v -0.420422 1.664056 0.519837
v -0.454409 0.845829 0.388657
v -0.296406 1.250000 0.308452
v -0.526336 1.665038 0.423577
v -0.466422 0.819130 0.382783
v -0.315688 1.250000 0.259079
v -0.519984 1.693771 0.426740
v -0.495908 0.839961 0.404265
v -0.351419 1.250000 0.220328
v -0.518644 1.665156 0.434277
v -0.583822 0.837074 0.308825
v -0.338332 1.250000 0.240452
v -0.593904 1.664342 0.311460
v -0.576835 0.809694 0.308325
v -0.361206 1.250000 0.193068
v -0.573707 1.689646 0.306653
v -0.586464 0.836105 0.318589
v -0.393694 1.250000 0.152184
v -0.592646 1.665019 0.324080
v -0.644611 0.835473 0.189691
v -0.390515 1.250000 0.171364
v -0.651011 1.665398 0.190071
v -0.630703 0.808760 0.191322
v -0.400942 1.250000 0.121624
v -0.639567 1.692965 0.194010
v -0.618414 0.839087 0.186966
v -0.417593 1.250000 0.073331
v -0.643226 1.664821 0.201496
v -0.571354 0.848902 0.073790
v -0.427594 1.250000 0.091143
v -0.656963 1.662844 0.061981
v -0.527631 0.832760 0.051967
v -0.444231 1.250000 0.043753
v -0.645206 1.689238 0.063547
v -0.511200 0.858047 0.017076
v -0.466405 1.250000 0.001898
v -0.649768 1.661885 0.065069
v -0.450942 0.866714 0.003795
v -0.523350 1.250000 -0.017220
v -0.629148 1.658919 -0.057927
v -0.391998 0.858136 -0.038608
v -0.572821 1.250000 -0.056418
v -0.597744 1.680358 -0.058873
v -0.381621 0.874935 -0.099960
v -0.621078 1.250000 -0.078256
v -0.600081 1.655039 -0.069827
v -0.415579 0.871036 -0.068185
v -0.656665 1.250000 -0.191542
v -0.586448 1.655878 -0.168247
v -0.426335 0.848524 -0.129327
v -0.662135 1.250000 -0.200857
v -0.582464 1.681854 -0.176689
v -0.441506 0.863127 -0.177637
v -0.666800 1.250000 -0.207441
v -0.610110 1.659829 -0.187643
v -0.511098 0.849804 -0.251668
v -0.624773 1.250000 -0.329884
v -0.558001 1.658721 -0.293316
v -0.534071 0.818722 -0.285467
v -0.622130 1.250000 -0.332535
v -0.535261 1.681529 -0.286103
v -0.574884 0.838330 -0.306490
v -0.622181 1.250000 -0.336472
v -0.516782 1.653508 -0.291305
v -0.507650 0.837319 -0.419764
v -0.548706 1.250000 -0.445770
v -0.444839 1.648544 -0.336854
v -0.496859 0.811799 -0.407761
v -0.543964 1.250000 -0.446419
v -0.391973 1.662937 -0.321684
v -0.518030 0.836216 -0.419545
v -0.538075 1.250000 -0.447640
v -0.352114 1.638715 -0.338993
v -0.424540 0.834662 -0.528320
v -0.432562 1.250000 -0.511896
v -0.313162 1.630676 -0.298909
v -0.425792 0.806507 -0.518829
v -0.414153 1.250000 -0.504647
v -0.253816 1.643017 -0.309275
v -0.435495 0.834636 -0.519567
v -0.398290 1.250000 -0.507155
v -0.203445 1.625795 -0.343773
v -0.313239 0.834702 -0.600709
v -0.310804 1.250000 -0.546302
v -0.238907 1.625342 -0.316291
v -0.316809 0.806343 -0.592708
v -0.282143 1.250000 -0.527851
v -0.181343 1.640150 -0.339268
v -0.310866 0.837686 -0.577766
v -0.241183 1.250000 -0.509428
v -0.131090 1.625513 -0.375304
v 0.000000 2.496538 0.000000
v 0.094345 2.240643 -0.474305
v 0.036394 2.328313 -0.369513
v 0.000000 2.237701 -0.478948
v -0.038057 2.348107 -0.386402
v -0.094899 2.242437 -0.477087
v -0.114584 2.355641 -0.377734
v -0.185075 2.240660 -0.446810
v -0.186069 2.355626 -0.348110
v -0.251083 2.220612 -0.375772
v -0.237810 2.332466 -0.289772
v -0.296917 2.200345 -0.296917
v -0.246300 2.266873 -0.202133
v -0.254343 2.128214 -0.169946
v -0.234924 2.205933 -0.125569
v -0.223029 2.087411 -0.092381
v -0.232108 2.178144 -0.070409
v -0.234949 2.086239 -0.046734
v -0.232285 2.167480 -0.022878
v -0.241270 2.087326 0.000000
v -0.219436 2.152420 0.021613
v -0.260096 2.102460 0.051736
v -0.204812 2.144875 0.062129
v -0.269622 2.119318 0.111681
v -0.179339 2.132421 0.095859
v -0.261829 2.133910 0.174948
v -0.155496 2.129861 0.127612
v -0.263505 2.170450 0.263505
v -0.136977 2.147078 0.166906
v -0.189158 2.150091 0.283094
v -0.099754 2.142059 0.186627
v -0.096366 2.093999 0.232648
v -0.058092 2.128654 0.191504
v -0.046625 2.085884 0.234399
v -0.019855 2.131502 0.201587
v 0.000000 2.096520 0.255803
v 0.021362 2.149444 0.216896
v 0.055477 2.114591 0.278900
v 0.075652 2.199212 0.249393
v 0.125854 2.142750 0.303838
v 0.140027 2.241706 0.261972
v 0.226378 2.192478 0.338798
v 0.227026 2.312639 0.276631
v 0.329946 2.229898 0.329946
v 0.303828 2.353674 0.249345
v 0.407766 2.244957 0.272461
v 0.336479 2.340244 0.179852
v 0.451476 2.243855 0.187008
v 0.311780 2.275253 0.094578
v 0.475745 2.241571 0.094632
v 0.282167 2.225943 0.027791
v 0.439430 2.212699 0.000000
v 0.242550 2.179510 -0.023889
v 0.324832 2.144221 -0.064613
v 0.225737 2.170379 -0.068476
v 0.254533 2.108986 -0.105431
v 0.205377 2.166856 -0.109776
v 0.213115 2.096842 -0.142399
v 0.186195 2.176182 -0.152806
v 0.191427 2.105958 -0.191427
v 0.197474 2.258307 -0.240623
v 0.185569 2.146005 -0.277724
v 0.166380 2.306911 -0.311276
v 0.172861 2.220466 -0.417323
v 0.103843 2.312483 -0.342326
v -0.186340 0.843161 -0.588149
v -0.178449 1.250000 -0.444778
v -0.172694 1.625531 -0.358211
v -0.177208 0.817813 -0.584175
v -0.129210 1.250000 -0.425947
v -0.118162 1.644314 -0.389529
v -0.138466 0.852132 -0.535593
v -0.077765 1.250000 -0.426560
v -0.070042 1.629464 -0.418750
v -0.088970 0.864003 -0.461298
v -0.092230 1.250000 -0.411261
v -0.088034 1.636929 -0.468085
v -0.045035 0.845929 -0.457246
v -0.040002 1.250000 -0.406145
v -0.050742 1.664912 -0.515189
v 0.018187 0.872691 -0.409387
v 0.011981 1.250000 -0.414825
v -0.025601 1.645494 -0.535813
v 0.000000 0.051024 -0.000000
v 0.000000 0.365148 -0.316388
v 0.020462 0.361275 -0.207751
v 0.058319 0.376191 -0.293190
v 0.060058 0.363448 -0.197984
v 0.113298 0.378008 -0.273526
v 0.101548 0.353503 -0.189983
v 0.202934 0.334220 -0.303713
v 0.147550 0.333481 -0.179791
v 0.318610 0.280245 -0.318610
v 0.222354 0.269258 -0.182482
v 0.383708 0.273349 -0.256386
v 0.256298 0.265798 -0.136994
v 0.433806 0.268246 -0.179688
v 0.259287 0.288729 -0.078654
v 0.436298 0.283875 -0.086785
v 0.255664 0.305119 -0.025181
v 0.422788 0.297831 0.000000
v 0.254458 0.306533 0.025062
v 0.359338 0.333520 0.071477
v 0.231502 0.322594 0.070225
v 0.274049 0.377650 0.113515
v 0.194555 0.347455 0.103992
v 0.225011 0.394105 0.150348
v 0.158434 0.365706 0.130023
v 0.168346 0.414694 0.168346
v 0.131385 0.363201 0.160094
v 0.140394 0.405441 0.210115
v 0.121992 0.302917 0.228232
v 0.107174 0.388133 0.258741
v 0.084902 0.263622 0.279886
v 0.063859 0.358225 0.321040
v 0.029263 0.256547 0.297108
v -0.000000 0.333286 0.366748
v -0.030250 0.244800 0.307131
v -0.080966 0.302747 0.407042
v -0.101079 0.198623 0.333214
v -0.173194 0.278983 0.418126
v -0.178248 0.163724 0.333479
v -0.263754 0.264959 0.394735
v -0.249352 0.146312 0.303837
v -0.345340 0.256328 0.345340
v -0.305288 0.144123 0.250543
v -0.407589 0.255177 0.272343
v -0.347590 0.145062 0.185791
v -0.452981 0.255114 0.187631
v -0.377926 0.144125 0.114643
v -0.481259 0.254871 0.095728
v -0.393055 0.144096 0.038712
v -0.488046 0.256543 -0.000000
v -0.389680 0.148051 -0.038380
v -0.447091 0.276913 -0.088932
v -0.362913 0.162423 -0.110089
v -0.391929 0.296924 -0.162342
v -0.313671 0.189921 -0.167661
v -0.294067 0.341560 -0.196489
v -0.217156 0.277102 -0.178215
v -0.201193 0.385304 -0.201193
v -0.137664 0.351657 -0.167744
v -0.133578 0.413203 -0.199914
v -0.094202 0.371679 -0.176239
v -0.105816 0.390378 -0.255462
v -0.059979 0.363764 -0.197725
v -0.065414 0.353183 -0.328857
v -0.021231 0.352126 -0.215557
vn 0.0306 -0.1901 -0.9813
vn -0.0904 -0.0614 -0.9940
vn 0.1787 -0.1258 -0.9758
vn 0.1139 0.2378 -0.9646
vn 0.3958 -0.0701 -0.9157
vn 0.2961 0.3662 -0.8822
vn 0.5349 0.1365 -0.8338
vn 0.4833 0.5827 -0.6534
vn 0.4057 0.3295 -0.8526
vn 0.5916 0.6531 -0.4727
vn 0.7441 -0.0172 -0.6678
vn 0.5545 0.5722 -0.6042
vn 0.9656 0.0493 -0.2552
vn 0.8608 0.3126 -0.4016
vn 0.9298 0.0811 -0.3591
vn 0.9316 0.2926 -0.2155
vn 0.9501 -0.0361 -0.3099
vn 0.9551 0.1229 0.2697
vn 0.9481 -0.2565 0.1879
vn 0.8183 -0.1510 0.5546
vn 0.8831 -0.1980 0.4254
vn 0.7663 -0.4576 0.4510
vn 0.7676 -0.2173 0.6030
vn -0.8439 -0.1194 -0.5231
vn 0.3841 -0.5138 0.7671
vn 0.7087 0.0272 -0.7049
vn -0.5505 -0.2430 0.7987
vn 0.6087 0.6427 0.4653
vn -0.4429 0.2195 -0.8693
vn 0.3329 0.7185 0.6107
vn 0.4327 0.0500 -0.9001
vn 0.1396 0.7201 0.6796
vn 0.9981 -0.0060 0.0617
vn 0.0909 0.7933 0.6020
vn 0.2753 -0.0053 0.9613
vn -0.1439 0.5279 0.8370
vn -0.4656 0.2077 0.8603
vn -0.4065 0.3642 0.8379
vn -0.3906 0.2129 0.8956
vn -0.2167 0.4405 0.8712
vn -0.6295 -0.0113 0.7769
vn -0.5483 0.5688 0.6131
vn -0.7551 -0.1694 0.6333
vn -0.6681 0.5608 0.4890
vn -0.9058 -0.2822 0.3161
vn -0.7905 0.4221 0.4437
vn -0.9135 -0.2522 -0.3193
vn -0.9248 0.3653 0.1064
vn -0.9670 -0.1894 -0.1702
vn -0.9491 0.3019 -0.0903
vn 0.9570 0.1193 0.2646
vn -0.9199 0.2814 -0.2731
vn -0.4582 -0.0951 0.8838
vn -0.6584 0.6010 -0.4531
vn -0.5574 -0.7745 -0.2992
vn -0.4429 0.6501 -0.6174
vn -0.4718 -0.7930 -0.3855
vn -0.7231 0.3417 -0.6003
vn -0.4048 -0.7704 -0.4927
vn -0.0068 -0.6950 0.7190
vn -0.2080 -0.6050 -0.7685
vn -0.3737 -0.4514 -0.8103
vn -0.0008 -0.0516 -0.9987
vn -0.3470 -0.3175 -0.8825
vn 0.5331 -0.4958 -0.6856
vn 0.1244 -0.7447 -0.6557
vn -0.5077 -0.4990 -0.7023
vn 0.5185 0.1877 -0.8342
vn 0.2580 0.3398 -0.9044
vn 0.2807 0.2275 -0.9324
vn -0.0106 0.1254 0.9921
vn -0.9156 -0.1040 0.3884
vn -0.6675 -0.1756 -0.7236
vn -0.2998 -0.0414 -0.9531
vn -0.7811 -0.1121 -0.6142
vn -0.9574 0.0940 -0.2729
vn 0.7789 -0.4681 -0.4173
vn 0.2001 -0.8098 -0.5515
vn -0.3817 -0.4640 -0.7994
vn 0.6369 0.2463 -0.7305
vn 0.3913 0.3253 -0.8609
vn 0.1053 0.2430 -0.9643
vn 0.2484 0.1300 -0.9599
vn 0.3253 -0.2204 -0.9196
vn 0.4826 -0.4490 -0.7520
vn 0.7922 -0.4351 -0.4280
vn -0.2796 -0.5788 -0.7661
vn -0.1885 -0.3059 -0.9332
vn 0.8005 0.4644 -0.3789
vn 0.9475 0.2557 -0.1920
vn 0.4181 0.3277 -0.8473
vn 0.5373 0.1384 -0.8320
vn 0.4184 -0.3259 -0.8478
vn 0.2802 -0.4385 -0.8539
vn 0.8616 -0.3079 -0.4036
vn 0.0051 -0.6320 -0.7749
vn 0.2080 -0.0568 -0.9765
vn 0.8979 0.4238 0.1191
vn 0.8151 0.4633 -0.3479
vn 0.4351 0.5491 -0.7135
vn 0.8691 0.0828 -0.4876
vn 0.9425 -0.2591 -0.2110
vn 0.9403 -0.1190 -0.3188
vn 0.9254 -0.0685 -0.3728
vn 0.7029 -0.6146 -0.3581
vn 0.6106 -0.0459 -0.7906
vn 0.2818 0.6507 -0.7051
vn 0.5452 0.6692 -0.5049
vn 0.5849 0.6471 -0.4891
vn 0.7585 -0.0316 -0.6510
vn 0.5681 -0.2050 -0.7970
vn 0.4973 0.0295 -0.8671
vn 0.8796 -0.1109 -0.4626
vn 0.6579 -0.5832 -0.4766
vn 0.7654 -0.1538 -0.6250
vn 0.3511 0.5549 -0.7542
vn 0.3375 0.8071 -0.4844
vn -0.0188 0.4090 -0.9123
vn 0.8987 -0.0550 -0.4350
vn 0.8922 -0.1453 -0.4277
vn 0.9344 -0.0266 -0.3554
vn 0.9129 -0.1310 -0.3865
vn 0.6622 -0.6533 -0.3668
vn 0.7619 -0.1807 -0.6220
vn 0.4318 0.5760 -0.6941
vn 0.2623 0.8118 -0.5217
vn 0.5424 0.4255 -0.7244
vn 0.9825 -0.1861 -0.0044
vn 0.9076 -0.1557 0.3900
vn 0.9529 0.1370 0.2707
vn 0.9705 -0.1879 0.1509
vn 0.6278 -0.7769 -0.0477
vn 0.7497 -0.3101 -0.5847
vn 0.8840 0.3872 -0.2620
vn 0.2958 0.6166 -0.7296
vn 0.7442 0.5766 0.3371
vn 0.9019 -0.2880 0.3219
vn 0.9759 -0.0801 -0.2030
vn 0.8223 0.2506 -0.5110
vn 0.9291 -0.3594 0.0877
vn 0.4316 -0.7634 0.4805
vn 0.7355 -0.5334 -0.4177
vn 0.8954 0.1438 0.4213
vn 0.6709 0.7390 0.0611
vn 0.7178 0.3308 0.6126
vn 0.5094 -0.1791 0.8417
vn 0.8000 0.2686 0.5366
vn 0.9526 0.2650 0.1497
vn 0.6237 -0.5181 0.5853
vn 0.2746 -0.7816 0.5601
vn 0.8173 -0.5375 0.2077
vn 0.8079 -0.0872 0.5828
vn 0.6709 0.4076 0.6195
vn 0.6102 0.0946 0.7866
vn -0.7729 -0.2194 -0.5954
vn 0.5997 0.3996 -0.6933
vn 0.9317 0.2271 0.2834
vn 0.3063 -0.5981 0.7406
vn 0.2541 -0.8902 0.3780
vn 0.7531 -0.6440 0.1350
vn 0.1703 -0.0498 0.9841
vn 0.6631 -0.0106 0.7484
vn 0.3120 -0.0470 0.9489
vn 0.8060 0.2601 -0.5318
vn 0.9774 0.2100 0.0245
vn 0.9075 0.0447 0.4177
vn 0.0223 -0.5960 0.8027
vn -0.0806 -0.7252 0.6838
vn 0.3548 -0.7092 0.6093
vn -0.1798 0.8690 0.4611
vn 0.7388 -0.0902 0.6678
vn 0.1395 0.0429 0.9893
vn 0.9563 0.2876 -0.0523
vn 0.8729 0.2088 0.4409
vn 0.6710 -0.1181 0.7320
vn -0.3407 -0.4811 0.8077
vn 0.0290 -0.6514 0.7582
vn -0.7374 -0.1064 0.6670
vn 0.4989 0.8144 -0.2964
vn 0.5626 0.0730 0.8235
vn -0.3929 0.7387 0.5477
vn 0.5980 0.4314 0.6755
vn 0.4354 -0.0200 0.9000
vn 0.0132 -0.3840 0.9233
vn -0.6271 -0.1011 0.7724
vn 0.5394 -0.2862 0.7919
vn 0.9880 -0.1547 0.0047
vn 0.8092 0.4689 -0.3539
vn 0.3819 0.2289 0.8954
vn 0.1965 0.9459 -0.2582
vn 0.1307 0.1691 0.9769
vn -0.3863 -0.1285 0.9134
vn -0.9312 -0.1053 0.3489
vn 0.9936 -0.0067 0.1127
vn 0.6788 -0.1675 0.7150
vn 0.9488 -0.0570 0.3108
vn -0.5371 0.5951 0.5978
vn 0.0544 0.3872 0.9204
vn 0.5781 0.7940 -0.1880
vn 0.3558 -0.0625 0.9325
vn 0.9688 -0.2403 0.0608
vn 0.2792 0.1927 -0.9407
vn 0.8106 -0.0981 0.5773
vn 0.5188 -0.2081 0.8292
vn 0.7112 -0.1096 0.6944
vn -0.6107 0.6534 -0.4472
vn -0.2464 0.4810 0.8414
vn -0.5031 0.7070 0.4970
vn 0.2001 0.1804 0.9630
vn 0.5720 -0.2415 0.7839
vn 0.9040 -0.1537 0.3989
vn 0.5803 -0.1590 0.7987
vn 0.5180 -0.2941 0.8032
vn 0.6267 -0.1753 0.7592
vn 0.5010 0.5472 0.6705
vn 0.0040 0.5721 0.8201
vn 0.9080 0.3841 -0.1675
vn -0.4686 0.0585 0.8815
vn -0.5436 -0.0941 0.8340
vn -0.3624 -0.0408 0.9311
vn 0.3587 -0.1359 0.9235
vn 0.2982 -0.4483 0.8427
vn 0.0195 -0.1899 0.9816
vn -0.1713 0.6740 0.7186
vn 0.1582 0.7207 0.6750
vn 0.6907 0.3638 0.6249
vn -0.3301 -0.0201 0.9437
vn -0.3228 -0.1052 0.9406
vn -0.3264 0.0688 0.9427
vn -0.7102 -0.1664 0.6841
vn -0.2868 -0.4649 0.8376
vn -0.2607 -0.1289 0.9568
vn -0.3773 0.5041 0.7769
vn 0.3357 0.5527 0.7628
vn 0.0102 0.6218 0.7831
vn -0.3399 0.0482 0.9392
vn -0.3332 -0.1685 0.9277
vn -0.3694 -0.0879 0.9251
vn -0.7113 -0.1609 0.6842
vn -0.4192 -0.4282 0.8006
vn -0.2059 -0.2140 0.9549
vn -0.6236 0.5183 0.5852
vn -0.4916 0.6621 0.5657
vn -0.2645 0.5260 0.8083
vn -0.8385 -0.0743 0.5398
vn -0.9488 -0.0889 0.3032
vn -0.8094 0.2612 0.5260
vn -0.8755 -0.2355 0.4219
vn -0.6119 -0.4618 0.6421
vn -0.2510 -0.2825 0.9259
vn -0.3942 0.5675 0.7228
vn -0.4956 0.7094 0.5011
vn -0.5597 0.5366 0.6315
vn -0.8273 -0.1525 0.5407
vn -0.7936 -0.0313 0.6076
vn -0.7281 0.2861 0.6229
vn -0.9513 -0.3065 0.0315
vn -0.8516 -0.4602 0.2509
vn -0.9231 -0.2973 0.2441
vn -0.1532 0.5667 0.8096
vn -0.4333 0.8225 0.3685
vn -0.7768 0.5851 0.2330
vn -0.8766 -0.2030 0.4364
vn -0.8761 -0.0067 0.4820
vn -0.8889 0.2471 0.3858
vn -0.9040 -0.3259 0.2767
vn -0.9340 -0.3511 0.0658
vn -0.8568 -0.1178 -0.5019
vn -0.3704 0.6791 0.6337
vn -0.4653 0.8777 -0.1143
vn -0.7123 0.6740 -0.1959
vn -0.9568 -0.2366 0.1693
vn -0.9976 -0.0669 0.0167
vn -0.9394 0.1608 -0.3027
vn -0.9572 -0.1100 -0.2677
vn -0.9567 -0.1678 -0.2378
vn -0.7453 0.0366 -0.6657
vn -0.5345 0.6700 0.5153
vn -0.4438 0.8931 -0.0737
vn -0.6243 0.6524 -0.4297
vn -0.9733 -0.1819 0.1398
vn -0.9670 -0.2033 0.1534
vn -0.9960 -0.0433 -0.0775
vn -0.8221 0.0932 -0.5617
vn -0.8632 0.0249 -0.5042
vn -0.1477 -0.0363 -0.9884
vn -0.7395 0.6652 0.1029
vn -0.5108 0.8518 -0.1162
vn -0.4891 0.6607 -0.5694
vn -0.9914 0.1306 0.0047
vn -0.9176 -0.1464 0.3696
vn -0.4590 -0.3967 0.7949
vn -0.4068 -0.2294 -0.8843
vn -0.9507 0.0158 -0.3097
vn -0.2728 -0.9133 0.3023
vn -0.4137 0.5708 -0.7093
vn -0.4601 0.6786 -0.5726
vn -0.2849 0.5887 -0.7565
vn -0.8728 0.2840 -0.3969
vn -0.9847 -0.1174 -0.1288
vn -0.8534 -0.3321 0.4017
vn 0.1023 -0.8345 0.5414
vn -0.8721 -0.1516 -0.4652
vn -0.4640 -0.6794 0.5684
vn 0.5812 0.7446 -0.3283
vn -0.8609 0.3905 -0.3262
vn -0.0686 0.4073 -0.9107
vn -0.6040 0.4049 -0.6865
vn -0.7863 0.1053 -0.6088
vn -0.7968 -0.3604 -0.4850
vn 0.1243 -0.9918 -0.0291
vn -0.4912 -0.3311 -0.8056
vn -0.2582 -0.7801 -0.5699
vn -0.9851 0.1709 -0.0172
vn -0.9814 0.1903 0.0253
vn -0.1563 0.4713 0.8680
vn -0.1579 0.4459 -0.8811
vn -0.4374 0.2200 -0.8719
vn -0.6439 -0.3144 -0.6976
vn -0.4737 -0.8029 0.3618
vn -0.3372 -0.4949 -0.8008
vn -0.8123 -0.5831 0.0082
vn -0.8534 -0.0346 -0.5201
vn -0.8946 0.2144 -0.3921
vn -0.9941 -0.0697 -0.0832
vn -0.1809 0.5298 -0.8286
vn -0.3649 0.3176 -0.8752
vn -0.5121 -0.2573 -0.8195
vn -0.8212 0.0219 0.5702
vn -0.7492 -0.5538 -0.3633
vn -0.7041 -0.5585 -0.4385
vn -0.8124 -0.0031 -0.5831
vn -0.8027 0.2838 -0.5246
vn -0.5186 -0.0945 -0.8498
vn 0.9541 -0.1239 -0.2727
vn 0.7086 0.1003 -0.6984
vn 0.1468 -0.1075 -0.9833
vn -0.8839 -0.4085 -0.2278
vn -0.5914 -0.5805 -0.5596
vn -0.6486 -0.4642 -0.6031
vn -0.6893 0.0898 -0.7189
vn -0.3510 0.3717 -0.8595
vn -0.0724 -0.0293 -0.9969
vn -0.5276 -0.0825 0.8454
vn 0.7568 -0.0031 0.6537
vn 0.9735 -0.0086 -0.2285
vn 0.0531 -0.4310 -0.9008
vn -0.1447 -0.5576 -0.8174
vn -0.6976 -0.4360 -0.5685
vn -0.3358 0.1539 -0.9293
vn 0.0046 0.3984 -0.9172
vn 0.1359 0.1136 -0.9842
vn 0.8284 0.1258 -0.5458
vn -0.6621 -0.2037 -0.7212
vn -0.1223 -0.1481 -0.9814
vn -0.0077 0.1105 -0.9939
vn -0.1715 -0.2282 -0.9584
vn 0.3287 0.0843 -0.9407
vn -0.7914 0.0421 -0.6099
vn -0.5871 -0.2074 -0.7825
vn -0.0657 -0.0858 -0.9941
vn 0.7216 -0.0661 -0.6891
vn -0.4265 -0.1955 -0.8831
vn -0.3371 0.0644 -0.9393
vn 0.0708 -0.0677 -0.9952
vn -0.3490 -0.2522 -0.9025
vn 0.1640 0.3025 -0.9389
vn -0.6268 -0.0936 -0.7735
vn -0.2880 -0.2169 -0.9328
vn 0.0542 0.1393 -0.9888
vn 0.9590 -0.1251 -0.2544
vn 0.5894 -0.2609 -0.7646
vn 0.1212 0.1333 -0.9836
vn 0.4488 -0.0584 -0.8917
vn 0.1659 -0.3607 -0.9178
vn 0.4891 0.4530 -0.7454
vn -0.2676 -0.1415 -0.9531
vn 0.1005 -0.3461 -0.9328
vn 0.0629 0.1819 -0.9813
vn 0.9603 -0.1160 -0.2535
vn 0.7610 -0.3472 -0.5480
vn 0.9030 0.2188 -0.3698
vn 0.6465 -0.0049 -0.7629
vn 0.8590 -0.3241 -0.3964
vn 0.7716 0.4953 -0.3991
vn 0.1208 -0.0034 -0.9927
vn 0.8379 -0.2882 -0.4636
vn 0.8863 0.1187 -0.4476
vn 0.9061 0.1342 -0.4012
vn 0.9470 -0.2323 -0.2219
vn 0.9657 0.1062 -0.2371
vn 0.6887 0.1264 -0.7140
vn 0.6754 -0.1994 -0.7100
vn 0.4286 0.5154 -0.7421
vn 0.5570 0.0503 -0.8290
vn 0.2524 -0.1706 -0.9525
vn 0.3726 0.0263 -0.9276
vn 0.6638 0.0146 -0.7477
vn 0.9238 -0.1509 -0.3518
vn 0.9903 0.0081 -0.1388
vn 0.7638 0.0063 -0.6454
vn 0.8245 -0.1143 -0.5542
vn 0.2358 0.1788 -0.9552
vn 0.7692 0.0335 -0.6381
vn 0.6665 -0.1171 -0.7363
vn 0.6916 -0.0707 -0.7188
vn 0.9897 0.0253 -0.1409
vn 0.9822 -0.1374 -0.1279
vn 0.9611 -0.0436 -0.2729
vn 0.8733 0.0415 -0.4855
vn 0.9892 -0.1362 -0.0546
vn 0.4726 0.0640 -0.8790
vn 0.9769 0.0899 -0.1939
vn 0.9851 -0.1721 0.0069
vn 0.9146 -0.1383 -0.3800
vn 0.9658 0.1955 0.1705
vn 0.8313 -0.0712 0.5513
vn 0.8735 -0.1774 0.4534
vn 0.9668 0.1629 -0.1971
vn 0.9875 -0.0737 0.1393
vn 0.9258 0.1106 0.3614
vn 0.7524 0.2103 -0.6243
vn 0.9240 -0.1108 -0.3659
vn 0.9533 -0.2798 -0.1136
vn 0.9624 0.2702 0.0260
vn 0.9518 0.0319 0.3051
vn 0.7120 -0.1962 0.6742
vn 0.8412 0.0028 -0.5407
vn 0.9839 0.0608 0.1681
vn 0.6631 -0.1129 0.7400
vn 0.8994 0.1889 -0.3941
vn 0.9951 0.0978 0.0119
vn 0.9337 -0.2218 0.2811
vn 0.8299 0.2533 0.4971
vn 0.5633 0.2753 0.7791
vn 0.2827 -0.0997 0.9540
vn 0.8474 -0.0986 0.5217
vn 0.9126 0.2451 0.3273
vn 0.7902 -0.1355 0.5977
vn 0.9737 0.2266 -0.0247
vn 0.9149 0.3924 -0.0952
vn 0.9145 -0.1691 -0.3677
vn 0.9514 0.1622 0.2619
vn 0.9532 0.2973 -0.0551
vn 0.4015 0.0253 0.9155
vn 0.8110 -0.1877 0.5541
vn 0.9588 0.2817 -0.0357
vn 0.7940 0.0726 0.6036
vn 0.9887 0.0775 -0.1285
vn 0.9361 0.2121 -0.2805
vn 0.9052 0.1576 -0.3946
vn 0.8952 -0.0240 0.4450
vn 0.9400 0.2663 0.2133
vn 0.3626 0.3328 0.8705
vn 0.7077 -0.4667 0.5305
vn 0.9582 0.2728 -0.0863
vn 0.8539 0.2626 0.4493
vn 0.9879 -0.1281 -0.0879
vn 0.9667 0.2116 -0.1442
vn 0.9425 0.1950 -0.2714
vn -0.2667 -0.1677 0.9491
vn 0.4173 0.2531 0.8728
vn 0.9028 0.3697 0.2198
vn -0.4132 -0.2227 0.8830
vn 0.4736 0.1668 0.8648
vn 0.6910 0.4609 0.5568
vn -0.0246 -0.3349 0.9419
vn 0.7764 0.0035 0.6302
vn 0.6926 0.5281 0.4913
vn -0.5510 -0.2448 0.7978
vn -0.2147 -0.0151 0.9766
vn 0.4155 0.5097 0.7533
vn -0.0839 -0.3704 0.9251
vn -0.1610 -0.0827 0.9835
vn 0.6583 0.5110 0.5527
vn -0.6959 -0.2693 0.6657
vn 0.3214 -0.1743 0.9308
vn 0.4997 0.4469 0.7420
vn -0.6545 -0.3160 0.6869
vn -0.6401 -0.1514 0.7532
vn -0.0283 0.3494 0.9366
vn 0.2218 -0.2043 0.9535
vn -0.0299 -0.2695 0.9625
vn 0.2818 0.4744 0.8340
vn 0.9778 -0.2012 0.0592
vn 0.5267 -0.2805 0.8024
vn 0.2992 0.1819 0.9367
vn 0.9776 -0.1280 0.1673
vn 0.4525 -0.2805 0.8465
vn 0.5451 0.0535 0.8366
vn 0.3910 -0.1383 0.9099
vn 0.5891 -0.2435 0.7705
vn 0.1606 0.6669 0.7276
vn 0.9051 -0.1064 0.4117
vn 0.8140 -0.2096 0.5417
vn 0.6686 0.2720 0.6920
vn 0.6999 -0.1475 0.6988
vn -0.0319 -0.2610 0.9648
vn -0.4761 0.2865 0.8314
vn 0.4417 -0.1352 0.8869
vn -0.5149 -0.1831 0.8375
vn -0.1936 0.6616 0.7245
vn 0.1497 -0.0849 0.9851
vn -0.6313 -0.1107 0.7676
vn -0.5416 0.3051 0.7833
vn -0.0413 0.0379 0.9984
vn -0.3637 -0.0896 0.9272
vn -0.4618 0.0626 0.8848
vn 0.0377 0.0706 0.9968
vn -0.4875 -0.0810 0.8694
vn 0.0421 0.3783 0.9247
vn -0.2698 0.1618 0.9492
vn -0.6806 -0.0893 0.7272
vn -0.3820 0.0395 0.9233
vn -0.6466 0.1376 0.7503
vn 0.1338 -0.0891 0.9870
vn -0.0859 0.0850 0.9927
vn -0.5179 0.1082 0.8485
vn -0.1245 -0.1164 0.9854
vn -0.2855 0.3545 0.8904
vn -0.0173 0.0802 0.9966
vn -0.3574 -0.1578 0.9205
vn -0.2143 0.0994 0.9717
vn -0.7158 0.0971 0.6915
vn -0.6200 -0.1511 0.7699
vn -0.7641 0.0681 0.6415
vn -0.4641 0.0679 0.8832
vn -0.8969 -0.0956 0.4318
vn -0.6747 0.4703 0.5689
vn -0.4220 0.1439 0.8951
vn -0.8099 -0.0906 0.5795
vn -0.8383 0.0088 0.5452
vn -0.9519 0.2351 0.1965
vn -0.9933 -0.0400 0.1084
vn -0.9421 -0.0549 0.3307
vn -0.4812 0.1033 0.8705
vn -0.7213 -0.0537 0.6906
vn -0.4486 0.4096 0.7943
vn -0.1716 0.1712 0.9702
vn -0.2569 -0.0564 0.9648
vn -0.6368 -0.1198 0.7617
vn -0.9529 0.2744 0.1293
vn -0.9987 0.0114 -0.0494
vn -0.9553 -0.1217 0.2694
vn -0.9994 -0.0344 -0.0056
vn -0.8356 0.0243 0.5488
vn -0.7243 0.1526 0.6724
vn -0.5964 0.2018 0.7769
vn -0.4191 0.0079 0.9079
vn -0.5061 -0.1193 0.8542
vn -0.9730 0.1987 -0.1173
vn -0.9768 -0.0057 -0.2139
vn -0.9790 -0.1956 -0.0571
vn -0.9813 -0.1229 -0.1480
vn -0.9922 -0.0028 0.1244
vn -0.9760 0.0259 0.2163
vn -0.9651 0.2516 -0.0725
vn -0.8698 -0.0114 0.4933
vn -0.7328 -0.2266 0.6417
vn -0.9355 0.0088 -0.3533
vn -0.8977 -0.1134 -0.4257
vn -0.9390 -0.2131 -0.2701
vn -0.9006 0.0208 -0.4342
vn -0.9926 -0.1149 0.0401
vn -0.9910 0.1063 0.0809
vn -0.8522 0.0324 -0.5222
vn -0.9107 -0.1259 0.3934
vn -0.7760 -0.1739 0.6063
vn -0.9813 -0.1724 0.0852
vn -0.9712 -0.2382 -0.0090
vn -0.9542 -0.0618 -0.2926
vn -0.9229 -0.1690 -0.3459
vn -0.8800 -0.2591 0.3982
vn -0.9858 0.1412 0.0914
vn -0.6095 -0.5204 -0.5980
vn -0.7768 -0.2088 0.5941
vn -0.7431 0.0517 0.6672
vn -0.6346 -0.2874 0.7174
vn -0.9507 -0.1472 0.2731
vn -0.9277 0.1924 -0.3198
vn -0.9136 -0.4058 0.0246
vn -0.8584 -0.2076 0.4690
vn -0.7694 0.5300 -0.3565
vn -0.7999 -0.3296 0.5015
vn -0.9356 -0.1944 0.2946
vn -0.8238 0.2513 0.5081
vn -0.8381 -0.2851 0.4652
vn -0.9388 -0.0744 -0.3364
vn -0.1451 0.2304 -0.9622
vn -0.7957 -0.5406 0.2732
vn -0.9371 0.0750 -0.3408
vn -0.1713 0.4942 -0.8523
vn -0.8635 -0.4834 0.1436
vn -0.9300 0.1219 -0.3467
vn -0.3050 0.3762 -0.8749
vn -0.1545 -0.4553 -0.8768
vn -0.1692 0.1300 -0.9770
vn -0.4924 0.5316 -0.6892
vn -0.4967 -0.7799 -0.3808
vn 0.0421 0.2632 -0.9638
vn -0.5401 0.4511 -0.7105
vn -0.9092 -0.3532 0.2204
vn -0.7451 0.2912 -0.6001
vn -0.0350 0.3030 -0.9523
vn 0.1284 -0.3836 -0.9146
vn 0.0926 0.2466 -0.9647
vn -0.7189 0.3315 -0.6110
vn -0.3868 -0.7388 -0.5519
vn -0.1112 0.3365 -0.9351
vn -0.6128 0.0845 -0.7857
vn -0.5710 -0.2816 -0.7711
vn -0.4622 0.3175 -0.8280
vn -0.9007 0.2484 -0.3564
vn 0.0807 -0.3395 -0.9371
vn 0.0224 0.3422 -0.9394
vn 0.2548 0.1743 -0.9512
vn -0.3675 -0.6573 -0.6579
vn 0.2879 0.2967 -0.9105
vn -0.4287 -0.0086 -0.9034
vn 0.3856 -0.1861 -0.9037
vn 0.3300 0.2093 -0.9205
vn -0.8239 -0.0111 -0.5666
vn -0.1058 0.9831 0.1492
vn 0.2988 0.4230 -0.8554
vn 0.3271 0.8054 -0.4943
vn 0.2804 0.5125 -0.8116
vn 0.1687 0.8362 -0.5219
vn 0.0014 0.5615 -0.8275
vn -0.1018 0.8572 -0.5048
vn -0.4231 0.5243 -0.7390
vn -0.4378 0.8253 -0.3567
vn -0.8201 0.3838 -0.4244
vn -0.7565 0.6539 -0.0036
vn -0.9725 0.1775 0.1505
vn -0.8606 0.3763 0.3432
vn -0.9822 0.1295 0.1363
vn -0.8793 0.3779 0.2898
vn -0.6440 0.4835 -0.5929
vn -0.8387 0.5420 0.0537
vn -0.5017 0.7421 -0.4444
vn -0.7929 0.5733 0.2063
vn -0.5650 0.8234 0.0520
vn -0.7519 0.5952 0.2834
vn -0.4156 0.8621 0.2900
vn -0.6522 0.6326 0.4177
vn -0.2703 0.8596 0.4336
vn -0.5615 0.6546 0.5062
vn -0.4206 0.8299 0.3666
vn -0.6810 0.6787 0.2750
vn -0.5120 0.7487 0.4211
vn -0.5073 0.7310 0.4564
vn -0.3724 0.7733 0.5131
vn 0.0238 0.5931 0.8047
vn 0.1503 0.7303 0.6664
vn -0.0659 0.5435 0.8368
vn 0.4389 0.5551 0.7066
vn -0.3351 0.4907 0.8043
vn -0.2845 0.4214 0.8611
vn -0.5584 0.4099 0.7212
vn -0.2526 0.3621 0.8973
vn -0.5310 0.4022 0.7458
vn 0.1881 0.2177 0.9577
vn -0.4364 0.3902 0.8108
vn 0.3825 0.0210 0.9237
vn -0.2336 0.5016 0.8330
vn 0.5500 -0.0195 0.8349
vn 0.3322 0.7683 0.5472
vn 0.7455 0.0417 0.6652
vn 0.6757 0.7236 -0.1411
vn 0.7950 0.4564 0.3995
vn 0.5785 0.6226 -0.5269
vn 0.6555 0.7495 0.0926
vn 0.4387 0.6138 -0.6563
vn 0.5011 0.8462 -0.1811
vn 0.4817 0.6301 -0.6091
vn 0.4227 0.8716 -0.2481
vn 0.6128 0.6485 -0.4516
vn 0.4308 0.8180 -0.3811
vn 0.7005 0.6083 -0.3731
vn 0.4326 0.6747 -0.5980
vn 0.8872 0.4613 0.0003
vn 0.8090 0.5315 -0.2509
vn 0.9113 0.3973 0.1081
vn 0.7369 0.4139 -0.5345
vn 0.6878 0.6742 -0.2691
vn 0.5072 0.4113 -0.7573
vn 0.3675 0.7989 -0.4761
vn 0.1008 -0.0941 -0.9904
vn 0.5783 0.1743 -0.7970
vn 0.5832 -0.1215 -0.8032
vn -0.2640 -0.3751 -0.8886
vn 0.0998 0.1919 -0.9763
vn -0.2992 -0.1825 -0.9366
vn 0.0563 -0.0124 -0.9983
vn 0.7113 0.1442 -0.6880
vn -0.8929 -0.1704 -0.4167
vn 0.7287 0.0785 -0.6803
vn -0.1674 -0.0597 -0.9841
vn 0.0394 -0.3030 -0.9522
vn 0.0730 0.1068 -0.9916
vn -0.0891 -0.0746 -0.9932
vn -0.3754 -0.1991 -0.9052
vn -0.7686 0.1917 -0.6103
vn -0.3768 -0.2337 -0.8963
vn -0.6199 -0.1865 -0.7622
vn 0.2019 -0.9722 -0.1188
vn -0.1351 -0.9143 -0.3818
vn 0.2366 -0.7180 -0.6546
vn -0.0068 -0.9340 -0.3571
vn 0.1082 -0.7094 -0.6964
vn -0.1619 -0.8718 -0.4624
vn -0.1211 -0.6771 -0.7259
vn -0.1076 -0.8576 -0.5029
vn -0.2734 -0.6166 -0.7382
vn 0.2618 -0.8468 -0.4630
vn 0.0203 -0.7995 -0.6004
vn 0.5983 -0.7332 -0.3233
vn 0.4724 -0.8787 -0.0682
vn 0.6030 -0.7682 -0.2151
vn 0.5268 -0.8146 0.2427
vn 0.5067 -0.8559 -0.1033
vn 0.5034 -0.8507 0.1515
vn 0.4626 -0.8866 0.0065
vn 0.4817 -0.8117 0.3303
vn 0.4275 -0.8735 0.2328
vn 0.3638 -0.6549 0.6624
vn 0.3119 -0.8553 0.4137
vn 0.2852 -0.5889 0.7562
vn -0.0376 -0.7295 0.6830
vn 0.3964 -0.6021 0.6931
vn 0.1573 -0.7615 0.6288
vn 0.8039 -0.5183 0.2919
vn 0.4519 -0.4730 0.7563
vn 0.9102 -0.3852 0.1524
vn 0.7670 -0.2324 0.5980
vn 0.6169 -0.5912 0.5195
vn 0.5418 -0.2766 0.7937
vn 0.3213 -0.6935 0.6448
vn 0.4145 -0.3795 0.8271
vn 0.4641 -0.6605 0.5903
vn 0.6430 -0.3763 0.6671
vn 0.4528 -0.6845 0.5714
vn 0.0272 -0.6020 0.7980
vn 0.1318 -0.8115 0.5693
vn -0.4094 -0.5616 0.7190
vn -0.1629 -0.8781 0.4499
vn -0.5840 -0.5422 0.6042
vn -0.3384 -0.8921 0.2992
vn -0.6762 -0.5641 0.4740
vn -0.4079 -0.8906 0.2014
vn -0.8481 -0.4864 0.2102
vn -0.4540 -0.8818 0.1277
vn -0.9319 -0.3576 0.0614
vn -0.5046 -0.8632 -0.0162
vn -0.8952 -0.1792 -0.4080
vn -0.5129 -0.8153 -0.2687
vn -0.8173 -0.0142 -0.5761
vn -0.4423 -0.7333 -0.5164
vn -0.8676 0.0769 -0.4913
vn -0.1135 -0.5363 -0.8364
vn -0.6138 -0.0219 -0.7891
vn 0.2311 -0.2958 -0.9269
vn -0.3064 -0.2349 -0.9225
vn 0.1580 -0.3819 -0.9106
vn -0.6007 -0.5279 -0.6004
vn -0.3430 -0.5786 -0.7400
vn -0.4995 -0.6410 -0.5827
vn -0.5496 -0.6346 -0.5433
vn -0.2378 -0.8072 -0.5403
vn -0.0757 -0.7560 -0.6502
vt 0.992188 0.625000
vt 0.992188 0.750000
vt 0.984375 0.750000
vt 0.984375 0.625000
vt 0.992188 0.875000
vt 0.984375 0.875000
vt 0.976563 0.750000
vt 0.976563 0.625000
vt 0.976563 0.875000
vt 1.000000 0.500000
vt 1.000000 0.625000
vt 0.992188 0.500000
vt 1.000000 0.750000
vt 1.000000 0.875000
vt 1.000000 1.000000
vt 0.992188 1.000000
vt 0.984375 1.000000
vt 0.976563 1.000000
vt 0.968750 1.000000
vt 0.968750 0.875000
vt 0.968750 0.750000
vt 0.968750 0.625000
vt 0.976563 0.500000
vt 0.968750 0.500000
vt 0.984375 0.500000
vt 0.960938 0.625000
vt 0.960938 0.750000
vt 0.953125 0.750000
vt 0.953125 0.625000
vt 0.960938 0.875000
vt 0.953125 0.875000
vt 0.945313 0.750000
vt 0.945313 0.625000
vt 0.945313 0.875000
vt 0.960938 0.500000
vt 0.960938 1.000000
vt 0.953125 1.000000
vt 0.945313 1.000000
vt 0.937500 1.000000
vt 0.937500 0.875000
vt 0.937500 0.750000
vt 0.937500 0.625000
vt 0.945313 0.500000
vt 0.937500 0.500000
vt 0.953125 0.500000
vt 0.929688 0.625000
vt 0.929688 0.750000
vt 0.921875 0.750000
vt 0.921875 0.625000
vt 0.929688 0.875000
vt 0.921875 0.875000
vt 0.914063 0.750000
vt 0.914063 0.625000
vt 0.914063 0.875000
vt 0.929688 0.500000
vt 0.929688 1.000000
vt 0.921875 1.000000
vt 0.914063 1.000000
vt 0.906250 1.000000
vt 0.906250 0.875000
vt 0.906250 0.750000
vt 0.906250 0.625000
vt 0.914063 0.500000
vt 0.906250 0.500000
vt 0.921875 0.500000
vt 0.898438 0.625000
vt 0.898438 0.750000
vt 0.890625 0.750000
vt 0.890625 0.625000
vt 0.898438 0.875000
vt 0.890625 0.875000
vt 0.882813 0.750000
vt 0.882813 0.625000
vt 0.882813 0.875000
vt 0.898438 0.500000
vt 0.898438 1.000000
vt 0.890625 1.000000
vt 0.882813 1.000000
vt 0.875000 1.000000
vt 0.875000 0.875000
vt 0.875000 0.750000
vt 0.875000 0.625000
vt 0.882813 0.500000
vt 0.875000 0.500000
vt 0.890625 0.500000
vt 0.867188 0.625000
vt 0.867188 0.750000
vt 0.859375 0.750000
vt 0.859375 0.625000
vt 0.867188 0.875000
vt 0.859375 0.875000
vt 0.851563 0.750000
vt 0.851563 0.625000
vt 0.851562 0.875000
vt 0.867188 0.500000
vt 0.867188 1.000000
vt 0.859375 1.000000
vt 0.851563 1.000000
vt 0.843750 1.000000
vt 0.843750 0.875000
vt 0.843750 0.750000
vt 0.843750 0.625000
vt 0.851563 0.500000
vt 0.843750 0.500000
vt 0.859375 0.500000
vt 0.835938 0.625000
vt 0.835938 0.750000
vt 0.828125 0.750000
vt 0.828125 0.625000
vt 0.835938 0.875000
vt 0.828125 0.875000
vt 0.820312 0.750000
vt 0.820312 0.625000
vt 0.820313 0.875000
vt 0.835938 0.500000
vt 0.835938 1.000000
vt 0.828125 1.000000
vt 0.820313 1.000000
vt 0.812500 1.000000
vt 0.812500 0.875000
vt 0.812500 0.750000
vt 0.812500 0.625000
vt 0.820313 0.500000
vt 0.812500 0.500000
vt 0.828125 0.500000
vt 0.804688 0.625000
vt 0.804688 0.750000
vt 0.796875 0.750000
vt 0.796875 0.625000
vt 0.804688 0.875000
vt 0.796875 0.875000
vt 0.789063 0.750000
vt 0.789063 0.625000
vt 0.789063 0.875000
vt 0.804688 0.500000
vt 0.804688 1.000000
vt 0.796875 1.000000
vt 0.789063 1.000000
vt 0.781250 1.000000
vt 0.781250 0.875000
vt 0.781250 0.750000
vt 0.781250 0.625000
vt 0.789063 0.500000
vt 0.781250 0.500000
vt 0.796875 0.500000
vt 0.773438 0.625000
vt 0.773438 0.750000
vt 0.765625 0.750000
vt 0.765625 0.625000
vt 0.773438 0.875000
vt 0.765625 0.875000
vt 0.757813 0.750000
vt 0.757813 0.625000
vt 0.757813 0.875000
vt 0.773438 0.500000
vt 0.773438 1.000000
vt 0.765625 1.000000
vt 0.757813 1.000000
vt 0.750000 1.000000
vt 0.750000 0.875000
vt 0.750000 0.750000
vt 0.750000 0.625000
vt 0.757813 0.500000
vt 0.750000 0.500000
vt 0.765625 0.500000
vt 0.742188 0.625000
vt 0.742188 0.750000
vt 0.734375 0.750000
vt 0.734375 0.625000
vt 0.742188 0.875000
vt 0.734375 0.875000
vt 0.726563 0.750000
vt 0.726563 0.625000
vt 0.726562 0.875000
vt 0.742188 0.500000
vt 0.742188 1.000000
vt 0.734375 1.000000
vt 0.726563 1.000000
vt 0.718750 1.000000
vt 0.718750 0.875000
vt 0.718750 0.750000
vt 0.718750 0.625000
vt 0.726563 0.500000
vt 0.718750 0.500000
vt 0.734375 0.500000
vt 0.710938 0.625000
vt 0.710938 0.750000
vt 0.703125 0.750000
vt 0.703125 0.625000
vt 0.710938 0.875000
vt 0.703125 0.875000
vt 0.695312 0.750000
vt 0.695312 0.625000
vt 0.695313 0.875000
vt 0.710938 0.500000
vt 0.710938 1.000000
vt 0.703125 1.000000
vt 0.695313 1.000000
vt 0.687500 1.000000
vt 0.687500 0.875000
vt 0.687500 0.750000
vt 0.687500 0.625000
vt 0.695313 0.500000
vt 0.687500 0.500000
vt 0.703125 0.500000
vt 0.679688 0.625000
vt 0.679688 0.750000
vt 0.671875 0.750000
vt 0.671875 0.625000
vt 0.679688 0.875000
vt 0.671875 0.875000
vt 0.664063 0.750000
vt 0.664063 0.625000
vt 0.664063 0.875000
vt 0.679688 0.500000
vt 0.679688 1.000000
vt 0.671875 1.000000
vt 0.664063 1.000000
vt 0.656250 1.000000
vt 0.656250 0.875000
vt 0.656250 0.750000
vt 0.656250 0.625000
vt 0.664063 0.500000
vt 0.656250 0.500000
vt 0.671875 0.500000
vt 0.648438 0.625000
vt 0.648438 0.750000
vt 0.640625 0.750000
vt 0.640625 0.625000
vt 0.648438 0.875000
vt 0.640625 0.875000
vt 0.632813 0.750000
vt 0.632813 0.625000
vt 0.632813 0.875000
vt 0.648438 0.500000
vt 0.648438 1.000000
vt 0.640625 1.000000
vt 0.632813 1.000000
vt 0.625000 1.000000
vt 0.625000 0.875000
vt 0.625000 0.750000
vt 0.625000 0.625000
vt 0.632813 0.500000
vt 0.625000 0.500000
vt 0.640625 0.500000
vt 0.617188 0.625000
vt 0.617188 0.750000
vt 0.609375 0.750000
vt 0.609375 0.625000
vt 0.617188 0.875000
vt 0.609375 0.875000
vt 0.601563 0.750000
vt 0.601563 0.625000
vt 0.601563 0.875000
vt 0.617188 0.500000
vt 0.617188 1.000000
vt 0.609375 1.000000
vt 0.601563 1.000000
vt 0.593750 1.000000
vt 0.593750 0.875000
vt 0.593750 0.750000
vt 0.593750 0.625000
vt 0.601563 0.500000
vt 0.593750 0.500000
vt 0.609375 0.500000
vt 0.585938 0.625000
vt 0.585938 0.750000
vt 0.578125 0.750000
vt 0.578125 0.625000
vt 0.585938 0.875000
vt 0.578125 0.875000
vt 0.570313 0.750000
vt 0.570313 0.625000
vt 0.570312 0.875000
vt 0.585938 0.500000
vt 0.585938 1.000000
vt 0.578125 1.000000
vt 0.570313 1.000000
vt 0.562500 1.000000
vt 0.562500 0.875000
vt 0.562500 0.750000
vt 0.562500 0.625000
vt 0.570313 0.500000
vt 0.562500 0.500000
vt 0.578125 0.500000
vt 0.554688 0.625000
vt 0.554688 0.750000
vt 0.546875 0.750000
vt 0.546875 0.625000
vt 0.554688 0.875000
vt 0.546875 0.875000
vt 0.539062 0.750000
vt 0.539062 0.625000
vt 0.539063 0.875000
vt 0.554688 0.500000
vt 0.554688 1.000000
vt 0.546875 1.000000
vt 0.539063 1.000000
vt 0.531250 1.000000
vt 0.531250 0.875000
vt 0.531250 0.750000
vt 0.531250 0.625000
vt 0.539063 0.500000
vt 0.531250 0.500000
vt 0.546875 0.500000
vt 0.523438 0.625000
vt 0.523438 0.750000
vt 0.515625 0.750000
vt 0.515625 0.625000
vt 0.523438 0.875000
vt 0.515625 0.875000
vt 0.507812 0.750000
vt 0.507812 0.625000
vt 0.507812 0.875000
vt 0.523438 0.500000
vt 0.523438 1.000000
vt 0.515625 1.000000
vt 0.507813 1.000000
vt 0.500000 1.000000
vt 0.500000 0.875000
vt 0.500000 0.750000
vt 0.500000 0.625000
vt 0.507813 0.500000
vt 0.500000 0.500000
vt 0.515625 0.500000
vt 0.492188 0.625000
vt 0.492188 0.750000
vt 0.484375 0.750000
vt 0.484375 0.625000
vt 0.492188 0.875000
vt 0.484375 0.875000
vt 0.476563 0.750000
vt 0.476563 0.625000
vt 0.476563 0.875000
vt 0.492188 0.500000
vt 0.492188 1.000000
vt 0.484375 1.000000
vt 0.476563 1.000000
vt 0.468750 1.000000
vt 0.468750 0.875000
vt 0.468750 0.750000
vt 0.468750 0.625000
vt 0.476563 0.500000
vt 0.468750 0.500000
vt 0.484375 0.500000
vt 0.460938 0.625000
vt 0.460938 0.750000
vt 0.453125 0.750000
vt 0.453125 0.625000
vt 0.460938 0.875000
vt 0.453125 0.875000
vt 0.445313 0.750000
vt 0.445313 0.625000
vt 0.445312 0.875000
vt 0.460938 0.500000
vt 0.460938 1.000000
vt 0.453125 1.000000
vt 0.445313 1.000000
vt 0.437500 1.000000
vt 0.437500 0.875000
vt 0.437500 0.750000
vt 0.437500 0.625000
vt 0.445313 0.500000
vt 0.437500 0.500000
vt 0.453125 0.500000
vt 0.429688 0.625000
vt 0.429688 0.750000
vt 0.421875 0.750000
vt 0.421875 0.625000
vt 0.429688 0.875000
vt 0.421875 0.875000
vt 0.414062 0.750000
vt 0.414062 0.625000
vt 0.414063 0.875000
vt 0.429688 0.500000
vt 0.429688 1.000000
vt 0.421875 1.000000
vt 0.414063 1.000000
vt 0.406250 1.000000
vt 0.406250 0.875000
vt 0.406250 0.750000
vt 0.406250 0.625000
vt 0.414063 0.500000
vt 0.406250 0.500000
vt 0.421875 0.500000
vt 0.398438 0.625000
vt 0.398438 0.750000
vt 0.390625 0.750000
vt 0.390625 0.625000
vt 0.398438 0.875000
vt 0.390625 0.875000
vt 0.382812 0.750000
vt 0.382812 0.625000
vt 0.382813 0.875000
vt 0.398438 0.500000
vt 0.398438 1.000000
vt 0.390625 1.000000
vt 0.382813 1.000000
vt 0.375000 1.000000
vt 0.375000 0.875000
vt 0.375000 0.750000
vt 0.375000 0.625000
vt 0.382813 0.500000
vt 0.375000 0.500000
vt 0.390625 0.500000
vt 0.367188 0.625000
vt 0.367188 0.750000
vt 0.359375 0.750000
vt 0.359375 0.625000
vt 0.367188 0.875000
vt 0.359375 0.875000
vt 0.351563 0.750000
vt 0.351563 0.625000
vt 0.351563 0.875000
vt 0.367188 0.500000
vt 0.367188 1.000000
vt 0.359375 1.000000
vt 0.351563 1.000000
vt 0.343750 1.000000
vt 0.343750 0.875000
vt 0.343750 0.750000
vt 0.343750 0.625000
vt 0.351563 0.500000
vt 0.343750 0.500000
vt 0.359375 0.500000
vt 0.335938 0.625000
vt 0.335938 0.750000
vt 0.328125 0.750000
vt 0.328125 0.625000
vt 0.335938 0.875000
vt 0.328125 0.875000
vt 0.320313 0.750000
vt 0.320313 0.625000
vt 0.320313 0.875000
vt 0.335938 0.500000
vt 0.335938 1.000000
vt 0.328125 1.000000
vt 0.320313 1.000000
vt 0.312500 1.000000
vt 0.312500 0.875000
vt 0.312500 0.750000
vt 0.312500 0.625000
vt 0.320313 0.500000
vt 0.312500 0.500000
vt 0.328125 0.500000
vt 0.304688 0.625000
vt 0.304688 0.750000
vt 0.296875 0.750000
vt 0.296875 0.625000
vt 0.304688 0.875000
vt 0.296875 0.875000
vt 0.289063 0.750000
vt 0.289063 0.625000
vt 0.289063 0.875000
vt 0.304688 0.500000
vt 0.304688 1.000000
vt 0.296875 1.000000
vt 0.289063 1.000000
vt 0.281250 1.000000
vt 0.281250 0.875000
vt 0.281250 0.750000
vt 0.281250 0.625000
vt 0.289063 0.500000
vt 0.281250 0.500000
vt 0.296875 0.500000
vt 0.273438 0.625000
vt 0.273438 0.750000
vt 0.265625 0.750000
vt 0.265625 0.625000
vt 0.273438 0.875000
vt 0.265625 0.875000
vt 0.257813 0.750000
vt 0.257813 0.625000
vt 0.257813 0.875000
vt 0.273438 0.500000
vt 0.273438 1.000000
vt 0.265625 1.000000
vt 0.257813 1.000000
vt 0.250000 1.000000
vt 0.250000 0.875000
vt 0.250000 0.750000
vt 0.250000 0.625000
vt 0.257813 0.500000
vt 0.250000 0.500000
vt 0.265625 0.500000
vt 0.242188 0.625000
vt 0.242188 0.750000
vt 0.234375 0.750000
vt 0.234375 0.625000
vt 0.242188 0.875000
vt 0.234375 0.875000
vt 0.226563 0.750000
vt 0.226563 0.625000
vt 0.226563 0.875000
vt 0.242188 0.500000
vt 0.242188 1.000000
vt 0.234375 1.000000
vt 0.226563 1.000000
vt 0.218750 1.000000
vt 0.218750 0.875000
vt 0.218750 0.750000
vt 0.218750 0.625000
vt 0.226563 0.500000
vt 0.218750 0.500000
vt 0.234375 0.500000
vt 0.210938 0.625000
vt 0.210938 0.750000
vt 0.203125 0.750000
vt 0.203125 0.625000
vt 0.210938 0.875000
vt 0.203125 0.875000
vt 0.195313 0.750000
vt 0.195313 0.625000
vt 0.195313 0.875000
vt 0.210938 0.500000
vt 0.210938 1.000000
vt 0.203125 1.000000
vt 0.195313 1.000000
vt 0.187500 1.000000
vt 0.187500 0.875000
vt 0.187500 0.750000
vt 0.187500 0.625000
vt 0.195313 0.500000
vt 0.187500 0.500000
vt 0.203125 0.500000
vt 0.179688 0.625000
vt 0.179688 0.750000
vt 0.171875 0.750000
vt 0.171875 0.625000
vt 0.179688 0.875000
vt 0.171875 0.875000
vt 0.164063 0.750000
vt 0.164063 0.625000
vt 0.164063 0.875000
vt 0.179688 0.500000
vt 0.179688 1.000000
vt 0.171875 1.000000
vt 0.164063 1.000000
vt 0.156250 1.000000
vt 0.156250 0.875000
vt 0.156250 0.750000
vt 0.156250 0.625000
vt 0.164063 0.500000
vt 0.156250 0.500000
vt 0.171875 0.500000
vt 0.148438 0.625000
vt 0.148438 0.750000
vt 0.140625 0.750000
vt 0.140625 0.625000
vt 0.148438 0.875000
vt 0.140625 0.875000
vt 0.132813 0.750000
vt 0.132813 0.625000
vt 0.132813 0.875000
vt 0.148438 0.500000
vt 0.148438 1.000000
vt 0.140625 1.000000
vt 0.132813 1.000000
vt 0.125000 1.000000
vt 0.125000 0.875000
vt 0.125000 0.750000
vt 0.125000 0.625000
vt 0.132813 0.500000
vt 0.125000 0.500000
vt 0.140625 0.500000
vt 0.117188 0.625000
vt 0.117188 0.750000
vt 0.109375 0.750000
vt 0.109375 0.625000
vt 0.117188 0.875000
vt 0.109375 0.875000
vt 0.101563 0.750000
vt 0.101563 0.625000
vt 0.101563 0.875000
vt 0.117188 0.500000
vt 0.117188 1.000000
vt 0.109375 1.000000
vt 0.101563 1.000000
vt 0.093750 1.000000
vt 0.093750 0.875000
vt 0.093750 0.750000
vt 0.093750 0.625000
vt 0.101563 0.500000
vt 0.093750 0.500000
vt 0.109375 0.500000
vt 0.085938 0.625000
vt 0.085938 0.750000
vt 0.078125 0.750000
vt 0.078125 0.625000
vt 0.085938 0.875000
vt 0.078125 0.875000
vt 0.070313 0.750000
vt 0.070313 0.625000
vt 0.070312 0.875000
vt 0.085938 0.500000
vt 0.085938 1.000000
vt 0.078125 1.000000
vt 0.070313 1.000000
vt 0.062500 1.000000
vt 0.062500 0.875000
vt 0.062500 0.750000
vt 0.062500 0.625000
vt 0.070313 0.500000
vt 0.062500 0.500000
vt 0.078125 0.500000
vt 0.286155 0.431762
vt 0.265051 0.402814
vt 0.250000 0.250000
vt 0.294574 0.396941
vt 0.250000 0.435323
vt 0.234949 0.402814
vt 0.213845 0.431762
vt 0.205426 0.396941
vt 0.179080 0.421216
vt 0.177616 0.385422
vt 0.147040 0.404090
vt 0.152587 0.368698
vt 0.118957 0.381043
vt 0.131302 0.347413
vt 0.095910 0.352960
vt 0.114578 0.322384
vt 0.078784 0.320920
vt 0.103059 0.294574
vt 0.068238 0.286155
vt 0.097186 0.265051
vt 0.064677 0.250000
vt 0.097186 0.234949
vt 0.068238 0.213845
vt 0.103059 0.205426
vt 0.078784 0.179080
vt 0.114578 0.177616
vt 0.095910 0.147040
vt 0.131302 0.152587
vt 0.118957 0.118957
vt 0.152587 0.131302
vt 0.147040 0.095910
vt 0.177616 0.114578
vt 0.179080 0.078784
vt 0.205426 0.103059
vt 0.213845 0.068238
vt 0.234949 0.097186
vt 0.250000 0.064677
vt 0.265051 0.097186
vt 0.286155 0.068238
vt 0.294574 0.103059
vt 0.320920 0.078784
vt 0.322384 0.114578
vt 0.352960 0.095910
vt 0.347413 0.131302
vt 0.381043 0.118957
vt 0.368698 0.152587
vt 0.404090 0.147040
vt 0.385422 0.177616
vt 0.421216 0.179080
vt 0.396941 0.205426
vt 0.431762 0.213845
vt 0.402814 0.234949
vt 0.435323 0.250000
vt 0.402814 0.265051
vt 0.431762 0.286155
vt 0.396941 0.294574
vt 0.421216 0.320920
vt 0.385422 0.322384
vt 0.404090 0.352960
vt 0.368698 0.347413
vt 0.381043 0.381043
vt 0.347413 0.368698
vt 0.352960 0.404090
vt 0.322384 0.385422
vt 0.320920 0.421216
vt 0.296822 0.485389
vt 0.285116 0.486541
vt 0.308077 0.481974
vt 0.273411 0.487694
vt 0.319333 0.478560
vt 0.250000 0.490000
vt 0.238295 0.488847
vt 0.261705 0.488847
vt 0.226589 0.487694
vt 0.203178 0.485389
vt 0.191923 0.481974
vt 0.214884 0.486541
vt 0.180667 0.478560
vt 0.158156 0.471731
vt 0.147783 0.466187
vt 0.169412 0.475145
vt 0.137410 0.460642
vt 0.116663 0.449553
vt 0.107571 0.442091
vt 0.127036 0.455097
vt 0.098479 0.434629
vt 0.080294 0.419706
vt 0.072833 0.410613
vt 0.089387 0.427167
vt 0.065371 0.401521
vt 0.050447 0.383337
vt 0.044903 0.372964
vt 0.057909 0.392429
vt 0.039358 0.362590
vt 0.028269 0.341844
vt 0.024855 0.330588
vt 0.033814 0.352217
vt 0.021440 0.319333
vt 0.014612 0.296822
vt 0.013459 0.285116
vt 0.018026 0.308077
vt 0.012306 0.273411
vt 0.010000 0.250000
vt 0.011153 0.238295
vt 0.011153 0.261705
vt 0.012306 0.226589
vt 0.014612 0.203178
vt 0.018026 0.191923
vt 0.013459 0.214884
vt 0.021440 0.180667
vt 0.028269 0.158156
vt 0.033814 0.147783
vt 0.024855 0.169412
vt 0.039358 0.137410
vt 0.050447 0.116663
vt 0.057909 0.107571
vt 0.044903 0.127036
vt 0.065371 0.098479
vt 0.080294 0.080294
vt 0.089387 0.072833
vt 0.072833 0.089387
vt 0.098479 0.065371
vt 0.116663 0.050447
vt 0.127036 0.044903
vt 0.107571 0.057909
vt 0.137410 0.039358
vt 0.158156 0.028269
vt 0.169412 0.024855
vt 0.147783 0.033814
vt 0.180667 0.021440
vt 0.203178 0.014612
vt 0.214884 0.013459
vt 0.191923 0.018026
vt 0.226589 0.012306
vt 0.250000 0.010000
vt 0.261705 0.011153
vt 0.238295 0.011153
vt 0.273411 0.012306
vt 0.296822 0.014612
vt 0.308077 0.018026
vt 0.285116 0.013459
vt 0.319333 0.021440
vt 0.341844 0.028269
vt 0.352217 0.033814
vt 0.330588 0.024855
vt 0.362590 0.039358
vt 0.383337 0.050447
vt 0.392429 0.057909
vt 0.372964 0.044903
vt 0.401521 0.065371
vt 0.419706 0.080294
vt 0.427167 0.089387
vt 0.410613 0.072833
vt 0.434629 0.098479
vt 0.449553 0.116663
vt 0.455097 0.127036
vt 0.442091 0.107571
vt 0.460642 0.137410
vt 0.471731 0.158156
vt 0.475145 0.169412
vt 0.466187 0.147783
vt 0.478560 0.180667
vt 0.485389 0.203178
vt 0.486541 0.214884
vt 0.481974 0.191923
vt 0.487694 0.226589
vt 0.490000 0.250000
vt 0.488847 0.261705
vt 0.488847 0.238295
vt 0.487694 0.273411
vt 0.485389 0.296822
vt 0.481974 0.308077
vt 0.486541 0.285116
vt 0.478560 0.319333
vt 0.471731 0.341844
vt 0.466187 0.352217
vt 0.475145 0.330588
vt 0.460642 0.362590
vt 0.449553 0.383337
vt 0.442091 0.392429
vt 0.455097 0.372964
vt 0.434629 0.401521
vt 0.419706 0.419706
vt 0.410613 0.427167
vt 0.427167 0.410613
vt 0.401521 0.434629
vt 0.383337 0.449553
vt 0.372964 0.455097
vt 0.392429 0.442091
vt 0.362590 0.460642
vt 0.341844 0.471731
vt 0.330588 0.475145
vt 0.352217 0.466187
vt 0.054687 0.625000
vt 0.054687 0.750000
vt 0.046875 0.750000
vt 0.046875 0.625000
vt 0.054687 0.875000
vt 0.046875 0.875000
vt 0.039063 0.750000
vt 0.039063 0.625000
vt 0.039062 0.875000
vt 0.054688 0.500000
vt 0.054688 1.000000
vt 0.046875 1.000000
vt 0.039063 1.000000
vt 0.031250 1.000000
vt 0.031250 0.875000
vt 0.031250 0.750000
vt 0.031250 0.625000
vt 0.039063 0.500000
vt 0.031250 0.500000
vt 0.046875 0.500000
vt 0.023438 0.625000
vt 0.023438 0.750000
vt 0.015625 0.750000
vt 0.015625 0.625000
vt 0.023438 0.875000
vt 0.015625 0.875000
vt 0.007813 0.750000
vt 0.007813 0.625000
vt 0.007813 0.875000
vt 0.023438 0.500000
vt 0.023438 1.000000
vt 0.015625 1.000000
vt 0.007813 1.000000
vt 0.000000 1.000000
vt 0.000000 0.875000
vt 0.000000 0.750000
vt 0.000000 0.625000
vt 0.007813 0.500000
vt 0.000000 0.500000
vt 0.015625 0.500000
vt 0.750000 0.435323
vt 0.765051 0.402814
vt 0.750000 0.250000
vt 0.734949 0.402814
vt 0.786155 0.431762
vt 0.794574 0.396941
vt 0.820920 0.421216
vt 0.822385 0.385422
vt 0.852960 0.404090
vt 0.847413 0.368698
vt 0.881043 0.381043
vt 0.868698 0.347413
vt 0.904090 0.352960
vt 0.885422 0.322384
vt 0.921216 0.320920
vt 0.896941 0.294574
vt 0.931762 0.286155
vt 0.902814 0.265051
vt 0.935323 0.250000
vt 0.902814 0.234949
vt 0.931762 0.213845
vt 0.896941 0.205426
vt 0.921216 0.179080
vt 0.885422 0.177616
vt 0.904090 0.147040
vt 0.868698 0.152587
vt 0.881043 0.118957
vt 0.847413 0.131302
vt 0.852960 0.095910
vt 0.822384 0.114578
vt 0.820920 0.078784
vt 0.794574 0.103059
vt 0.786155 0.068238
vt 0.765051 0.097186
vt 0.750000 0.064677
vt 0.734949 0.097186
vt 0.713845 0.068238
vt 0.705426 0.103059
vt 0.679080 0.078784
vt 0.677616 0.114578
vt 0.647040 0.095910
vt 0.652587 0.131302
vt 0.618957 0.118957
vt 0.631302 0.152587
vt 0.595910 0.147040
vt 0.614578 0.177616
vt 0.578784 0.179080
vt 0.603059 0.205426
vt 0.568238 0.213845
vt 0.597186 0.234949
vt 0.564677 0.250000
vt 0.597186 0.265051
vt 0.568238 0.286155
vt 0.603059 0.294574
vt 0.578784 0.320920
vt 0.614578 0.322384
vt 0.595910 0.352960
vt 0.631302 0.347413
vt 0.618957 0.381043
vt 0.652587 0.368698
vt 0.647040 0.404090
vt 0.677616 0.385422
vt 0.679080 0.421216
vt 0.705426 0.396941
vt 0.713845 0.431762
vt 0.750000 0.490000
vt 0.761706 0.488847
vt 0.738295 0.488847
vt 0.773411 0.487694
vt 0.726589 0.487694
vt 0.796822 0.485389
vt 0.808077 0.481974
vt 0.785116 0.486541
vt 0.819333 0.478560
vt 0.841844 0.471731
vt 0.852217 0.466187
vt 0.830589 0.475145
vt 0.862591 0.460642
vt 0.883337 0.449553
vt 0.892429 0.442091
vt 0.872964 0.455097
vt 0.901521 0.434629
vt 0.919706 0.419706
vt 0.927168 0.410613
vt 0.910614 0.427167
vt 0.934629 0.401521
vt 0.949553 0.383337
vt 0.955097 0.372964
vt 0.942091 0.392429
vt 0.960642 0.362590
vt 0.971731 0.341844
vt 0.975146 0.330588
vt 0.966187 0.352217
vt 0.978560 0.319333
vt 0.985389 0.296822
vt 0.986541 0.285116
vt 0.981974 0.308077
vt 0.987694 0.273411
vt 0.990000 0.250000
vt 0.988847 0.238295
vt 0.988847 0.261705
vt 0.987694 0.226589
vt 0.985389 0.203178
vt 0.981974 0.191923
vt 0.986541 0.214884
vt 0.978560 0.180667
vt 0.971731 0.158156
vt 0.966187 0.147783
vt 0.975146 0.169412
vt 0.960642 0.137410
vt 0.949553 0.116663
vt 0.942091 0.107571
vt 0.955097 0.127036
vt 0.934629 0.098479
vt 0.919706 0.080294
vt 0.910614 0.072833
vt 0.927168 0.089387
vt 0.901521 0.065371
vt 0.883337 0.050447
vt 0.872964 0.044903
vt 0.892429 0.057909
vt 0.862591 0.039358
vt 0.841844 0.028269
vt 0.830589 0.024855
vt 0.852217 0.033814
vt 0.819333 0.021440
vt 0.796822 0.014612
vt 0.785116 0.013459
vt 0.808077 0.018026
vt 0.773411 0.012306
vt 0.750000 0.010000
vt 0.738295 0.011153
vt 0.761706 0.011153
vt 0.726589 0.012306
vt 0.703178 0.014612
vt 0.691923 0.018026
vt 0.714884 0.013459
vt 0.680667 0.021440
vt 0.658156 0.028269
vt 0.647783 0.033814
vt 0.669412 0.024855
vt 0.637410 0.039358
vt 0.616663 0.050447
vt 0.607571 0.057909
vt 0.627036 0.044903
vt 0.598479 0.065371
vt 0.580294 0.080294
vt 0.572833 0.089387
vt 0.589387 0.072833
vt 0.565371 0.098479
vt 0.550447 0.116663
vt 0.544903 0.127036
vt 0.557909 0.107571
vt 0.539358 0.137410
vt 0.528269 0.158156
vt 0.524855 0.169412
vt 0.533814 0.147783
vt 0.521440 0.180667
vt 0.514612 0.203178
vt 0.513459 0.214884
vt 0.518026 0.191923
vt 0.512306 0.226589
vt 0.510000 0.250000
vt 0.511153 0.261705
vt 0.511153 0.238295
vt 0.512306 0.273411
vt 0.514612 0.296822
vt 0.518026 0.308077
vt 0.513459 0.285116
vt 0.521440 0.319333
vt 0.528269 0.341844
vt 0.533814 0.352217
vt 0.524855 0.330588
vt 0.539358 0.362590
vt 0.550447 0.383337
vt 0.557909 0.392429
vt 0.544903 0.372964
vt 0.565371 0.401521
vt 0.580294 0.419706
vt 0.589387 0.427167
vt 0.572833 0.410613
vt 0.598479 0.434629
vt 0.616663 0.449553
vt 0.627036 0.455097
vt 0.607571 0.442091
vt 0.637410 0.460642
vt 0.658156 0.471731
vt 0.669412 0.475145
vt 0.647783 0.466187
vt 0.680667 0.478560
vt 0.703178 0.485389
vt 0.714884 0.486541
vt 0.691923 0.481974
s 1
f 353/1/353 354/2/354 357/3/357 356/4/356
f 354/2/354 355/5/355 358/6/358 357/3/357
f 356/4/356 357/3/357 360/7/360 359/8/359
f 357/3/357 358/6/358 361/9/361 360/7/360
f 1/10/1 71/11/71 353/1/353 65/12/65
f 71/11/71 72/13/72 354/2/354 353/1/353
f 72/13/72 73/14/73 355/5/355 354/2/354
f 73/14/73 2/15/2 70/16/70 355/5/355
f 355/5/355 70/16/70 69/17/69 358/6/358
f 358/6/358 69/17/69 68/18/68 361/9/361
f 361/9/361 68/18/68 4/19/4 74/20/74
f 360/7/360 361/9/361 74/20/74 75/21/75
f 359/8/359 360/7/360 75/21/75 76/22/76
f 67/23/67 359/8/359 76/22/76 3/24/3
f 66/25/66 356/4/356 359/8/359 67/23/67
f 65/12/65 353/1/353 356/4/356 66/25/66
f 362/26/362 363/27/363 366/28/366 365/29/365
f 363/27/363 364/30/364 367/31/367 366/28/366
f 365/29/365 366/28/366 369/32/369 368/33/368
f 366/28/366 367/31/367 370/34/370 369/32/369
f 3/24/3 76/22/76 362/26/362 77/35/77
f 76/22/76 75/21/75 363/27/363 362/26/362
f 75/21/75 74/20/74 364/30/364 363/27/363
f 74/20/74 4/19/4 82/36/82 364/30/364
f 364/30/364 82/36/82 81/37/81 367/31/367
f 367/31/367 81/37/81 80/38/80 370/34/370
f 370/34/370 80/38/80 6/39/6 83/40/83
f 369/32/369 370/34/370 83/40/83 84/41/84
f 368/33/368 369/32/369 84/41/84 85/42/85
f 79/43/79 368/33/368 85/42/85 5/44/5
f 78/45/78 365/29/365 368/33/368 79/43/79
f 77/35/77 362/26/362 365/29/365 78/45/78
f 371/46/371 372/47/372 375/48/375 374/49/374
f 372/47/372 373/50/373 376/51/376 375/48/375
f 374/49/374 375/48/375 378/52/378 377/53/377
f 375/48/375 376/51/376 379/54/379 378/52/378
f 5/44/5 85/42/85 371/46/371 86/55/86
f 85/42/85 84/41/84 372/47/372 371/46/371
f 84/41/84 83/40/83 373/50/373 372/47/372
f 83/40/83 6/39/6 91/56/91 373/50/373
f 373/50/373 91/56/91 90/57/90 376/51/376
f 376/51/376 90/57/90 89/58/89 379/54/379
f 379/54/379 89/58/89 8/59/8 92/60/92
f 378/52/378 379/54/379 92/60/92 93/61/93
f 377/53/377 378/52/378 93/61/93 94/62/94
f 88/63/88 377/53/377 94/62/94 7/64/7
f 87/65/87 374/49/374 377/53/377 88/63/88
f 86/55/86 371/46/371 374/49/374 87/65/87
f 380/66/380 381/67/381 384/68/384 383/69/383
f 381/67/381 382/70/382 385/71/385 384/68/384
f 383/69/383 384/68/384 387/72/387 386/73/386
f 384/68/384 385/71/385 388/74/388 387/72/387
f 7/64/7 94/62/94 380/66/380 95/75/95
f 94/62/94 93/61/93 381/67/381 380/66/380
f 93/61/93 92/60/92 382/70/382 381/67/381
f 92/60/92 8/59/8 100/76/100 382/70/382
f 382/70/382 100/76/100 99/77/99 385/71/385
f 385/71/385 99/77/99 98/78/98 388/74/388
f 388/74/388 98/78/98 10/79/10 101/80/101
f 387/72/387 388/74/388 101/80/101 102/81/102
f 386/73/386 387/72/387 102/81/102 103/82/103
f 97/83/97 386/73/386 103/82/103 9/84/9
f 96/85/96 383/69/383 386/73/386 97/83/97
f 95/75/95 380/66/380 383/69/383 96/85/96
f 389/86/389 390/87/390 393/88/393 392/89/392
f 390/87/390 391/90/391 394/91/394 393/88/393
f 392/89/392 393/88/393 396/92/396 395/93/395
f 393/88/393 394/91/394 397/94/397 396/92/396
f 9/84/9 103/82/103 389/86/389 104/95/104
f 103/82/103 102/81/102 390/87/390 389/86/389
f 102/81/102 101/80/101 391/90/391 390/87/390
f 101/80/101 10/79/10 109/96/109 391/90/391
f 391/90/391 109/96/109 108/97/108 394/91/394
f 394/91/394 108/97/108 107/98/107 397/94/397
f 397/94/397 107/98/107 12/99/12 110/100/110
f 396/92/396 397/94/397 110/100/110 111/101/111
f 395/93/395 396/92/396 111/101/111 112/102/112
f 106/103/106 395/93/395 112/102/112 11/104/11
f 105/105/105 392/89/392 395/93/395 106/103/106
f 104/95/104 389/86/389 392/89/392 105/105/105
f 398/106/398 399/107/399 402/108/402 401/109/401
f 399/107/399 400/110/400 403/111/403 402/108/402
f 401/109/401 402/108/402 405/112/405 404/113/404
f 402/108/402 403/111/403 406/114/406 405/112/405
f 11/104/11 112/102/112 398/106/398 113/115/113
f 112/102/112 111/101/111 399/107/399 398/106/398
f 111/101/111 110/100/110 400/110/400 399/107/399
f 110/100/110 12/99/12 118/116/118 400/110/400
f 400/110/400 118/116/118 117/117/117 403/111/403
f 403/111/403 117/117/117 116/118/116 406/114/406
f 406/114/406 116/118/116 14/119/14 119/120/119
f 405/112/405 406/114/406 119/120/119 120/121/120
f 404/113/404 405/112/405 120/121/120 121/122/121
f 115/123/115 404/113/404 121/122/121 13/124/13
f 114/125/114 401/109/401 404/113/404 115/123/115
f 113/115/113 398/106/398 401/109/401 114/125/114
f 407/126/407 408/127/408 411/128/411 410/129/410
f 408/127/408 409/130/409 412/131/412 411/128/411
f 410/129/410 411/128/411 414/132/414 413/133/413
f 411/128/411 412/131/412 415/134/415 414/132/414
f 13/124/13 121/122/121 407/126/407 122/135/122
f 121/122/121 120/121/120 408/127/408 407/126/407
f 120/121/120 119/120/119 409/130/409 408/127/408
f 119/120/119 14/119/14 127/136/127 409/130/409
f 409/130/409 127/136/127 126/137/126 412/131/412
f 412/131/412 126/137/126 125/138/125 415/134/415
f 415/134/415 125/138/125 16/139/16 128/140/128
f 414/132/414 415/134/415 128/140/128 129/141/129
f 413/133/413 414/132/414 129/141/129 130/142/130
f 124/143/124 413/133/413 130/142/130 15/144/15
f 123/145/123 410/129/410 413/133/413 124/143/124
f 122/135/122 407/126/407 410/129/410 123/145/123
f 416/146/416 417/147/417 420/148/420 419/149/419
f 417/147/417 418/150/418 421/151/421 420/148/420
f 419/149/419 420/148/420 423/152/423 422/153/422
f 420/148/420 421/151/421 424/154/424 423/152/423
f 15/144/15 130/142/130 416/146/416 131/155/131
f 130/142/130 129/141/129 417/147/417 416/146/416
f 129/141/129 128/140/128 418/150/418 417/147/417
f 128/140/128 16/139/16 136/156/136 418/150/418
f 418/150/418 136/156/136 135/157/135 421/151/421
f 421/151/421 135/157/135 134/158/134 424/154/424
f 424/154/424 134/158/134 18/159/18 137/160/137
f 423/152/423 424/154/424 137/160/137 138/161/138
f 422/153/422 423/152/423 138/161/138 139/162/139
f 133/163/133 422/153/422 139/162/139 17/164/17
f 132/165/132 419/149/419 422/153/422 133/163/133
f 131/155/131 416/146/416 419/149/419 132/165/132
f 425/166/425 426/167/426 429/168/429 428/169/428
f 426/167/426 427/170/427 430/171/430 429/168/429
f 428/169/428 429/168/429 432/172/432 431/173/431
f 429/168/429 430/171/430 433/174/433 432/172/432
f 17/164/17 139/162/139 425/166/425 140/175/140
f 139/162/139 138/161/138 426/167/426 425/166/425
f 138/161/138 137/160/137 427/170/427 426/167/426
f 137/160/137 18/159/18 145/176/145 427/170/427
f 427/170/427 145/176/145 144/177/144 430/171/430
f 430/171/430 144/177/144 143/178/143 433/174/433
f 433/174/433 143/178/143 20/179/20 146/180/146
f 432/172/432 433/174/433 146/180/146 147/181/147
f 431/173/431 432/172/432 147/181/147 148/182/148
f 142/183/142 431/173/431 148/182/148 19/184/19
f 141/185/141 428/169/428 431/173/431 142/183/142
f 140/175/140 425/166/425 428/169/428 141/185/141
f 434/186/434 435/187/435 438/188/438 437/189/437
f 435/187/435 436/190/436 439/191/439 438/188/438
f 437/189/437 438/188/438 441/192/441 440/193/440
f 438/188/438 439/191/439 442/194/442 441/192/441
f 19/184/19 148/182/148 434/186/434 149/195/149
f 148/182/148 147/181/147 435/187/435 434/186/434
f 147/181/147 146/180/146 436/190/436 435/187/435
f 146/180/146 20/179/20 154/196/154 436/190/436
f 436/190/436 154/196/154 153/197/153 439/191/439
f 439/191/439 153/197/153 152/198/152 442/194/442
f 442/194/442 152/198/152 22/199/22 155/200/155
f 441/192/441 442/194/442 155/200/155 156/201/156
f 440/193/440 441/192/441 156/201/156 157/202/157
f 151/203/151 440/193/440 157/202/157 21/204/21
f 150/205/150 437/189/437 440/193/440 151/203/151
f 149/195/149 434/186/434 437/189/437 150/205/150
f 443/206/443 444/207/444 447/208/447 446/209/446
f 444/207/444 445/210/445 448/211/448 447/208/447
f 446/209/446 447/208/447 450/212/450 449/213/449
f 447/208/447 448/211/448 451/214/451 450/212/450
f 21/204/21 157/202/157 443/206/443 158/215/158
f 157/202/157 156/201/156 444/207/444 443/206/443
f 156/201/156 155/200/155 445/210/445 444/207/444
f 155/200/155 22/199/22 163/216/163 445/210/445
f 445/210/445 163/216/163 162/217/162 448/211/448
f 448/211/448 162/217/162 161/218/161 451/214/451
f 451/214/451 161/218/161 24/219/24 164/220/164
f 450/212/450 451/214/451 164/220/164 165/221/165
f 449/213/449 450/212/450 165/221/165 166/222/166
f 160/223/160 449/213/449 166/222/166 23/224/23
f 159/225/159 446/209/446 449/213/449 160/223/160
f 158/215/158 443/206/443 446/209/446 159/225/159
f 452/226/452 453/227/453 456/228/456 455/229/455
f 453/227/453 454/230/454 457/231/457 456/228/456
f 455/229/455 456/228/456 459/232/459 458/233/458
f 456/228/456 457/231/457 460/234/460 459/232/459
f 23/224/23 166/222/166 452/226/452 167/235/167
f 166/222/166 165/221/165 453/227/453 452/226/452
f 165/221/165 164/220/164 454/230/454 453/227/453
f 164/220/164 24/219/24 172/236/172 454/230/454
f 454/230/454 172/236/172 171/237/171 457/231/457
f 457/231/457 171/237/171 170/238/170 460/234/460
f 460/234/460 170/238/170 26/239/26 173/240/173
f 459/232/459 460/234/460 173/240/173 174/241/174
f 458/233/458 459/232/459 174/241/174 175/242/175
f 169/243/169 458/233/458 175/242/175 25/244/25
f 168/245/168 455/229/455 458/233/458 169/243/169
f 167/235/167 452/226/452 455/229/455 168/245/168
f 461/246/461 462/247/462 465/248/465 464/249/464
f 462/247/462 463/250/463 466/251/466 465/248/465
f 464/249/464 465/248/465 468/252/468 467/253/467
f 465/248/465 466/251/466 469/254/469 468/252/468
f 25/244/25 175/242/175 461/246/461 176/255/176
f 175/242/175 174/241/174 462/247/462 461/246/461
f 174/241/174 173/240/173 463/250/463 462/247/462
f 173/240/173 26/239/26 181/256/181 463/250/463
f 463/250/463 181/256/181 180/257/180 466/251/466
f 466/251/466 180/257/180 179/258/179 469/254/469
f 469/254/469 179/258/179 28/259/28 182/260/182
f 468/252/468 469/254/469 182/260/182 183/261/183
f 467/253/467 468/252/468 183/261/183 184/262/184
f 178/263/178 467/253/467 184/262/184 27/264/27
f 177/265/177 464/249/464 467/253/467 178/263/178
f 176/255/176 461/246/461 464/249/464 177/265/177
f 470/266/470 471/267/471 474/268/474 473/269/473
f 471/267/471 472/270/472 475/271/475 474/268/474
f 473/269/473 474/268/474 477/272/477 476/273/476
f 474/268/474 475/271/475 478/274/478 477/272/477
f 27/264/27 184/262/184 470/266/470 185/275/185
f 184/262/184 183/261/183 471/267/471 470/266/470
f 183/261/183 182/260/182 472/270/472 471/267/471
f 182/260/182 28/259/28 190/276/190 472/270/472
f 472/270/472 190/276/190 189/277/189 475/271/475
f 475/271/475 189/277/189 188/278/188 478/274/478
f 478/274/478 188/278/188 30/279/30 191/280/191
f 477/272/477 478/274/478 191/280/191 192/281/192
f 476/273/476 477/272/477 192/281/192 193/282/193
f 187/283/187 476/273/476 193/282/193 29/284/29
f 186/285/186 473/269/473 476/273/476 187/283/187
f 185/275/185 470/266/470 473/269/473 186/285/186
f 479/286/479 480/287/480 483/288/483 482/289/482
f 480/287/480 481/290/481 484/291/484 483/288/483
f 482/289/482 483/288/483 486/292/486 485/293/485
f 483/288/483 484/291/484 487/294/487 486/292/486
f 29/284/29 193/282/193 479/286/479 194/295/194
f 193/282/193 192/281/192 480/287/480 479/286/479
f 192/281/192 191/280/191 481/290/481 480/287/480
f 191/280/191 30/279/30 199/296/199 481/290/481
f 481/290/481 199/296/199 198/297/198 484/291/484
f 484/291/484 198/297/198 197/298/197 487/294/487
f 487/294/487 197/298/197 32/299/32 200/300/200
f 486/292/486 487/294/487 200/300/200 201/301/201
f 485/293/485 486/292/486 201/301/201 202/302/202
f 196/303/196 485/293/485 202/302/202 31/304/31
f 195/305/195 482/289/482 485/293/485 196/303/196
f 194/295/194 479/286/479 482/289/482 195/305/195
f 488/306/488 489/307/489 492/308/492 491/309/491
f 489/307/489 490/310/490 493/311/493 492/308/492
f 491/309/491 492/308/492 495/312/495 494/313/494
f 492/308/492 493/311/493 496/314/496 495/312/495
f 31/304/31 202/302/202 488/306/488 203/315/203
f 202/302/202 201/301/201 489/307/489 488/306/488
f 201/301/201 200/300/200 490/310/490 489/307/489
f 200/300/200 32/299/32 208/316/208 490/310/490
f 490/310/490 208/316/208 207/317/207 493/311/493
f 493/311/493 207/317/207 206/318/206 496/314/496
f 496/314/496 206/318/206 34/319/34 209/320/209
f 495/312/495 496/314/496 209/320/209 210/321/210
f 494/313/494 495/312/495 210/321/210 211/322/211
f 205/323/205 494/313/494 211/322/211 33/324/33
f 204/325/204 491/309/491 494/313/494 205/323/205
f 203/315/203 488/306/488 491/309/491 204/325/204
f 497/326/497 498/327/498 501/328/501 500/329/500
f 498/327/498 499/330/499 502/331/502 501/328/501
f 500/329/500 501/328/501 504/332/504 503/333/503
f 501/328/501 502/331/502 505/334/505 504/332/504
f 33/324/33 211/322/211 497/326/497 212/335/212
f 211/322/211 210/321/210 498/327/498 497/326/497
f 210/321/210 209/320/209 499/330/499 498/327/498
f 209/320/209 34/319/34 217/336/217 499/330/499
f 499/330/499 217/336/217 216/337/216 502/331/502
f 502/331/502 216/337/216 215/338/215 505/334/505
f 505/334/505 215/338/215 36/339/36 218/340/218
f 504/332/504 505/334/505 218/340/218 219/341/219
f 503/333/503 504/332/504 219/341/219 220/342/220
f 214/343/214 503/333/503 220/342/220 35/344/35
f 213/345/213 500/329/500 503/333/503 214/343/214
f 212/335/212 497/326/497 500/329/500 213/345/213
f 506/346/506 507/347/507 510/348/510 509/349/509
f 507/347/507 508/350/508 511/351/511 510/348/510
f 509/349/509 510/348/510 513/352/513 512/353/512
f 510/348/510 511/351/511 514/354/514 513/352/513
f 35/344/35 220/342/220 506/346/506 221/355/221
f 220/342/220 219/341/219 507/347/507 506/346/506
f 219/341/219 218/340/218 508/350/508 507/347/507
f 218/340/218 36/339/36 226/356/226 508/350/508
f 508/350/508 226/356/226 225/357/225 511/351/511
f 511/351/511 225/357/225 224/358/224 514/354/514
f 514/354/514 224/358/224 38/359/38 227/360/227
f 513/352/513 514/354/514 227/360/227 228/361/228
f 512/353/512 513/352/513 228/361/228 229/362/229
f 223/363/223 512/353/512 229/362/229 37/364/37
f 222/365/222 509/349/509 512/353/512 223/363/223
f 221/355/221 506/346/506 509/349/509 222/365/222
f 515/366/515 516/367/516 519/368/519 518/369/518
f 516/367/516 517/370/517 520/371/520 519/368/519
f 518/369/518 519/368/519 522/372/522 521/373/521
f 519/368/519 520/371/520 523/374/523 522/372/522
f 37/364/37 229/362/229 515/366/515 230/375/230
f 229/362/229 228/361/228 516/367/516 515/366/515
f 228/361/228 227/360/227 517/370/517 516/367/516
f 227/360/227 38/359/38 235/376/235 517/370/517
f 517/370/517 235/376/235 234/377/234 520/371/520
f 520/371/520 234/377/234 233/378/233 523/374/523
f 523/374/523 233/378/233 40/379/40 236/380/236
f 522/372/522 523/374/523 236/380/236 237/381/237
f 521/373/521 522/372/522 237/381/237 238/382/238
f 232/383/232 521/373/521 238/382/238 39/384/39
f 231/385/231 518/369/518 521/373/521 232/383/232
f 230/375/230 515/366/515 518/369/518 231/385/231
f 524/386/524 525/387/525 528/388/528 527/389/527
f 525/387/525 526/390/526 529/391/529 528/388/528
f 527/389/527 528/388/528 531/392/531 530/393/530
f 528/388/528 529/391/529 532/394/532 531/392/531
f 39/384/39 238/382/238 524/386/524 239/395/239
f 238/382/238 237/381/237 525/387/525 524/386/524
f 237/381/237 236/380/236 526/390/526 525/387/525
f 236/380/236 40/379/40 244/396/244 526/390/526
f 526/390/526 244/396/244 243/397/243 529/391/529
f 529/391/529 243/397/243 242/398/242 532/394/532
f 532/394/532 242/398/242 42/399/42 245/400/245
f 531/392/531 532/394/532 245/400/245 246/401/246
f 530/393/530 531/392/531 246/401/246 247/402/247
f 241/403/241 530/393/530 247/402/247 41/404/41
f 240/405/240 527/389/527 530/393/530 241/403/241
f 239/395/239 524/386/524 527/389/527 240/405/240
f 533/406/533 534/407/534 537/408/537 536/409/536
f 534/407/534 535/410/535 538/411/538 537/408/537
f 536/409/536 537/408/537 540/412/540 539/413/539
f 537/408/537 538/411/538 541/414/541 540/412/540
f 41/404/41 247/402/247 533/406/533 248/415/248
f 247/402/247 246/401/246 534/407/534 533/406/533
f 246/401/246 245/400/245 535/410/535 534/407/534
f 245/400/245 42/399/42 253/416/253 535/410/535
f 535/410/535 253/416/253 252/417/252 538/411/538
f 538/411/538 252/417/252 251/418/251 541/414/541
f 541/414/541 251/418/251 44/419/44 254/420/254
f 540/412/540 541/414/541 254/420/254 255/421/255
f 539/413/539 540/412/540 255/421/255 256/422/256
f 250/423/250 539/413/539 256/422/256 43/424/43
f 249/425/249 536/409/536 539/413/539 250/423/250
f 248/415/248 533/406/533 536/409/536 249/425/249
f 542/426/542 543/427/543 546/428/546 545/429/545
f 543/427/543 544/430/544 547/431/547 546/428/546
f 545/429/545 546/428/546 549/432/549 548/433/548
f 546/428/546 547/431/547 550/434/550 549/432/549
f 43/424/43 256/422/256 542/426/542 257/435/257
f 256/422/256 255/421/255 543/427/543 542/426/542
f 255/421/255 254/420/254 544/430/544 543/427/543
f 254/420/254 44/419/44 262/436/262 544/430/544
f 544/430/544 262/436/262 261/437/261 547/431/547
f 547/431/547 261/437/261 260/438/260 550/434/550
f 550/434/550 260/438/260 46/439/46 263/440/263
f 549/432/549 550/434/550 263/440/263 264/441/264
f 548/433/548 549/432/549 264/441/264 265/442/265
f 259/443/259 548/433/548 265/442/265 45/444/45
f 258/445/258 545/429/545 548/433/548 259/443/259
f 257/435/257 542/426/542 545/429/545 258/445/258
f 551/446/551 552/447/552 555/448/555 554/449/554
f 552/447/552 553/450/553 556/451/556 555/448/555
f 554/449/554 555/448/555 558/452/558 557/453/557
f 555/448/555 556/451/556 559/454/559 558/452/558
f 45/444/45 265/442/265 551/446/551 266/455/266
f 265/442/265 264/441/264 552/447/552 551/446/551
f 264/441/264 263/440/263 553/450/553 552/447/552
f 263/440/263 46/439/46 271/456/271 553/450/553
f 553/450/553 271/456/271 270/457/270 556/451/556
f 556/451/556 270/457/270 269/458/269 559/454/559
f 559/454/559 269/458/269 48/459/48 272/460/272
f 558/452/558 559/454/559 272/460/272 273/461/273
f 557/453/557 558/452/558 273/461/273 274/462/274
f 268/463/268 557/453/557 274/462/274 47/464/47
f 267/465/267 554/449/554 557/453/557 268/463/268
f 266/455/266 551/446/551 554/449/554 267/465/267
f 560/466/560 561/467/561 564/468/564 563/469/563
f 561/467/561 562/470/562 565/471/565 564/468/564
f 563/469/563 564/468/564 567/472/567 566/473/566
f 564/468/564 565/471/565 568/474/568 567/472/567
f 47/464/47 274/462/274 560/466/560 275/475/275
f 274/462/274 273/461/273 561/467/561 560/466/560
f 273/461/273 272/460/272 562/470/562 561/467/561
f 272/460/272 48/459/48 280/476/280 562/470/562
f 562/470/562 280/476/280 279/477/279 565/471/565
f 565/471/565 279/477/279 278/478/278 568/474/568
f 568/474/568 278/478/278 50/479/50 281/480/281
f 567/472/567 568/474/568 281/480/281 282/481/282
f 566/473/566 567/472/567 282/481/282 283/482/283
f 277/483/277 566/473/566 283/482/283 49/484/49
f 276/485/276 563/469/563 566/473/566 277/483/277
f 275/475/275 560/466/560 563/469/563 276/485/276
f 569/486/569 570/487/570 573/488/573 572/489/572
f 570/487/570 571/490/571 574/491/574 573/488/573
f 572/489/572 573/488/573 576/492/576 575/493/575
f 573/488/573 574/491/574 577/494/577 576/492/576
f 49/484/49 283/482/283 569/486/569 284/495/284
f 283/482/283 282/481/282 570/487/570 569/486/569
f 282/481/282 281/480/281 571/490/571 570/487/570
f 281/480/281 50/479/50 289/496/289 571/490/571
f 571/490/571 289/496/289 288/497/288 574/491/574
f 574/491/574 288/497/288 287/498/287 577/494/577
f 577/494/577 287/498/287 52/499/52 290/500/290
f 576/492/576 577/494/577 290/500/290 291/501/291
f 575/493/575 576/492/576 291/501/291 292/502/292
f 286/503/286 575/493/575 292/502/292 51/504/51
f 285/505/285 572/489/572 575/493/575 286/503/286
f 284/495/284 569/486/569 572/489/572 285/505/285
f 578/506/578 579/507/579 582/508/582 581/509/581
f 579/507/579 580/510/580 583/511/583 582/508/582
f 581/509/581 582/508/582 585/512/585 584/513/584
f 582/508/582 583/511/583 586/514/586 585/512/585
f 51/504/51 292/502/292 578/506/578 293/515/293
f 292/502/292 291/501/291 579/507/579 578/506/578
f 291/501/291 290/500/290 580/510/580 579/507/579
f 290/500/290 52/499/52 298/516/298 580/510/580
f 580/510/580 298/516/298 297/517/297 583/511/583
f 583/511/583 297/517/297 296/518/296 586/514/586
f 586/514/586 296/518/296 54/519/54 299/520/299
f 585/512/585 586/514/586 299/520/299 300/521/300
f 584/513/584 585/512/585 300/521/300 301/522/301
f 295/523/295 584/513/584 301/522/301 53/524/53
f 294/525/294 581/509/581 584/513/584 295/523/295
f 293/515/293 578/506/578 581/509/581 294/525/294
f 587/526/587 588/527/588 591/528/591 590/529/590
f 588/527/588 589/530/589 592/531/592 591/528/591
f 590/529/590 591/528/591 594/532/594 593/533/593
f 591/528/591 592/531/592 595/534/595 594/532/594
f 53/524/53 301/522/301 587/526/587 302/535/302
f 301/522/301 300/521/300 588/527/588 587/526/587
f 300/521/300 299/520/299 589/530/589 588/527/588
f 299/520/299 54/519/54 307/536/307 589/530/589
f 589/530/589 307/536/307 306/537/306 592/531/592
f 592/531/592 306/537/306 305/538/305 595/534/595
f 595/534/595 305/538/305 56/539/56 308/540/308
f 594/532/594 595/534/595 308/540/308 309/541/309
f 593/533/593 594/532/594 309/541/309 310/542/310
f 304/543/304 593/533/593 310/542/310 55/544/55
f 303/545/303 590/529/590 593/533/593 304/543/304
f 302/535/302 587/526/587 590/529/590 303/545/303
f 596/546/596 597/547/597 600/548/600 599/549/599
f 597/547/597 598/550/598 601/551/601 600/548/600
f 599/549/599 600/548/600 603/552/603 602/553/602
f 600/548/600 601/551/601 604/554/604 603/552/603
f 55/544/55 310/542/310 596/546/596 311/555/311
f 310/542/310 309/541/309 597/547/597 596/546/596
f 309/541/309 308/540/308 598/550/598 597/547/597
f 308/540/308 56/539/56 316/556/316 598/550/598
f 598/550/598 316/556/316 315/557/315 601/551/601
f 601/551/601 315/557/315 314/558/314 604/554/604
f 604/554/604 314/558/314 58/559/58 317/560/317
f 603/552/603 604/554/604 317/560/317 318/561/318
f 602/553/602 603/552/603 318/561/318 319/562/319
f 313/563/313 602/553/602 319/562/319 57/564/57
f 312/565/312 599/549/599 602/553/602 313/563/313
f 311/555/311 596/546/596 599/549/599 312/565/312
f 605/566/605 606/567/606 609/568/609 608/569/608
f 606/567/606 607/570/607 610/571/610 609/568/609
f 608/569/608 609/568/609 612/572/612 611/573/611
f 609/568/609 610/571/610 613/574/613 612/572/612
f 57/564/57 319/562/319 605/566/605 320/575/320
f 319/562/319 318/561/318 606/567/606 605/566/605
f 318/561/318 317/560/317 607/570/607 606/567/606
f 317/560/317 58/559/58 325/576/325 607/570/607
f 607/570/607 325/576/325 324/577/324 610/571/610
f 610/571/610 324/577/324 323/578/323 613/574/613
f 613/574/613 323/578/323 60/579/60 326/580/326
f 612/572/612 613/574/613 326/580/326 327/581/327
f 611/573/611 612/572/612 327/581/327 328/582/328
f 322/583/322 611/573/611 328/582/328 59/584/59
f 321/585/321 608/569/608 611/573/611 322/583/322
f 320/575/320 605/566/605 608/569/608 321/585/321
f 614/586/614 615/587/615 618/588/618 617/589/617
f 615/587/615 616/590/616 619/591/619 618/588/618
f 617/589/617 618/588/618 621/592/621 620/593/620
f 618/588/618 619/591/619 622/594/622 621/592/621
f 59/584/59 328/582/328 614/586/614 329/595/329
f 328/582/328 327/581/327 615/587/615 614/586/614
f 327/581/327 326/580/326 616/590/616 615/587/615
f 326/580/326 60/579/60 334/596/334 616/590/616
f 616/590/616 334/596/334 333/597/333 619/591/619
f 619/591/619 333/597/333 332/598/332 622/594/622
f 622/594/622 332/598/332 62/599/62 335/600/335
f 621/592/621 622/594/622 335/600/335 336/601/336
f 620/593/620 621/592/621 336/601/336 337/602/337
f 331/603/331 620/593/620 337/602/337 61/604/61
f 330/605/330 617/589/617 620/593/620 331/603/331
f 329/595/329 614/586/614 617/589/617 330/605/330
f 624/606/624 625/607/625 623/608/623 687/609/687
f 626/610/626 627/611/627 623/608/623 625/607/625
f 628/612/628 629/613/629 623/608/623 627/611/627
f 630/614/630 631/615/631 623/608/623 629/613/629
f 632/616/632 633/617/633 623/608/623 631/615/631
f 634/618/634 635/619/635 623/608/623 633/617/633
f 636/620/636 637/621/637 623/608/623 635/619/635
f 638/622/638 639/623/639 623/608/623 637/621/637
f 640/624/640 641/625/641 623/608/623 639/623/639
f 642/626/642 643/627/643 623/608/623 641/625/641
f 644/628/644 645/629/645 623/608/623 643/627/643
f 646/630/646 647/631/647 623/608/623 645/629/645
f 648/632/648 649/633/649 623/608/623 647/631/647
f 650/634/650 651/635/651 623/608/623 649/633/649
f 652/636/652 653/637/653 623/608/623 651/635/651
f 654/638/654 655/639/655 623/608/623 653/637/653
f 656/640/656 657/641/657 623/608/623 655/639/655
f 658/642/658 659/643/659 623/608/623 657/641/657
f 660/644/660 661/645/661 623/608/623 659/643/659
f 662/646/662 663/647/663 623/608/623 661/645/661
f 664/648/664 665/649/665 623/608/623 663/647/663
f 666/650/666 667/651/667 623/608/623 665/649/665
f 668/652/668 669/653/669 623/608/623 667/651/667
f 670/654/670 671/655/671 623/608/623 669/653/669
f 672/656/672 673/657/673 623/608/623 671/655/671
f 674/658/674 675/659/675 623/608/623 673/657/673
f 676/660/676 677/661/677 623/608/623 675/659/675
f 678/662/678 679/663/679 623/608/623 677/661/677
f 680/664/680 681/665/681 623/608/623 679/663/679
f 682/666/682 683/667/683 623/608/623 681/665/681
f 684/668/684 685/669/685 623/608/623 683/667/683
f 686/670/686 687/609/687 623/608/623 685/669/685
f 4/671/4 68/672/68 624/606/624 82/673/82
f 68/672/68 69/674/69 625/607/625 624/606/624
f 82/673/82 624/606/624 687/609/687 81/675/81
f 2/676/2 350/677/350 626/610/626 70/678/70
f 350/677/350 351/679/351 627/611/627 626/610/626
f 70/678/70 626/610/626 625/607/625 69/674/69
f 64/680/64 341/681/341 628/612/628 352/682/352
f 341/681/341 342/683/342 629/613/629 628/612/628
f 352/682/352 628/612/628 627/611/627 351/679/351
f 62/684/62 332/685/332 630/614/630 343/686/343
f 332/685/332 333/687/333 631/615/631 630/614/630
f 343/686/343 630/614/630 629/613/629 342/683/342
f 60/688/60 323/689/323 632/616/632 334/690/334
f 323/689/323 324/691/324 633/617/633 632/616/632
f 334/690/334 632/616/632 631/615/631 333/687/333
f 58/692/58 314/693/314 634/618/634 325/694/325
f 314/693/314 315/695/315 635/619/635 634/618/634
f 325/694/325 634/618/634 633/617/633 324/691/324
f 56/696/56 305/697/305 636/620/636 316/698/316
f 305/697/305 306/699/306 637/621/637 636/620/636
f 316/698/316 636/620/636 635/619/635 315/695/315
f 54/700/54 296/701/296 638/622/638 307/702/307
f 296/701/296 297/703/297 639/623/639 638/622/638
f 307/702/307 638/622/638 637/621/637 306/699/306
f 52/704/52 287/705/287 640/624/640 298/706/298
f 287/705/287 288/707/288 641/625/641 640/624/640
f 298/706/298 640/624/640 639/623/639 297/703/297
f 50/708/50 278/709/278 642/626/642 289/710/289
f 278/709/278 279/711/279 643/627/643 642/626/642
f 289/710/289 642/626/642 641/625/641 288/707/288
f 48/712/48 269/713/269 644/628/644 280/714/280
f 269/713/269 270/715/270 645/629/645 644/628/644
f 280/714/280 644/628/644 643/627/643 279/711/279
f 46/716/46 260/717/260 646/630/646 271/718/271
f 260/717/260 261/719/261 647/631/647 646/630/646
f 271/718/271 646/630/646 645/629/645 270/715/270
f 44/720/44 251/721/251 648/632/648 262/722/262
f 251/721/251 252/723/252 649/633/649 648/632/648
f 262/722/262 648/632/648 647/631/647 261/719/261
f 42/724/42 242/725/242 650/634/650 253/726/253
f 242/725/242 243/727/243 651/635/651 650/634/650
f 253/726/253 650/634/650 649/633/649 252/723/252
f 40/728/40 233/729/233 652/636/652 244/730/244
f 233/729/233 234/731/234 653/637/653 652/636/652
f 244/730/244 652/636/652 651/635/651 243/727/243
f 38/732/38 224/733/224 654/638/654 235/734/235
f 224/733/224 225/735/225 655/639/655 654/638/654
f 235/734/235 654/638/654 653/637/653 234/731/234
f 36/736/36 215/737/215 656/640/656 226/738/226
f 215/737/215 216/739/216 657/641/657 656/640/656
f 226/738/226 656/640/656 655/639/655 225/735/225
f 34/740/34 206/741/206 658/642/658 217/742/217
f 206/741/206 207/743/207 659/643/659 658/642/658
f 217/742/217 658/642/658 657/641/657 216/739/216
f 32/744/32 197/745/197 660/644/660 208/746/208
f 197/745/197 198/747/198 661/645/661 660/644/660
f 208/746/208 660/644/660 659/643/659 207/743/207
f 30/748/30 188/749/188 662/646/662 199/750/199
f 188/749/188 189/751/189 663/647/663 662/646/662
f 199/750/199 662/646/662 661/645/661 198/747/198
f 28/752/28 179/753/179 664/648/664 190/754/190
f 179/753/179 180/755/180 665/649/665 664/648/664
f 190/754/190 664/648/664 663/647/663 189/751/189
f 26/756/26 170/757/170 666/650/666 181/758/181
f 170/757/170 171/759/171 667/651/667 666/650/666
f 181/758/181 666/650/666 665/649/665 180/755/180
f 24/760/24 161/761/161 668/652/668 172/762/172
f 161/761/161 162/763/162 669/653/669 668/652/668
f 172/762/172 668/652/668 667/651/667 171/759/171
f 22/764/22 152/765/152 670/654/670 163/766/163
f 152/765/152 153/767/153 671/655/671 670/654/670
f 163/766/163 670/654/670 669/653/669 162/763/162
f 20/768/20 143/769/143 672/656/672 154/770/154
f 143/769/143 144/771/144 673/657/673 672/656/672
f 154/770/154 672/656/672 671/655/671 153/767/153
f 18/772/18 134/773/134 674/658/674 145/774/145
f 134/773/134 135/775/135 675/659/675 674/658/674
f 145/774/145 674/658/674 673/657/673 144/771/144
f 16/776/16 125/777/125 676/660/676 136/778/136
f 125/777/125 126/779/126 677/661/677 676/660/676
f 136/778/136 676/660/676 675/659/675 135/775/135
f 14/780/14 116/781/116 678/662/678 127/782/127
f 116/781/116 117/783/117 679/663/679 678/662/678
f 127/782/127 678/662/678 677/661/677 126/779/126
f 12/784/12 107/785/107 680/664/680 118/786/118
f 107/785/107 108/787/108 681/665/681 680/664/680
f 118/786/118 680/664/680 679/663/679 117/783/117
f 10/788/10 98/789/98 682/666/682 109/790/109
f 98/789/98 99/791/99 683/667/683 682/666/682
f 109/790/109 682/666/682 681/665/681 108/787/108
f 8/792/8 89/793/89 684/668/684 100/794/100
f 89/793/89 90/795/90 685/669/685 684/668/684
f 100/794/100 684/668/684 683/667/683 99/791/99
f 6/796/6 80/797/80 686/670/686 91/798/91
f 80/797/80 81/675/81 687/609/687 686/670/686
f 91/798/91 686/670/686 685/669/685 90/795/90
f 688/799/688 689/800/689 692/801/692 691/802/691
f 689/800/689 690/803/690 693/804/693 692/801/692
f 691/802/691 692/801/692 695/805/695 694/806/694
f 692/801/692 693/804/693 696/807/696 695/805/695
f 61/604/61 337/602/337 688/799/688 338/808/338
f 337/602/337 336/601/336 689/800/689 688/799/688
f 336/601/336 335/600/335 690/803/690 689/800/689
f 335/600/335 62/599/62 343/809/343 690/803/690
f 690/803/690 343/809/343 342/810/342 693/804/693
f 693/804/693 342/810/342 341/811/341 696/807/696
f 696/807/696 341/811/341 64/812/64 344/813/344
f 695/805/695 696/807/696 344/813/344 345/814/345
f 694/806/694 695/805/695 345/814/345 346/815/346
f 340/816/340 694/806/694 346/815/346 63/817/63
f 339/818/339 691/802/691 694/806/694 340/816/340
f 338/808/338 688/799/688 691/802/691 339/818/339
f 697/819/697 698/820/698 701/821/701 700/822/700
f 698/820/698 699/823/699 702/824/702 701/821/701
f 700/822/700 701/821/701 704/825/704 703/826/703
f 701/821/701 702/824/702 705/827/705 704/825/704
f 63/817/63 346/815/346 697/819/697 347/828/347
f 346/815/346 345/814/345 698/820/698 697/819/697
f 345/814/345 344/813/344 699/823/699 698/820/698
f 344/813/344 64/812/64 352/829/352 699/823/699
f 699/823/699 352/829/352 351/830/351 702/824/702
f 702/824/702 351/830/351 350/831/350 705/827/705
f 705/827/705 350/831/350 2/832/2 73/833/73
f 704/825/704 705/827/705 73/833/73 72/834/72
f 703/826/703 704/825/704 72/834/72 71/835/71
f 349/836/349 703/826/703 71/835/71 1/837/1
f 348/838/348 700/822/700 703/826/703 349/836/349
f 347/828/347 697/819/697 700/822/700 348/838/348
f 707/839/707 708/840/708 706/841/706 770/842/770
f 709/843/709 710/844/710 706/841/706 708/840/708
f 711/845/711 712/846/712 706/841/706 710/844/710
f 713/847/713 714/848/714 706/841/706 712/846/712
f 715/849/715 716/850/716 706/841/706 714/848/714
f 717/851/717 718/852/718 706/841/706 716/850/716
f 719/853/719 720/854/720 706/841/706 718/852/718
f 721/855/721 722/856/722 706/841/706 720/854/720
f 723/857/723 724/858/724 706/841/706 722/856/722
f 725/859/725 726/860/726 706/841/706 724/858/724
f 727/861/727 728/862/728 706/841/706 726/860/726
f 729/863/729 730/864/730 706/841/706 728/862/728
f 731/865/731 732/866/732 706/841/706 730/864/730
f 733/867/733 734/868/734 706/841/706 732/866/732
f 735/869/735 736/870/736 706/841/706 734/868/734
f 737/871/737 738/872/738 706/841/706 736/870/736
f 739/873/739 740/874/740 706/841/706 738/872/738
f 741/875/741 742/876/742 706/841/706 740/874/740
f 743/877/743 744/878/744 706/841/706 742/876/742
f 745/879/745 746/880/746 706/841/706 744/878/744
f 747/881/747 748/882/748 706/841/706 746/880/746
f 749/883/749 750/884/750 706/841/706 748/882/748
f 751/885/751 752/886/752 706/841/706 750/884/750
f 753/887/753 754/888/754 706/841/706 752/886/752
f 755/889/755 756/890/756 706/841/706 754/888/754
f 757/891/757 758/892/758 706/841/706 756/890/756
f 759/893/759 760/894/760 706/841/706 758/892/758
f 761/895/761 762/896/762 706/841/706 760/894/760
f 763/897/763 764/898/764 706/841/706 762/896/762
f 765/899/765 766/900/766 706/841/706 764/898/764
f 767/901/767 768/902/768 706/841/706 766/900/766
f 769/903/769 770/842/770 706/841/706 768/902/768
f 1/904/1 65/905/65 707/839/707 349/906/349
f 65/905/65 66/907/66 708/840/708 707/839/707
f 349/906/349 707/839/707 770/842/770 348/908/348
f 3/909/3 77/910/77 709/843/709 67/911/67
f 77/910/77 78/912/78 710/844/710 709/843/709
f 67/911/67 709/843/709 708/840/708 66/907/66
f 5/913/5 86/914/86 711/845/711 79/915/79
f 86/914/86 87/916/87 712/846/712 711/845/711
f 79/915/79 711/845/711 710/844/710 78/912/78
f 7/917/7 95/918/95 713/847/713 88/919/88
f 95/918/95 96/920/96 714/848/714 713/847/713
f 88/919/88 713/847/713 712/846/712 87/916/87
f 9/921/9 104/922/104 715/849/715 97/923/97
f 104/922/104 105/924/105 716/850/716 715/849/715
f 97/923/97 715/849/715 714/848/714 96/920/96
f 11/925/11 113/926/113 717/851/717 106/927/106
f 113/926/113 114/928/114 718/852/718 717/851/717
f 106/927/106 717/851/717 716/850/716 105/924/105
f 13/929/13 122/930/122 719/853/719 115/931/115
f 122/930/122 123/932/123 720/854/720 719/853/719
f 115/931/115 719/853/719 718/852/718 114/928/114
f 15/933/15 131/934/131 721/855/721 124/935/124
f 131/934/131 132/936/132 722/856/722 721/855/721
f 124/935/124 721/855/721 720/854/720 123/932/123
f 17/937/17 140/938/140 723/857/723 133/939/133
f 140/938/140 141/940/141 724/858/724 723/857/723
f 133/939/133 723/857/723 722/856/722 132/936/132
f 19/941/19 149/942/149 725/859/725 142/943/142
f 149/942/149 150/944/150 726/860/726 725/859/725
f 142/943/142 725/859/725 724/858/724 141/940/141
f 21/945/21 158/946/158 727/861/727 151/947/151
f 158/946/158 159/948/159 728/862/728 727/861/727
f 151/947/151 727/861/727 726/860/726 150/944/150
f 23/949/23 167/950/167 729/863/729 160/951/160
f 167/950/167 168/952/168 730/864/730 729/863/729
f 160/951/160 729/863/729 728/862/728 159/948/159
f 25/953/25 176/954/176 731/865/731 169/955/169
f 176/954/176 177/956/177 732/866/732 731/865/731
f 169/955/169 731/865/731 730/864/730 168/952/168
f 27/957/27 185/958/185 733/867/733 178/959/178
f 185/958/185 186/960/186 734/868/734 733/867/733
f 178/959/178 733/867/733 732/866/732 177/956/177
f 29/961/29 194/962/194 735/869/735 187/963/187
f 194/962/194 195/964/195 736/870/736 735/869/735
f 187/963/187 735/869/735 734/868/734 186/960/186
f 31/965/31 203/966/203 737/871/737 196/967/196
f 203/966/203 204/968/204 738/872/738 737/871/737
f 196/967/196 737/871/737 736/870/736 195/964/195
f 33/969/33 212/970/212 739/873/739 205/971/205
f 212/970/212 213/972/213 740/874/740 739/873/739
f 205/971/205 739/873/739 738/872/738 204/968/204
f 35/973/35 221/974/221 741/875/741 214/975/214
f 221/974/221 222/976/222 742/876/742 741/875/741
f 214/975/214 741/875/741 740/874/740 213/972/213
f 37/977/37 230/978/230 743/877/743 223/979/223
f 230/978/230 231/980/231 744/878/744 743/877/743
f 223/979/223 743/877/743 742/876/742 222/976/222
f 39/981/39 239/982/239 745/879/745 232/983/232
f 239/982/239 240/984/240 746/880/746 745/879/745
f 232/983/232 745/879/745 744/878/744 231/980/231
f 41/985/41 248/986/248 747/881/747 241/987/241
f 248/986/248 249/988/249 748/882/748 747/881/747
f 241/987/241 747/881/747 746/880/746 240/984/240
f 43/989/43 257/990/257 749/883/749 250/991/250
f 257/990/257 258/992/258 750/884/750 749/883/749
f 250/991/250 749/883/749 748/882/748 249/988/249
f 45/993/45 266/994/266 751/885/751 259/995/259
f 266/994/266 267/996/267 752/886/752 751/885/751
f 259/995/259 751/885/751 750/884/750 258/992/258
f 47/997/47 275/998/275 753/887/753 268/999/268
f 275/998/275 276/1000/276 754/888/754 753/887/753
f 268/999/268 753/887/753 752/886/752 267/996/267
f 49/1001/49 284/1002/284 755/889/755 277/1003/277
f 284/1002/284 285/1004/285 756/890/756 755/889/755
f 277/1003/277 755/889/755 754/888/754 276/1000/276
f 51/1005/51 293/1006/293 757/891/757 286/1007/286
f 293/1006/293 294/1008/294 758/892/758 757/891/757
f 286/1007/286 757/891/757 756/890/756 285/1004/285
f 53/1009/53 302/1010/302 759/893/759 295/1011/295
f 302/1010/302 303/1012/303 760/894/760 759/893/759
f 295/1011/295 759/893/759 758/892/758 294/1008/294
f 55/1013/55 311/1014/311 761/895/761 304/1015/304
f 311/1014/311 312/1016/312 762/896/762 761/895/761
f 304/1015/304 761/895/761 760/894/760 303/1012/303
f 57/1017/57 320/1018/320 763/897/763 313/1019/313
f 320/1018/320 321/1020/321 764/898/764 763/897/763
f 313/1019/313 763/897/763 762/896/762 312/1016/312
f 59/1021/59 329/1022/329 765/899/765 322/1023/322
f 329/1022/329 330/1024/330 766/900/766 765/899/765
f 322/1023/322 765/899/765 764/898/764 321/1020/321
f 61/1025/61 338/1026/338 767/901/767 331/1027/331
f 338/1026/338 339/1028/339 768/902/768 767/901/767
f 331/1027/331 767/901/767 766/900/766 330/1024/330
f 63/1029/63 347/1030/347 769/903/769 340/1031/340
f 347/1030/347 348/908/348 770/842/770 769/903/769
f 340/1031/340 769/903/769 768/902/768 339/1028/339
