# Blender 5.1.1
# www.blender.org
o Genderuwo
v 0.000000 2.032109 -0.000000
v 0.000000 1.756910 -0.531367
v 0.000000 1.455517 -0.694265
v 0.000000 0.744483 -0.694265
v 0.000000 0.443090 -0.531367
v 0.000000 0.189505 -0.152037
v 0.000000 0.167891 -0.000000
v 0.043722 2.010495 -0.146857
v 0.082700 1.958295 -0.277775
v 0.120061 1.872445 -0.403267
v 0.152809 1.756910 -0.513262
v 0.179684 1.616131 -0.603532
v 0.199654 1.455517 -0.670608
v 0.211952 1.281241 -0.711914
v 0.216104 1.100000 -0.725861
v 0.211952 0.918759 -0.711914
v 0.199654 0.744483 -0.670608
v 0.179684 0.583869 -0.603532
v 0.152809 0.443090 -0.513262
v 0.120061 0.327555 -0.403267
v 0.082700 0.241705 -0.277775
v 0.043722 0.189505 -0.146857
v 0.084465 2.010495 -0.131668
v 0.159763 1.958295 -0.249046
v 0.231940 1.872445 -0.361559
v 0.295204 1.756910 -0.460178
v 0.347123 1.616131 -0.541112
v 0.385703 1.455517 -0.601251
v 0.409460 1.281241 -0.638285
v 0.417482 1.100000 -0.650789
v 0.409460 0.918759 -0.638285
v 0.385703 0.744483 -0.601251
v 0.347123 0.583869 -0.541112
v 0.295204 0.443090 -0.460178
v 0.231940 0.327555 -0.361559
v 0.159763 0.241705 -0.249046
v 0.084465 0.189505 -0.131668
v 0.119452 2.010495 -0.107507
v 0.225939 1.958295 -0.203346
v 0.328013 1.872445 -0.295212
v 0.417482 1.756910 -0.375733
v 0.490907 1.616131 -0.441816
v 0.545466 1.455517 -0.490919
v 0.579064 1.281241 -0.521157
v 0.590408 1.100000 -0.531367
v 0.579064 0.918759 -0.521157
v 0.545466 0.744483 -0.490919
v 0.490907 0.583869 -0.441816
v 0.417482 0.443090 -0.375733
v 0.328013 0.327555 -0.295212
v 0.225939 0.241705 -0.203346
v 0.119452 0.189505 -0.107507
v 0.146298 2.010495 -0.076019
v 0.276718 1.958295 -0.143787
v 0.401733 1.872445 -0.208746
v 0.511309 1.756910 -0.265684
v 0.601235 1.616131 -0.312411
v 0.668057 1.455517 -0.347132
v 0.709205 1.281241 -0.368514
v 0.723099 1.100000 -0.375733
v 0.709205 0.918759 -0.368514
v 0.668057 0.744483 -0.347132
v 0.601235 0.583869 -0.312411
v 0.511309 0.443090 -0.265684
v 0.401733 0.327555 -0.208746
v 0.276718 0.241705 -0.143787
v 0.146298 0.189505 -0.076019
v 0.163174 2.010495 -0.039350
v 0.308639 1.958295 -0.074430
v 0.448074 1.872445 -0.108055
v 0.570291 1.756910 -0.137528
v 0.670591 1.616131 -0.161716
v 0.745120 1.455517 -0.179689
v 0.791016 1.281241 -0.190757
v 0.806513 1.100000 -0.194494
v 0.791016 0.918759 -0.190757
v 0.745120 0.744483 -0.179689
v 0.670591 0.583869 -0.161716
v 0.570291 0.443090 -0.137528
v 0.448074 0.327555 -0.108055
v 0.308639 0.241705 -0.074430
v 0.163174 0.189505 -0.039350
v 0.168930 2.010495 0.000000
v 0.319527 1.958295 0.000000
v 0.463881 1.872445 0.000000
v 0.590408 1.756910 0.000000
v 0.694247 1.616131 -0.000000
v 0.771405 1.455517 0.000000
v 0.818920 1.281241 0.000000
v 0.834963 1.100000 0.000000
v 0.818920 0.918759 0.000000
v 0.771406 0.744483 0.000000
v 0.694247 0.583869 -0.000000
v 0.590408 0.443090 0.000000
v 0.463881 0.327555 0.000000
v 0.319527 0.241705 0.000000
v 0.168930 0.189505 0.000000
v 0.163174 2.010495 0.039350
v 0.308639 1.958295 0.074430
v 0.448074 1.872445 0.108055
v 0.570291 1.756910 0.137528
v 0.670591 1.616131 0.161716
v 0.745120 1.455517 0.179689
v 0.791016 1.281241 0.190757
v 0.806513 1.100000 0.194494
v 0.791016 0.918759 0.190757
v 0.745121 0.744483 0.179689
v 0.670591 0.583869 0.161716
v 0.570291 0.443090 0.137528
v 0.448074 0.327555 0.108055
v 0.308639 0.241705 0.074430
v 0.163174 0.189505 0.039350
v 0.146298 2.010495 0.076019
v 0.276718 1.958295 0.143787
v 0.401733 1.872445 0.208746
v 0.511309 1.756910 0.265684
v 0.601235 1.616131 0.312411
v 0.668057 1.455517 0.347132
v 0.709205 1.281241 0.368514
v 0.723099 1.100000 0.375733
v 0.709205 0.918759 0.368514
v 0.668057 0.744483 0.347132
v 0.601235 0.583869 0.312411
v 0.511309 0.443090 0.265684
v 0.401733 0.327555 0.208746
v 0.276718 0.241705 0.143787
v 0.146298 0.189505 0.076019
v 0.119452 2.010495 0.107507
v 0.225939 1.958295 0.203345
v 0.328013 1.872445 0.295212
v 0.417482 1.756910 0.375734
v 0.490907 1.616131 0.441816
v 0.545466 1.455517 0.490919
v 0.579064 1.281241 0.521157
v 0.590408 1.100000 0.531367
v 0.579064 0.918759 0.521157
v 0.545466 0.744483 0.490919
v 0.490907 0.583869 0.441816
v 0.417482 0.443090 0.375734
v 0.328013 0.327555 0.295212
v 0.225939 0.241705 0.203346
v 0.119452 0.189505 0.107507
v 0.084465 2.010495 0.131668
v 0.159763 1.958295 0.249046
v 0.231940 1.872445 0.361559
v 0.295204 1.756910 0.460178
v 0.347123 1.616131 0.541112
v 0.385703 1.455517 0.601251
v 0.409460 1.281241 0.638285
v 0.417482 1.100000 0.650789
v 0.409460 0.918759 0.638285
v 0.385703 0.744483 0.601251
v 0.347123 0.583869 0.541112
v 0.295204 0.443090 0.460178
v 0.231940 0.327555 0.361559
v 0.159763 0.241705 0.249046
v 0.084465 0.189505 0.131668
v 0.043722 2.010495 0.146857
v 0.082700 1.958295 0.277775
v 0.120061 1.872445 0.403267
v 0.152809 1.756910 0.513261
v 0.179684 1.616131 0.603532
v 0.199654 1.455517 0.670608
v 0.211952 1.281241 0.711914
v 0.216104 1.100000 0.725861
v 0.211952 0.918759 0.711914
v 0.199654 0.744483 0.670608
v 0.179684 0.583869 0.603532
v 0.152809 0.443090 0.513261
v 0.120061 0.327555 0.403267
v 0.082700 0.241705 0.277775
v 0.043722 0.189505 0.146857
v -0.000000 2.010495 0.152037
v -0.000000 1.958295 0.287574
v -0.000000 1.872445 0.417493
v -0.000000 1.756910 0.531367
v 0.000000 1.616131 0.624822
v -0.000000 1.455517 0.694265
v 0.000000 1.281241 0.737028
v -0.000000 1.100000 0.751467
v 0.000000 0.918759 0.737028
v -0.000000 0.744483 0.694265
v 0.000000 0.583869 0.624822
v -0.000000 0.443090 0.531367
v -0.000000 0.327555 0.417493
v -0.000000 0.241705 0.287574
v -0.000000 0.189505 0.152037
v -0.043722 2.010495 0.146857
v -0.082700 1.958295 0.277775
v -0.120061 1.872445 0.403267
v -0.152809 1.756910 0.513262
v -0.179684 1.616131 0.603532
v -0.199654 1.455517 0.670608
v -0.211952 1.281241 0.711914
v -0.216104 1.100000 0.725861
v -0.211952 0.918759 0.711914
v -0.199654 0.744483 0.670608
v -0.179684 0.583869 0.603532
v -0.152809 0.443090 0.513261
v -0.120061 0.327555 0.403267
v -0.082700 0.241705 0.277775
v -0.043722 0.189505 0.146857
v -0.084465 2.010495 0.131668
v -0.159763 1.958295 0.249046
v -0.231940 1.872445 0.361559
v -0.295204 1.756910 0.460178
v -0.347123 1.616131 0.541112
v -0.385703 1.455517 0.601251
v -0.409460 1.281241 0.638285
v -0.417482 1.100000 0.650789
v -0.409460 0.918759 0.638285
v -0.385703 0.744483 0.601251
v -0.347123 0.583869 0.541112
v -0.295204 0.443090 0.460178
v -0.231940 0.327555 0.361559
v -0.159763 0.241705 0.249046
v -0.084465 0.189505 0.131668
v -0.119452 2.010495 0.107507
v -0.225939 1.958295 0.203345
v -0.328013 1.872445 0.295212
v -0.417482 1.756910 0.375733
v -0.490907 1.616131 0.441816
v -0.545466 1.455517 0.490919
v -0.579064 1.281241 0.521157
v -0.590408 1.100000 0.531367
v -0.579064 0.918759 0.521157
v -0.545466 0.744483 0.490919
v -0.490907 0.583869 0.441816
v -0.417482 0.443090 0.375733
v -0.328013 0.327555 0.295212
v -0.225939 0.241705 0.203345
v -0.119452 0.189505 0.107507
v -0.146298 2.010495 0.076019
v -0.276718 1.958295 0.143787
v -0.401732 1.872445 0.208746
v -0.511308 1.756910 0.265684
v -0.601235 1.616131 0.312411
v -0.668057 1.455517 0.347132
v -0.709205 1.281241 0.368514
v -0.723099 1.100000 0.375733
v -0.709205 0.918759 0.368514
v -0.668057 0.744483 0.347132
v -0.601235 0.583869 0.312411
v -0.511309 0.443090 0.265684
v -0.401732 0.327555 0.208746
v -0.276718 0.241705 0.143787
v -0.146298 0.189505 0.076019
v -0.163174 2.010495 0.039350
v -0.308639 1.958295 0.074430
v -0.448074 1.872445 0.108055
v -0.570291 1.756910 0.137528
v -0.670591 1.616131 0.161716
v -0.745120 1.455517 0.179689
v -0.791015 1.281241 0.190757
v -0.806512 1.100000 0.194494
v -0.791016 0.918759 0.190757
v -0.745120 0.744483 0.179689
v -0.670591 0.583869 0.161716
v -0.570291 0.443090 0.137528
v -0.448074 0.327555 0.108055
v -0.308639 0.241705 0.074430
v -0.163174 0.189505 0.039350
v -0.168930 2.010495 -0.000000
v -0.319527 1.958295 -0.000000
v -0.463881 1.872445 -0.000000
v -0.590408 1.756910 -0.000000
v -0.694247 1.616131 0.000000
v -0.771405 1.455517 -0.000000
v -0.818919 1.281241 -0.000000
v -0.834963 1.100000 -0.000000
v -0.818919 0.918759 -0.000000
v -0.771405 0.744483 -0.000000
v -0.694247 0.583869 0.000000
v -0.590408 0.443090 -0.000000
v -0.463881 0.327555 -0.000000
v -0.319527 0.241705 -0.000000
v -0.168930 0.189505 -0.000000
v -0.163174 2.010495 -0.039350
v -0.308639 1.958295 -0.074430
v -0.448074 1.872445 -0.108055
v -0.570290 1.756910 -0.137528
v -0.670591 1.616131 -0.161716
v -0.745120 1.455517 -0.179689
v -0.791015 1.281241 -0.190757
v -0.806512 1.100000 -0.194494
v -0.791015 0.918759 -0.190757
v -0.745120 0.744483 -0.179689
v -0.670591 0.583869 -0.161716
v -0.570291 0.443090 -0.137528
v -0.448074 0.327555 -0.108055
v -0.308639 0.241705 -0.074430
v -0.163174 0.189505 -0.039350
v -0.146298 2.010495 -0.076019
v -0.276718 1.958295 -0.143787
v -0.401732 1.872445 -0.208746
v -0.511308 1.756910 -0.265684
v -0.601235 1.616131 -0.312411
v -0.668057 1.455517 -0.347132
v -0.709205 1.281241 -0.368514
v -0.723099 1.100000 -0.375733
v -0.709205 0.918759 -0.368514
v -0.668057 0.744483 -0.347132
v -0.601235 0.583869 -0.312411
v -0.511308 0.443090 -0.265684
v -0.401732 0.327555 -0.208746
v -0.276718 0.241705 -0.143787
v -0.146298 0.189505 -0.076019
v -0.119452 2.010495 -0.107507
v -0.225939 1.958295 -0.203345
v -0.328013 1.872445 -0.295212
v -0.417482 1.756910 -0.375733
v -0.490907 1.616131 -0.441816
v -0.545466 1.455517 -0.490919
v -0.579064 1.281241 -0.521157
v -0.590408 1.100000 -0.531367
v -0.579063 0.918759 -0.521157
v -0.545466 0.744483 -0.490919
v -0.490907 0.583869 -0.441816
v -0.417482 0.443090 -0.375733
v -0.328013 0.327555 -0.295212
v -0.225939 0.241705 -0.203345
v -0.119452 0.189505 -0.107507
v -0.084465 2.010495 -0.131668
v -0.159763 1.958295 -0.249046
v -0.231940 1.872445 -0.361559
v -0.295204 1.756910 -0.460178
v -0.347123 1.616131 -0.541112
v -0.385703 1.455517 -0.601251
v -0.409460 1.281241 -0.638285
v -0.417481 1.100000 -0.650789
v -0.409460 0.918759 -0.638285
v -0.385703 0.744483 -0.601251
v -0.347123 0.583869 -0.541112
v -0.295204 0.443090 -0.460178
v -0.231940 0.327555 -0.361559
v -0.159763 0.241705 -0.249046
v -0.084465 0.189505 -0.131668
v -0.043722 2.010495 -0.146857
v -0.082700 1.958295 -0.277775
v -0.120061 1.872445 -0.403267
v -0.152809 1.756910 -0.513261
v -0.179684 1.616131 -0.603532
v -0.199654 1.455517 -0.670608
v -0.211952 1.281241 -0.711914
v -0.216104 1.100000 -0.725861
v -0.211952 0.918759 -0.711914
v -0.199654 0.744483 -0.670608
v -0.179684 0.583869 -0.603532
v -0.152809 0.443090 -0.513261
v -0.120061 0.327555 -0.403267
v -0.082700 0.241705 -0.277775
v -0.043722 0.189505 -0.146857
v 0.000000 2.010495 -0.152037
v 0.000000 1.958295 -0.287574
v 0.000000 1.872445 -0.417493
v -0.000000 1.616131 -0.624822
v 0.000000 1.281241 -0.737028
v 0.000000 1.100000 -0.751467
v 0.000000 0.918759 -0.737028
v -0.000000 0.583869 -0.624822
v 0.000000 0.327555 -0.417493
v 0.000000 0.241705 -0.287574
v 0.000000 2.846500 0.000000
v -0.000000 2.440733 -0.516656
v -0.000000 2.159266 -0.516656
v -0.000000 1.753498 0.000000
v 0.044369 2.824531 -0.136554
v 0.082644 2.770904 -0.254352
v 0.116876 2.684491 -0.359707
v 0.143143 2.571877 -0.440550
v 0.159656 2.440733 -0.491369
v 0.165288 2.300000 -0.508703
v 0.159656 2.159266 -0.491369
v 0.143143 2.028123 -0.440550
v 0.116876 1.915508 -0.359707
v 0.082644 1.829096 -0.254352
v 0.044369 1.775469 -0.136554
v 0.084395 2.824531 -0.116159
v 0.157198 2.770904 -0.216364
v 0.222311 2.684491 -0.305985
v 0.272275 2.571877 -0.374754
v 0.303683 2.440733 -0.417984
v 0.314396 2.300000 -0.432729
v 0.303683 2.159266 -0.417984
v 0.272275 2.028123 -0.374754
v 0.222311 1.915508 -0.305985
v 0.157198 1.829096 -0.216364
v 0.084395 1.775469 -0.116159
v 0.116159 2.824531 -0.084395
v 0.216364 2.770904 -0.157198
v 0.305985 2.684491 -0.222311
v 0.374754 2.571877 -0.272275
v 0.417984 2.440733 -0.303683
v 0.432729 2.300000 -0.314396
v 0.417984 2.159266 -0.303683
v 0.374754 2.028123 -0.272275
v 0.305985 1.915508 -0.222311
v 0.216364 1.829096 -0.157198
v 0.116159 1.775469 -0.084395
v 0.136554 2.824531 -0.044369
v 0.254352 2.770904 -0.082644
v 0.359707 2.684491 -0.116876
v 0.440550 2.571877 -0.143143
v 0.491369 2.440733 -0.159656
v 0.508703 2.300000 -0.165288
v 0.491369 2.159266 -0.159656
v 0.440550 2.028123 -0.143143
v 0.359707 1.915508 -0.116876
v 0.254352 1.829096 -0.082644
v 0.136554 1.775469 -0.044369
v 0.143581 2.824531 0.000000
v 0.267441 2.770904 -0.000000
v 0.378219 2.684491 0.000000
v 0.463221 2.571877 0.000000
v 0.516656 2.440733 0.000000
v 0.534882 2.300000 -0.000000
v 0.516656 2.159266 0.000000
v 0.463221 2.028123 0.000000
v 0.378219 1.915508 0.000000
v 0.267441 1.829096 -0.000000
v 0.143581 1.775469 0.000000
v 0.136554 2.824531 0.044369
v 0.254352 2.770904 0.082644
v 0.359707 2.684491 0.116876
v 0.440550 2.571877 0.143143
v 0.491369 2.440733 0.159656
v 0.508703 2.300000 0.165288
v 0.491369 2.159266 0.159656
v 0.440550 2.028123 0.143143
v 0.359707 1.915508 0.116876
v 0.254352 1.829096 0.082644
v 0.136554 1.775469 0.044369
v 0.116159 2.824531 0.084395
v 0.216364 2.770904 0.157198
v 0.305985 2.684491 0.222311
v 0.374754 2.571877 0.272275
v 0.417984 2.440733 0.303683
v 0.432729 2.300000 0.314396
v 0.417984 2.159266 0.303683
v 0.374754 2.028123 0.272275
v 0.305985 1.915508 0.222311
v 0.216364 1.829096 0.157198
v 0.116159 1.775469 0.084395
v 0.084395 2.824531 0.116159
v 0.157198 2.770904 0.216364
v 0.222311 2.684491 0.305985
v 0.272275 2.571877 0.374754
v 0.303683 2.440733 0.417984
v 0.314396 2.300000 0.432729
v 0.303683 2.159266 0.417984
v 0.272275 2.028123 0.374754
v 0.222311 1.915508 0.305985
v 0.157198 1.829096 0.216364
v 0.084395 1.775469 0.116159
v 0.044369 2.824531 0.136554
v 0.082644 2.770904 0.254352
v 0.116876 2.684491 0.359707
v 0.143143 2.571877 0.440550
v 0.159656 2.440733 0.491369
v 0.165288 2.300000 0.508703
v 0.159656 2.159266 0.491369
v 0.143143 2.028123 0.440550
v 0.116876 1.915508 0.359707
v 0.082644 1.829096 0.254352
v 0.044369 1.775469 0.136554
v 0.000000 2.824531 0.143581
v 0.000000 2.770904 0.267441
v 0.000000 2.684491 0.378219
v 0.000000 2.571877 0.463222
v -0.000000 2.440733 0.516656
v -0.000000 2.300000 0.534882
v -0.000000 2.159266 0.516656
v 0.000000 2.028123 0.463222
v 0.000000 1.915508 0.378219
v 0.000000 1.829096 0.267441
v 0.000000 1.775469 0.143581
v -0.044369 2.824531 0.136554
v -0.082644 2.770904 0.254352
v -0.116876 2.684491 0.359707
v -0.143143 2.571877 0.440550
v -0.159656 2.440733 0.491369
v -0.165288 2.300000 0.508703
v -0.159656 2.159266 0.491369
v -0.143143 2.028123 0.440550
v -0.116876 1.915508 0.359707
v -0.082644 1.829096 0.254352
v -0.044369 1.775469 0.136554
v -0.084395 2.824531 0.116159
v -0.157198 2.770904 0.216364
v -0.222311 2.684491 0.305986
v -0.272275 2.571877 0.374754
v -0.303683 2.440733 0.417984
v -0.314396 2.300000 0.432729
v -0.303683 2.159266 0.417984
v -0.272275 2.028123 0.374754
v -0.222311 1.915508 0.305985
v -0.157198 1.829096 0.216364
v -0.084395 1.775469 0.116159
v -0.116159 2.824531 0.084395
v -0.216364 2.770904 0.157198
v -0.305985 2.684491 0.222311
v -0.374754 2.571877 0.272275
v -0.417984 2.440733 0.303683
v -0.432729 2.300000 0.314396
v -0.417984 2.159266 0.303683
v -0.374754 2.028123 0.272275
v -0.305985 1.915508 0.222311
v -0.216364 1.829096 0.157198
v -0.116159 1.775469 0.084395
v -0.136554 2.824531 0.044369
v -0.254352 2.770904 0.082644
v -0.359708 2.684491 0.116876
v -0.440550 2.571877 0.143143
v -0.491369 2.440733 0.159656
v -0.508703 2.300000 0.165288
v -0.491369 2.159266 0.159656
v -0.440550 2.028123 0.143143
v -0.359708 1.915508 0.116876
v -0.254352 1.829096 0.082644
v -0.136554 1.775469 0.044369
v -0.143581 2.824531 0.000000
v -0.267441 2.770904 0.000000
v -0.378219 2.684491 0.000000
v -0.463222 2.571876 0.000000
v -0.516656 2.440733 -0.000000
v -0.534882 2.300000 -0.000000
v -0.516656 2.159266 -0.000000
v -0.463222 2.028123 0.000000
v -0.378219 1.915508 0.000000
v -0.267441 1.829096 0.000000
v -0.143581 1.775469 0.000000
v -0.136554 2.824531 -0.044369
v -0.254352 2.770904 -0.082644
v -0.359708 2.684491 -0.116876
v -0.440550 2.571876 -0.143143
v -0.491369 2.440733 -0.159656
v -0.508703 2.300000 -0.165288
v -0.491369 2.159266 -0.159656
v -0.440550 2.028123 -0.143143
v -0.359708 1.915508 -0.116876
v -0.254352 1.829096 -0.082644
v -0.136554 1.775469 -0.044369
v -0.116159 2.824531 -0.084395
v -0.216364 2.770904 -0.157198
v -0.305985 2.684491 -0.222311
v -0.374754 2.571877 -0.272275
v -0.417984 2.440733 -0.303683
v -0.432729 2.300000 -0.314396
v -0.417984 2.159266 -0.303683
v -0.374754 2.028123 -0.272275
v -0.305985 1.915508 -0.222311
v -0.216364 1.829096 -0.157198
v -0.116159 1.775469 -0.084395
v -0.084395 2.824531 -0.116159
v -0.157198 2.770904 -0.216364
v -0.222312 2.684491 -0.305986
v -0.272275 2.571877 -0.374754
v -0.303683 2.440733 -0.417984
v -0.314396 2.300000 -0.432729
v -0.303683 2.159266 -0.417984
v -0.272275 2.028123 -0.374754
v -0.222312 1.915508 -0.305986
v -0.157198 1.829096 -0.216364
v -0.084395 1.775469 -0.116159
v -0.044369 2.824531 -0.136554
v -0.082644 2.770904 -0.254352
v -0.116876 2.684491 -0.359708
v -0.143143 2.571877 -0.440550
v -0.159656 2.440733 -0.491369
v -0.165288 2.300000 -0.508703
v -0.159656 2.159266 -0.491369
v -0.143143 2.028123 -0.440550
v -0.116876 1.915508 -0.359708
v -0.082644 1.829096 -0.254352
v -0.044369 1.775469 -0.136554
v -0.000000 2.824531 -0.143581
v -0.000000 2.770904 -0.267441
v -0.000000 2.684491 -0.378219
v -0.000000 2.571877 -0.463222
v -0.000000 2.300000 -0.534882
v -0.000000 2.028123 -0.463222
v -0.000000 1.915508 -0.378219
v -0.000000 1.829096 -0.267441
v -0.000000 1.775469 -0.143581
v -0.850000 0.950000 -0.173508
v -0.850000 1.650000 -0.173508
v -0.763246 0.950000 -0.150263
v -0.763246 1.650000 -0.150263
v -0.699737 0.950000 -0.086754
v -0.699737 1.650000 -0.086754
v -0.676491 0.950000 -0.000000
v -0.676491 1.650000 -0.000000
v -0.699737 0.950000 0.086754
v -0.699737 1.650000 0.086754
v -0.763246 0.950000 0.150263
v -0.763246 1.650000 0.150263
v -0.850000 0.950000 0.173509
v -0.850000 1.650000 0.173509
v -0.936754 0.950000 0.150263
v -0.936754 1.650000 0.150263
v -1.000263 0.950000 0.086754
v -1.000263 1.650000 0.086754
v -1.023508 0.950000 0.000000
v -1.023509 1.650000 -0.000000
v -1.000263 0.950000 -0.086754
v -1.000263 1.650000 -0.086754
v -0.936754 0.950000 -0.150263
v -0.936754 1.650000 -0.150263
v 0.850000 0.950000 -0.173508
v 0.850000 1.650000 -0.173508
v 0.936754 0.950000 -0.150263
v 0.936754 1.650000 -0.150263
v 1.000263 0.950000 -0.086754
v 1.000263 1.650000 -0.086754
v 1.023508 0.950000 -0.000000
v 1.023508 1.650000 -0.000000
v 1.000263 0.950000 0.086754
v 1.000263 1.650000 0.086754
v 0.936754 0.950000 0.150263
v 0.936754 1.650000 0.150263
v 0.850000 0.950000 0.173509
v 0.850000 1.650000 0.173509
v 0.763246 0.950000 0.150263
v 0.763246 1.650000 0.150263
v 0.699737 0.950000 0.086754
v 0.699737 1.650000 0.086754
v 0.676491 0.950000 0.000000
v 0.676491 1.650000 -0.000000
v 0.699737 0.950000 -0.086754
v 0.699737 1.650000 -0.086754
v 0.763246 0.950000 -0.150263
v 0.763246 1.650000 -0.150263
v -0.300000 0.250000 -0.173508
v -0.300000 0.750000 -0.173508
v -0.213246 0.250000 -0.150263
v -0.213246 0.750000 -0.150263
v -0.149737 0.250000 -0.086754
v -0.149737 0.750000 -0.086754
v -0.126491 0.250000 -0.000000
v -0.126491 0.750000 -0.000000
v -0.149737 0.250000 0.086754
v -0.149737 0.750000 0.086754
v -0.213246 0.250000 0.150263
v -0.213246 0.750000 0.150263
v -0.300000 0.250000 0.173509
v -0.300000 0.750000 0.173509
v -0.386754 0.250000 0.150263
v -0.386754 0.750000 0.150263
v -0.450263 0.250000 0.086754
v -0.450263 0.750000 0.086754
v -0.473508 0.250000 0.000000
v -0.473509 0.750000 -0.000000
v -0.450263 0.250000 -0.086754
v -0.450263 0.750000 -0.086754
v -0.386754 0.250000 -0.150263
v -0.386754 0.750000 -0.150263
v 0.300000 0.250000 -0.173508
v 0.300000 0.750000 -0.173508
v 0.386754 0.250000 -0.150263
v 0.386754 0.750000 -0.150263
v 0.450263 0.250000 -0.086754
v 0.450263 0.750000 -0.086754
v 0.473509 0.250000 -0.000000
v 0.473509 0.750000 -0.000000
v 0.450263 0.250000 0.086754
v 0.450263 0.750000 0.086754
v 0.386754 0.250000 0.150263
v 0.386754 0.750000 0.150263
v 0.300000 0.250000 0.173509
v 0.300000 0.750000 0.173509
v 0.213246 0.250000 0.150263
v 0.213246 0.750000 0.150263
v 0.149737 0.250000 0.086754
v 0.149737 0.750000 0.086754
v 0.126491 0.250000 0.000000
v 0.126491 0.750000 -0.000000
v 0.149737 0.250000 -0.086754
v 0.149737 0.750000 -0.086754
v 0.213246 0.250000 -0.150263
v 0.213246 0.750000 -0.150263
v -0.200000 2.376665 -0.450000
v -0.200000 2.365791 -0.487121
v -0.200000 2.300000 -0.521562
v -0.200000 2.234209 -0.487121
v -0.200000 2.223334 -0.450000
v -0.178181 2.365791 -0.480031
v -0.163572 2.338213 -0.500138
v -0.157937 2.300000 -0.507895
v -0.163572 2.261786 -0.500138
v -0.178181 2.234209 -0.480031
v -0.164696 2.365791 -0.461471
v -0.141059 2.338213 -0.469151
v -0.131941 2.300000 -0.472114
v -0.141059 2.261786 -0.469151
v -0.164696 2.234209 -0.461471
v -0.164696 2.365791 -0.438529
v -0.141059 2.338213 -0.430849
v -0.131941 2.300000 -0.427886
v -0.141059 2.261786 -0.430849
v -0.164696 2.234209 -0.438529
v -0.178181 2.365791 -0.419969
v -0.163572 2.338213 -0.399862
v -0.157937 2.300000 -0.392105
v -0.163572 2.261786 -0.399862
v -0.178181 2.234209 -0.419969
v -0.200000 2.365791 -0.412879
v -0.200000 2.338213 -0.388026
v -0.200000 2.300000 -0.378438
v -0.200000 2.261786 -0.388026
v -0.200000 2.234209 -0.412879
v -0.221819 2.365791 -0.419969
v -0.236428 2.338213 -0.399862
v -0.242063 2.300000 -0.392105
v -0.236428 2.261786 -0.399862
v -0.221819 2.234209 -0.419969
v -0.235304 2.365791 -0.438529
v -0.258941 2.338213 -0.430849
v -0.268059 2.300000 -0.427886
v -0.258941 2.261786 -0.430849
v -0.235304 2.234209 -0.438529
v -0.235304 2.365791 -0.461471
v -0.258941 2.338213 -0.469151
v -0.268059 2.300000 -0.472114
v -0.258941 2.261786 -0.469151
v -0.235304 2.234209 -0.461471
v -0.221819 2.365791 -0.480031
v -0.236428 2.338213 -0.500138
v -0.242063 2.300000 -0.507895
v -0.236428 2.261786 -0.500138
v -0.221819 2.234209 -0.480031
v -0.200000 2.338213 -0.511974
v -0.200000 2.261786 -0.511974
v 0.200000 2.376665 -0.450000
v 0.200000 2.365791 -0.487121
v 0.200000 2.300000 -0.521562
v 0.200000 2.234209 -0.487121
v 0.200000 2.223334 -0.450000
v 0.221819 2.365791 -0.480031
v 0.236428 2.338213 -0.500138
v 0.242063 2.300000 -0.507895
v 0.236428 2.261786 -0.500138
v 0.221819 2.234209 -0.480031
v 0.235304 2.365791 -0.461471
v 0.258941 2.338213 -0.469151
v 0.268059 2.300000 -0.472114
v 0.258941 2.261786 -0.469151
v 0.235304 2.234209 -0.461471
v 0.235304 2.365791 -0.438529
v 0.258941 2.338213 -0.430849
v 0.268059 2.300000 -0.427886
v 0.258941 2.261786 -0.430849
v 0.235304 2.234209 -0.438529
v 0.221819 2.365791 -0.419969
v 0.236428 2.338213 -0.399862
v 0.242063 2.300000 -0.392105
v 0.236428 2.261786 -0.399862
v 0.221819 2.234209 -0.419969
v 0.200000 2.365791 -0.412879
v 0.200000 2.338213 -0.388026
v 0.200000 2.300000 -0.378438
v 0.200000 2.261786 -0.388026
v 0.200000 2.234209 -0.412879
v 0.178181 2.365791 -0.419969
v 0.163572 2.338213 -0.399862
v 0.157937 2.300000 -0.392105
v 0.163572 2.261786 -0.399862
v 0.178181 2.234209 -0.419969
v 0.164696 2.365791 -0.438529
v 0.141059 2.338213 -0.430849
v 0.131941 2.300000 -0.427886
v 0.141059 2.261786 -0.430849
v 0.164696 2.234209 -0.438529
v 0.164696 2.365791 -0.461471
v 0.141059 2.338213 -0.469151
v 0.131941 2.300000 -0.472114
v 0.141059 2.261786 -0.469151
v 0.164696 2.234209 -0.461471
v 0.178181 2.365791 -0.480031
v 0.163572 2.338213 -0.500138
v 0.157937 2.300000 -0.507895
v 0.163572 2.261786 -0.500138
v 0.178181 2.234209 -0.480031
v 0.200000 2.338213 -0.511974
v 0.200000 2.261786 -0.511974
v 0.000000 0.176852 -0.089829
v 0.062927 1.988922 -0.211362
v 0.101871 1.919312 -0.342167
v 0.137095 1.818133 -0.460480
v 0.167050 1.689356 -0.561096
v 0.190586 1.537931 -0.640150
v 0.206798 1.369677 -0.694603
v 0.215063 1.191059 -0.722363
v 0.215063 1.008941 -0.722363
v 0.206798 0.830323 -0.694603
v 0.190586 0.662069 -0.640150
v 0.167050 0.510644 -0.561096
v 0.137095 0.381867 -0.460480
v 0.101871 0.280688 -0.342167
v 0.062927 0.211078 -0.211362
v 0.077063 0.443090 -0.526815
v 0.077063 1.756910 -0.526815
v 0.100687 1.455517 -0.688317
v 0.022252 0.189671 -0.152117
v 0.100687 0.744483 -0.688317
v 0.121565 1.988922 -0.189502
v 0.196799 1.919312 -0.306779
v 0.264847 1.818133 -0.412855
v 0.322716 1.689356 -0.503065
v 0.368185 1.537931 -0.573943
v 0.399503 1.369677 -0.622764
v 0.415470 1.191059 -0.647653
v 0.415470 1.008941 -0.647653
v 0.399503 0.830323 -0.622764
v 0.368185 0.662069 -0.573943
v 0.322716 0.510644 -0.503065
v 0.264847 0.381867 -0.412855
v 0.196799 0.280688 -0.306779
v 0.121565 0.211078 -0.189502
v 0.265673 0.583869 -0.577253
v 0.295200 0.744483 -0.641409
v 0.225937 1.756910 -0.490913
v 0.177517 1.872445 -0.385708
v 0.225937 0.443090 -0.490913
v 0.265673 1.616131 -0.577253
v 0.177517 0.327555 -0.385708
v 0.295200 1.455517 -0.641409
v 0.122276 0.241705 -0.265680
v 0.313383 1.281241 -0.680916
v 0.065239 0.189671 -0.141750
v 0.319523 1.100000 -0.694256
v 0.065239 2.010329 -0.141750
v 0.313383 0.918759 -0.680916
v 0.122276 1.958295 -0.265680
v 0.171919 1.988922 -0.154727
v 0.278315 1.919312 -0.250484
v 0.374550 1.818133 -0.337095
v 0.456390 1.689356 -0.410751
v 0.520692 1.537931 -0.468622
v 0.564983 1.369677 -0.508485
v 0.587563 1.191059 -0.528807
v 0.587563 1.008941 -0.528807
v 0.564983 0.830323 -0.508485
v 0.520692 0.662069 -0.468622
v 0.456390 0.510644 -0.410751
v 0.374550 0.381867 -0.337095
v 0.278315 0.280688 -0.250484
v 0.171919 0.211078 -0.154727
v 0.103780 0.189671 -0.121723
v 0.194513 0.241705 -0.228145
v 0.508287 1.100000 -0.596171
v 0.498521 1.281241 -0.584716
v 0.103780 2.010329 -0.121723
v 0.498521 0.918759 -0.584716
v 0.194513 1.958295 -0.228145
v 0.469596 0.744483 -0.550791
v 0.282389 1.872445 -0.331215
v 0.422625 0.583869 -0.495698
v 0.359413 1.756910 -0.421557
v 0.359413 0.443090 -0.421557
v 0.422625 1.616131 -0.495698
v 0.282389 0.327555 -0.331215
v 0.469596 1.455517 -0.550791
v 0.210557 1.988922 -0.109409
v 0.340865 1.919312 -0.177119
v 0.458728 1.818133 -0.238362
v 0.558961 1.689356 -0.290445
v 0.637714 1.537931 -0.331366
v 0.691960 1.369677 -0.359553
v 0.719615 1.191059 -0.373923
v 0.719615 1.008941 -0.373923
v 0.691960 0.830323 -0.359553
v 0.637714 0.662069 -0.331366
v 0.558961 0.510644 -0.290445
v 0.458728 0.381867 -0.238362
v 0.340865 0.280688 -0.177119
v 0.210557 0.211078 -0.109409
v 0.468397 1.756910 -0.323472
v 0.368017 1.872445 -0.254150
v 0.468397 0.443090 -0.323472
v 0.550776 0.583869 -0.380363
v 0.550776 1.616131 -0.380363
v 0.368017 0.327555 -0.254150
v 0.611990 1.455517 -0.422637
v 0.253494 0.241705 -0.175062
v 0.649685 1.281241 -0.448668
v 0.135248 0.189671 -0.093402
v 0.662413 1.100000 -0.457458
v 0.135248 2.010329 -0.093402
v 0.649685 0.918759 -0.448668
v 0.253494 1.958295 -0.175062
v 0.611989 0.744483 -0.422636
v 0.234846 1.988922 -0.056634
v 0.380186 1.919312 -0.091683
v 0.511644 1.818133 -0.123385
v 0.623440 1.689356 -0.150345
v 0.711278 1.537931 -0.171528
v 0.771781 1.369677 -0.186118
v 0.802626 1.191059 -0.193557
v 0.802626 1.008941 -0.193557
v 0.771781 0.830323 -0.186118
v 0.711278 0.662069 -0.171528
v 0.623440 0.510644 -0.150345
v 0.511644 0.381867 -0.123385
v 0.380186 0.280688 -0.091683
v 0.234846 0.211078 -0.056634
v 0.771396 1.100000 -0.287570
v 0.756574 1.281241 -0.282045
v 0.157500 2.010329 -0.058715
v 0.157500 0.189671 -0.058715
v 0.756574 0.918759 -0.282045
v 0.295200 1.958295 -0.110048
v 0.712677 0.744483 -0.265680
v 0.428565 1.872445 -0.159766
v 0.641392 0.583869 -0.239106
v 0.545459 1.756910 -0.203343
v 0.545459 0.443090 -0.203343
v 0.641392 1.616131 -0.239106
v 0.428565 0.327555 -0.159766
v 0.712677 1.455517 -0.265680
v 0.295200 0.241705 -0.110048
v 0.243131 1.988922 0.000000
v 0.393597 1.919312 0.000000
v 0.529693 1.818133 0.000000
v 0.645433 1.689356 0.000000
v 0.736369 1.537931 -0.000000
v 0.799007 1.369677 0.000000
v 0.830939 1.191059 0.000000
v 0.830939 1.008941 0.000000
v 0.799007 0.830323 0.000000
v 0.736369 0.662069 -0.000000
v 0.645433 0.510644 0.000000
v 0.529693 0.381867 0.000000
v 0.393597 0.280688 0.000000
v 0.243131 0.211078 0.000000
v 0.585350 0.443090 -0.069357
v 0.688299 0.583869 -0.081555
v 0.688299 1.616131 -0.081555
v 0.585350 1.756910 -0.069357
v 0.459906 0.327555 -0.054493
v 0.764796 1.455517 -0.090619
v 0.316789 0.241705 -0.037535
v 0.811904 1.281241 -0.096200
v 0.169018 0.189671 -0.020027
v 0.827810 1.100000 -0.098085
v 0.169018 2.010329 -0.020027
v 0.811904 0.918759 -0.096200
v 0.316789 1.958295 -0.037535
v 0.764796 0.744483 -0.090619
v 0.459906 1.872445 -0.054493
v 0.234846 1.988922 0.056634
v 0.380186 1.919312 0.091683
v 0.511644 1.818133 0.123385
v 0.623440 1.689356 0.150345
v 0.711278 1.537931 0.171528
v 0.771781 1.369677 0.186118
v 0.802626 1.191059 0.193557
v 0.802626 1.008941 0.193557
v 0.771781 0.830323 0.186118
v 0.711278 0.662069 0.171528
v 0.623440 0.510644 0.150345
v 0.511644 0.381867 0.123385
v 0.380186 0.280688 0.091683
v 0.234846 0.211078 0.056634
v 0.169018 0.189671 0.020027
v 0.811904 0.918759 0.096200
v 0.827810 1.100000 0.098085
v 0.316789 1.958295 0.037535
v 0.169018 2.010329 0.020027
v 0.764797 0.744483 0.090619
v 0.459907 1.872445 0.054493
v 0.688299 0.583869 0.081555
v 0.585350 1.756910 0.069357
v 0.585350 0.443090 0.069357
v 0.688299 1.616131 0.081555
v 0.459907 0.327555 0.054493
v 0.764796 1.455517 0.090619
v 0.316789 0.241705 0.037535
v 0.811904 1.281241 0.096200
v 0.210557 1.988922 0.109409
v 0.340865 1.919312 0.177119
v 0.458728 1.818133 0.238362
v 0.558961 1.689356 0.290445
v 0.637714 1.537931 0.331366
v 0.691960 1.369677 0.359553
v 0.719615 1.191059 0.373923
v 0.719615 1.008941 0.373923
v 0.691960 0.830323 0.359553
v 0.637714 0.662069 0.331366
v 0.558961 0.510644 0.290445
v 0.458728 0.381867 0.238362
v 0.340865 0.280688 0.177119
v 0.210557 0.211078 0.109409
v 0.428565 0.327555 0.159766
v 0.545459 0.443090 0.203343
v 0.712677 1.455517 0.265680
v 0.641392 1.616131 0.239106
v 0.295200 0.241705 0.110048
v 0.756574 1.281241 0.282045
v 0.157500 0.189671 0.058715
v 0.771396 1.100000 0.287570
v 0.157500 2.010329 0.058715
v 0.756574 0.918759 0.282045
v 0.295200 1.958295 0.110048
v 0.712677 0.744483 0.265680
v 0.428565 1.872445 0.159766
v 0.641392 0.583869 0.239106
v 0.545459 1.756910 0.203343
v 0.171919 1.988922 0.154727
v 0.278315 1.919312 0.250484
v 0.374550 1.818133 0.337095
v 0.456390 1.689356 0.410751
v 0.520692 1.537931 0.468622
v 0.564983 1.369677 0.508485
v 0.587563 1.191059 0.528807
v 0.587563 1.008941 0.528807
v 0.564983 0.830323 0.508485
v 0.520692 0.662069 0.468622
v 0.456390 0.510644 0.410751
v 0.374550 0.381867 0.337095
v 0.278315 0.280688 0.250484
v 0.171919 0.211078 0.154727
v 0.253494 1.958295 0.175062
v 0.135248 2.010329 0.093402
v 0.611990 0.744483 0.422636
v 0.649685 0.918759 0.448668
v 0.368017 1.872445 0.254150
v 0.550776 0.583869 0.380363
v 0.468397 1.756910 0.323472
v 0.468397 0.443090 0.323472
v 0.550776 1.616131 0.380363
v 0.368017 0.327555 0.254150
v 0.611990 1.455517 0.422636
v 0.253494 0.241705 0.175062
v 0.649685 1.281241 0.448668
v 0.135248 0.189671 0.093402
v 0.662413 1.100000 0.457458
v 0.121565 1.988922 0.189502
v 0.196799 1.919312 0.306779
v 0.264847 1.818133 0.412855
v 0.322716 1.689356 0.503065
v 0.368185 1.537931 0.573943
v 0.399503 1.369677 0.622764
v 0.415470 1.191059 0.647653
v 0.415470 1.008941 0.647653
v 0.399503 0.830323 0.622764
v 0.368185 0.662069 0.573943
v 0.322716 0.510644 0.503065
v 0.264847 0.381867 0.412855
v 0.196799 0.280688 0.306779
v 0.121565 0.211078 0.189502
v 0.469596 1.455517 0.550791
v 0.422625 1.616131 0.495699
v 0.194513 0.241705 0.228145
v 0.282389 0.327555 0.331215
v 0.498520 1.281241 0.584716
v 0.103780 0.189671 0.121723
v 0.508287 1.100000 0.596171
v 0.103780 2.010329 0.121723
v 0.498520 0.918759 0.584716
v 0.194513 1.958295 0.228145
v 0.469596 0.744483 0.550790
v 0.282389 1.872445 0.331215
v 0.422625 0.583869 0.495698
v 0.359413 1.756910 0.421557
v 0.359413 0.443090 0.421557
v 0.062927 1.988922 0.211362
v 0.101870 1.919312 0.342167
v 0.137095 1.818133 0.460480
v 0.167050 1.689356 0.561096
v 0.190586 1.537931 0.640150
v 0.206798 1.369677 0.694603
v 0.215063 1.191059 0.722363
v 0.215063 1.008941 0.722363
v 0.206798 0.830323 0.694603
v 0.190586 0.662069 0.640150
v 0.167050 0.510644 0.561096
v 0.137095 0.381867 0.460480
v 0.101870 0.280688 0.342167
v 0.062927 0.211078 0.211362
v 0.295200 0.744483 0.641409
v 0.313383 0.918759 0.680916
v 0.177517 1.872445 0.385708
v 0.122276 1.958295 0.265680
v 0.265673 0.583869 0.577253
v 0.225937 1.756910 0.490913
v 0.225937 0.443090 0.490913
v 0.265673 1.616131 0.577253
v 0.177517 0.327555 0.385708
v 0.295200 1.455517 0.641409
v 0.122276 0.241705 0.265680
v 0.313383 1.281241 0.680916
v 0.065239 0.189671 0.141750
v 0.319523 1.100000 0.694256
v 0.065239 2.010329 0.141750
v -0.000000 1.988922 0.218818
v -0.000000 1.919312 0.354238
v -0.000000 1.818133 0.476724
v -0.000000 1.689356 0.580890
v 0.000000 1.537931 0.662732
v 0.000000 1.369677 0.719106
v -0.000000 1.191059 0.747845
v -0.000000 1.008941 0.747845
v 0.000000 0.830323 0.719106
v 0.000000 0.662069 0.662732
v -0.000000 0.510644 0.580890
v -0.000000 0.381867 0.476724
v -0.000000 0.280688 0.354238
v -0.000000 0.211078 0.218818
v 0.041706 0.241705 0.285110
v 0.060548 0.327555 0.413916
v 0.106889 1.281241 0.730713
v 0.100687 1.455517 0.688317
v 0.022252 0.189671 0.152116
v 0.108983 1.100000 0.745029
v 0.022252 2.010329 0.152116
v 0.106889 0.918759 0.730713
v 0.041706 1.958295 0.285110
v 0.100687 0.744483 0.688317
v 0.060548 1.872445 0.413916
v 0.090616 0.583869 0.619469
v 0.077063 1.756910 0.526815
v 0.077063 0.443090 0.526815
v 0.090616 1.616131 0.619469
v -0.062927 1.988922 0.211362
v -0.101871 1.919312 0.342167
v -0.137095 1.818133 0.460480
v -0.167050 1.689356 0.561096
v -0.190586 1.537931 0.640150
v -0.206798 1.369677 0.694603
v -0.215063 1.191059 0.722363
v -0.215063 1.008941 0.722363
v -0.206798 0.830323 0.694603
v -0.190586 0.662069 0.640150
v -0.167050 0.510644 0.561096
v -0.137095 0.381867 0.460480
v -0.101871 0.280688 0.342167
v -0.062927 0.211078 0.211362
v -0.060548 1.872445 0.413916
v -0.041706 1.958295 0.285110
v -0.090616 0.583869 0.619469
v -0.100687 0.744483 0.688317
v -0.077063 1.756910 0.526815
v -0.077063 0.443090 0.526815
v -0.090616 1.616131 0.619469
v -0.060548 0.327555 0.413916
v -0.100687 1.455517 0.688317
v -0.041706 0.241705 0.285110
v -0.106889 1.281241 0.730713
v -0.022252 0.189671 0.152116
v -0.108983 1.100000 0.745029
v -0.022252 2.010329 0.152116
v -0.106889 0.918759 0.730713
v -0.121565 1.988922 0.189502
v -0.196799 1.919312 0.306779
v -0.264847 1.818133 0.412855
v -0.322717 1.689356 0.503065
v -0.368185 1.537931 0.573943
v -0.399503 1.369677 0.622764
v -0.415470 1.191059 0.647653
v -0.415470 1.008941 0.647653
v -0.399503 0.830323 0.622764
v -0.368185 0.662069 0.573943
v -0.322717 0.510644 0.503065
v -0.264847 0.381867 0.412855
v -0.196799 0.280688 0.306779
v -0.121565 0.211078 0.189502
v -0.313383 1.281241 0.680916
v -0.295200 1.455517 0.641409
v -0.065239 0.189671 0.141750
v -0.122276 0.241705 0.265680
v -0.319523 1.100000 0.694256
v -0.065239 2.010329 0.141750
v -0.313383 0.918759 0.680916
v -0.122276 1.958295 0.265680
v -0.295200 0.744483 0.641409
v -0.177517 1.872445 0.385708
v -0.265673 0.583869 0.577253
v -0.225937 1.756910 0.490913
v -0.225937 0.443090 0.490913
v -0.265673 1.616131 0.577253
v -0.177517 0.327555 0.385708
v -0.171919 1.988922 0.154727
v -0.278315 1.919312 0.250484
v -0.374550 1.818133 0.337095
v -0.456390 1.689356 0.410751
v -0.520692 1.537931 0.468622
v -0.564983 1.369677 0.508485
v -0.587563 1.191059 0.528807
v -0.587563 1.008941 0.528807
v -0.564983 0.830323 0.508485
v -0.520692 0.662069 0.468622
v -0.456390 0.510644 0.410751
v -0.374550 0.381867 0.337095
v -0.278315 0.280688 0.250484
v -0.171919 0.211078 0.154727
v -0.422625 0.583869 0.495699
v -0.469596 0.744483 0.550791
v -0.359413 1.756910 0.421557
v -0.282389 1.872445 0.331215
v -0.359413 0.443090 0.421557
v -0.422625 1.616131 0.495699
v -0.282389 0.327555 0.331215
v -0.469596 1.455517 0.550791
v -0.194513 0.241705 0.228145
v -0.498520 1.281241 0.584716
v -0.103780 0.189671 0.121723
v -0.508287 1.100000 0.596171
v -0.103780 2.010329 0.121723
v -0.498520 0.918759 0.584716
v -0.194513 1.958295 0.228145
v -0.210557 1.988922 0.109409
v -0.340865 1.919312 0.177119
v -0.458728 1.818133 0.238362
v -0.558961 1.689356 0.290445
v -0.637714 1.537931 0.331366
v -0.691960 1.369677 0.359553
v -0.719615 1.191059 0.373923
v -0.719615 1.008941 0.373923
v -0.691960 0.830323 0.359553
v -0.637714 0.662069 0.331366
v -0.558961 0.510644 0.290445
v -0.458728 0.381867 0.238362
v -0.340865 0.280688 0.177119
v -0.210557 0.211078 0.109409
v -0.135248 0.189671 0.093402
v -0.253494 0.241705 0.175062
v -0.662413 1.100000 0.457458
v -0.649684 1.281241 0.448668
v -0.135248 2.010329 0.093402
v -0.649684 0.918759 0.448668
v -0.253494 1.958295 0.175062
v -0.611989 0.744483 0.422636
v -0.368017 1.872445 0.254150
v -0.550776 0.583869 0.380363
v -0.468397 1.756910 0.323472
v -0.468397 0.443090 0.323472
v -0.550776 1.616131 0.380363
v -0.368017 0.327555 0.254150
v -0.611989 1.455517 0.422636
v -0.234846 1.988922 0.056634
v -0.380186 1.919312 0.091683
v -0.511644 1.818133 0.123385
v -0.623440 1.689356 0.150345
v -0.711278 1.537931 0.171528
v -0.771781 1.369677 0.186118
v -0.802626 1.191059 0.193557
v -0.802626 1.008941 0.193557
v -0.771781 0.830323 0.186118
v -0.711278 0.662069 0.171528
v -0.623440 0.510644 0.150345
v -0.511644 0.381867 0.123385
v -0.380186 0.280688 0.091683
v -0.234846 0.211078 0.056634
v -0.545459 0.443090 0.203343
v -0.641392 0.583869 0.239106
v -0.641392 1.616131 0.239106
v -0.545459 1.756910 0.203343
v -0.428565 0.327555 0.159766
v -0.712677 1.455517 0.265680
v -0.295200 0.241705 0.110048
v -0.756574 1.281241 0.282045
v -0.157500 0.189671 0.058715
v -0.771396 1.100000 0.287570
v -0.157500 2.010329 0.058715
v -0.756574 0.918759 0.282045
v -0.295200 1.958295 0.110048
v -0.712677 0.744483 0.265680
v -0.428565 1.872445 0.159766
v -0.243131 1.988922 -0.000000
v -0.393597 1.919312 -0.000000
v -0.529693 1.818133 -0.000000
v -0.645433 1.689356 -0.000000
v -0.736369 1.537931 0.000000
v -0.799007 1.369677 -0.000000
v -0.830939 1.191059 -0.000000
v -0.830939 1.008941 -0.000000
v -0.799007 0.830323 -0.000000
v -0.736369 0.662069 0.000000
v -0.645433 0.510644 -0.000000
v -0.529693 0.381867 -0.000000
v -0.393597 0.280688 -0.000000
v -0.243131 0.211078 -0.000000
v -0.169018 2.010329 0.020027
v -0.169018 0.189671 0.020027
v -0.811903 0.918759 0.096200
v -0.827810 1.100000 0.098085
v -0.316789 1.958295 0.037535
v -0.764796 0.744483 0.090619
v -0.459906 1.872445 0.054493
v -0.688299 0.583869 0.081555
v -0.585350 1.756910 0.069356
v -0.585350 0.443090 0.069356
v -0.688299 1.616131 0.081555
v -0.459906 0.327555 0.054493
v -0.764796 1.455517 0.090619
v -0.316789 0.241705 0.037535
v -0.811903 1.281241 0.096200
v -0.234846 1.988922 -0.056634
v -0.380186 1.919312 -0.091683
v -0.511644 1.818133 -0.123385
v -0.623440 1.689356 -0.150345
v -0.711278 1.537931 -0.171528
v -0.771781 1.369677 -0.186118
v -0.802626 1.191059 -0.193557
v -0.802626 1.008941 -0.193557
v -0.771781 0.830323 -0.186118
v -0.711278 0.662069 -0.171528
v -0.623440 0.510644 -0.150345
v -0.511644 0.381867 -0.123385
v -0.380186 0.280688 -0.091683
v -0.234846 0.211078 -0.056634
v -0.688299 1.616131 -0.081555
v -0.585350 1.756910 -0.069357
v -0.459906 0.327555 -0.054493
v -0.585350 0.443090 -0.069357
v -0.764796 1.455517 -0.090619
v -0.316789 0.241705 -0.037535
v -0.811903 1.281241 -0.096200
v -0.169018 0.189671 -0.020027
v -0.827810 1.100000 -0.098085
v -0.169018 2.010329 -0.020027
v -0.811903 0.918759 -0.096200
v -0.316789 1.958295 -0.037535
v -0.764796 0.744483 -0.090619
v -0.459906 1.872445 -0.054493
v -0.688299 0.583869 -0.081555
v -0.210557 1.988922 -0.109409
v -0.340865 1.919312 -0.177119
v -0.458728 1.818133 -0.238362
v -0.558961 1.689356 -0.290445
v -0.637714 1.537931 -0.331366
v -0.691960 1.369677 -0.359553
v -0.719615 1.191059 -0.373923
v -0.719615 1.008941 -0.373923
v -0.691960 0.830323 -0.359553
v -0.637714 0.662069 -0.331366
v -0.558961 0.510644 -0.290445
v -0.458728 0.381867 -0.238362
v -0.340865 0.280688 -0.177119
v -0.210557 0.211078 -0.109409
v -0.756574 0.918759 -0.282045
v -0.771396 1.100000 -0.287570
v -0.295200 1.958295 -0.110048
v -0.157500 2.010329 -0.058715
v -0.712677 0.744483 -0.265680
v -0.428565 1.872445 -0.159766
v -0.641392 0.583869 -0.239106
v -0.545459 1.756910 -0.203343
v -0.545459 0.443090 -0.203343
v -0.641392 1.616131 -0.239106
v -0.428565 0.327555 -0.159766
v -0.712677 1.455517 -0.265680
v -0.295200 0.241705 -0.110048
v -0.756574 1.281241 -0.282045
v -0.157500 0.189671 -0.058715
v -0.171919 1.988922 -0.154727
v -0.278315 1.919312 -0.250484
v -0.374549 1.818133 -0.337095
v -0.456390 1.689356 -0.410751
v -0.520692 1.537931 -0.468622
v -0.564983 1.369677 -0.508485
v -0.587563 1.191059 -0.528807
v -0.587563 1.008941 -0.528807
v -0.564983 0.830323 -0.508485
v -0.520692 0.662069 -0.468622
v -0.456390 0.510644 -0.410751
v -0.374549 0.381867 -0.337095
v -0.278315 0.280688 -0.250484
v -0.171919 0.211078 -0.154727
v -0.368017 0.327555 -0.254150
v -0.468396 0.443090 -0.323472
v -0.611989 1.455517 -0.422636
v -0.550776 1.616131 -0.380363
v -0.253494 0.241705 -0.175062
v -0.649684 1.281241 -0.448668
v -0.135248 0.189671 -0.093402
v -0.662413 1.100000 -0.457458
v -0.135248 2.010329 -0.093402
v -0.649684 0.918759 -0.448668
v -0.253494 1.958295 -0.175062
v -0.611989 0.744483 -0.422636
v -0.368017 1.872445 -0.254150
v -0.550776 0.583869 -0.380363
v -0.468396 1.756910 -0.323472
v -0.121565 1.988922 -0.189502
v -0.196799 1.919312 -0.306779
v -0.264846 1.818133 -0.412855
v -0.322716 1.689356 -0.503065
v -0.368184 1.537931 -0.573943
v -0.399503 1.369677 -0.622764
v -0.415470 1.191059 -0.647653
v -0.415470 1.008941 -0.647653
v -0.399503 0.830323 -0.622764
v -0.368184 0.662069 -0.573943
v -0.322716 0.510644 -0.503065
v -0.264846 0.381867 -0.412855
v -0.196799 0.280688 -0.306779
v -0.121565 0.211078 -0.189502
v -0.194513 1.958295 -0.228145
v -0.103780 2.010329 -0.121723
v -0.469596 0.744483 -0.550790
v -0.498520 0.918759 -0.584716
v -0.282389 1.872445 -0.331215
v -0.422625 0.583869 -0.495698
v -0.359413 1.756910 -0.421557
v -0.359413 0.443090 -0.421557
v -0.422625 1.616131 -0.495699
v -0.282389 0.327555 -0.331215
v -0.469596 1.455517 -0.550790
v -0.194513 0.241705 -0.228145
v -0.498520 1.281241 -0.584716
v -0.103780 0.189671 -0.121723
v -0.508287 1.100000 -0.596171
v -0.062927 1.988922 -0.211362
v -0.101870 1.919312 -0.342167
v -0.137095 1.818133 -0.460480
v -0.167050 1.689356 -0.561096
v -0.190586 1.537931 -0.640150
v -0.206798 1.369677 -0.694603
v -0.215063 1.191059 -0.722363
v -0.215063 1.008941 -0.722363
v -0.206798 0.830323 -0.694603
v -0.190586 0.662069 -0.640150
v -0.167050 0.510644 -0.561096
v -0.137095 0.381867 -0.460480
v -0.101870 0.280688 -0.342167
v -0.062927 0.211078 -0.211362
v -0.295200 1.455517 -0.641409
v -0.265673 1.616131 -0.577253
v -0.122276 0.241705 -0.265680
v -0.177517 0.327555 -0.385708
v -0.313383 1.281241 -0.680916
v -0.065239 0.189671 -0.141750
v -0.319522 1.100000 -0.694256
v -0.065239 2.010329 -0.141750
v -0.313383 0.918759 -0.680916
v -0.122276 1.958295 -0.265680
v -0.295200 0.744483 -0.641409
v -0.177517 1.872445 -0.385708
v -0.265673 0.583869 -0.577253
v -0.225937 1.756910 -0.490913
v -0.225937 0.443090 -0.490913
v 0.000000 1.988922 -0.218818
v 0.000000 1.919312 -0.354238
v 0.000000 1.191059 -0.747845
v 0.000000 1.008941 -0.747845
v 0.000000 0.280688 -0.354238
v -0.106889 0.918759 -0.730713
v -0.060548 1.872445 -0.413916
v -0.041706 1.958295 -0.285110
v -0.090616 0.583869 -0.619469
v -0.090616 1.616131 -0.619469
v -0.060548 0.327555 -0.413916
v -0.041706 0.241705 -0.285110
v -0.106889 1.281241 -0.730713
v -0.108983 1.100000 -0.745029
v -0.022252 2.010329 -0.152116
v 0.000000 2.023148 -0.089829
v 0.000000 1.818133 -0.476724
v -0.000000 1.689356 -0.580890
v -0.000000 1.537931 -0.662732
v 0.000000 1.369677 -0.719106
v 0.000000 0.830323 -0.719106
v -0.000000 0.662069 -0.662732
v -0.000000 0.510644 -0.580890
v 0.000000 0.381867 -0.476724
v 0.000000 0.211078 -0.218818
v 0.025833 2.023148 -0.086768
v 0.025833 0.176852 -0.086768
v 0.090616 0.583869 -0.619469
v 0.090616 1.616131 -0.619469
v 0.060548 0.327555 -0.413916
v 0.041706 0.241705 -0.285110
v 0.106889 1.281241 -0.730713
v 0.108983 1.100000 -0.745029
v 0.022252 2.010329 -0.152116
v 0.106889 0.918759 -0.730713
v 0.041706 1.958295 -0.285110
v 0.060548 1.872445 -0.413916
v 0.049905 2.023148 -0.077794
v 0.049905 0.176852 -0.077794
v 0.070576 2.023148 -0.063518
v 0.070576 0.176852 -0.063518
v 0.086438 2.023148 -0.044914
v 0.086438 0.176852 -0.044914
v 0.096409 2.023148 -0.023249
v 0.096409 0.176852 -0.023249
v 0.099810 2.023148 0.000000
v 0.099810 0.176852 0.000000
v 0.096409 2.023148 0.023249
v 0.096409 0.176852 0.023249
v 0.086438 2.023148 0.044914
v 0.086438 0.176852 0.044914
v 0.070576 2.023148 0.063518
v 0.070576 0.176852 0.063518
v 0.049905 2.023148 0.077794
v 0.049905 0.176852 0.077794
v 0.025833 2.023148 0.086768
v 0.025833 0.176852 0.086768
v -0.000000 2.023148 0.089829
v -0.000000 0.176852 0.089829
v -0.025833 2.023148 0.086768
v -0.025833 0.176852 0.086768
v -0.049905 2.023148 0.077794
v -0.049905 0.176852 0.077794
v -0.070576 2.023148 0.063518
v -0.070576 0.176852 0.063518
v -0.086438 2.023148 0.044914
v -0.086438 0.176852 0.044914
v -0.096409 2.023148 0.023249
v -0.096409 0.176852 0.023249
v -0.099810 2.023148 -0.000000
v -0.099810 0.176852 -0.000000
v -0.096409 2.023148 -0.023249
v -0.096409 0.176852 -0.023249
v -0.086438 2.023148 -0.044914
v -0.086438 0.176852 -0.044914
v -0.070576 2.023148 -0.063518
v -0.070576 0.176852 -0.063518
v -0.049905 2.023148 -0.077794
v -0.049905 0.176852 -0.077794
v -0.025833 2.023148 -0.086768
v -0.025833 0.176852 -0.086768
v -0.100687 0.744483 -0.688317
v -0.077063 1.756910 -0.526815
v -0.077063 0.443090 -0.526815
v -0.100687 1.455517 -0.688317
v -0.022252 0.189671 -0.152116
v 0.063451 2.802269 -0.195281
v 0.100619 2.731383 -0.309675
v 0.131130 2.631011 -0.403576
v 0.152704 2.508082 -0.469975
v 0.163872 2.370973 -0.504345
v 0.163872 2.229027 -0.504345
v 0.152704 2.091917 -0.469975
v 0.131130 1.968988 -0.403576
v 0.100619 1.868617 -0.309675
v 0.063451 1.797730 -0.195281
v 0.080821 2.440733 -0.510282
v 0.080821 2.159266 -0.510282
v 0.120690 2.802269 -0.166116
v 0.191390 2.731383 -0.263425
v 0.249424 2.631011 -0.343302
v 0.290460 2.508082 -0.399784
v 0.311702 2.370973 -0.429021
v 0.311702 2.229027 -0.429021
v 0.290460 2.091917 -0.399784
v 0.249424 1.968988 -0.343302
v 0.191390 1.868617 -0.263425
v 0.120690 1.797730 -0.166116
v 0.065788 1.775642 -0.129117
v 0.121413 1.829096 -0.238286
v 0.065788 2.824357 -0.129117
v 0.210293 2.028123 -0.412723
v 0.234551 2.159266 -0.460332
v 0.234551 2.440733 -0.460332
v 0.210293 2.571876 -0.412723
v 0.121413 2.770904 -0.238285
v 0.171703 1.915508 -0.336987
v 0.242825 2.300000 -0.476571
v 0.171703 2.684491 -0.336987
v 0.166116 2.802269 -0.120690
v 0.263425 2.731383 -0.191390
v 0.343303 2.631011 -0.249424
v 0.399784 2.508082 -0.290460
v 0.429021 2.370973 -0.311702
v 0.429021 2.229027 -0.311702
v 0.399784 2.091917 -0.290460
v 0.343302 1.968988 -0.249424
v 0.263425 1.868617 -0.191390
v 0.166116 1.797730 -0.120690
v 0.267434 2.684491 -0.267434
v 0.189104 2.770904 -0.189104
v 0.189104 1.829096 -0.189104
v 0.267434 1.915508 -0.267434
v 0.365322 2.159266 -0.365322
v 0.378209 2.300000 -0.378209
v 0.327538 2.571876 -0.327539
v 0.102468 1.775642 -0.102468
v 0.102468 2.824357 -0.102468
v 0.327538 2.028123 -0.327539
v 0.365322 2.440733 -0.365322
v 0.195281 2.802269 -0.063451
v 0.309675 2.731383 -0.100620
v 0.403576 2.631011 -0.131130
v 0.469974 2.508082 -0.152704
v 0.504345 2.370973 -0.163872
v 0.504345 2.229027 -0.163872
v 0.469974 2.091917 -0.152704
v 0.403576 1.968988 -0.131130
v 0.309675 1.868617 -0.100619
v 0.195281 1.797730 -0.063451
v 0.129117 1.775642 -0.065788
v 0.238286 2.770904 -0.121413
v 0.129117 2.824357 -0.065788
v 0.336987 1.915508 -0.171703
v 0.412723 2.028123 -0.210293
v 0.476571 2.300000 -0.242825
v 0.460332 2.440733 -0.234551
v 0.336987 2.684491 -0.171703
v 0.238286 1.829096 -0.121413
v 0.460332 2.159266 -0.234551
v 0.412723 2.571876 -0.210293
v 0.205331 2.802269 -0.000000
v 0.325612 2.731383 0.000000
v 0.424345 2.631011 0.000000
v 0.494160 2.508082 0.000000
v 0.530299 2.370973 -0.000000
v 0.530299 2.229027 -0.000000
v 0.494160 2.091917 0.000000
v 0.424345 1.968988 0.000000
v 0.325612 1.868617 0.000000
v 0.205331 1.797730 -0.000000
v 0.457507 2.571876 -0.072462
v 0.373553 2.684491 -0.059165
v 0.143127 1.775642 -0.022669
v 0.264142 1.829096 -0.041836
v 0.143127 2.824357 -0.022669
v 0.457507 2.028123 -0.072462
v 0.510282 2.159266 -0.080821
v 0.510282 2.440733 -0.080821
v 0.264142 2.770904 -0.041836
v 0.373553 1.915508 -0.059165
v 0.528283 2.300000 -0.083672
v 0.195281 2.802269 0.063451
v 0.309675 2.731383 0.100620
v 0.403576 2.631011 0.131130
v 0.469975 2.508082 0.152704
v 0.504345 2.370973 0.163872
v 0.504345 2.229027 0.163872
v 0.469975 2.091917 0.152704
v 0.403576 1.968988 0.131130
v 0.309675 1.868617 0.100620
v 0.195281 1.797730 0.063451
v 0.373553 2.684491 0.059165
v 0.264142 2.770904 0.041836
v 0.264142 1.829096 0.041836
v 0.373553 1.915508 0.059165
v 0.510282 2.159266 0.080821
v 0.528283 2.300000 0.083672
v 0.457507 2.571876 0.072462
v 0.143127 1.775642 0.022669
v 0.143127 2.824357 0.022669
v 0.457507 2.028123 0.072462
v 0.510282 2.440733 0.080821
v 0.166116 2.802269 0.120690
v 0.263425 2.731383 0.191390
v 0.343303 2.631011 0.249424
v 0.399784 2.508082 0.290460
v 0.429021 2.370973 0.311702
v 0.429021 2.229027 0.311702
v 0.399784 2.091917 0.290460
v 0.343303 1.968988 0.249424
v 0.263425 1.868617 0.191390
v 0.166116 1.797730 0.120690
v 0.460332 2.440733 0.234551
v 0.412723 2.571876 0.210293
v 0.129117 1.775642 0.065788
v 0.238286 2.770904 0.121413
v 0.129117 2.824357 0.065788
v 0.336987 1.915508 0.171703
v 0.412723 2.028123 0.210293
v 0.476571 2.300000 0.242825
v 0.336987 2.684491 0.171703
v 0.238286 1.829096 0.121413
v 0.460332 2.159266 0.234551
v 0.120690 2.802269 0.166116
v 0.191390 2.731383 0.263425
v 0.249424 2.631011 0.343303
v 0.290460 2.508082 0.399784
v 0.311702 2.370973 0.429021
v 0.311702 2.229027 0.429021
v 0.290460 2.091917 0.399784
v 0.249424 1.968988 0.343303
v 0.191390 1.868617 0.263425
v 0.120690 1.797730 0.166116
v 0.327539 2.571876 0.327539
v 0.267434 2.684491 0.267434
v 0.102468 1.775642 0.102468
v 0.189104 1.829096 0.189104
v 0.102468 2.824357 0.102468
v 0.327539 2.028123 0.327539
v 0.365322 2.159266 0.365322
v 0.365322 2.440733 0.365322
v 0.189104 2.770904 0.189104
v 0.267434 1.915508 0.267434
v 0.378209 2.300000 0.378209
v 0.063451 2.802269 0.195281
v 0.100620 2.731383 0.309675
v 0.131130 2.631011 0.403576
v 0.152704 2.508082 0.469975
v 0.163872 2.370973 0.504345
v 0.163872 2.229027 0.504345
v 0.152704 2.091917 0.469975
v 0.131130 1.968988 0.403576
v 0.100620 1.868617 0.309675
v 0.063451 1.797730 0.195281
v 0.242825 2.300000 0.476571
v 0.234551 2.440733 0.460332
v 0.171703 2.684491 0.336987
v 0.121413 2.770904 0.238286
v 0.121413 1.829096 0.238286
v 0.171703 1.915508 0.336987
v 0.234551 2.159266 0.460332
v 0.210293 2.571876 0.412723
v 0.065788 1.775642 0.129117
v 0.065788 2.824357 0.129117
v 0.210293 2.028123 0.412723
v 0.000000 2.802269 0.205331
v 0.000000 2.731383 0.325612
v 0.000000 2.631011 0.424345
v 0.000000 2.508082 0.494160
v -0.000000 2.370973 0.530299
v -0.000000 2.229027 0.530300
v -0.000000 2.091917 0.494160
v 0.000000 1.968988 0.424345
v 0.000000 1.868617 0.325612
v 0.000000 1.797730 0.205331
v 0.080821 2.440733 0.510282
v 0.072462 2.571876 0.457507
v 0.022669 1.775642 0.143127
v 0.041836 2.770904 0.264142
v 0.022669 2.824357 0.143127
v 0.059165 1.915508 0.373553
v 0.072462 2.028123 0.457507
v 0.083672 2.300000 0.528283
v 0.059165 2.684491 0.373553
v 0.041836 1.829096 0.264142
v 0.080821 2.159266 0.510282
v -0.063451 2.802269 0.195281
v -0.100620 2.731383 0.309675
v -0.131130 2.631011 0.403576
v -0.152704 2.508082 0.469975
v -0.163872 2.370973 0.504345
v -0.163872 2.229027 0.504345
v -0.152704 2.091917 0.469975
v -0.131130 1.968988 0.403576
v -0.100620 1.868617 0.309675
v -0.063451 1.797730 0.195281
v -0.080821 2.159266 0.510282
v -0.083672 2.300000 0.528283
v -0.072462 2.571876 0.457507
v -0.059165 2.684491 0.373553
v -0.022669 1.775642 0.143127
v -0.041836 1.829096 0.264142
v -0.022669 2.824357 0.143127
v -0.072462 2.028123 0.457507
v -0.080821 2.440733 0.510282
v -0.041836 2.770904 0.264142
v -0.059165 1.915508 0.373553
v -0.120691 2.802269 0.166116
v -0.191390 2.731383 0.263425
v -0.249424 2.631011 0.343303
v -0.290460 2.508082 0.399784
v -0.311702 2.370973 0.429021
v -0.311702 2.229027 0.429021
v -0.290460 2.091917 0.399784
v -0.249424 1.968988 0.343303
v -0.191390 1.868617 0.263425
v -0.120690 1.797730 0.166116
v -0.242825 2.300000 0.476571
v -0.234551 2.440733 0.460332
v -0.171703 2.684491 0.336987
v -0.121413 2.770904 0.238286
v -0.121413 1.829096 0.238286
v -0.171703 1.915508 0.336987
v -0.234551 2.159266 0.460332
v -0.210293 2.571876 0.412723
v -0.065788 1.775642 0.129117
v -0.065788 2.824357 0.129117
v -0.210293 2.028123 0.412723
v -0.166116 2.802269 0.120690
v -0.263425 2.731383 0.191390
v -0.343303 2.631011 0.249424
v -0.399784 2.508082 0.290460
v -0.429021 2.370973 0.311702
v -0.429021 2.229027 0.311702
v -0.399784 2.091917 0.290460
v -0.343303 1.968988 0.249424
v -0.263425 1.868617 0.191390
v -0.166116 1.797730 0.120690
v -0.327539 2.028123 0.327539
v -0.365322 2.159266 0.365322
v -0.365322 2.440733 0.365322
v -0.327539 2.571876 0.327539
v -0.102468 1.775642 0.102468
v -0.189105 2.770904 0.189105
v -0.102468 2.824357 0.102468
v -0.267434 1.915508 0.267434
v -0.378209 2.300000 0.378209
v -0.267434 2.684491 0.267434
v -0.189105 1.829096 0.189105
v -0.195281 2.802269 0.063451
v -0.309675 2.731383 0.100620
v -0.403576 2.631011 0.131130
v -0.469975 2.508082 0.152704
v -0.504345 2.370973 0.163872
v -0.504345 2.229027 0.163872
v -0.469975 2.091917 0.152704
v -0.403576 1.968988 0.131130
v -0.309675 1.868617 0.100620
v -0.195281 1.797730 0.063451
v -0.460332 2.159266 0.234551
v -0.476571 2.300000 0.242825
v -0.412723 2.571876 0.210293
v -0.336987 2.684491 0.171703
v -0.129117 1.775642 0.065788
v -0.238286 1.829096 0.121413
v -0.129117 2.824357 0.065788
v -0.412723 2.028123 0.210293
v -0.460332 2.440733 0.234551
v -0.238286 2.770904 0.121413
v -0.336987 1.915508 0.171703
v -0.205331 2.802269 -0.000000
v -0.325612 2.731383 0.000000
v -0.424345 2.631011 0.000000
v -0.494161 2.508082 -0.000000
v -0.530300 2.370973 -0.000000
v -0.530300 2.229027 -0.000000
v -0.494161 2.091917 0.000000
v -0.424345 1.968988 0.000000
v -0.325612 1.868617 0.000000
v -0.205331 1.797730 -0.000000
v -0.373553 1.915508 0.059165
v -0.457507 2.028123 0.072462
v -0.528283 2.300000 0.083672
v -0.510282 2.440733 0.080821
v -0.373553 2.684491 0.059165
v -0.264142 2.770904 0.041836
v -0.264142 1.829096 0.041836
v -0.510282 2.159266 0.080821
v -0.457507 2.571876 0.072462
v -0.143127 1.775642 0.022669
v -0.143127 2.824357 0.022669
v -0.195281 2.802269 -0.063451
v -0.309675 2.731383 -0.100620
v -0.403576 2.631011 -0.131130
v -0.469975 2.508082 -0.152704
v -0.504345 2.370973 -0.163872
v -0.504345 2.229027 -0.163872
v -0.469975 2.091917 -0.152704
v -0.403576 1.968988 -0.131130
v -0.309675 1.868617 -0.100620
v -0.195281 1.797730 -0.063451
v -0.143127 2.824357 -0.022669
v -0.457507 2.028123 -0.072462
v -0.510282 2.159266 -0.080821
v -0.510282 2.440733 -0.080821
v -0.457507 2.571876 -0.072462
v -0.143127 1.775642 -0.022669
v -0.264142 2.770904 -0.041836
v -0.373553 1.915508 -0.059165
v -0.528283 2.300000 -0.083672
v -0.373553 2.684491 -0.059165
v -0.264142 1.829096 -0.041836
v -0.166116 2.802269 -0.120691
v -0.263425 2.731383 -0.191390
v -0.343303 2.631011 -0.249424
v -0.399784 2.508082 -0.290460
v -0.429021 2.370973 -0.311702
v -0.429021 2.229027 -0.311702
v -0.399784 2.091917 -0.290460
v -0.343303 1.968988 -0.249424
v -0.263425 1.868617 -0.191390
v -0.166116 1.797730 -0.120691
v -0.238286 1.829096 -0.121413
v -0.336987 1.915508 -0.171703
v -0.460332 2.159266 -0.234551
v -0.476571 2.300000 -0.242825
v -0.412723 2.571876 -0.210293
v -0.336987 2.684491 -0.171703
v -0.129117 1.775642 -0.065788
v -0.129117 2.824357 -0.065788
v -0.412723 2.028123 -0.210293
v -0.460332 2.440733 -0.234551
v -0.238286 2.770904 -0.121413
v -0.120691 2.802269 -0.166116
v -0.191390 2.731383 -0.263425
v -0.249424 2.631011 -0.343303
v -0.290460 2.508082 -0.399784
v -0.311702 2.370973 -0.429021
v -0.311702 2.229027 -0.429021
v -0.290460 2.091917 -0.399784
v -0.249424 1.968988 -0.343303
v -0.191390 1.868617 -0.263425
v -0.120691 1.797730 -0.166116
v -0.189105 2.770904 -0.189105
v -0.102468 2.824357 -0.102468
v -0.267434 1.915508 -0.267434
v -0.327539 2.028123 -0.327539
v -0.378209 2.300000 -0.378209
v -0.365322 2.440733 -0.365322
v -0.267434 2.684491 -0.267434
v -0.189105 1.829096 -0.189105
v -0.365322 2.159266 -0.365322
v -0.327539 2.571876 -0.327539
v -0.102468 1.775642 -0.102468
v -0.063451 2.802269 -0.195281
v -0.100620 2.731383 -0.309675
v -0.131130 2.631011 -0.403576
v -0.152704 2.508082 -0.469975
v -0.163872 2.370973 -0.504345
v -0.163872 2.229027 -0.504345
v -0.152704 2.091917 -0.469975
v -0.131130 1.968988 -0.403576
v -0.100620 1.868617 -0.309675
v -0.063451 1.797730 -0.195281
v -0.065788 1.775642 -0.129117
v -0.121413 1.829096 -0.238286
v -0.065788 2.824357 -0.129117
v -0.210293 2.028123 -0.412723
v -0.234551 2.159266 -0.460332
v -0.234551 2.440733 -0.460332
v -0.210293 2.571876 -0.412723
v -0.121413 2.770904 -0.238286
v -0.171703 1.915508 -0.336987
v -0.242825 2.300000 -0.476571
v -0.171703 2.684491 -0.336987
v -0.000000 2.802269 -0.205331
v -0.000000 2.731383 -0.325612
v -0.000000 2.631011 -0.424345
v -0.000000 1.968988 -0.424345
v -0.000000 1.868617 -0.325612
v -0.000000 1.797730 -0.205331
v -0.059165 2.684491 -0.373553
v -0.041836 2.770904 -0.264142
v -0.041836 1.829096 -0.264142
v -0.059165 1.915508 -0.373553
v -0.083672 2.300000 -0.528283
v -0.072462 2.571876 -0.457507
v -0.022669 1.775642 -0.143127
v -0.022669 2.824357 -0.143127
v -0.072462 2.028123 -0.457507
v -0.000000 2.837619 -0.085071
v -0.000000 2.508082 -0.494161
v -0.000000 2.370973 -0.530300
v -0.000000 2.229027 -0.530300
v -0.000000 2.091917 -0.494160
v -0.000000 1.762380 -0.085071
v 0.026288 2.837619 -0.080907
v 0.026288 1.762380 -0.080907
v 0.083672 2.300000 -0.528283
v 0.059165 2.684491 -0.373553
v 0.041836 2.770904 -0.264142
v 0.041836 1.829096 -0.264142
v 0.059165 1.915508 -0.373553
v 0.072462 2.571876 -0.457507
v 0.022669 1.775642 -0.143127
v 0.022669 2.824357 -0.143127
v 0.072462 2.028123 -0.457507
v 0.050003 2.837619 -0.068824
v 0.050003 1.762380 -0.068824
v 0.068824 2.837619 -0.050003
v 0.068824 1.762380 -0.050003
v 0.080907 2.837619 -0.026288
v 0.080907 1.762380 -0.026288
v 0.085071 2.837619 0.000000
v 0.085071 1.762380 0.000000
v 0.080907 2.837619 0.026288
v 0.080907 1.762380 0.026288
v 0.068824 2.837619 0.050003
v 0.068824 1.762380 0.050003
v 0.050003 2.837619 0.068824
v 0.050003 1.762380 0.068824
v 0.026288 2.837619 0.080907
v 0.026288 1.762380 0.080907
v 0.000000 2.837619 0.085071
v 0.000000 1.762380 0.085071
v -0.026288 2.837619 0.080907
v -0.026288 1.762380 0.080907
v -0.050003 2.837619 0.068824
v -0.050003 1.762380 0.068824
v -0.068824 2.837619 0.050003
v -0.068824 1.762380 0.050003
v -0.080907 2.837619 0.026288
v -0.080907 1.762380 0.026288
v -0.085071 2.837619 0.000000
v -0.085071 1.762380 0.000000
v -0.080907 2.837619 -0.026288
v -0.080907 1.762380 -0.026288
v -0.068824 2.837619 -0.050003
v -0.068824 1.762380 -0.050003
v -0.050003 2.837619 -0.068824
v -0.050003 1.762380 -0.068824
v -0.026288 2.837619 -0.080907
v -0.026288 1.762380 -0.080907
v -0.080821 2.159266 -0.510282
v -0.080821 2.440733 -0.510282
v -0.810299 0.873302 -0.148165
v -0.810299 1.726697 -0.148165
v -0.850000 1.300000 -0.198496
v -0.750752 1.300000 -0.171902
v -0.741536 0.873302 -0.108464
v -0.741536 1.726697 -0.108464
v -0.678098 1.300000 -0.099248
v -0.701835 0.873302 -0.039701
v -0.701835 1.726697 -0.039701
v -0.651504 1.300000 -0.000000
v -0.701835 0.873302 0.039701
v -0.701835 1.726697 0.039701
v -0.678098 1.300000 0.099248
v -0.741536 0.873302 0.108464
v -0.741536 1.726697 0.108464
v -0.750752 1.300000 0.171902
v -0.810299 0.873302 0.148165
v -0.810299 1.726697 0.148165
v -0.850000 1.300000 0.198496
v -0.889701 0.873302 0.148165
v -0.889701 1.726697 0.148165
v -0.949248 1.300000 0.171902
v -0.958464 0.873302 0.108464
v -0.958464 1.726697 0.108464
v -1.021902 1.300000 0.099248
v -0.998165 0.873302 0.039701
v -0.998165 1.726697 0.039701
v -1.048496 1.300000 0.000000
v -0.998165 0.873302 -0.039701
v -0.998165 1.726697 -0.039701
v -1.021902 1.300000 -0.099248
v -0.958464 0.873302 -0.108464
v -0.958464 1.726697 -0.108464
v -0.949248 1.300000 -0.171902
v -0.889701 0.873302 -0.148165
v -0.889701 1.726697 -0.148165
v 0.889701 0.873302 -0.148165
v 0.889701 1.726697 -0.148165
v 0.850000 1.300000 -0.198496
v 0.949248 1.300000 -0.171902
v 0.958464 0.873302 -0.108464
v 0.958464 1.726697 -0.108464
v 1.021902 1.300000 -0.099248
v 0.998165 0.873302 -0.039701
v 0.998165 1.726697 -0.039701
v 1.048496 1.300000 -0.000000
v 0.998165 0.873302 0.039701
v 0.998165 1.726697 0.039701
v 1.021902 1.300000 0.099248
v 0.958464 0.873302 0.108464
v 0.958464 1.726697 0.108464
v 0.949248 1.300000 0.171902
v 0.889701 0.873302 0.148165
v 0.889701 1.726697 0.148165
v 0.850000 1.300000 0.198496
v 0.810299 0.873302 0.148165
v 0.810299 1.726697 0.148165
v 0.750752 1.300000 0.171902
v 0.741536 0.873302 0.108464
v 0.741536 1.726697 0.108464
v 0.678098 1.300000 0.099248
v 0.701835 0.873302 0.039701
v 0.701835 1.726697 0.039701
v 0.651504 1.300000 0.000000
v 0.701835 0.873302 -0.039701
v 0.701835 1.726697 -0.039701
v 0.678098 1.300000 -0.099248
v 0.741536 0.873302 -0.108464
v 0.741536 1.726697 -0.108464
v 0.750752 1.300000 -0.171902
v 0.810299 0.873302 -0.148165
v 0.810299 1.726697 -0.148165
v -0.260299 0.195216 -0.148165
v -0.260299 0.804784 -0.148165
v -0.300000 0.500000 -0.198496
v -0.200752 0.500000 -0.171902
v -0.191536 0.195216 -0.108464
v -0.191536 0.804784 -0.108464
v -0.128098 0.500000 -0.099248
v -0.151835 0.195216 -0.039701
v -0.151835 0.804784 -0.039701
v -0.101504 0.500000 -0.000000
v -0.151835 0.195216 0.039701
v -0.151835 0.804784 0.039701
v -0.128098 0.500000 0.099248
v -0.191536 0.195216 0.108464
v -0.191536 0.804784 0.108464
v -0.200752 0.500000 0.171902
v -0.260299 0.195216 0.148165
v -0.260299 0.804784 0.148165
v -0.300000 0.500000 0.198496
v -0.339701 0.195216 0.148165
v -0.339701 0.804784 0.148165
v -0.399248 0.500000 0.171902
v -0.408464 0.195216 0.108464
v -0.408464 0.804784 0.108464
v -0.471902 0.500000 0.099248
v -0.448165 0.195216 0.039701
v -0.448165 0.804784 0.039701
v -0.498496 0.500000 0.000000
v -0.448165 0.195216 -0.039701
v -0.448165 0.804784 -0.039701
v -0.471902 0.500000 -0.099248
v -0.408464 0.195216 -0.108464
v -0.408464 0.804784 -0.108464
v -0.399248 0.500000 -0.171902
v -0.339701 0.195216 -0.148165
v -0.339701 0.804784 -0.148165
v 0.339701 0.195216 -0.148165
v 0.339701 0.804784 -0.148165
v 0.300000 0.500000 -0.198496
v 0.399248 0.500000 -0.171902
v 0.408464 0.195216 -0.108464
v 0.408464 0.804784 -0.108464
v 0.471902 0.500000 -0.099248
v 0.448165 0.195216 -0.039701
v 0.448165 0.804784 -0.039701
v 0.498496 0.500000 -0.000000
v 0.448165 0.195216 0.039701
v 0.448165 0.804784 0.039701
v 0.471902 0.500000 0.099248
v 0.408464 0.195216 0.108464
v 0.408464 0.804784 0.108464
v 0.399248 0.500000 0.171902
v 0.339701 0.195216 0.148165
v 0.339701 0.804784 0.148165
v 0.300000 0.500000 0.198496
v 0.260299 0.195216 0.148165
v 0.260299 0.804784 0.148165
v 0.200752 0.500000 0.171902
v 0.191536 0.195216 0.108464
v 0.191536 0.804784 0.108464
v 0.128098 0.500000 0.099248
v 0.151835 0.195216 0.039701
v 0.151835 0.804784 0.039701
v 0.101504 0.500000 0.000000
v 0.151835 0.195216 -0.039701
v 0.151835 0.804784 -0.039701
v 0.128098 0.500000 -0.099248
v 0.191536 0.195216 -0.108464
v 0.191536 0.804784 -0.108464
v 0.200752 0.500000 -0.171902
v 0.260299 0.195216 -0.148165
v 0.260299 0.804784 -0.148165
v -0.200000 2.372865 -0.472357
v -0.200000 2.227135 -0.472357
v -0.170165 2.353981 -0.491065
v -0.159379 2.319777 -0.505910
v -0.159379 2.280223 -0.505910
v -0.170165 2.246018 -0.491065
v -0.188414 2.234308 -0.485657
v -0.177896 2.300000 -0.518029
v -0.188414 2.365692 -0.485657
v -0.151726 2.353981 -0.465685
v -0.134273 2.319777 -0.471356
v -0.134273 2.280223 -0.471356
v -0.151725 2.246018 -0.465685
v -0.149884 2.338213 -0.486411
v -0.169668 2.365692 -0.472037
v -0.169668 2.234308 -0.472038
v -0.149884 2.261786 -0.486411
v -0.142131 2.300000 -0.492044
v -0.151726 2.353981 -0.434315
v -0.134273 2.319777 -0.428644
v -0.134273 2.280223 -0.428644
v -0.151726 2.246018 -0.434315
v -0.162507 2.234308 -0.450000
v -0.138053 2.261786 -0.450000
v -0.128470 2.300000 -0.450000
v -0.138053 2.338213 -0.450000
v -0.162507 2.365692 -0.450000
v -0.170165 2.353981 -0.408935
v -0.159379 2.319777 -0.394090
v -0.159379 2.280223 -0.394090
v -0.170165 2.246018 -0.408935
v -0.169668 2.234308 -0.427962
v -0.149884 2.261786 -0.413589
v -0.142131 2.300000 -0.407956
v -0.149884 2.338213 -0.413589
v -0.169668 2.365692 -0.427962
v -0.200000 2.353981 -0.399241
v -0.200000 2.319777 -0.380891
v -0.200000 2.280223 -0.380891
v -0.200000 2.246018 -0.399241
v -0.188414 2.234308 -0.414342
v -0.180857 2.261786 -0.391085
v -0.177896 2.300000 -0.381971
v -0.180857 2.338213 -0.391085
v -0.188414 2.365692 -0.414342
v -0.229835 2.353981 -0.408935
v -0.240621 2.319777 -0.394090
v -0.240621 2.280223 -0.394090
v -0.229835 2.246018 -0.408935
v -0.211586 2.234308 -0.414342
v -0.219143 2.261786 -0.391085
v -0.222104 2.300000 -0.381971
v -0.219143 2.338213 -0.391085
v -0.211586 2.365692 -0.414342
v -0.248274 2.353981 -0.434315
v -0.265727 2.319777 -0.428644
v -0.265727 2.280223 -0.428644
v -0.248274 2.246018 -0.434315
v -0.257869 2.300000 -0.407956
v -0.250116 2.338213 -0.413589
v -0.230332 2.365692 -0.427962
v -0.230332 2.234308 -0.427962
v -0.250116 2.261786 -0.413589
v -0.248274 2.353981 -0.465685
v -0.265727 2.319777 -0.471356
v -0.265727 2.280223 -0.471356
v -0.248274 2.246018 -0.465685
v -0.237493 2.365692 -0.450000
v -0.237493 2.234308 -0.450000
v -0.261947 2.261786 -0.450000
v -0.271530 2.300000 -0.450000
v -0.261947 2.338213 -0.450000
v -0.229835 2.353981 -0.491065
v -0.240621 2.319777 -0.505910
v -0.240621 2.280223 -0.505910
v -0.229835 2.246018 -0.491065
v -0.230332 2.234308 -0.472037
v -0.250116 2.261786 -0.486411
v -0.257869 2.300000 -0.492044
v -0.250116 2.338213 -0.486411
v -0.230332 2.365692 -0.472038
v -0.219143 2.261786 -0.508915
v -0.219143 2.338213 -0.508915
v -0.200000 2.353981 -0.500759
v -0.200000 2.319777 -0.519109
v -0.200000 2.280223 -0.519109
v -0.200000 2.246018 -0.500759
v -0.186859 2.372865 -0.468087
v -0.186859 2.227135 -0.468087
v -0.180857 2.261786 -0.508915
v -0.180857 2.338213 -0.508915
v -0.178738 2.372865 -0.456909
v -0.178737 2.227135 -0.456909
v -0.178737 2.372865 -0.443091
v -0.178737 2.227135 -0.443091
v -0.186859 2.372865 -0.431913
v -0.186859 2.227135 -0.431913
v -0.200000 2.372865 -0.427643
v -0.200000 2.227135 -0.427643
v -0.213141 2.372865 -0.431913
v -0.213141 2.227135 -0.431913
v -0.221263 2.372865 -0.443091
v -0.221263 2.227135 -0.443091
v -0.221263 2.372865 -0.456909
v -0.221263 2.227135 -0.456909
v -0.213141 2.372865 -0.468087
v -0.213141 2.227135 -0.468087
v -0.211586 2.234308 -0.485657
v -0.222104 2.300000 -0.518029
v -0.211586 2.365692 -0.485657
v 0.200000 2.372865 -0.472357
v 0.200000 2.227135 -0.472357
v 0.229835 2.353981 -0.491065
v 0.240621 2.319777 -0.505910
v 0.240621 2.280223 -0.505910
v 0.229835 2.246018 -0.491065
v 0.211586 2.234308 -0.485657
v 0.222104 2.300000 -0.518029
v 0.211586 2.365692 -0.485657
v 0.248274 2.353981 -0.465685
v 0.265727 2.319777 -0.471356
v 0.265727 2.280223 -0.471356
v 0.248275 2.246018 -0.465685
v 0.257869 2.300000 -0.492044
v 0.250116 2.338213 -0.486411
v 0.230332 2.365692 -0.472038
v 0.230332 2.234308 -0.472037
v 0.250116 2.261786 -0.486411
v 0.248274 2.353981 -0.434315
v 0.265727 2.319777 -0.428644
v 0.265727 2.280223 -0.428644
v 0.248274 2.246018 -0.434315
v 0.237493 2.365692 -0.450000
v 0.237493 2.234308 -0.450000
v 0.261947 2.261786 -0.450000
v 0.271530 2.300000 -0.450000
v 0.261947 2.338213 -0.450000
v 0.229835 2.353981 -0.408935
v 0.240621 2.319777 -0.394090
v 0.240621 2.280223 -0.394090
v 0.229835 2.246018 -0.408935
v 0.230332 2.234308 -0.427962
v 0.250116 2.261786 -0.413589
v 0.257869 2.300000 -0.407956
v 0.250116 2.338213 -0.413589
v 0.230332 2.365692 -0.427962
v 0.200000 2.353981 -0.399241
v 0.200000 2.319777 -0.380891
v 0.200000 2.280223 -0.380891
v 0.200000 2.246018 -0.399241
v 0.211586 2.234308 -0.414342
v 0.219143 2.261786 -0.391085
v 0.222104 2.300000 -0.381971
v 0.219143 2.338213 -0.391085
v 0.211586 2.365692 -0.414343
v 0.170165 2.353981 -0.408935
v 0.159379 2.319777 -0.394090
v 0.159379 2.280223 -0.394090
v 0.170165 2.246018 -0.408935
v 0.188414 2.234308 -0.414342
v 0.180857 2.261786 -0.391085
v 0.177896 2.300000 -0.381971
v 0.180857 2.338213 -0.391085
v 0.188414 2.365692 -0.414342
v 0.151726 2.353981 -0.434315
v 0.134273 2.319777 -0.428644
v 0.134273 2.280223 -0.428644
v 0.151726 2.246018 -0.434315
v 0.149884 2.261786 -0.413589
v 0.142131 2.300000 -0.407956
v 0.149884 2.338213 -0.413589
v 0.169668 2.365692 -0.427962
v 0.169668 2.234308 -0.427962
v 0.151726 2.353981 -0.465685
v 0.134273 2.319777 -0.471356
v 0.134273 2.280223 -0.471356
v 0.151726 2.246018 -0.465685
v 0.138053 2.338213 -0.450000
v 0.162507 2.365692 -0.450000
v 0.162507 2.234308 -0.450000
v 0.138053 2.261786 -0.450000
v 0.128470 2.300000 -0.450000
v 0.170165 2.353981 -0.491065
v 0.159379 2.319777 -0.505910
v 0.159379 2.280223 -0.505910
v 0.170165 2.246018 -0.491065
v 0.169668 2.234308 -0.472037
v 0.149884 2.261786 -0.486411
v 0.142131 2.300000 -0.492044
v 0.149884 2.338213 -0.486411
v 0.169668 2.365692 -0.472037
v 0.180857 2.261786 -0.508915
v 0.180857 2.338213 -0.508915
v 0.200000 2.353981 -0.500759
v 0.200000 2.319777 -0.519109
v 0.200000 2.280223 -0.519109
v 0.200000 2.246018 -0.500759
v 0.213141 2.372865 -0.468087
v 0.213141 2.227135 -0.468087
v 0.219143 2.261786 -0.508915
v 0.219143 2.338213 -0.508915
v 0.221263 2.372865 -0.456909
v 0.221263 2.227135 -0.456909
v 0.221263 2.372865 -0.443091
v 0.221263 2.227135 -0.443091
v 0.213141 2.372865 -0.431913
v 0.213141 2.227135 -0.431913
v 0.200000 2.372865 -0.427643
v 0.200000 2.227135 -0.427643
v 0.186859 2.372865 -0.431913
v 0.186859 2.227135 -0.431913
v 0.178737 2.372865 -0.443091
v 0.178737 2.227135 -0.443091
v 0.178737 2.372865 -0.456909
v 0.178738 2.227135 -0.456909
v 0.186859 2.372865 -0.468087
v 0.186859 2.227135 -0.468087
v 0.188414 2.234308 -0.485657
v 0.177896 2.300000 -0.518029
v 0.188414 2.365692 -0.485657
v 0.084245 0.510644 -0.575913
v 0.084245 1.689356 -0.575913
v 0.069138 0.381867 -0.472639
v 0.096114 1.537931 -0.657054
v 0.051374 0.280688 -0.351203
v 0.104290 1.369677 -0.712945
v 0.031760 0.211099 -0.217116
v 0.108458 1.191059 -0.741438
v 0.015007 2.021214 -0.102588
v 0.015007 0.178786 -0.102588
v 0.108458 1.008941 -0.741438
v 0.031760 1.988901 -0.217116
v 0.104290 0.830323 -0.712945
v 0.051374 1.919312 -0.351203
v 0.096114 0.662069 -0.657054
v 0.069138 1.818133 -0.472639
v 0.281793 0.662069 -0.612277
v 0.202702 1.818133 -0.440430
v 0.246993 0.510644 -0.536665
v 0.246993 1.689356 -0.536665
v 0.202702 0.381867 -0.440430
v 0.281793 1.537931 -0.612277
v 0.150621 0.280688 -0.327269
v 0.305763 1.369677 -0.664359
v 0.093115 0.211099 -0.202320
v 0.317983 1.191059 -0.690911
v 0.043997 2.021214 -0.095596
v 0.043997 0.178786 -0.095596
v 0.317983 1.008941 -0.690911
v 0.093115 1.988901 -0.202320
v 0.305763 0.830323 -0.664359
v 0.150621 1.919312 -0.327269
v 0.148125 0.211099 -0.173736
v 0.505838 1.191059 -0.593298
v 0.069989 2.021214 -0.082090
v 0.069989 0.178786 -0.082090
v 0.505838 1.008941 -0.593298
v 0.148125 1.988901 -0.173736
v 0.486399 0.830323 -0.570498
v 0.239604 1.919312 -0.281032
v 0.448268 0.662069 -0.525774
v 0.322453 1.818133 -0.378206
v 0.392910 0.510644 -0.460845
v 0.392910 1.689356 -0.460845
v 0.322453 0.381867 -0.378206
v 0.448268 1.537931 -0.525774
v 0.239604 0.280688 -0.281032
v 0.486399 1.369677 -0.570498
v 0.420229 1.818133 -0.290207
v 0.512050 0.510644 -0.353619
v 0.512050 1.689356 -0.353619
v 0.420229 0.381867 -0.290207
v 0.584194 1.537931 -0.403441
v 0.312258 0.280688 -0.215644
v 0.633887 1.369677 -0.437759
v 0.193040 0.211099 -0.133312
v 0.659221 1.191059 -0.455254
v 0.091212 2.021214 -0.062990
v 0.091212 0.178786 -0.062990
v 0.659220 1.008941 -0.455254
v 0.193040 1.988901 -0.133312
v 0.633887 0.830323 -0.437759
v 0.312258 1.919312 -0.215644
v 0.584194 0.662069 -0.403441
v 0.767678 1.191059 -0.286185
v 0.106218 2.021214 -0.039597
v 0.106218 0.178786 -0.039597
v 0.767678 1.008941 -0.286185
v 0.224800 1.988901 -0.083804
v 0.738177 0.830323 -0.275187
v 0.363632 1.919312 -0.135559
v 0.680308 0.662069 -0.253613
v 0.489367 1.818133 -0.182432
v 0.596295 0.510644 -0.222294
v 0.596295 1.689356 -0.222294
v 0.489367 0.381867 -0.182432
v 0.680308 1.537931 -0.253613
v 0.363632 0.280688 -0.135559
v 0.738177 1.369677 -0.275187
v 0.224800 0.211099 -0.083804
v 0.639903 0.510644 -0.075820
v 0.639903 1.689356 -0.075820
v 0.525155 0.381867 -0.062224
v 0.730060 1.537931 -0.086503
v 0.390225 0.280688 -0.046237
v 0.792161 1.369677 -0.093861
v 0.241240 0.211099 -0.028584
v 0.823820 1.191059 -0.097612
v 0.113986 2.021214 -0.013506
v 0.113986 0.178786 -0.013506
v 0.823820 1.008941 -0.097612
v 0.241240 1.988901 -0.028584
v 0.792161 0.830323 -0.093861
v 0.390225 1.919312 -0.046237
v 0.730060 0.662069 -0.086503
v 0.525155 1.818133 -0.062224
v 0.113986 0.178786 0.013506
v 0.823820 1.008941 0.097612
v 0.241240 1.988901 0.028584
v 0.792161 0.830323 0.093861
v 0.390225 1.919312 0.046237
v 0.730060 0.662069 0.086503
v 0.525155 1.818133 0.062224
v 0.639903 0.510644 0.075820
v 0.639903 1.689356 0.075820
v 0.525155 0.381867 0.062224
v 0.730060 1.537931 0.086503
v 0.390225 0.280688 0.046237
v 0.792161 1.369677 0.093861
v 0.241240 0.211099 0.028584
v 0.823820 1.191059 0.097612
v 0.113986 2.021214 0.013506
v 0.489367 0.381867 0.182432
v 0.680308 1.537931 0.253613
v 0.363632 0.280688 0.135559
v 0.738177 1.369677 0.275187
v 0.224800 0.211099 0.083804
v 0.767678 1.191059 0.286184
v 0.106218 2.021214 0.039597
v 0.106218 0.178786 0.039597
v 0.767678 1.008941 0.286184
v 0.224800 1.988901 0.083804
v 0.738177 0.830323 0.275187
v 0.363632 1.919312 0.135559
v 0.680308 0.662069 0.253613
v 0.489367 1.818133 0.182432
v 0.596295 0.510644 0.222294
v 0.596295 1.689356 0.222294
v 0.193040 1.988901 0.133312
v 0.633887 0.830323 0.437759
v 0.312258 1.919312 0.215644
v 0.584194 0.662069 0.403441
v 0.420228 1.818133 0.290207
v 0.512050 0.510644 0.353619
v 0.512050 1.689356 0.353619
v 0.420229 0.381867 0.290207
v 0.584194 1.537931 0.403441
v 0.312258 0.280688 0.215644
v 0.633887 1.369677 0.437759
v 0.193040 0.211099 0.133312
v 0.659220 1.191059 0.455254
v 0.091212 2.021214 0.062990
v 0.091212 0.178786 0.062990
v 0.659220 1.008941 0.455254
v 0.448268 1.537931 0.525774
v 0.239604 0.280688 0.281032
v 0.486399 1.369677 0.570498
v 0.148125 0.211099 0.173736
v 0.505838 1.191059 0.593298
v 0.069989 2.021214 0.082090
v 0.069989 0.178785 0.082090
v 0.505838 1.008941 0.593298
v 0.148125 1.988901 0.173736
v 0.486398 0.830323 0.570498
v 0.239604 1.919312 0.281032
v 0.448267 0.662069 0.525774
v 0.322453 1.818133 0.378206
v 0.392910 0.510644 0.460845
v 0.392910 1.689356 0.460845
v 0.322453 0.381867 0.378206
v 0.305763 0.830323 0.664359
v 0.150621 1.919312 0.327269
v 0.281793 0.662069 0.612277
v 0.202702 1.818133 0.440430
v 0.246993 0.510644 0.536665
v 0.246993 1.689356 0.536665
v 0.202702 0.381867 0.440430
v 0.281793 1.537931 0.612277
v 0.150621 0.280688 0.327269
v 0.305763 1.369677 0.664359
v 0.093115 0.211099 0.202320
v 0.317983 1.191059 0.690910
v 0.043997 2.021214 0.095596
v 0.043997 0.178785 0.095596
v 0.317983 1.008941 0.690910
v 0.093115 1.988901 0.202320
v 0.051374 0.280688 0.351203
v 0.104290 1.369677 0.712945
v 0.031760 0.211099 0.217116
v 0.108458 1.191059 0.741438
v 0.015007 2.021214 0.102588
v 0.015007 0.178785 0.102588
v 0.108458 1.008941 0.741438
v 0.031760 1.988901 0.217116
v 0.104290 0.830323 0.712945
v 0.051374 1.919312 0.351203
v 0.096114 0.662069 0.657054
v 0.069138 1.818133 0.472639
v 0.084245 0.510644 0.575913
v 0.084245 1.689356 0.575913
v 0.069138 0.381867 0.472639
v 0.096114 1.537931 0.657054
v -0.051374 1.919312 0.351203
v -0.096114 0.662069 0.657054
v -0.069138 1.818133 0.472639
v -0.084245 0.510644 0.575913
v -0.084245 1.689356 0.575913
v -0.069138 0.381867 0.472639
v -0.096114 1.537931 0.657054
v -0.051374 0.280688 0.351203
v -0.104290 1.369677 0.712945
v -0.031760 0.211099 0.217116
v -0.108458 1.191059 0.741438
v -0.015007 2.021214 0.102588
v -0.015007 0.178785 0.102588
v -0.108458 1.008941 0.741438
v -0.031760 1.988901 0.217116
v -0.104290 0.830323 0.712945
v -0.305763 1.369677 0.664359
v -0.093115 0.211099 0.202320
v -0.317983 1.191059 0.690911
v -0.043997 2.021214 0.095596
v -0.043997 0.178785 0.095596
v -0.317983 1.008941 0.690910
v -0.093115 1.988901 0.202320
v -0.305763 0.830323 0.664359
v -0.150621 1.919312 0.327269
v -0.281793 0.662069 0.612277
v -0.202702 1.818133 0.440430
v -0.246993 0.510644 0.536665
v -0.246993 1.689356 0.536665
v -0.202702 0.381867 0.440430
v -0.281793 1.537931 0.612277
v -0.150621 0.280688 0.327269
v -0.448268 0.662069 0.525774
v -0.322453 1.818133 0.378206
v -0.392910 0.510644 0.460845
v -0.392910 1.689356 0.460845
v -0.322453 0.381867 0.378206
v -0.448268 1.537931 0.525774
v -0.239604 0.280688 0.281032
v -0.486398 1.369677 0.570498
v -0.148125 0.211099 0.173736
v -0.505838 1.191059 0.593298
v -0.069989 2.021214 0.082090
v -0.069989 0.178785 0.082090
v -0.505838 1.008941 0.593298
v -0.148125 1.988901 0.173736
v -0.486398 0.830323 0.570498
v -0.239604 1.919312 0.281032
v -0.193040 0.211099 0.133312
v -0.659220 1.191059 0.455254
v -0.091212 2.021214 0.062990
v -0.091212 0.178785 0.062990
v -0.659220 1.008941 0.455254
v -0.193040 1.988901 0.133312
v -0.633887 0.830323 0.437759
v -0.312258 1.919312 0.215643
v -0.584194 0.662069 0.403441
v -0.420228 1.818133 0.290207
v -0.512050 0.510644 0.353619
v -0.512050 1.689356 0.353619
v -0.420229 0.381867 0.290207
v -0.584194 1.537931 0.403441
v -0.312258 0.280688 0.215644
v -0.633887 1.369677 0.437759
v -0.596295 0.510644 0.222294
v -0.596295 1.689356 0.222294
v -0.489366 0.381867 0.182432
v -0.680308 1.537931 0.253613
v -0.363632 0.280688 0.135559
v -0.738177 1.369677 0.275187
v -0.224799 0.211099 0.083803
v -0.767678 1.191059 0.286184
v -0.106218 2.021214 0.039597
v -0.106218 0.178785 0.039597
v -0.767678 1.008941 0.286184
v -0.224799 1.988901 0.083803
v -0.738177 0.830323 0.275187
v -0.363632 1.919312 0.135559
v -0.680308 0.662069 0.253613
v -0.489366 1.818133 0.182432
v -0.113986 2.021214 0.013506
v -0.113986 0.178785 0.013506
v -0.823820 1.008941 0.097612
v -0.241240 1.988901 0.028584
v -0.792161 0.830323 0.093861
v -0.390225 1.919312 0.046237
v -0.730060 0.662069 0.086503
v -0.525155 1.818133 0.062224
v -0.639903 0.510644 0.075820
v -0.639903 1.689356 0.075820
v -0.525155 0.381867 0.062224
v -0.730060 1.537931 0.086503
v -0.390225 0.280688 0.046237
v -0.792161 1.369677 0.093861
v -0.241240 0.211099 0.028584
v -0.823820 1.191059 0.097612
v -0.639903 1.689356 -0.075820
v -0.525155 0.381867 -0.062224
v -0.730060 1.537931 -0.086503
v -0.390225 0.280688 -0.046237
v -0.792161 1.369677 -0.093861
v -0.241240 0.211099 -0.028584
v -0.823820 1.191059 -0.097612
v -0.113986 2.021214 -0.013506
v -0.113986 0.178785 -0.013506
v -0.823820 1.008941 -0.097612
v -0.241240 1.988901 -0.028584
v -0.792161 0.830323 -0.093861
v -0.390225 1.919312 -0.046237
v -0.730060 0.662069 -0.086503
v -0.525155 1.818133 -0.062224
v -0.639903 0.510644 -0.075820
v -0.767678 1.008941 -0.286184
v -0.224799 1.988901 -0.083804
v -0.738177 0.830323 -0.275187
v -0.363632 1.919312 -0.135559
v -0.680308 0.662069 -0.253613
v -0.489366 1.818133 -0.182432
v -0.596295 0.510644 -0.222294
v -0.596295 1.689356 -0.222294
v -0.489366 0.381867 -0.182432
v -0.680308 1.537931 -0.253613
v -0.363632 0.280688 -0.135559
v -0.738177 1.369677 -0.275187
v -0.224799 0.211099 -0.083804
v -0.767678 1.191059 -0.286184
v -0.106218 2.021214 -0.039597
v -0.106218 0.178785 -0.039597
v -0.420228 0.381867 -0.290207
v -0.584194 1.537931 -0.403441
v -0.312258 0.280688 -0.215643
v -0.633887 1.369677 -0.437759
v -0.193040 0.211099 -0.133312
v -0.659220 1.191059 -0.455254
v -0.091212 2.021214 -0.062990
v -0.091212 0.178785 -0.062990
v -0.659220 1.008941 -0.455254
v -0.193040 1.988901 -0.133312
v -0.633887 0.830323 -0.437759
v -0.312258 1.919312 -0.215643
v -0.584194 0.662069 -0.403441
v -0.420228 1.818133 -0.290207
v -0.512050 0.510644 -0.353619
v -0.512050 1.689356 -0.353619
v -0.148125 1.988901 -0.173736
v -0.486398 0.830323 -0.570498
v -0.239604 1.919312 -0.281032
v -0.448267 0.662069 -0.525774
v -0.322453 1.818133 -0.378206
v -0.392910 0.510644 -0.460845
v -0.392910 1.689356 -0.460845
v -0.322453 0.381867 -0.378206
v -0.448267 1.537931 -0.525774
v -0.239604 0.280688 -0.281032
v -0.486398 1.369677 -0.570498
v -0.148125 0.211099 -0.173736
v -0.505837 1.191059 -0.593298
v -0.069989 2.021214 -0.082090
v -0.069989 0.178785 -0.082090
v -0.505837 1.008941 -0.593298
v -0.281793 1.537931 -0.612277
v -0.150621 0.280688 -0.327269
v -0.305763 1.369677 -0.664359
v -0.093115 0.211099 -0.202320
v -0.317983 1.191059 -0.690910
v -0.043997 2.021214 -0.095596
v -0.043997 0.178785 -0.095596
v -0.317983 1.008941 -0.690910
v -0.093115 1.988901 -0.202320
v -0.305763 0.830323 -0.664359
v -0.150621 1.919312 -0.327269
v -0.281793 0.662069 -0.612277
v -0.202702 1.818133 -0.440430
v -0.246993 0.510644 -0.536665
v -0.246993 1.689356 -0.536665
v -0.202702 0.381867 -0.440430
v -0.104290 0.830323 -0.712945
v -0.051374 1.919312 -0.351203
v -0.096114 0.662069 -0.657054
v -0.069138 1.818133 -0.472639
v -0.084245 0.510644 -0.575913
v -0.084245 1.689356 -0.575913
v -0.069138 0.381867 -0.472639
v -0.096114 1.537931 -0.657054
v -0.051374 0.280688 -0.351203
v -0.104290 1.369677 -0.712945
v -0.031760 0.211099 -0.217116
v -0.108458 1.191059 -0.741438
v -0.015007 2.021214 -0.102588
v -0.015007 0.178786 -0.102588
v -0.108458 1.008941 -0.741438
v -0.031760 1.988901 -0.217116
v 0.082955 2.370973 -0.523757
v 0.050936 2.731383 -0.321594
v 0.050936 1.868617 -0.321594
v 0.082955 2.229027 -0.523757
v 0.066380 2.631011 -0.419110
v 0.032146 1.797752 -0.202962
v 0.015335 2.835626 -0.096821
v 0.077302 2.091917 -0.488064
v 0.077302 2.508082 -0.488064
v 0.015335 1.764374 -0.096821
v 0.032146 2.802248 -0.202962
v 0.066380 1.968988 -0.419110
v 0.093292 1.797752 -0.183095
v 0.044504 2.835626 -0.087344
v 0.224338 2.091917 -0.440289
v 0.224338 2.508082 -0.440289
v 0.044504 1.764374 -0.087344
v 0.093292 2.802248 -0.183095
v 0.192644 1.968988 -0.378084
v 0.240745 2.370973 -0.472488
v 0.147821 2.731383 -0.290114
v 0.147821 1.868617 -0.290114
v 0.240745 2.229027 -0.472488
v 0.192644 2.631011 -0.378084
v 0.230236 2.731383 -0.230236
v 0.230236 1.868617 -0.230236
v 0.374969 2.229027 -0.374969
v 0.300050 2.631011 -0.300050
v 0.145305 1.797752 -0.145305
v 0.069316 2.835626 -0.069316
v 0.349415 2.091917 -0.349415
v 0.349415 2.508082 -0.349415
v 0.069316 1.764374 -0.069316
v 0.145305 2.802248 -0.145305
v 0.300050 1.968988 -0.300050
v 0.374969 2.370973 -0.374969
v 0.087344 1.764374 -0.044504
v 0.183095 2.802248 -0.093292
v 0.378085 1.968988 -0.192644
v 0.472488 2.370973 -0.240745
v 0.290114 2.731383 -0.147821
v 0.290114 1.868617 -0.147821
v 0.472488 2.229027 -0.240745
v 0.378085 2.631011 -0.192644
v 0.183095 1.797752 -0.093292
v 0.087344 2.835626 -0.044504
v 0.440289 2.091917 -0.224338
v 0.440289 2.508082 -0.224338
v 0.419110 2.631011 -0.066380
v 0.202962 1.797752 -0.032146
v 0.096821 2.835626 -0.015335
v 0.488064 2.091917 -0.077302
v 0.488064 2.508082 -0.077302
v 0.096821 1.764374 -0.015335
v 0.202962 2.802248 -0.032146
v 0.419110 1.968988 -0.066380
v 0.523757 2.370973 -0.082955
v 0.321594 2.731383 -0.050936
v 0.321594 1.868617 -0.050936
v 0.523757 2.229027 -0.082955
v 0.321594 2.731383 0.050936
v 0.321594 1.868617 0.050936
v 0.523757 2.229027 0.082955
v 0.419110 2.631011 0.066381
v 0.202962 1.797752 0.032146
v 0.096821 2.835626 0.015335
v 0.488064 2.091917 0.077302
v 0.488064 2.508082 0.077302
v 0.096821 1.764374 0.015335
v 0.202962 2.802248 0.032146
v 0.419110 1.968988 0.066381
v 0.523757 2.370973 0.082955
v 0.440289 2.508082 0.224338
v 0.087344 1.764374 0.044504
v 0.183095 2.802248 0.093292
v 0.378085 1.968988 0.192644
v 0.472488 2.370973 0.240745
v 0.290115 2.731383 0.147821
v 0.290115 1.868617 0.147821
v 0.472488 2.229027 0.240745
v 0.378085 2.631011 0.192644
v 0.183095 1.797752 0.093292
v 0.087344 2.835626 0.044504
v 0.440289 2.091917 0.224338
v 0.300050 2.631011 0.300050
v 0.145305 1.797752 0.145305
v 0.069316 2.835626 0.069316
v 0.349415 2.091917 0.349415
v 0.349415 2.508082 0.349415
v 0.069316 1.764374 0.069316
v 0.145305 2.802248 0.145305
v 0.300050 1.968988 0.300050
v 0.374969 2.370973 0.374969
v 0.230236 2.731383 0.230236
v 0.230236 1.868617 0.230236
v 0.374969 2.229027 0.374969
v 0.240745 2.370973 0.472488
v 0.147821 2.731383 0.290114
v 0.147821 1.868617 0.290114
v 0.240745 2.229027 0.472488
v 0.192644 2.631011 0.378085
v 0.093292 1.797752 0.183095
v 0.044504 2.835626 0.087344
v 0.224338 2.091917 0.440289
v 0.224338 2.508082 0.440289
v 0.044504 1.764374 0.087344
v 0.093292 2.802248 0.183095
v 0.192644 1.968988 0.378085
v 0.077302 2.508082 0.488064
v 0.015335 1.764374 0.096821
v 0.032146 2.802248 0.202962
v 0.066381 1.968988 0.419110
v 0.082955 2.370973 0.523757
v 0.050936 2.731383 0.321594
v 0.050936 1.868617 0.321594
v 0.082955 2.229027 0.523757
v 0.066381 2.631011 0.419110
v 0.032146 1.797752 0.202962
v 0.015335 2.835626 0.096821
v 0.077302 2.091917 0.488064
v -0.082955 2.229027 0.523757
v -0.066380 2.631011 0.419110
v -0.032146 1.797752 0.202962
v -0.015335 2.835626 0.096821
v -0.077302 2.091917 0.488064
v -0.077302 2.508082 0.488064
v -0.015335 1.764374 0.096821
v -0.032146 2.802248 0.202962
v -0.066380 1.968988 0.419110
v -0.082955 2.370973 0.523757
v -0.050936 2.731383 0.321594
v -0.050936 1.868617 0.321594
v -0.240745 2.370973 0.472488
v -0.147821 2.731383 0.290115
v -0.147821 1.868617 0.290115
v -0.240745 2.229027 0.472488
v -0.192644 2.631011 0.378085
v -0.093292 1.797752 0.183095
v -0.044504 2.835626 0.087344
v -0.224338 2.091917 0.440289
v -0.224338 2.508082 0.440289
v -0.044504 1.764374 0.087344
v -0.093292 2.802248 0.183095
v -0.192644 1.968988 0.378085
v -0.349415 2.091917 0.349415
v -0.349415 2.508082 0.349415
v -0.069316 1.764374 0.069316
v -0.145305 2.802248 0.145305
v -0.300050 1.968988 0.300050
v -0.374969 2.370973 0.374969
v -0.230236 2.731383 0.230236
v -0.230236 1.868617 0.230236
v -0.374969 2.229027 0.374969
v -0.300050 2.631011 0.300050
v -0.145305 1.797752 0.145305
v -0.069316 2.835626 0.069316
v -0.472488 2.229027 0.240745
v -0.378085 2.631011 0.192644
v -0.183095 1.797752 0.093292
v -0.087344 2.835626 0.044504
v -0.440289 2.091917 0.224338
v -0.440289 2.508082 0.224338
v -0.087344 1.764374 0.044504
v -0.183095 2.802248 0.093292
v -0.378085 1.968988 0.192644
v -0.472488 2.370973 0.240745
v -0.290115 2.731383 0.147821
v -0.290115 1.868617 0.147821
v -0.419110 1.968988 0.066381
v -0.523757 2.370973 0.082955
v -0.321594 2.731383 0.050936
v -0.321594 1.868617 0.050936
v -0.523757 2.229027 0.082955
v -0.419110 2.631012 0.066381
v -0.202962 1.797752 0.032146
v -0.096821 2.835626 0.015335
v -0.488064 2.091917 0.077302
v -0.488064 2.508082 0.077302
v -0.096821 1.764374 0.015335
v -0.202962 2.802248 0.032146
v -0.096821 2.835626 -0.015335
v -0.488064 2.091917 -0.077302
v -0.488064 2.508082 -0.077302
v -0.096821 1.764374 -0.015335
v -0.202962 2.802248 -0.032146
v -0.419110 1.968988 -0.066380
v -0.523757 2.370973 -0.082955
v -0.321595 2.731383 -0.050936
v -0.321594 1.868617 -0.050936
v -0.523757 2.229027 -0.082955
v -0.419110 2.631011 -0.066380
v -0.202962 1.797752 -0.032146
v -0.290115 1.868617 -0.147821
v -0.472488 2.229027 -0.240745
v -0.378085 2.631011 -0.192644
v -0.183095 1.797752 -0.093292
v -0.087344 2.835626 -0.044504
v -0.440289 2.091917 -0.224338
v -0.440289 2.508082 -0.224338
v -0.087344 1.764373 -0.044504
v -0.183095 2.802248 -0.093292
v -0.378085 1.968988 -0.192644
v -0.472488 2.370973 -0.240745
v -0.290115 2.731383 -0.147821
v -0.145305 2.802248 -0.145305
v -0.300050 1.968988 -0.300050
v -0.374969 2.370973 -0.374969
v -0.230236 2.731383 -0.230236
v -0.230236 1.868617 -0.230236
v -0.374969 2.229027 -0.374969
v -0.300050 2.631011 -0.300050
v -0.145305 1.797752 -0.145305
v -0.069316 2.835626 -0.069316
v -0.349415 2.091917 -0.349415
v -0.349415 2.508082 -0.349415
v -0.069316 1.764373 -0.069316
v -0.093292 1.797752 -0.183095
v -0.044504 2.835626 -0.087344
v -0.224338 2.091917 -0.440289
v -0.224338 2.508082 -0.440289
v -0.044504 1.764373 -0.087344
v -0.093292 2.802248 -0.183095
v -0.192644 1.968988 -0.378085
v -0.240745 2.370973 -0.472488
v -0.147821 2.731383 -0.290115
v -0.147821 1.868617 -0.290115
v -0.240745 2.229027 -0.472488
v -0.192644 2.631011 -0.378085
v -0.050936 2.731383 -0.321594
v -0.050936 1.868617 -0.321595
v -0.082955 2.229027 -0.523757
v -0.066381 2.631011 -0.419110
v -0.032146 1.797752 -0.202962
v -0.015335 2.835626 -0.096821
v -0.077302 2.091917 -0.488064
v -0.077302 2.508082 -0.488064
v -0.015335 1.764374 -0.096821
v -0.032146 2.802248 -0.202962
v -0.066381 1.968988 -0.419110
v -0.082955 2.370973 -0.523757
v -0.799417 1.300000 -0.188779
v -0.711804 1.300000 -0.138196
v -0.661221 1.300000 -0.050583
v -0.661221 1.300000 0.050583
v -0.711804 1.300000 0.138196
v -0.799417 1.300000 0.188779
v -0.900583 1.300000 0.188779
v -0.988196 1.300000 0.138196
v -1.038779 1.300000 0.050583
v -1.038779 1.300000 -0.050583
v -0.850000 1.940523 -0.000000
v -0.988196 1.300000 -0.138196
v -0.900583 1.300000 -0.188779
v -0.850000 0.659477 -0.000000
v 0.900583 1.300000 -0.188779
v 0.988196 1.300000 -0.138196
v 1.038779 1.300000 -0.050583
v 1.038779 1.300000 0.050583
v 0.988196 1.300000 0.138196
v 0.900583 1.300000 0.188779
v 0.799417 1.300000 0.188779
v 0.711804 1.300000 0.138196
v 0.661221 1.300000 0.050583
v 0.661221 1.300000 -0.050583
v 0.850000 1.940523 -0.000000
v 0.711804 1.300000 -0.138196
v 0.799417 1.300000 -0.188779
v 0.850000 0.659477 -0.000000
v -0.249417 0.500000 -0.188779
v -0.161804 0.500000 -0.138196
v -0.111221 0.500000 -0.050583
v -0.111221 0.500000 0.050583
v -0.161804 0.500000 0.138196
v -0.249417 0.500000 0.188779
v -0.350583 0.500000 0.188779
v -0.438196 0.500000 0.138196
v -0.488779 0.500000 0.050583
v -0.488779 0.500000 -0.050583
v -0.300000 0.957516 -0.000000
v -0.438196 0.500000 -0.138196
v -0.350583 0.500000 -0.188779
v -0.300000 0.042483 -0.000000
v 0.350583 0.500000 -0.188779
v 0.438196 0.500000 -0.138196
v 0.488779 0.500000 -0.050583
v 0.488779 0.500000 0.050583
v 0.438196 0.500000 0.138196
v 0.350583 0.500000 0.188779
v 0.249417 0.500000 0.188779
v 0.161804 0.500000 0.138196
v 0.111221 0.500000 0.050583
v 0.111221 0.500000 -0.050583
v 0.300000 0.957516 -0.000000
v 0.161804 0.500000 -0.138196
v 0.249417 0.500000 -0.188779
v 0.300000 0.042483 -0.000000
v -0.192005 2.228190 -0.474607
v -0.178654 2.280223 -0.515697
v -0.184307 2.353969 -0.498299
v -0.184307 2.246031 -0.498299
v -0.178654 2.319776 -0.515697
v -0.192005 2.371809 -0.474607
v -0.158914 2.353969 -0.479850
v -0.158914 2.246031 -0.479850
v -0.144115 2.319776 -0.490603
v -0.179068 2.371809 -0.465208
v -0.179068 2.228190 -0.465208
v -0.144115 2.280223 -0.490603
v -0.149215 2.246031 -0.450000
v -0.130922 2.319776 -0.450000
v -0.174126 2.371809 -0.450000
v -0.174126 2.228190 -0.450000
v -0.130922 2.280223 -0.450000
v -0.149215 2.353969 -0.450000
v -0.158914 2.246031 -0.420150
v -0.144115 2.319776 -0.409397
v -0.179068 2.371809 -0.434792
v -0.179068 2.228190 -0.434792
v -0.144115 2.280223 -0.409397
v -0.158914 2.353969 -0.420150
v -0.184307 2.246031 -0.401701
v -0.178654 2.319776 -0.384303
v -0.192005 2.371809 -0.425393
v -0.192005 2.228190 -0.425393
v -0.178654 2.280223 -0.384303
v -0.184307 2.353969 -0.401701
v -0.215693 2.246031 -0.401701
v -0.221346 2.319776 -0.384303
v -0.207995 2.371809 -0.425393
v -0.207995 2.228190 -0.425393
v -0.221346 2.280223 -0.384303
v -0.215693 2.353969 -0.401701
v -0.255885 2.319777 -0.409397
v -0.220932 2.371809 -0.434792
v -0.220932 2.228190 -0.434792
v -0.255885 2.280223 -0.409397
v -0.241086 2.353969 -0.420150
v -0.241086 2.246031 -0.420150
v -0.225874 2.371809 -0.450000
v -0.225874 2.228190 -0.450000
v -0.269078 2.280223 -0.450000
v -0.250785 2.353969 -0.450000
v -0.250785 2.246031 -0.450000
v -0.269078 2.319777 -0.450000
v -0.220932 2.228190 -0.465208
v -0.255885 2.280223 -0.490603
v -0.241086 2.353969 -0.479850
v -0.241086 2.246031 -0.479850
v -0.255885 2.319776 -0.490603
v -0.220932 2.371809 -0.465208
v -0.207995 2.228190 -0.474607
v -0.221346 2.280223 -0.515697
v -0.215693 2.353969 -0.498299
v -0.215693 2.246031 -0.498299
v -0.221346 2.319776 -0.515697
v -0.207995 2.371809 -0.474607
v 0.215693 2.246031 -0.498299
v 0.221346 2.319776 -0.515697
v 0.207995 2.371809 -0.474607
v 0.207995 2.228190 -0.474607
v 0.221346 2.280223 -0.515697
v 0.215693 2.353969 -0.498299
v 0.255885 2.319776 -0.490603
v 0.220932 2.371809 -0.465208
v 0.220932 2.228190 -0.465208
v 0.255885 2.280223 -0.490603
v 0.241086 2.353969 -0.479850
v 0.241086 2.246031 -0.479850
v 0.225874 2.371809 -0.450000
v 0.225874 2.228190 -0.450000
v 0.269078 2.280223 -0.450000
v 0.250785 2.353969 -0.450000
v 0.250785 2.246031 -0.450000
v 0.269078 2.319776 -0.450000
v 0.220932 2.228190 -0.434792
v 0.255885 2.280223 -0.409397
v 0.241086 2.353969 -0.420150
v 0.241086 2.246031 -0.420150
v 0.255885 2.319776 -0.409397
v 0.220932 2.371809 -0.434792
v 0.207995 2.228190 -0.425393
v 0.221346 2.280223 -0.384303
v 0.215693 2.353969 -0.401701
v 0.215693 2.246031 -0.401701
v 0.221346 2.319776 -0.384303
v 0.207995 2.371809 -0.425393
v 0.192005 2.228190 -0.425393
v 0.178654 2.280223 -0.384303
v 0.184307 2.353969 -0.401701
v 0.184307 2.246031 -0.401701
v 0.178654 2.319776 -0.384303
v 0.192005 2.371809 -0.425393
v 0.144115 2.280223 -0.409397
v 0.158914 2.353969 -0.420150
v 0.158914 2.246031 -0.420150
v 0.144115 2.319777 -0.409397
v 0.179068 2.371809 -0.434792
v 0.179068 2.228190 -0.434792
v 0.149215 2.353969 -0.450000
v 0.149215 2.246031 -0.450000
v 0.130922 2.319777 -0.450000
v 0.174126 2.371809 -0.450000
v 0.174126 2.228190 -0.450000
v 0.130922 2.280223 -0.450000
v 0.158914 2.246031 -0.479850
v 0.144115 2.319776 -0.490603
v 0.179068 2.371809 -0.465208
v 0.179068 2.228190 -0.465208
v 0.144115 2.280223 -0.490603
v 0.158914 2.353969 -0.479850
v 0.184307 2.246031 -0.498299
v 0.178654 2.319776 -0.515697
v 0.192005 2.371809 -0.474607
v 0.192005 2.228190 -0.474607
v 0.178654 2.280223 -0.515697
v 0.184307 2.353969 -0.498299
vn -0.0000 1.0000 -0.0000
vn -0.0000 0.6278 -0.7784
vn -0.0000 0.3171 -0.9484
vn -0.0000 -0.3171 -0.9484
vn -0.0000 -0.6278 -0.7784
vn -0.0000 -0.9660 -0.2587
vn -0.0000 -1.0000 -0.0000
vn 0.0603 0.9664 -0.2500
vn 0.1071 0.8896 -0.4439
vn 0.1491 0.7719 -0.6181
vn 0.1820 0.6303 -0.7547
vn 0.2060 0.4770 -0.8544
vn 0.2222 0.3189 -0.9214
vn 0.2314 0.1595 -0.9597
vn 0.2344 -0.0000 -0.9721
vn 0.2314 -0.1595 -0.9597
vn 0.2222 -0.3189 -0.9214
vn 0.2061 -0.4770 -0.8544
vn 0.1820 -0.6303 -0.7547
vn 0.1491 -0.7719 -0.6181
vn 0.1071 -0.8896 -0.4439
vn 0.0603 -0.9664 -0.2500
vn 0.1166 0.9675 -0.2244
vn 0.2076 0.8929 -0.3995
vn 0.2900 0.7774 -0.5581
vn 0.3554 0.6371 -0.6840
vn 0.4036 0.4836 -0.7767
vn 0.4362 0.3241 -0.8395
vn 0.4550 0.1623 -0.8756
vn 0.4611 -0.0000 -0.8874
vn 0.4550 -0.1623 -0.8756
vn 0.4362 -0.3241 -0.8395
vn 0.4036 -0.4836 -0.7767
vn 0.3554 -0.6371 -0.6840
vn 0.2900 -0.7774 -0.5581
vn 0.2076 -0.8929 -0.3995
vn 0.1166 -0.9675 -0.2244
vn 0.1652 0.9690 -0.1835
vn 0.2951 0.8975 -0.3278
vn 0.4143 0.7852 -0.4603
vn 0.5102 0.6467 -0.5669
vn 0.5820 0.4931 -0.6466
vn 0.6311 0.3316 -0.7012
vn 0.6596 0.1664 -0.7329
vn 0.6690 -0.0000 -0.7433
vn 0.6596 -0.1664 -0.7329
vn 0.6311 -0.3316 -0.7012
vn 0.5820 -0.4931 -0.6466
vn 0.5102 -0.6467 -0.5669
vn 0.4143 -0.7852 -0.4603
vn 0.2951 -0.8975 -0.3278
vn 0.1652 -0.9690 -0.1835
vn 0.2026 0.9706 -0.1300
vn 0.3632 0.9021 -0.2330
vn 0.5125 0.7932 -0.3288
vn 0.6347 0.6568 -0.4071
vn 0.7274 0.5032 -0.4666
vn 0.7917 0.3396 -0.5079
vn 0.8293 0.1709 -0.5320
vn 0.8417 -0.0000 -0.5399
vn 0.8293 -0.1709 -0.5320
vn 0.7917 -0.3396 -0.5079
vn 0.7274 -0.5032 -0.4666
vn 0.6347 -0.6568 -0.4071
vn 0.5125 -0.7932 -0.3288
vn 0.3632 -0.9021 -0.2330
vn 0.2026 -0.9706 -0.1300
vn 0.2262 0.9717 -0.0674
vn 0.4067 0.9055 -0.1211
vn 0.5760 0.7992 -0.1715
vn 0.7162 0.6645 -0.2132
vn 0.8239 0.5110 -0.2453
vn 0.8993 0.3459 -0.2677
vn 0.9438 0.1743 -0.2810
vn 0.9584 -0.0000 -0.2853
vn 0.9438 -0.1743 -0.2810
vn 0.8993 -0.3459 -0.2677
vn 0.8239 -0.5110 -0.2453
vn 0.7162 -0.6645 -0.2132
vn 0.5760 -0.7992 -0.1715
vn 0.4067 -0.9055 -0.1211
vn 0.2262 -0.9717 -0.0674
vn 0.2343 0.9722 -0.0000
vn 0.4216 0.9068 -0.0000
vn 0.5980 0.8015 -0.0000
vn 0.7447 0.6674 -0.0000
vn 0.8578 0.5139 -0.0000
vn 0.9374 0.3482 -0.0000
vn 0.9845 0.1756 -0.0000
vn 1.0000 -0.0000 -0.0000
vn 0.9845 -0.1756 -0.0000
vn 0.9374 -0.3482 -0.0000
vn 0.8578 -0.5139 -0.0000
vn 0.7447 -0.6674 -0.0000
vn 0.5980 -0.8015 -0.0000
vn 0.4216 -0.9068 -0.0000
vn 0.2343 -0.9722 -0.0000
vn 0.2262 0.9717 0.0674
vn 0.4067 0.9055 0.1211
vn 0.5760 0.7992 0.1715
vn 0.7162 0.6645 0.2132
vn 0.8239 0.5110 0.2453
vn 0.8993 0.3459 0.2677
vn 0.9438 0.1743 0.2810
vn 0.9584 -0.0000 0.2853
vn 0.9438 -0.1743 0.2810
vn 0.8993 -0.3459 0.2677
vn 0.8239 -0.5110 0.2453
vn 0.7162 -0.6645 0.2132
vn 0.5760 -0.7992 0.1715
vn 0.4067 -0.9055 0.1211
vn 0.2262 -0.9717 0.0674
vn 0.2026 0.9706 0.1300
vn 0.3632 0.9021 0.2330
vn 0.5125 0.7932 0.3288
vn 0.6347 0.6568 0.4071
vn 0.7274 0.5032 0.4666
vn 0.7917 0.3396 0.5079
vn 0.8293 0.1709 0.5320
vn 0.8417 -0.0000 0.5399
vn 0.8293 -0.1709 0.5320
vn 0.7917 -0.3396 0.5079
vn 0.7274 -0.5032 0.4666
vn 0.6347 -0.6568 0.4071
vn 0.5125 -0.7932 0.3288
vn 0.3632 -0.9021 0.2330
vn 0.2026 -0.9706 0.1300
vn 0.1652 0.9690 0.1835
vn 0.2951 0.8975 0.3278
vn 0.4143 0.7852 0.4603
vn 0.5102 0.6467 0.5669
vn 0.5820 0.4931 0.6466
vn 0.6311 0.3316 0.7012
vn 0.6596 0.1664 0.7329
vn 0.6690 -0.0000 0.7433
vn 0.6596 -0.1664 0.7329
vn 0.6311 -0.3316 0.7012
vn 0.5820 -0.4931 0.6466
vn 0.5102 -0.6467 0.5669
vn 0.4143 -0.7852 0.4603
vn 0.2951 -0.8975 0.3278
vn 0.1652 -0.9690 0.1835
vn 0.1166 0.9675 0.2244
vn 0.2076 0.8929 0.3995
vn 0.2900 0.7774 0.5581
vn 0.3554 0.6371 0.6840
vn 0.4036 0.4836 0.7767
vn 0.4362 0.3241 0.8395
vn 0.4550 0.1623 0.8756
vn 0.4611 -0.0000 0.8874
vn 0.4550 -0.1623 0.8756
vn 0.4362 -0.3241 0.8395
vn 0.4036 -0.4836 0.7767
vn 0.3554 -0.6371 0.6840
vn 0.2900 -0.7774 0.5581
vn 0.2076 -0.8929 0.3995
vn 0.1166 -0.9675 0.2244
vn 0.0603 0.9664 0.2500
vn 0.1071 0.8896 0.4439
vn 0.1491 0.7719 0.6181
vn 0.1820 0.6303 0.7547
vn 0.2060 0.4770 0.8544
vn 0.2222 0.3189 0.9214
vn 0.2314 0.1595 0.9597
vn 0.2344 -0.0000 0.9721
vn 0.2314 -0.1595 0.9597
vn 0.2222 -0.3189 0.9214
vn 0.2060 -0.4770 0.8544
vn 0.1820 -0.6303 0.7547
vn 0.1491 -0.7719 0.6181
vn 0.1071 -0.8896 0.4439
vn 0.0603 -0.9664 0.2500
vn -0.0000 0.9660 0.2587
vn -0.0000 0.8885 0.4590
vn -0.0000 0.7698 0.6382
vn -0.0000 0.6278 0.7784
vn -0.0000 0.4746 0.8802
vn -0.0000 0.3171 0.9484
vn -0.0000 0.1585 0.9874
vn -0.0000 -0.0000 1.0000
vn -0.0000 -0.1585 0.9874
vn -0.0000 -0.3171 0.9484
vn -0.0000 -0.4746 0.8802
vn -0.0000 -0.6278 0.7784
vn -0.0000 -0.7698 0.6382
vn -0.0000 -0.8885 0.4590
vn -0.0000 -0.9660 0.2587
vn -0.0603 0.9664 0.2500
vn -0.1071 0.8896 0.4439
vn -0.1491 0.7719 0.6181
vn -0.1820 0.6303 0.7547
vn -0.2060 0.4770 0.8544
vn -0.2222 0.3189 0.9214
vn -0.2314 0.1595 0.9597
vn -0.2344 -0.0000 0.9721
vn -0.2314 -0.1595 0.9597
vn -0.2222 -0.3189 0.9214
vn -0.2060 -0.4770 0.8544
vn -0.1820 -0.6303 0.7547
vn -0.1491 -0.7719 0.6181
vn -0.1071 -0.8896 0.4439
vn -0.0603 -0.9664 0.2500
vn -0.1166 0.9675 0.2244
vn -0.2076 0.8929 0.3995
vn -0.2900 0.7774 0.5581
vn -0.3554 0.6371 0.6840
vn -0.4036 0.4836 0.7767
vn -0.4362 0.3241 0.8395
vn -0.4550 0.1623 0.8756
vn -0.4611 -0.0000 0.8874
vn -0.4550 -0.1623 0.8756
vn -0.4362 -0.3241 0.8395
vn -0.4036 -0.4836 0.7767
vn -0.3554 -0.6371 0.6840
vn -0.2900 -0.7774 0.5581
vn -0.2076 -0.8929 0.3995
vn -0.1166 -0.9675 0.2244
vn -0.1652 0.9690 0.1835
vn -0.2951 0.8975 0.3278
vn -0.4143 0.7852 0.4603
vn -0.5102 0.6467 0.5669
vn -0.5820 0.4931 0.6466
vn -0.6311 0.3316 0.7012
vn -0.6596 0.1664 0.7329
vn -0.6690 -0.0000 0.7433
vn -0.6596 -0.1664 0.7329
vn -0.6311 -0.3316 0.7012
vn -0.5820 -0.4931 0.6466
vn -0.5102 -0.6467 0.5669
vn -0.4143 -0.7852 0.4603
vn -0.2951 -0.8975 0.3278
vn -0.1652 -0.9690 0.1835
vn -0.2026 0.9706 0.1300
vn -0.3632 0.9021 0.2330
vn -0.5125 0.7932 0.3288
vn -0.6347 0.6568 0.4071
vn -0.7274 0.5032 0.4666
vn -0.7917 0.3396 0.5079
vn -0.8293 0.1709 0.5320
vn -0.8417 -0.0000 0.5399
vn -0.8293 -0.1709 0.5320
vn -0.7917 -0.3396 0.5079
vn -0.7274 -0.5032 0.4666
vn -0.6347 -0.6568 0.4071
vn -0.5125 -0.7932 0.3288
vn -0.3632 -0.9021 0.2330
vn -0.2026 -0.9706 0.1300
vn -0.2262 0.9717 0.0674
vn -0.4067 0.9055 0.1211
vn -0.5760 0.7992 0.1715
vn -0.7162 0.6645 0.2132
vn -0.8239 0.5110 0.2453
vn -0.8993 0.3459 0.2677
vn -0.9438 0.1743 0.2810
vn -0.9584 -0.0000 0.2853
vn -0.9438 -0.1743 0.2810
vn -0.8993 -0.3459 0.2677
vn -0.8239 -0.5110 0.2453
vn -0.7162 -0.6645 0.2132
vn -0.5760 -0.7992 0.1715
vn -0.4067 -0.9055 0.1211
vn -0.2262 -0.9717 0.0674
vn -0.2343 0.9722 -0.0000
vn -0.4216 0.9068 -0.0000
vn -0.5980 0.8015 -0.0000
vn -0.7447 0.6674 -0.0000
vn -0.8578 0.5139 -0.0000
vn -0.9374 0.3482 -0.0000
vn -0.9845 0.1756 -0.0000
vn -1.0000 -0.0000 -0.0000
vn -0.9845 -0.1756 -0.0000
vn -0.9374 -0.3482 -0.0000
vn -0.8578 -0.5139 -0.0000
vn -0.7447 -0.6674 -0.0000
vn -0.5980 -0.8015 -0.0000
vn -0.4216 -0.9068 -0.0000
vn -0.2343 -0.9722 -0.0000
vn -0.2262 0.9717 -0.0674
vn -0.4067 0.9055 -0.1211
vn -0.5760 0.7992 -0.1715
vn -0.7162 0.6645 -0.2132
vn -0.8239 0.5110 -0.2453
vn -0.8993 0.3459 -0.2677
vn -0.9438 0.1743 -0.2810
vn -0.9584 -0.0000 -0.2853
vn -0.9438 -0.1743 -0.2810
vn -0.8993 -0.3459 -0.2677
vn -0.8239 -0.5110 -0.2453
vn -0.7162 -0.6645 -0.2132
vn -0.5760 -0.7992 -0.1715
vn -0.4067 -0.9055 -0.1211
vn -0.2262 -0.9717 -0.0674
vn -0.2026 0.9706 -0.1300
vn -0.3632 0.9021 -0.2330
vn -0.5125 0.7932 -0.3288
vn -0.6347 0.6568 -0.4071
vn -0.7274 0.5032 -0.4666
vn -0.7917 0.3396 -0.5079
vn -0.8293 0.1709 -0.5320
vn -0.8417 -0.0000 -0.5399
vn -0.8293 -0.1709 -0.5320
vn -0.7917 -0.3396 -0.5079
vn -0.7274 -0.5032 -0.4666
vn -0.6347 -0.6568 -0.4071
vn -0.5125 -0.7932 -0.3288
vn -0.3632 -0.9021 -0.2330
vn -0.2026 -0.9706 -0.1300
vn -0.1652 0.9690 -0.1835
vn -0.2951 0.8975 -0.3278
vn -0.4143 0.7852 -0.4603
vn -0.5102 0.6467 -0.5669
vn -0.5820 0.4931 -0.6466
vn -0.6311 0.3316 -0.7012
vn -0.6596 0.1664 -0.7329
vn -0.6690 -0.0000 -0.7433
vn -0.6596 -0.1664 -0.7329
vn -0.6311 -0.3316 -0.7012
vn -0.5820 -0.4931 -0.6466
vn -0.5102 -0.6467 -0.5669
vn -0.4143 -0.7852 -0.4603
vn -0.2951 -0.8975 -0.3278
vn -0.1652 -0.9690 -0.1835
vn -0.1166 0.9675 -0.2244
vn -0.2076 0.8929 -0.3995
vn -0.2900 0.7774 -0.5581
vn -0.3554 0.6371 -0.6840
vn -0.4036 0.4836 -0.7767
vn -0.4362 0.3241 -0.8395
vn -0.4550 0.1623 -0.8756
vn -0.4611 -0.0000 -0.8874
vn -0.4550 -0.1623 -0.8756
vn -0.4362 -0.3241 -0.8395
vn -0.4036 -0.4836 -0.7767
vn -0.3554 -0.6371 -0.6840
vn -0.2900 -0.7774 -0.5581
vn -0.2076 -0.8929 -0.3995
vn -0.1166 -0.9675 -0.2244
vn -0.0603 0.9664 -0.2500
vn -0.1071 0.8896 -0.4439
vn -0.1491 0.7719 -0.6181
vn -0.1820 0.6303 -0.7547
vn -0.2061 0.4770 -0.8544
vn -0.2222 0.3189 -0.9214
vn -0.2314 0.1595 -0.9597
vn -0.2344 -0.0000 -0.9721
vn -0.2314 -0.1595 -0.9597
vn -0.2222 -0.3189 -0.9214
vn -0.2061 -0.4770 -0.8544
vn -0.1820 -0.6303 -0.7547
vn -0.1491 -0.7719 -0.6181
vn -0.1071 -0.8896 -0.4439
vn -0.0603 -0.9664 -0.2500
vn -0.0000 0.9660 -0.2587
vn -0.0000 0.8885 -0.4590
vn -0.0000 0.7698 -0.6382
vn -0.0000 0.4746 -0.8802
vn -0.0000 0.1585 -0.9874
vn -0.0000 -0.0000 -1.0000
vn -0.0000 -0.1585 -0.9874
vn -0.0000 -0.4746 -0.8802
vn -0.0000 -0.7698 -0.6382
vn -0.0000 -0.8885 -0.4590
vn -0.0000 0.2534 -0.9674
vn -0.0000 -0.2534 -0.9674
vn 0.0889 0.9583 -0.2716
vn 0.1580 0.8597 -0.4858
vn 0.2210 0.6988 -0.6803
vn 0.2688 0.4915 -0.8283
vn 0.2984 0.2534 -0.9202
vn 0.3084 -0.0000 -0.9513
vn 0.2984 -0.2534 -0.9202
vn 0.2688 -0.4915 -0.8283
vn 0.2210 -0.6988 -0.6803
vn 0.1580 -0.8597 -0.4858
vn 0.0889 -0.9583 -0.2716
vn 0.1687 0.9583 -0.2305
vn 0.3003 0.8598 -0.4130
vn 0.4202 0.6990 -0.5786
vn 0.5114 0.4918 -0.7047
vn 0.5679 0.2536 -0.7831
vn 0.5870 -0.0000 -0.8096
vn 0.5679 -0.2536 -0.7831
vn 0.5114 -0.4918 -0.7047
vn 0.4202 -0.6990 -0.5786
vn 0.3003 -0.8598 -0.4130
vn 0.1687 -0.9583 -0.2305
vn 0.2316 0.9583 -0.1671
vn 0.4130 0.8600 -0.2999
vn 0.5783 0.6993 -0.4203
vn 0.7040 0.4920 -0.5121
vn 0.7820 0.2538 -0.5692
vn 0.8085 -0.0000 -0.5886
vn 0.7820 -0.2538 -0.5692
vn 0.7040 -0.4920 -0.5121
vn 0.5783 -0.6993 -0.4203
vn 0.4130 -0.8600 -0.2999
vn 0.2316 -0.9583 -0.1671
vn 0.2717 0.9584 -0.0876
vn 0.4852 0.8601 -0.1576
vn 0.6797 0.6994 -0.2210
vn 0.8278 0.4922 -0.2693
vn 0.9197 0.2539 -0.2994
vn 0.9509 -0.0000 -0.3096
vn 0.9197 -0.2539 -0.2994
vn 0.8278 -0.4922 -0.2693
vn 0.6797 -0.6994 -0.2210
vn 0.4852 -0.8601 -0.1576
vn 0.2717 -0.9584 -0.0876
vn 0.2855 0.9584 -0.0000
vn 0.5101 0.8601 -0.0000
vn 0.7146 0.6995 -0.0000
vn 0.8705 0.4922 -0.0000
vn 0.9672 0.2539 -0.0000
vn 0.9672 -0.2539 -0.0000
vn 0.8705 -0.4922 -0.0000
vn 0.7146 -0.6995 -0.0000
vn 0.5101 -0.8601 -0.0000
vn 0.2855 -0.9584 -0.0000
vn 0.2717 0.9584 0.0876
vn 0.4852 0.8601 0.1576
vn 0.6797 0.6994 0.2210
vn 0.8278 0.4922 0.2693
vn 0.9197 0.2539 0.2994
vn 0.9509 -0.0000 0.3096
vn 0.9197 -0.2539 0.2994
vn 0.8278 -0.4922 0.2693
vn 0.6797 -0.6994 0.2210
vn 0.4852 -0.8601 0.1576
vn 0.2718 -0.9584 0.0876
vn 0.2316 0.9583 0.1671
vn 0.4130 0.8600 0.2999
vn 0.5783 0.6993 0.4203
vn 0.7040 0.4920 0.5121
vn 0.7820 0.2538 0.5692
vn 0.8085 -0.0000 0.5886
vn 0.7820 -0.2538 0.5692
vn 0.7040 -0.4920 0.5121
vn 0.5783 -0.6993 0.4203
vn 0.4130 -0.8600 0.2999
vn 0.2316 -0.9583 0.1671
vn 0.1687 0.9583 0.2305
vn 0.3003 0.8598 0.4130
vn 0.4202 0.6990 0.5786
vn 0.5114 0.4918 0.7047
vn 0.5679 0.2536 0.7831
vn 0.5870 -0.0000 0.8096
vn 0.5679 -0.2536 0.7831
vn 0.5114 -0.4918 0.7047
vn 0.4202 -0.6990 0.5786
vn 0.3003 -0.8598 0.4130
vn 0.1687 -0.9583 0.2305
vn 0.0889 0.9583 0.2716
vn 0.1580 0.8597 0.4858
vn 0.2210 0.6988 0.6803
vn 0.2688 0.4915 0.8283
vn 0.2984 0.2534 0.9202
vn 0.3084 -0.0000 0.9513
vn 0.2984 -0.2534 0.9202
vn 0.2688 -0.4915 0.8283
vn 0.2210 -0.6988 0.6803
vn 0.1580 -0.8597 0.4858
vn 0.0889 -0.9583 0.2716
vn -0.0000 0.9583 0.2858
vn -0.0000 0.8596 0.5110
vn -0.0000 0.6987 0.7154
vn -0.0000 0.4914 0.8709
vn -0.0000 0.2534 0.9674
vn -0.0000 -0.2534 0.9674
vn -0.0000 -0.4914 0.8709
vn -0.0000 -0.6987 0.7154
vn -0.0000 -0.8596 0.5110
vn -0.0000 -0.9583 0.2858
vn -0.0889 0.9583 0.2716
vn -0.1580 0.8597 0.4858
vn -0.2210 0.6988 0.6803
vn -0.2688 0.4915 0.8283
vn -0.2984 0.2534 0.9202
vn -0.3084 -0.0000 0.9513
vn -0.2984 -0.2534 0.9202
vn -0.2688 -0.4915 0.8283
vn -0.2210 -0.6988 0.6803
vn -0.1580 -0.8597 0.4858
vn -0.0889 -0.9583 0.2716
vn -0.1687 0.9583 0.2305
vn -0.3003 0.8598 0.4130
vn -0.4202 0.6990 0.5786
vn -0.5114 0.4918 0.7047
vn -0.5679 0.2536 0.7831
vn -0.5870 -0.0000 0.8096
vn -0.5679 -0.2536 0.7831
vn -0.5114 -0.4918 0.7047
vn -0.4202 -0.6990 0.5786
vn -0.3003 -0.8598 0.4130
vn -0.1687 -0.9583 0.2305
vn -0.2316 0.9583 0.1671
vn -0.4130 0.8600 0.2999
vn -0.5783 0.6993 0.4203
vn -0.7040 0.4920 0.5121
vn -0.7820 0.2538 0.5692
vn -0.8085 -0.0000 0.5886
vn -0.7820 -0.2538 0.5692
vn -0.7040 -0.4920 0.5121
vn -0.5783 -0.6993 0.4203
vn -0.4130 -0.8600 0.2999
vn -0.2317 -0.9583 0.1671
vn -0.2717 0.9584 0.0876
vn -0.4852 0.8601 0.1576
vn -0.6797 0.6994 0.2210
vn -0.8278 0.4922 0.2693
vn -0.9197 0.2539 0.2994
vn -0.9509 -0.0000 0.3096
vn -0.9197 -0.2539 0.2994
vn -0.8278 -0.4922 0.2693
vn -0.6797 -0.6994 0.2210
vn -0.4852 -0.8601 0.1576
vn -0.2718 -0.9584 0.0876
vn -0.2855 0.9584 -0.0000
vn -0.5101 0.8601 -0.0000
vn -0.7146 0.6995 -0.0000
vn -0.8705 0.4922 -0.0000
vn -0.9672 0.2539 -0.0000
vn -0.9672 -0.2539 -0.0000
vn -0.8705 -0.4922 -0.0000
vn -0.7146 -0.6995 -0.0000
vn -0.5101 -0.8601 -0.0000
vn -0.2855 -0.9584 -0.0000
vn -0.2717 0.9584 -0.0876
vn -0.4852 0.8601 -0.1576
vn -0.6797 0.6994 -0.2210
vn -0.8278 0.4922 -0.2693
vn -0.9197 0.2539 -0.2994
vn -0.9509 -0.0000 -0.3096
vn -0.9197 -0.2539 -0.2994
vn -0.8278 -0.4922 -0.2693
vn -0.6797 -0.6994 -0.2210
vn -0.4852 -0.8601 -0.1576
vn -0.2717 -0.9584 -0.0876
vn -0.2316 0.9583 -0.1671
vn -0.4130 0.8600 -0.2999
vn -0.5783 0.6993 -0.4203
vn -0.7040 0.4920 -0.5121
vn -0.7820 0.2538 -0.5692
vn -0.8085 -0.0000 -0.5886
vn -0.7820 -0.2538 -0.5692
vn -0.7040 -0.4920 -0.5121
vn -0.5783 -0.6993 -0.4203
vn -0.4130 -0.8600 -0.2999
vn -0.2317 -0.9583 -0.1671
vn -0.1687 0.9583 -0.2305
vn -0.3003 0.8598 -0.4130
vn -0.4202 0.6990 -0.5786
vn -0.5114 0.4918 -0.7047
vn -0.5679 0.2536 -0.7831
vn -0.5870 -0.0000 -0.8096
vn -0.5679 -0.2536 -0.7831
vn -0.5114 -0.4918 -0.7047
vn -0.4202 -0.6990 -0.5786
vn -0.3003 -0.8598 -0.4130
vn -0.1687 -0.9583 -0.2305
vn -0.0889 0.9583 -0.2716
vn -0.1580 0.8597 -0.4858
vn -0.2210 0.6988 -0.6803
vn -0.2688 0.4915 -0.8283
vn -0.2984 0.2534 -0.9202
vn -0.3084 -0.0000 -0.9513
vn -0.2984 -0.2534 -0.9202
vn -0.2688 -0.4915 -0.8283
vn -0.2210 -0.6988 -0.6803
vn -0.1580 -0.8597 -0.4858
vn -0.0889 -0.9583 -0.2716
vn -0.0000 0.9583 -0.2858
vn -0.0000 0.8596 -0.5110
vn -0.0000 0.6987 -0.7154
vn -0.0000 0.4914 -0.8709
vn -0.0000 -0.4914 -0.8709
vn -0.0000 -0.6987 -0.7154
vn -0.0000 -0.8596 -0.5110
vn -0.0000 -0.9583 -0.2858
vn -0.0000 -0.1577 -0.9875
vn -0.0000 0.1577 -0.9875
vn 0.4861 -0.1596 -0.8592
vn 0.4861 0.1596 -0.8592
vn 0.8504 -0.1635 -0.5001
vn 0.8504 0.1635 -0.5001
vn 0.9862 -0.1654 -0.0000
vn 0.9862 0.1654 -0.0000
vn 0.8504 -0.1635 0.5001
vn 0.8504 0.1635 0.5001
vn 0.4861 -0.1596 0.8592
vn 0.4861 0.1596 0.8592
vn -0.0000 -0.1577 0.9875
vn -0.0000 0.1577 0.9875
vn -0.4861 -0.1596 0.8592
vn -0.4861 0.1596 0.8592
vn -0.8504 -0.1635 0.5001
vn -0.8504 0.1635 0.5001
vn -0.9862 -0.1654 -0.0000
vn -0.9862 0.1654 -0.0000
vn -0.8504 -0.1635 -0.5001
vn -0.8504 0.1635 -0.5001
vn -0.4861 -0.1596 -0.8592
vn -0.4861 0.1596 -0.8592
vn -0.0000 -0.2299 -0.9732
vn -0.0000 0.2300 -0.9732
vn 0.4790 -0.2332 -0.8463
vn 0.4790 0.2332 -0.8463
vn 0.8370 -0.2397 -0.4919
vn 0.8370 0.2397 -0.4919
vn 0.9701 -0.2429 -0.0000
vn 0.9701 0.2429 -0.0000
vn 0.8370 -0.2397 0.4919
vn 0.8370 0.2397 0.4919
vn 0.4790 -0.2332 0.8463
vn 0.4790 0.2332 0.8463
vn -0.0000 -0.2300 0.9732
vn -0.0000 0.2300 0.9732
vn -0.4790 -0.2332 0.8463
vn -0.4790 0.2332 0.8463
vn -0.8370 -0.2397 0.4919
vn -0.8370 0.2397 0.4919
vn -0.9701 -0.2429 -0.0000
vn -0.9701 0.2429 -0.0000
vn -0.8370 -0.2397 -0.4919
vn -0.8370 0.2397 -0.4919
vn -0.4790 -0.2332 -0.8463
vn -0.4790 0.2332 -0.8463
vn -0.0000 -0.2300 -0.9732
vn -0.0000 0.8222 -0.5691
vn -0.0000 -0.8222 -0.5691
vn 0.3349 0.8230 -0.4589
vn 0.5183 0.4657 -0.7173
vn 0.5846 -0.0000 -0.8113
vn 0.5183 -0.4657 -0.7173
vn 0.3349 -0.8230 -0.4589
vn 0.5391 0.8240 -0.1744
vn 0.8405 0.4672 -0.2745
vn 0.9504 -0.0000 -0.3111
vn 0.8405 -0.4672 -0.2745
vn 0.5391 -0.8240 -0.1744
vn 0.5391 0.8240 0.1744
vn 0.8405 0.4672 0.2745
vn 0.9504 -0.0000 0.3111
vn 0.8405 -0.4672 0.2745
vn 0.5391 -0.8240 0.1744
vn 0.3349 0.8230 0.4589
vn 0.5183 0.4657 0.7173
vn 0.5846 -0.0000 0.8113
vn 0.5183 -0.4657 0.7173
vn 0.3349 -0.8230 0.4589
vn -0.0000 0.8222 0.5691
vn -0.0000 0.4645 0.8856
vn -0.0000 -0.4645 0.8856
vn -0.0000 -0.8222 0.5691
vn -0.3349 0.8230 0.4589
vn -0.5183 0.4657 0.7173
vn -0.5846 -0.0000 0.8113
vn -0.5183 -0.4657 0.7173
vn -0.3349 -0.8230 0.4589
vn -0.5391 0.8240 0.1744
vn -0.8405 0.4672 0.2745
vn -0.9504 -0.0000 0.3111
vn -0.8405 -0.4672 0.2745
vn -0.5391 -0.8240 0.1744
vn -0.5391 0.8240 -0.1744
vn -0.8405 0.4672 -0.2745
vn -0.9504 -0.0000 -0.3111
vn -0.8405 -0.4672 -0.2745
vn -0.5391 -0.8240 -0.1744
vn -0.3349 0.8230 -0.4589
vn -0.5183 0.4657 -0.7173
vn -0.5846 -0.0000 -0.8113
vn -0.5183 -0.4657 -0.7173
vn -0.3349 -0.8230 -0.4589
vn -0.0000 0.4645 -0.8856
vn -0.0000 -0.4645 -0.8856
vn -0.0000 -0.9914 -0.1307
vn 0.0841 0.9334 -0.3489
vn 0.1291 0.8348 -0.5351
vn 0.1667 0.7031 -0.6912
vn 0.1951 0.5545 -0.8090
vn 0.2150 0.3982 -0.8917
vn 0.2276 0.2393 -0.9439
vn 0.2337 0.0798 -0.9690
vn 0.2337 -0.0798 -0.9690
vn 0.2276 -0.2393 -0.9439
vn 0.2150 -0.3982 -0.8917
vn 0.1951 -0.5545 -0.8090
vn 0.1667 -0.7031 -0.6912
vn 0.1291 -0.8348 -0.5351
vn 0.0841 -0.9334 -0.3489
vn 0.0915 -0.6284 -0.7725
vn 0.0915 0.6284 -0.7725
vn 0.1116 0.3175 -0.9417
vn 0.0307 -0.9654 -0.2588
vn 0.1116 -0.3175 -0.9417
vn 0.1629 0.9355 -0.3135
vn 0.2506 0.8393 -0.4824
vn 0.3249 0.7095 -0.6253
vn 0.3816 0.5614 -0.7343
vn 0.4217 0.4043 -0.8116
vn 0.4472 0.2434 -0.8607
vn 0.4596 0.0812 -0.8844
vn 0.4596 -0.0812 -0.8844
vn 0.4472 -0.2434 -0.8607
vn 0.4217 -0.4043 -0.8116
vn 0.3816 -0.5614 -0.7343
vn 0.3249 -0.7095 -0.6253
vn 0.2506 -0.8393 -0.4824
vn 0.1629 -0.9355 -0.3135
vn 0.3065 -0.4798 -0.8221
vn 0.3308 -0.3211 -0.8874
vn 0.2704 0.6332 -0.7252
vn 0.2211 0.7742 -0.5930
vn 0.2704 -0.6332 -0.7252
vn 0.3065 0.4798 -0.8221
vn 0.2211 -0.7742 -0.5930
vn 0.3308 0.3211 -0.8874
vn 0.1585 -0.8911 -0.4252
vn 0.3448 0.1607 -0.9248
vn 0.0900 -0.9662 -0.2414
vn 0.3493 -0.0000 -0.9370
vn 0.0900 0.9662 -0.2414
vn 0.3448 -0.1607 -0.9248
vn 0.1585 0.8911 -0.4252
vn 0.2311 0.9384 -0.2568
vn 0.3571 0.8456 -0.3968
vn 0.4653 0.7184 -0.5170
vn 0.5491 0.5713 -0.6101
vn 0.6092 0.4130 -0.6769
vn 0.6478 0.2493 -0.7198
vn 0.6666 0.0833 -0.7407
vn 0.6666 -0.0833 -0.7407
vn 0.6478 -0.2493 -0.7198
vn 0.6092 -0.4130 -0.6769
vn 0.5491 -0.5713 -0.6101
vn 0.4653 -0.7184 -0.5170
vn 0.3571 -0.8456 -0.3968
vn 0.2311 -0.9384 -0.2568
vn 0.1434 -0.9677 -0.2076
vn 0.2533 -0.8951 -0.3668
vn 0.5683 -0.0000 -0.8229
vn 0.5605 0.1643 -0.8117
vn 0.1434 0.9677 -0.2076
vn 0.5605 -0.1643 -0.8117
vn 0.2533 0.8951 -0.3668
vn 0.5369 -0.3276 -0.7774
vn 0.3548 0.7811 -0.5138
vn 0.4960 -0.4881 -0.7182
vn 0.4358 0.6417 -0.6311
vn 0.4358 -0.6417 -0.6311
vn 0.4960 0.4881 -0.7182
vn 0.3548 -0.7811 -0.5138
vn 0.5369 0.3276 -0.7774
vn 0.2839 0.9414 -0.1821
vn 0.4407 0.8520 -0.2827
vn 0.5773 0.7277 -0.3703
vn 0.6847 0.5816 -0.4392
vn 0.7630 0.4223 -0.4894
vn 0.8137 0.2556 -0.5220
vn 0.8386 0.0855 -0.5380
vn 0.8386 -0.0856 -0.5380
vn 0.8137 -0.2556 -0.5220
vn 0.7630 -0.4223 -0.4894
vn 0.6847 -0.5816 -0.4392
vn 0.5773 -0.7277 -0.3703
vn 0.4407 -0.8520 -0.2827
vn 0.2839 -0.9414 -0.1821
vn 0.5771 0.6519 -0.4920
vn 0.4672 0.7893 -0.3984
vn 0.5771 -0.6519 -0.4920
vn 0.6598 -0.4982 -0.5625
vn 0.6598 0.4982 -0.5625
vn 0.4672 -0.7893 -0.3984
vn 0.7168 0.3356 -0.6112
vn 0.3319 -0.8999 -0.2830
vn 0.7501 0.1687 -0.6395
vn 0.1871 -0.9693 -0.1595
vn 0.7610 -0.0000 -0.6488
vn 0.1871 0.9693 -0.1595
vn 0.7501 -0.1687 -0.6395
vn 0.3319 0.8999 -0.2830
vn 0.7168 -0.3356 -0.6112
vn 0.3174 0.9436 -0.0945
vn 0.4943 0.8568 -0.1472
vn 0.6501 0.7348 -0.1936
vn 0.7741 0.5896 -0.2305
vn 0.8655 0.4295 -0.2577
vn 0.9253 0.2606 -0.2755
vn 0.9548 0.0873 -0.2843
vn 0.9548 -0.0873 -0.2843
vn 0.9253 -0.2606 -0.2755
vn 0.8655 -0.4295 -0.2577
vn 0.7741 -0.5896 -0.2305
vn 0.6501 -0.7348 -0.1936
vn 0.4943 -0.8568 -0.1472
vn 0.3174 -0.9436 -0.0945
vn 0.9084 -0.0000 -0.4181
vn 0.8947 0.1728 -0.4118
vn 0.2182 0.9707 -0.1004
vn 0.2182 -0.9707 -0.1004
vn 0.8947 -0.1728 -0.4118
vn 0.3883 0.9040 -0.1787
vn 0.8533 -0.3431 -0.3927
vn 0.5491 0.7966 -0.2527
vn 0.7827 -0.5076 -0.3602
vn 0.6815 0.6611 -0.3137
vn 0.6815 -0.6611 -0.3137
vn 0.7827 0.5076 -0.3602
vn 0.5491 -0.7966 -0.2527
vn 0.8533 0.3431 -0.3927
vn 0.3883 -0.9040 -0.1787
vn 0.3289 0.9444 -0.0000
vn 0.5128 0.8585 -0.0000
vn 0.6755 0.7374 -0.0000
vn 0.8055 0.5926 -0.0000
vn 0.9018 0.4322 -0.0000
vn 0.9649 0.2625 -0.0000
vn 0.9961 0.0880 -0.0000
vn 0.9961 -0.0880 -0.0000
vn 0.9649 -0.2625 -0.0000
vn 0.9018 -0.4322 -0.0000
vn 0.8055 -0.5926 -0.0000
vn 0.6755 -0.7374 -0.0000
vn 0.5128 -0.8585 -0.0000
vn 0.3289 -0.9444 -0.0000
vn 0.7375 -0.6667 -0.1079
vn 0.8492 -0.5132 -0.1242
vn 0.8492 0.5132 -0.1242
vn 0.7375 0.6667 -0.1079
vn 0.5925 -0.8009 -0.0867
vn 0.9278 0.3476 -0.1357
vn 0.4178 -0.9065 -0.0611
vn 0.9741 0.1753 -0.1425
vn 0.2344 -0.9715 -0.0343
vn 0.9895 -0.0000 -0.1447
vn 0.2344 0.9715 -0.0343
vn 0.9741 -0.1753 -0.1425
vn 0.4178 0.9065 -0.0611
vn 0.9278 -0.3476 -0.1357
vn 0.5925 0.8009 -0.0867
vn 0.3174 0.9436 0.0945
vn 0.4943 0.8568 0.1472
vn 0.6501 0.7348 0.1936
vn 0.7741 0.5896 0.2305
vn 0.8655 0.4295 0.2577
vn 0.9253 0.2606 0.2755
vn 0.9548 0.0873 0.2843
vn 0.9548 -0.0873 0.2843
vn 0.9253 -0.2606 0.2755
vn 0.8655 -0.4295 0.2577
vn 0.7741 -0.5896 0.2305
vn 0.6501 -0.7348 0.1936
vn 0.4943 -0.8568 0.1472
vn 0.3174 -0.9436 0.0945
vn 0.2344 -0.9715 0.0343
vn 0.9741 -0.1753 0.1425
vn 0.9895 -0.0000 0.1447
vn 0.4178 0.9065 0.0611
vn 0.2344 0.9715 0.0343
vn 0.9278 -0.3476 0.1357
vn 0.5925 0.8009 0.0867
vn 0.8492 -0.5132 0.1242
vn 0.7375 0.6667 0.1079
vn 0.7375 -0.6667 0.1079
vn 0.8492 0.5132 0.1242
vn 0.5925 -0.8009 0.0867
vn 0.9278 0.3476 0.1357
vn 0.4178 -0.9065 0.0611
vn 0.9741 0.1753 0.1425
vn 0.2839 0.9414 0.1821
vn 0.4407 0.8520 0.2827
vn 0.5773 0.7277 0.3703
vn 0.6847 0.5816 0.4392
vn 0.7630 0.4223 0.4894
vn 0.8137 0.2556 0.5220
vn 0.8386 0.0855 0.5380
vn 0.8386 -0.0855 0.5380
vn 0.8137 -0.2556 0.5220
vn 0.7630 -0.4223 0.4894
vn 0.6847 -0.5816 0.4392
vn 0.5773 -0.7277 0.3703
vn 0.4407 -0.8520 0.2827
vn 0.2839 -0.9414 0.1821
vn 0.5491 -0.7966 0.2527
vn 0.6815 -0.6611 0.3137
vn 0.8533 0.3431 0.3927
vn 0.7827 0.5076 0.3602
vn 0.3883 -0.9040 0.1787
vn 0.8947 0.1728 0.4118
vn 0.2182 -0.9707 0.1004
vn 0.9084 -0.0000 0.4181
vn 0.2182 0.9707 0.1004
vn 0.8947 -0.1728 0.4118
vn 0.3883 0.9040 0.1787
vn 0.8533 -0.3431 0.3927
vn 0.5491 0.7966 0.2527
vn 0.7827 -0.5076 0.3602
vn 0.6815 0.6611 0.3137
vn 0.2311 0.9384 0.2568
vn 0.3571 0.8456 0.3968
vn 0.4653 0.7184 0.5170
vn 0.5491 0.5713 0.6101
vn 0.6092 0.4130 0.6769
vn 0.6478 0.2493 0.7198
vn 0.6666 0.0833 0.7407
vn 0.6666 -0.0833 0.7407
vn 0.6478 -0.2493 0.7198
vn 0.6092 -0.4130 0.6769
vn 0.5491 -0.5713 0.6101
vn 0.4653 -0.7184 0.5170
vn 0.3571 -0.8456 0.3968
vn 0.2311 -0.9384 0.2568
vn 0.3319 0.8999 0.2830
vn 0.1871 0.9693 0.1596
vn 0.7168 -0.3356 0.6112
vn 0.7501 -0.1687 0.6395
vn 0.4672 0.7893 0.3984
vn 0.6598 -0.4982 0.5625
vn 0.5771 0.6519 0.4920
vn 0.5771 -0.6519 0.4920
vn 0.6598 0.4982 0.5625
vn 0.4672 -0.7893 0.3984
vn 0.7168 0.3356 0.6112
vn 0.3319 -0.8999 0.2830
vn 0.7501 0.1687 0.6395
vn 0.1871 -0.9693 0.1595
vn 0.7610 -0.0000 0.6488
vn 0.1629 0.9355 0.3135
vn 0.2506 0.8393 0.4824
vn 0.3249 0.7095 0.6253
vn 0.3816 0.5614 0.7343
vn 0.4217 0.4043 0.8116
vn 0.4472 0.2434 0.8607
vn 0.4596 0.0812 0.8844
vn 0.4596 -0.0812 0.8844
vn 0.4472 -0.2434 0.8607
vn 0.4217 -0.4043 0.8116
vn 0.3816 -0.5614 0.7343
vn 0.3249 -0.7095 0.6253
vn 0.2506 -0.8393 0.4824
vn 0.1629 -0.9355 0.3135
vn 0.5369 0.3276 0.7774
vn 0.4960 0.4881 0.7182
vn 0.2533 -0.8951 0.3668
vn 0.3548 -0.7811 0.5138
vn 0.5605 0.1643 0.8117
vn 0.1434 -0.9677 0.2076
vn 0.5683 -0.0000 0.8229
vn 0.1434 0.9677 0.2076
vn 0.5605 -0.1643 0.8117
vn 0.2533 0.8951 0.3668
vn 0.5369 -0.3276 0.7774
vn 0.3548 0.7811 0.5138
vn 0.4960 -0.4881 0.7182
vn 0.4358 0.6417 0.6311
vn 0.4358 -0.6417 0.6311
vn 0.0841 0.9334 0.3489
vn 0.1291 0.8348 0.5351
vn 0.1667 0.7031 0.6912
vn 0.1951 0.5545 0.8090
vn 0.2150 0.3982 0.8917
vn 0.2276 0.2393 0.9439
vn 0.2337 0.0798 0.9690
vn 0.2337 -0.0798 0.9690
vn 0.2276 -0.2393 0.9439
vn 0.2150 -0.3982 0.8917
vn 0.1951 -0.5545 0.8090
vn 0.1667 -0.7031 0.6912
vn 0.1291 -0.8348 0.5351
vn 0.0841 -0.9334 0.3489
vn 0.3308 -0.3211 0.8874
vn 0.3448 -0.1607 0.9248
vn 0.2211 0.7742 0.5930
vn 0.1585 0.8911 0.4252
vn 0.3065 -0.4798 0.8221
vn 0.2704 0.6332 0.7252
vn 0.2704 -0.6332 0.7252
vn 0.3065 0.4798 0.8221
vn 0.2211 -0.7742 0.5930
vn 0.3308 0.3211 0.8874
vn 0.1585 -0.8911 0.4252
vn 0.3448 0.1607 0.9248
vn 0.0900 -0.9662 0.2414
vn 0.3493 -0.0000 0.9370
vn 0.0900 0.9662 0.2414
vn -0.0000 0.9326 0.3609
vn -0.0000 0.8332 0.5529
vn -0.0000 0.7009 0.7133
vn -0.0000 0.5521 0.8338
vn -0.0000 0.3961 0.9182
vn -0.0000 0.2378 0.9713
vn -0.0000 0.0793 0.9969
vn -0.0000 -0.0793 0.9969
vn -0.0000 -0.2378 0.9713
vn -0.0000 -0.3961 0.9182
vn -0.0000 -0.5521 0.8338
vn -0.0000 -0.7009 0.7133
vn -0.0000 -0.8332 0.5529
vn -0.0000 -0.9326 0.3609
vn 0.0539 -0.8888 0.4552
vn 0.0750 -0.7704 0.6332
vn 0.1162 0.1588 0.9805
vn 0.1116 0.3175 0.9417
vn 0.0307 -0.9654 0.2588
vn 0.1177 -0.0000 0.9931
vn 0.0307 0.9654 0.2588
vn 0.1162 -0.1588 0.9805
vn 0.0539 0.8888 0.4552
vn 0.1116 -0.3175 0.9417
vn 0.0750 0.7704 0.6332
vn 0.1035 -0.4752 0.8738
vn 0.0915 0.6284 0.7725
vn 0.0915 -0.6284 0.7725
vn 0.1035 0.4752 0.8738
vn -0.0841 0.9334 0.3489
vn -0.1291 0.8348 0.5351
vn -0.1667 0.7031 0.6912
vn -0.1951 0.5545 0.8090
vn -0.2150 0.3982 0.8917
vn -0.2276 0.2393 0.9439
vn -0.2337 0.0798 0.9690
vn -0.2337 -0.0798 0.9690
vn -0.2276 -0.2393 0.9439
vn -0.2150 -0.3982 0.8917
vn -0.1951 -0.5545 0.8090
vn -0.1667 -0.7031 0.6912
vn -0.1291 -0.8348 0.5351
vn -0.0841 -0.9334 0.3489
vn -0.0750 0.7704 0.6332
vn -0.0539 0.8888 0.4552
vn -0.1035 -0.4752 0.8738
vn -0.1116 -0.3175 0.9417
vn -0.0915 0.6284 0.7725
vn -0.0915 -0.6284 0.7725
vn -0.1035 0.4752 0.8738
vn -0.0750 -0.7704 0.6332
vn -0.1116 0.3175 0.9417
vn -0.0539 -0.8888 0.4552
vn -0.1162 0.1588 0.9805
vn -0.0307 -0.9654 0.2588
vn -0.1177 -0.0000 0.9931
vn -0.0307 0.9654 0.2588
vn -0.1162 -0.1588 0.9805
vn -0.1629 0.9355 0.3135
vn -0.2506 0.8393 0.4824
vn -0.3249 0.7095 0.6253
vn -0.3816 0.5614 0.7343
vn -0.4217 0.4043 0.8116
vn -0.4472 0.2434 0.8607
vn -0.4596 0.0812 0.8844
vn -0.4596 -0.0812 0.8844
vn -0.4472 -0.2434 0.8607
vn -0.4217 -0.4043 0.8116
vn -0.3816 -0.5614 0.7343
vn -0.3249 -0.7095 0.6253
vn -0.2506 -0.8393 0.4824
vn -0.1629 -0.9355 0.3135
vn -0.3448 0.1607 0.9248
vn -0.3308 0.3211 0.8874
vn -0.0900 -0.9662 0.2414
vn -0.1585 -0.8911 0.4252
vn -0.3493 -0.0000 0.9370
vn -0.0900 0.9662 0.2414
vn -0.3448 -0.1607 0.9248
vn -0.1585 0.8911 0.4252
vn -0.3308 -0.3211 0.8874
vn -0.2211 0.7742 0.5930
vn -0.3065 -0.4798 0.8221
vn -0.2704 0.6332 0.7252
vn -0.2704 -0.6332 0.7252
vn -0.3065 0.4798 0.8221
vn -0.2211 -0.7742 0.5930
vn -0.2311 0.9384 0.2568
vn -0.3571 0.8456 0.3968
vn -0.4653 0.7184 0.5170
vn -0.5491 0.5713 0.6101
vn -0.6092 0.4130 0.6769
vn -0.6478 0.2493 0.7198
vn -0.6666 0.0833 0.7407
vn -0.6666 -0.0833 0.7407
vn -0.6478 -0.2493 0.7198
vn -0.6093 -0.4130 0.6769
vn -0.5491 -0.5713 0.6101
vn -0.4653 -0.7184 0.5170
vn -0.3571 -0.8456 0.3968
vn -0.2311 -0.9384 0.2568
vn -0.4960 -0.4881 0.7182
vn -0.5369 -0.3276 0.7774
vn -0.4358 0.6417 0.6311
vn -0.3548 0.7811 0.5138
vn -0.4358 -0.6417 0.6311
vn -0.4960 0.4881 0.7182
vn -0.3548 -0.7811 0.5138
vn -0.5369 0.3276 0.7774
vn -0.2533 -0.8951 0.3668
vn -0.5605 0.1643 0.8117
vn -0.1434 -0.9677 0.2076
vn -0.5683 -0.0000 0.8229
vn -0.1434 0.9677 0.2076
vn -0.5605 -0.1643 0.8117
vn -0.2533 0.8951 0.3668
vn -0.2839 0.9414 0.1821
vn -0.4407 0.8520 0.2827
vn -0.5773 0.7277 0.3703
vn -0.6847 0.5816 0.4392
vn -0.7630 0.4223 0.4894
vn -0.8137 0.2556 0.5220
vn -0.8386 0.0856 0.5380
vn -0.8386 -0.0856 0.5380
vn -0.8137 -0.2556 0.5220
vn -0.7630 -0.4223 0.4894
vn -0.6847 -0.5816 0.4392
vn -0.5773 -0.7277 0.3703
vn -0.4407 -0.8520 0.2827
vn -0.2839 -0.9414 0.1821
vn -0.1871 -0.9693 0.1596
vn -0.3319 -0.8999 0.2830
vn -0.7610 -0.0000 0.6488
vn -0.7501 0.1687 0.6395
vn -0.1871 0.9693 0.1595
vn -0.7501 -0.1687 0.6395
vn -0.3319 0.8999 0.2830
vn -0.7168 -0.3356 0.6112
vn -0.4672 0.7893 0.3984
vn -0.6598 -0.4982 0.5625
vn -0.5771 0.6519 0.4920
vn -0.5771 -0.6519 0.4920
vn -0.6598 0.4982 0.5625
vn -0.4672 -0.7893 0.3984
vn -0.7168 0.3356 0.6112
vn -0.3174 0.9436 0.0945
vn -0.4943 0.8568 0.1472
vn -0.6501 0.7348 0.1936
vn -0.7741 0.5896 0.2305
vn -0.8655 0.4295 0.2577
vn -0.9253 0.2606 0.2755
vn -0.9548 0.0873 0.2843
vn -0.9548 -0.0873 0.2843
vn -0.9253 -0.2606 0.2755
vn -0.8655 -0.4295 0.2577
vn -0.7741 -0.5896 0.2305
vn -0.6501 -0.7348 0.1936
vn -0.4943 -0.8568 0.1472
vn -0.3174 -0.9436 0.0945
vn -0.6815 -0.6611 0.3137
vn -0.7827 -0.5076 0.3602
vn -0.7827 0.5076 0.3602
vn -0.6815 0.6611 0.3137
vn -0.5491 -0.7966 0.2527
vn -0.8533 0.3431 0.3927
vn -0.3883 -0.9040 0.1787
vn -0.8947 0.1728 0.4118
vn -0.2182 -0.9707 0.1004
vn -0.9084 -0.0000 0.4181
vn -0.2182 0.9707 0.1004
vn -0.8947 -0.1728 0.4118
vn -0.3883 0.9040 0.1787
vn -0.8533 -0.3431 0.3927
vn -0.5491 0.7966 0.2527
vn -0.3289 0.9444 -0.0000
vn -0.5128 0.8585 -0.0000
vn -0.6755 0.7374 -0.0000
vn -0.8055 0.5926 -0.0000
vn -0.9018 0.4322 -0.0000
vn -0.9649 0.2625 -0.0000
vn -0.9961 0.0880 -0.0000
vn -0.9961 -0.0880 -0.0000
vn -0.9649 -0.2625 -0.0000
vn -0.9018 -0.4322 -0.0000
vn -0.8055 -0.5926 -0.0000
vn -0.6755 -0.7374 -0.0000
vn -0.5128 -0.8585 -0.0000
vn -0.3289 -0.9444 -0.0000
vn -0.2344 0.9715 0.0343
vn -0.2344 -0.9715 0.0343
vn -0.9741 -0.1753 0.1425
vn -0.9895 -0.0000 0.1447
vn -0.4178 0.9065 0.0611
vn -0.9278 -0.3476 0.1357
vn -0.5925 0.8009 0.0867
vn -0.8492 -0.5132 0.1242
vn -0.7375 0.6667 0.1079
vn -0.7375 -0.6667 0.1079
vn -0.8492 0.5132 0.1242
vn -0.5925 -0.8009 0.0867
vn -0.9278 0.3476 0.1357
vn -0.4178 -0.9065 0.0611
vn -0.9741 0.1753 0.1425
vn -0.3174 0.9436 -0.0945
vn -0.4943 0.8568 -0.1472
vn -0.6501 0.7348 -0.1936
vn -0.7741 0.5896 -0.2305
vn -0.8655 0.4295 -0.2577
vn -0.9253 0.2606 -0.2755
vn -0.9548 0.0873 -0.2843
vn -0.9548 -0.0873 -0.2843
vn -0.9253 -0.2606 -0.2755
vn -0.8655 -0.4295 -0.2577
vn -0.7741 -0.5896 -0.2305
vn -0.6501 -0.7348 -0.1936
vn -0.4943 -0.8568 -0.1472
vn -0.3174 -0.9436 -0.0945
vn -0.8492 0.5132 -0.1242
vn -0.7375 0.6667 -0.1079
vn -0.5925 -0.8009 -0.0867
vn -0.7375 -0.6667 -0.1079
vn -0.9278 0.3476 -0.1357
vn -0.4178 -0.9065 -0.0611
vn -0.9741 0.1753 -0.1425
vn -0.2344 -0.9715 -0.0343
vn -0.9895 -0.0000 -0.1447
vn -0.2344 0.9715 -0.0343
vn -0.9741 -0.1753 -0.1425
vn -0.4178 0.9065 -0.0611
vn -0.9278 -0.3476 -0.1357
vn -0.5925 0.8009 -0.0867
vn -0.8492 -0.5132 -0.1242
vn -0.2839 0.9414 -0.1821
vn -0.4407 0.8520 -0.2827
vn -0.5773 0.7277 -0.3703
vn -0.6847 0.5816 -0.4392
vn -0.7630 0.4223 -0.4894
vn -0.8137 0.2556 -0.5220
vn -0.8386 0.0856 -0.5380
vn -0.8386 -0.0856 -0.5380
vn -0.8137 -0.2556 -0.5220
vn -0.7630 -0.4223 -0.4894
vn -0.6847 -0.5816 -0.4392
vn -0.5773 -0.7277 -0.3703
vn -0.4407 -0.8520 -0.2827
vn -0.2839 -0.9414 -0.1821
vn -0.8947 -0.1728 -0.4118
vn -0.9084 -0.0000 -0.4181
vn -0.3883 0.9040 -0.1787
vn -0.2182 0.9707 -0.1004
vn -0.8533 -0.3431 -0.3927
vn -0.5491 0.7966 -0.2527
vn -0.7827 -0.5076 -0.3602
vn -0.6815 0.6611 -0.3137
vn -0.6815 -0.6611 -0.3137
vn -0.7827 0.5076 -0.3602
vn -0.5491 -0.7966 -0.2527
vn -0.8533 0.3431 -0.3927
vn -0.3883 -0.9040 -0.1787
vn -0.8947 0.1728 -0.4118
vn -0.2182 -0.9707 -0.1004
vn -0.2311 0.9384 -0.2568
vn -0.3571 0.8456 -0.3968
vn -0.4653 0.7184 -0.5170
vn -0.5491 0.5713 -0.6101
vn -0.6092 0.4130 -0.6769
vn -0.6478 0.2493 -0.7198
vn -0.6666 0.0833 -0.7407
vn -0.6666 -0.0833 -0.7407
vn -0.6478 -0.2493 -0.7198
vn -0.6092 -0.4130 -0.6769
vn -0.5491 -0.5713 -0.6101
vn -0.4653 -0.7184 -0.5170
vn -0.3571 -0.8456 -0.3968
vn -0.2311 -0.9384 -0.2568
vn -0.4672 -0.7893 -0.3984
vn -0.5771 -0.6519 -0.4920
vn -0.7168 0.3356 -0.6112
vn -0.6598 0.4982 -0.5625
vn -0.3319 -0.8999 -0.2830
vn -0.7501 0.1687 -0.6395
vn -0.1871 -0.9693 -0.1596
vn -0.7610 -0.0000 -0.6488
vn -0.1871 0.9693 -0.1595
vn -0.7501 -0.1687 -0.6395
vn -0.3319 0.8999 -0.2830
vn -0.7168 -0.3356 -0.6112
vn -0.4672 0.7893 -0.3984
vn -0.6598 -0.4982 -0.5625
vn -0.5771 0.6519 -0.4920
vn -0.1629 0.9355 -0.3135
vn -0.2506 0.8393 -0.4824
vn -0.3249 0.7095 -0.6253
vn -0.3816 0.5614 -0.7343
vn -0.4217 0.4043 -0.8116
vn -0.4472 0.2434 -0.8607
vn -0.4596 0.0812 -0.8844
vn -0.4596 -0.0812 -0.8844
vn -0.4472 -0.2434 -0.8607
vn -0.4217 -0.4043 -0.8116
vn -0.3816 -0.5614 -0.7343
vn -0.3249 -0.7095 -0.6253
vn -0.2506 -0.8393 -0.4824
vn -0.1629 -0.9355 -0.3135
vn -0.2533 0.8951 -0.3668
vn -0.1434 0.9677 -0.2076
vn -0.5369 -0.3276 -0.7774
vn -0.5605 -0.1643 -0.8117
vn -0.3548 0.7811 -0.5138
vn -0.4960 -0.4881 -0.7182
vn -0.4358 0.6417 -0.6311
vn -0.4358 -0.6417 -0.6311
vn -0.4960 0.4881 -0.7182
vn -0.3548 -0.7811 -0.5138
vn -0.5369 0.3276 -0.7774
vn -0.2533 -0.8951 -0.3668
vn -0.5605 0.1643 -0.8117
vn -0.1434 -0.9677 -0.2076
vn -0.5683 -0.0000 -0.8229
vn -0.0841 0.9334 -0.3489
vn -0.1291 0.8348 -0.5351
vn -0.1667 0.7031 -0.6912
vn -0.1951 0.5545 -0.8090
vn -0.2150 0.3982 -0.8917
vn -0.2276 0.2393 -0.9439
vn -0.2337 0.0798 -0.9690
vn -0.2337 -0.0798 -0.9690
vn -0.2276 -0.2393 -0.9439
vn -0.2150 -0.3982 -0.8917
vn -0.1951 -0.5545 -0.8090
vn -0.1667 -0.7031 -0.6912
vn -0.1291 -0.8348 -0.5351
vn -0.0841 -0.9334 -0.3489
vn -0.3308 0.3211 -0.8874
vn -0.3065 0.4798 -0.8221
vn -0.1585 -0.8911 -0.4252
vn -0.2211 -0.7742 -0.5930
vn -0.3448 0.1607 -0.9248
vn -0.0900 -0.9662 -0.2414
vn -0.3493 -0.0000 -0.9370
vn -0.0900 0.9662 -0.2414
vn -0.3448 -0.1607 -0.9248
vn -0.1585 0.8911 -0.4252
vn -0.3308 -0.3211 -0.8874
vn -0.2211 0.7742 -0.5930
vn -0.3065 -0.4798 -0.8221
vn -0.2704 0.6332 -0.7252
vn -0.2704 -0.6332 -0.7252
vn -0.0000 0.9326 -0.3609
vn -0.0000 0.8332 -0.5529
vn -0.0000 0.0793 -0.9969
vn -0.0000 -0.0793 -0.9969
vn -0.0000 -0.8332 -0.5529
vn -0.1162 -0.1588 -0.9805
vn -0.0750 0.7704 -0.6332
vn -0.0539 0.8888 -0.4552
vn -0.1035 -0.4752 -0.8738
vn -0.1035 0.4752 -0.8738
vn -0.0750 -0.7704 -0.6332
vn -0.0539 -0.8888 -0.4552
vn -0.1162 0.1588 -0.9805
vn -0.1177 -0.0000 -0.9931
vn -0.0307 0.9654 -0.2588
vn -0.0000 0.9914 -0.1307
vn -0.0000 0.7009 -0.7133
vn -0.0000 0.5521 -0.8338
vn -0.0000 0.3961 -0.9182
vn -0.0000 0.2378 -0.9713
vn -0.0000 -0.2378 -0.9713
vn -0.0000 -0.3961 -0.9182
vn -0.0000 -0.5521 -0.8338
vn -0.0000 -0.7009 -0.7133
vn -0.0000 -0.9326 -0.3609
vn 0.0305 0.9915 -0.1263
vn 0.0305 -0.9915 -0.1263
vn 0.1035 -0.4752 -0.8738
vn 0.1035 0.4752 -0.8738
vn 0.0750 -0.7704 -0.6332
vn 0.0539 -0.8888 -0.4552
vn 0.1162 0.1588 -0.9805
vn 0.1177 -0.0000 -0.9931
vn 0.0307 0.9654 -0.2588
vn 0.1162 -0.1588 -0.9805
vn 0.0539 0.8888 -0.4552
vn 0.0750 0.7704 -0.6332
vn 0.0589 0.9918 -0.1133
vn 0.0589 -0.9918 -0.1133
vn 0.0833 0.9922 -0.0925
vn 0.0833 -0.9922 -0.0925
vn 0.1020 0.9926 -0.0654
vn 0.1020 -0.9926 -0.0654
vn 0.1138 0.9929 -0.0339
vn 0.1138 -0.9929 -0.0339
vn 0.1179 0.9930 -0.0000
vn 0.1178 -0.9930 -0.0000
vn 0.1138 0.9929 0.0339
vn 0.1138 -0.9929 0.0339
vn 0.1020 0.9926 0.0654
vn 0.1020 -0.9926 0.0654
vn 0.0833 0.9922 0.0925
vn 0.0833 -0.9922 0.0925
vn 0.0589 0.9918 0.1133
vn 0.0589 -0.9918 0.1133
vn 0.0305 0.9915 0.1263
vn 0.0305 -0.9915 0.1263
vn -0.0000 0.9914 0.1307
vn -0.0000 -0.9914 0.1307
vn -0.0305 0.9915 0.1263
vn -0.0305 -0.9915 0.1263
vn -0.0589 0.9918 0.1133
vn -0.0589 -0.9918 0.1133
vn -0.0833 0.9922 0.0925
vn -0.0833 -0.9922 0.0925
vn -0.1020 0.9926 0.0654
vn -0.1020 -0.9926 0.0654
vn -0.1138 0.9929 0.0339
vn -0.1138 -0.9929 0.0339
vn -0.1179 0.9930 -0.0000
vn -0.1178 -0.9930 -0.0000
vn -0.1138 0.9929 -0.0339
vn -0.1138 -0.9929 -0.0339
vn -0.1020 0.9926 -0.0654
vn -0.1020 -0.9926 -0.0654
vn -0.0833 0.9922 -0.0925
vn -0.0833 -0.9922 -0.0925
vn -0.0589 0.9918 -0.1133
vn -0.0589 -0.9918 -0.1133
vn -0.0305 0.9915 -0.1263
vn -0.0305 -0.9915 -0.1263
vn -0.1116 -0.3175 -0.9417
vn -0.0915 0.6284 -0.7725
vn -0.0915 -0.6284 -0.7725
vn -0.1116 0.3175 -0.9417
vn -0.0307 -0.9654 -0.2588
vn 0.1238 0.9165 -0.3804
vn 0.1910 0.7862 -0.5877
vn 0.2470 0.6000 -0.7609
vn 0.2860 0.3754 -0.8816
vn 0.3059 0.1277 -0.9435
vn 0.3059 -0.1277 -0.9435
vn 0.2860 -0.3754 -0.8816
vn 0.2470 -0.6000 -0.7609
vn 0.1910 -0.7862 -0.5877
vn 0.1238 -0.9165 -0.3804
vn 0.1510 0.2534 -0.9555
vn 0.1510 -0.2534 -0.9555
vn 0.2353 0.9166 -0.3232
vn 0.3631 0.7864 -0.4997
vn 0.4699 0.6002 -0.6473
vn 0.5442 0.3756 -0.7502
vn 0.5822 0.1278 -0.8030
vn 0.5822 -0.1278 -0.8030
vn 0.5442 -0.3756 -0.7502
vn 0.4699 -0.6002 -0.6473
vn 0.3631 -0.7864 -0.4997
vn 0.2353 -0.9166 -0.3232
vn 0.1303 -0.9577 -0.2566
vn 0.2319 -0.8598 -0.4550
vn 0.1303 0.9577 -0.2566
vn 0.3949 -0.4916 -0.7761
vn 0.4385 -0.2535 -0.8622
vn 0.4385 0.2535 -0.8622
vn 0.3949 0.4916 -0.7761
vn 0.2319 0.8598 -0.4550
vn 0.3246 -0.6989 -0.6373
vn 0.4532 -0.0000 -0.8914
vn 0.3246 0.6989 -0.6373
vn 0.3235 0.9167 -0.2346
vn 0.4995 0.7866 -0.3629
vn 0.6467 0.6005 -0.4703
vn 0.7493 0.3758 -0.5453
vn 0.8018 0.1279 -0.5837
vn 0.8018 -0.1279 -0.5837
vn 0.7493 -0.3758 -0.5453
vn 0.6467 -0.6005 -0.4703
vn 0.4995 -0.7866 -0.3629
vn 0.3235 -0.9167 -0.2346
vn 0.5055 0.6991 -0.5057
vn 0.3610 0.8599 -0.3609
vn 0.3610 -0.8599 -0.3609
vn 0.5055 -0.6991 -0.5057
vn 0.6833 -0.2537 -0.6846
vn 0.7064 -0.0000 -0.7078
vn 0.6153 0.4919 -0.6160
vn 0.2029 -0.9578 -0.2036
vn 0.2029 0.9578 -0.2036
vn 0.6153 -0.4919 -0.6160
vn 0.6833 0.2537 -0.6846
vn 0.3799 0.9168 -0.1232
vn 0.5871 0.7868 -0.1908
vn 0.7603 0.6006 -0.2473
vn 0.8812 0.3760 -0.2867
vn 0.9431 0.1279 -0.3070
vn 0.9431 -0.1279 -0.3070
vn 0.8812 -0.3760 -0.2867
vn 0.7603 -0.6006 -0.2473
vn 0.5871 -0.7868 -0.1907
vn 0.3799 -0.9168 -0.1232
vn 0.2556 -0.9579 -0.1307
vn 0.4546 0.8600 -0.2316
vn 0.2556 0.9579 -0.1307
vn 0.6368 -0.6993 -0.3246
vn 0.7755 -0.4921 -0.3956
vn 0.8906 -0.0000 -0.4547
vn 0.8615 0.2538 -0.4397
vn 0.6368 0.6993 -0.3246
vn 0.4546 -0.8600 -0.2316
vn 0.8615 -0.2538 -0.4397
vn 0.7755 0.4921 -0.3956
vn 0.3993 0.9168 -0.0000
vn 0.6172 0.7868 -0.0000
vn 0.7995 0.6007 -0.0000
vn 0.9266 0.3760 -0.0000
vn 0.9918 0.1279 -0.0000
vn 0.9918 -0.1279 -0.0000
vn 0.9266 -0.3760 -0.0000
vn 0.7995 -0.6007 -0.0000
vn 0.6172 -0.7868 -0.0000
vn 0.3993 -0.9168 -0.0000
vn 0.8597 0.4922 -0.1363
vn 0.7059 0.6995 -0.1118
vn 0.2834 -0.9580 -0.0450
vn 0.5038 -0.8601 -0.0798
vn 0.2833 0.9580 -0.0450
vn 0.8597 -0.4922 -0.1363
vn 0.9553 -0.2539 -0.1516
vn 0.9553 0.2539 -0.1516
vn 0.5038 0.8601 -0.0798
vn 0.7059 -0.6995 -0.1118
vn 0.9876 -0.0000 -0.1567
vn 0.3799 0.9168 0.1232
vn 0.5871 0.7868 0.1907
vn 0.7603 0.6006 0.2473
vn 0.8812 0.3760 0.2867
vn 0.9431 0.1279 0.3070
vn 0.9431 -0.1279 0.3070
vn 0.8812 -0.3760 0.2867
vn 0.7603 -0.6006 0.2473
vn 0.5871 -0.7868 0.1907
vn 0.3799 -0.9168 0.1232
vn 0.7059 0.6995 0.1118
vn 0.5038 0.8601 0.0798
vn 0.5038 -0.8601 0.0798
vn 0.7059 -0.6995 0.1118
vn 0.9553 -0.2539 0.1516
vn 0.9876 -0.0000 0.1567
vn 0.8597 0.4922 0.1363
vn 0.2833 -0.9580 0.0450
vn 0.2833 0.9580 0.0450
vn 0.8597 -0.4922 0.1363
vn 0.9553 0.2539 0.1516
vn 0.3235 0.9167 0.2346
vn 0.4995 0.7866 0.3629
vn 0.6467 0.6005 0.4703
vn 0.7493 0.3758 0.5453
vn 0.8018 0.1279 0.5837
vn 0.8018 -0.1279 0.5837
vn 0.7493 -0.3758 0.5453
vn 0.6467 -0.6005 0.4703
vn 0.4995 -0.7866 0.3629
vn 0.3235 -0.9167 0.2346
vn 0.8615 0.2538 0.4397
vn 0.7755 0.4921 0.3956
vn 0.2556 -0.9579 0.1307
vn 0.4546 0.8600 0.2316
vn 0.2556 0.9579 0.1307
vn 0.6368 -0.6993 0.3246
vn 0.7755 -0.4921 0.3956
vn 0.8906 -0.0000 0.4547
vn 0.6368 0.6993 0.3246
vn 0.4546 -0.8600 0.2316
vn 0.8615 -0.2538 0.4397
vn 0.2353 0.9166 0.3232
vn 0.3631 0.7864 0.4997
vn 0.4699 0.6002 0.6473
vn 0.5442 0.3756 0.7502
vn 0.5822 0.1278 0.8030
vn 0.5822 -0.1278 0.8030
vn 0.5442 -0.3756 0.7502
vn 0.4699 -0.6002 0.6473
vn 0.3631 -0.7864 0.4997
vn 0.2353 -0.9166 0.3232
vn 0.6153 0.4919 0.6160
vn 0.5055 0.6991 0.5057
vn 0.2029 -0.9578 0.2036
vn 0.3610 -0.8599 0.3609
vn 0.2029 0.9578 0.2036
vn 0.6153 -0.4919 0.6160
vn 0.6833 -0.2537 0.6846
vn 0.6833 0.2537 0.6846
vn 0.3610 0.8599 0.3609
vn 0.5055 -0.6991 0.5057
vn 0.7064 -0.0000 0.7078
vn 0.1238 0.9165 0.3804
vn 0.1910 0.7862 0.5877
vn 0.2470 0.6000 0.7609
vn 0.2860 0.3754 0.8816
vn 0.3059 0.1277 0.9435
vn 0.3059 -0.1277 0.9435
vn 0.2860 -0.3754 0.8816
vn 0.2470 -0.6000 0.7609
vn 0.1910 -0.7862 0.5877
vn 0.1238 -0.9165 0.3804
vn 0.4532 -0.0000 0.8914
vn 0.4385 0.2535 0.8622
vn 0.3246 0.6989 0.6373
vn 0.2319 0.8598 0.4550
vn 0.2319 -0.8598 0.4550
vn 0.3246 -0.6989 0.6373
vn 0.4385 -0.2535 0.8622
vn 0.3949 0.4916 0.7761
vn 0.1303 -0.9577 0.2566
vn 0.1303 0.9577 0.2566
vn 0.3949 -0.4916 0.7761
vn -0.0000 0.9165 0.4001
vn -0.0000 0.7861 0.6180
vn -0.0000 0.5999 0.8001
vn -0.0000 0.3753 0.9269
vn -0.0000 0.1276 0.9918
vn -0.0000 -0.1276 0.9918
vn -0.0000 -0.3753 0.9269
vn -0.0000 -0.5999 0.8001
vn -0.0000 -0.7862 0.6180
vn -0.0000 -0.9165 0.4001
vn 0.1510 0.2534 0.9555
vn 0.1361 0.4914 0.8602
vn 0.0449 -0.9576 0.2846
vn 0.0800 0.8596 0.5046
vn 0.0449 0.9576 0.2846
vn 0.1119 -0.6987 0.7066
vn 0.1361 -0.4914 0.8602
vn 0.1561 -0.0000 0.9877
vn 0.1119 0.6987 0.7066
vn 0.0800 -0.8596 0.5046
vn 0.1510 -0.2534 0.9555
vn -0.1238 0.9165 0.3804
vn -0.1910 0.7862 0.5877
vn -0.2470 0.6000 0.7609
vn -0.2860 0.3754 0.8816
vn -0.3059 0.1277 0.9435
vn -0.3059 -0.1277 0.9435
vn -0.2860 -0.3754 0.8816
vn -0.2470 -0.6000 0.7609
vn -0.1910 -0.7862 0.5877
vn -0.1238 -0.9165 0.3804
vn -0.1510 -0.2534 0.9555
vn -0.1561 -0.0000 0.9877
vn -0.1361 0.4914 0.8602
vn -0.1119 0.6987 0.7066
vn -0.0449 -0.9576 0.2846
vn -0.0800 -0.8596 0.5046
vn -0.0449 0.9576 0.2846
vn -0.1361 -0.4914 0.8602
vn -0.1510 0.2534 0.9555
vn -0.0800 0.8596 0.5046
vn -0.1119 -0.6987 0.7066
vn -0.2353 0.9166 0.3232
vn -0.3631 0.7864 0.4997
vn -0.4699 0.6002 0.6473
vn -0.5442 0.3756 0.7502
vn -0.5822 0.1278 0.8030
vn -0.5822 -0.1278 0.8030
vn -0.5442 -0.3756 0.7502
vn -0.4699 -0.6002 0.6473
vn -0.3631 -0.7864 0.4997
vn -0.2353 -0.9166 0.3232
vn -0.4532 -0.0000 0.8914
vn -0.4385 0.2535 0.8622
vn -0.3246 0.6989 0.6373
vn -0.2319 0.8598 0.4550
vn -0.2319 -0.8598 0.4550
vn -0.3246 -0.6989 0.6373
vn -0.4385 -0.2535 0.8622
vn -0.3949 0.4916 0.7761
vn -0.1303 -0.9577 0.2566
vn -0.1303 0.9577 0.2566
vn -0.3949 -0.4916 0.7761
vn -0.3235 0.9167 0.2346
vn -0.4995 0.7866 0.3629
vn -0.6467 0.6005 0.4703
vn -0.7493 0.3758 0.5453
vn -0.8018 0.1279 0.5837
vn -0.8018 -0.1279 0.5837
vn -0.7493 -0.3758 0.5453
vn -0.6467 -0.6005 0.4703
vn -0.4995 -0.7866 0.3629
vn -0.3235 -0.9167 0.2346
vn -0.6153 -0.4919 0.6160
vn -0.6833 -0.2537 0.6846
vn -0.6833 0.2537 0.6846
vn -0.6153 0.4919 0.6160
vn -0.2029 -0.9578 0.2036
vn -0.3610 0.8599 0.3609
vn -0.2029 0.9578 0.2036
vn -0.5055 -0.6991 0.5057
vn -0.7064 -0.0000 0.7078
vn -0.5055 0.6991 0.5057
vn -0.3610 -0.8599 0.3609
vn -0.3799 0.9168 0.1232
vn -0.5871 0.7868 0.1907
vn -0.7603 0.6006 0.2473
vn -0.8812 0.3760 0.2867
vn -0.9431 0.1279 0.3070
vn -0.9431 -0.1279 0.3070
vn -0.8812 -0.3760 0.2867
vn -0.7603 -0.6006 0.2473
vn -0.5871 -0.7868 0.1907
vn -0.3799 -0.9168 0.1232
vn -0.8615 -0.2538 0.4397
vn -0.8906 -0.0000 0.4547
vn -0.7755 0.4921 0.3956
vn -0.6368 0.6993 0.3246
vn -0.2556 -0.9579 0.1307
vn -0.4546 -0.8600 0.2316
vn -0.2556 0.9579 0.1307
vn -0.7755 -0.4921 0.3956
vn -0.8615 0.2538 0.4397
vn -0.4546 0.8600 0.2316
vn -0.6368 -0.6993 0.3246
vn -0.3993 0.9168 -0.0000
vn -0.6172 0.7868 -0.0000
vn -0.7995 0.6007 -0.0000
vn -0.9266 0.3760 -0.0000
vn -0.9918 0.1279 -0.0000
vn -0.9918 -0.1279 -0.0000
vn -0.9266 -0.3760 -0.0000
vn -0.7995 -0.6007 -0.0000
vn -0.6172 -0.7868 -0.0000
vn -0.3993 -0.9168 -0.0000
vn -0.7059 -0.6995 0.1118
vn -0.8597 -0.4922 0.1363
vn -0.9876 -0.0000 0.1567
vn -0.9553 0.2539 0.1516
vn -0.7059 0.6995 0.1118
vn -0.5038 0.8601 0.0798
vn -0.5038 -0.8601 0.0798
vn -0.9553 -0.2539 0.1516
vn -0.8597 0.4922 0.1363
vn -0.2834 -0.9580 0.0450
vn -0.2833 0.9580 0.0450
vn -0.3799 0.9168 -0.1232
vn -0.5871 0.7868 -0.1907
vn -0.7603 0.6006 -0.2473
vn -0.8812 0.3760 -0.2867
vn -0.9431 0.1279 -0.3070
vn -0.9431 -0.1279 -0.3070
vn -0.8812 -0.3760 -0.2867
vn -0.7603 -0.6006 -0.2473
vn -0.5871 -0.7868 -0.1907
vn -0.3799 -0.9168 -0.1232
vn -0.2833 0.9580 -0.0450
vn -0.8597 -0.4922 -0.1363
vn -0.9553 -0.2539 -0.1516
vn -0.9553 0.2539 -0.1516
vn -0.8597 0.4922 -0.1363
vn -0.2834 -0.9580 -0.0450
vn -0.5038 0.8601 -0.0798
vn -0.7059 -0.6995 -0.1118
vn -0.9876 -0.0000 -0.1567
vn -0.7059 0.6995 -0.1118
vn -0.5038 -0.8601 -0.0798
vn -0.3235 0.9167 -0.2346
vn -0.4995 0.7866 -0.3629
vn -0.6467 0.6005 -0.4703
vn -0.7493 0.3758 -0.5453
vn -0.8018 0.1279 -0.5837
vn -0.8018 -0.1279 -0.5837
vn -0.7493 -0.3758 -0.5453
vn -0.6467 -0.6005 -0.4703
vn -0.4995 -0.7866 -0.3629
vn -0.3235 -0.9167 -0.2346
vn -0.4546 -0.8600 -0.2316
vn -0.6368 -0.6993 -0.3246
vn -0.8615 -0.2538 -0.4397
vn -0.8906 -0.0000 -0.4547
vn -0.7755 0.4921 -0.3956
vn -0.6368 0.6993 -0.3246
vn -0.2556 -0.9579 -0.1307
vn -0.2556 0.9579 -0.1307
vn -0.7755 -0.4921 -0.3956
vn -0.8615 0.2538 -0.4397
vn -0.4546 0.8600 -0.2316
vn -0.2353 0.9166 -0.3232
vn -0.3631 0.7864 -0.4997
vn -0.4699 0.6002 -0.6473
vn -0.5442 0.3756 -0.7502
vn -0.5822 0.1278 -0.8030
vn -0.5822 -0.1278 -0.8030
vn -0.5442 -0.3756 -0.7502
vn -0.4699 -0.6002 -0.6473
vn -0.3631 -0.7864 -0.4997
vn -0.2353 -0.9166 -0.3232
vn -0.3610 0.8599 -0.3609
vn -0.2029 0.9578 -0.2036
vn -0.5055 -0.6991 -0.5057
vn -0.6153 -0.4919 -0.6160
vn -0.7064 -0.0000 -0.7078
vn -0.6833 0.2537 -0.6846
vn -0.5055 0.6991 -0.5057
vn -0.3610 -0.8599 -0.3609
vn -0.6833 -0.2537 -0.6846
vn -0.6153 0.4919 -0.6160
vn -0.2029 -0.9578 -0.2036
vn -0.1238 0.9165 -0.3804
vn -0.1910 0.7862 -0.5877
vn -0.2470 0.6000 -0.7609
vn -0.2860 0.3754 -0.8816
vn -0.3059 0.1277 -0.9435
vn -0.3059 -0.1277 -0.9435
vn -0.2860 -0.3754 -0.8816
vn -0.2470 -0.6000 -0.7609
vn -0.1910 -0.7862 -0.5877
vn -0.1238 -0.9165 -0.3804
vn -0.1303 -0.9577 -0.2566
vn -0.2319 -0.8598 -0.4550
vn -0.1303 0.9577 -0.2566
vn -0.3949 -0.4916 -0.7761
vn -0.4385 -0.2535 -0.8622
vn -0.4385 0.2535 -0.8622
vn -0.3949 0.4916 -0.7761
vn -0.2319 0.8598 -0.4550
vn -0.3246 -0.6989 -0.6373
vn -0.4532 -0.0000 -0.8914
vn -0.3246 0.6989 -0.6373
vn -0.0000 0.9165 -0.4001
vn -0.0000 0.7861 -0.6180
vn -0.0000 0.5999 -0.8001
vn -0.0000 -0.5999 -0.8001
vn -0.0000 -0.7862 -0.6180
vn -0.0000 -0.9165 -0.4001
vn -0.1119 0.6987 -0.7066
vn -0.0800 0.8596 -0.5046
vn -0.0800 -0.8596 -0.5046
vn -0.1119 -0.6987 -0.7066
vn -0.1561 -0.0000 -0.9877
vn -0.1361 0.4914 -0.8602
vn -0.0449 -0.9576 -0.2846
vn -0.0449 0.9576 -0.2846
vn -0.1361 -0.4914 -0.8602
vn -0.0000 0.9899 -0.1417
vn -0.0000 0.3753 -0.9269
vn -0.0000 0.1276 -0.9918
vn -0.0000 -0.1276 -0.9918
vn -0.0000 -0.3753 -0.9269
vn -0.0000 -0.9899 -0.1417
vn 0.0436 0.9899 -0.1352
vn 0.0436 -0.9899 -0.1352
vn 0.1561 -0.0000 -0.9877
vn 0.1119 0.6987 -0.7066
vn 0.0800 0.8596 -0.5046
vn 0.0800 -0.8596 -0.5046
vn 0.1119 -0.6987 -0.7066
vn 0.1361 0.4914 -0.8602
vn 0.0449 -0.9576 -0.2846
vn 0.0449 0.9576 -0.2846
vn 0.1361 -0.4914 -0.8602
vn 0.0836 0.9897 -0.1161
vn 0.0836 -0.9897 -0.1161
vn 0.1163 0.9895 -0.0852
vn 0.1163 -0.9895 -0.0852
vn 0.1379 0.9894 -0.0452
vn 0.1379 -0.9894 -0.0452
vn 0.1454 0.9894 -0.0000
vn 0.1455 -0.9894 -0.0000
vn 0.1379 0.9894 0.0452
vn 0.1379 -0.9894 0.0452
vn 0.1163 0.9895 0.0852
vn 0.1163 -0.9895 0.0852
vn 0.0836 0.9897 0.1161
vn 0.0836 -0.9897 0.1161
vn 0.0436 0.9899 0.1352
vn 0.0436 -0.9899 0.1352
vn -0.0000 0.9899 0.1417
vn -0.0000 -0.9899 0.1417
vn -0.0436 0.9899 0.1352
vn -0.0436 -0.9899 0.1352
vn -0.0836 0.9897 0.1161
vn -0.0836 -0.9897 0.1161
vn -0.1163 0.9895 0.0852
vn -0.1163 -0.9895 0.0852
vn -0.1379 0.9894 0.0452
vn -0.1379 -0.9894 0.0452
vn -0.1454 0.9894 -0.0000
vn -0.1455 -0.9894 -0.0000
vn -0.1379 0.9894 -0.0452
vn -0.1379 -0.9894 -0.0452
vn -0.1163 0.9895 -0.0852
vn -0.1163 -0.9895 -0.0852
vn -0.0836 0.9897 -0.1161
vn -0.0836 -0.9897 -0.1161
vn -0.0436 0.9899 -0.1352
vn -0.0436 -0.9899 -0.1352
vn -0.1510 -0.2534 -0.9555
vn -0.1510 0.2534 -0.9555
vn 0.2288 -0.4430 -0.8668
vn 0.2288 0.4430 -0.8668
vn 0.4914 -0.0000 -0.8709
vn 0.6297 -0.4416 -0.6391
vn 0.6297 0.4416 -0.6391
vn 0.8614 -0.0000 -0.5079
vn 0.8665 -0.4402 -0.2355
vn 0.8665 0.4402 -0.2355
vn 0.8665 -0.4402 0.2355
vn 0.8665 0.4402 0.2355
vn 0.8614 -0.0000 0.5079
vn 0.6297 -0.4416 0.6391
vn 0.6297 0.4416 0.6391
vn 0.4914 -0.0000 0.8709
vn 0.2288 -0.4430 0.8668
vn 0.2288 0.4430 0.8668
vn -0.2288 -0.4430 0.8668
vn -0.2288 0.4430 0.8668
vn -0.4914 -0.0000 0.8709
vn -0.6297 -0.4416 0.6391
vn -0.6297 0.4416 0.6391
vn -0.8614 -0.0000 0.5079
vn -0.8665 -0.4402 0.2355
vn -0.8665 0.4402 0.2355
vn -0.8665 -0.4402 -0.2355
vn -0.8665 0.4402 -0.2355
vn -0.8614 -0.0000 -0.5079
vn -0.6297 -0.4416 -0.6391
vn -0.6297 0.4416 -0.6391
vn -0.4914 -0.0000 -0.8709
vn -0.2288 -0.4430 -0.8668
vn -0.2288 0.4430 -0.8668
vn 0.2164 -0.5311 -0.8192
vn 0.2164 0.5311 -0.8192
vn 0.4910 -0.0000 -0.8712
vn 0.5954 -0.5298 -0.6039
vn 0.5954 0.5298 -0.6039
vn 0.8612 -0.0000 -0.5083
vn 0.8192 -0.5286 -0.2226
vn 0.8192 0.5286 -0.2226
vn 0.8192 -0.5286 0.2226
vn 0.8192 0.5286 0.2226
vn 0.8612 -0.0000 0.5083
vn 0.5954 -0.5298 0.6039
vn 0.5954 0.5298 0.6039
vn 0.4910 -0.0000 0.8712
vn 0.2164 -0.5311 0.8192
vn 0.2164 0.5311 0.8192
vn -0.2164 -0.5311 0.8192
vn -0.2164 0.5311 0.8192
vn -0.4910 -0.0000 0.8712
vn -0.5954 -0.5298 0.6039
vn -0.5954 0.5298 0.6039
vn -0.8612 -0.0000 0.5083
vn -0.8192 -0.5286 0.2226
vn -0.8192 0.5286 0.2226
vn -0.8192 -0.5286 -0.2226
vn -0.8192 0.5286 -0.2226
vn -0.8612 -0.0000 -0.5083
vn -0.5954 -0.5298 -0.6039
vn -0.5954 0.5298 -0.6039
vn -0.4910 -0.0000 -0.8712
vn -0.2164 -0.5311 -0.8192
vn -0.2164 0.5311 -0.8192
vn -0.0000 0.9569 -0.2904
vn -0.0000 -0.9569 -0.2904
vn 0.4398 0.6624 -0.6065
vn 0.5679 0.2392 -0.7876
vn 0.5679 -0.2392 -0.7876
vn 0.4398 -0.6624 -0.6065
vn 0.1754 -0.8223 -0.5413
vn 0.3067 -0.0000 -0.9518
vn 0.1754 0.8223 -0.5413
vn 0.7112 0.6638 -0.2315
vn 0.9226 0.2402 -0.3019
vn 0.9226 -0.2402 -0.3019
vn 0.7112 -0.6638 -0.2316
vn 0.7143 0.4666 -0.5216
vn 0.4581 0.8238 -0.3338
vn 0.4581 -0.8238 -0.3338
vn 0.7143 -0.4666 -0.5216
vn 0.8069 -0.0000 -0.5907
vn 0.7112 0.6638 0.2315
vn 0.9226 0.2402 0.3019
vn 0.9226 -0.2402 0.3019
vn 0.7112 -0.6638 0.2316
vn 0.5657 -0.8246 -0.0000
vn 0.8840 -0.4674 -0.0000
vn 0.8840 0.4674 -0.0000
vn 0.5657 0.8246 -0.0000
vn 0.4398 0.6624 0.6065
vn 0.5679 0.2392 0.7876
vn 0.5679 -0.2392 0.7876
vn 0.4398 -0.6624 0.6065
vn 0.4581 -0.8238 0.3338
vn 0.7143 -0.4666 0.5216
vn 0.8069 -0.0000 0.5907
vn 0.7143 0.4666 0.5216
vn 0.4581 0.8238 0.3338
vn -0.0000 0.6613 0.7501
vn -0.0000 0.2384 0.9712
vn -0.0000 -0.2384 0.9712
vn -0.0000 -0.6613 0.7501
vn 0.1754 -0.8223 0.5413
vn 0.2723 -0.4649 0.8425
vn 0.3067 -0.0000 0.9518
vn 0.2723 0.4649 0.8425
vn 0.1754 0.8223 0.5413
vn -0.4398 0.6624 0.6065
vn -0.5679 0.2392 0.7876
vn -0.5679 -0.2392 0.7876
vn -0.4398 -0.6624 0.6065
vn -0.1754 -0.8223 0.5413
vn -0.2723 -0.4649 0.8425
vn -0.3067 -0.0000 0.9518
vn -0.2723 0.4649 0.8425
vn -0.1754 0.8223 0.5413
vn -0.7112 0.6638 0.2315
vn -0.9226 0.2402 0.3019
vn -0.9226 -0.2402 0.3019
vn -0.7112 -0.6638 0.2315
vn -0.8069 -0.0000 0.5907
vn -0.7143 0.4666 0.5216
vn -0.4581 0.8238 0.3338
vn -0.4581 -0.8238 0.3338
vn -0.7143 -0.4666 0.5216
vn -0.7112 0.6638 -0.2315
vn -0.9226 0.2402 -0.3019
vn -0.9226 -0.2402 -0.3019
vn -0.7112 -0.6638 -0.2315
vn -0.5657 0.8246 -0.0000
vn -0.5657 -0.8246 -0.0000
vn -0.8840 -0.4674 -0.0000
vn -0.8840 0.4674 -0.0000
vn -0.4398 0.6624 -0.6065
vn -0.5679 0.2392 -0.7876
vn -0.5679 -0.2392 -0.7876
vn -0.4398 -0.6624 -0.6065
vn -0.4581 -0.8238 -0.3338
vn -0.7143 -0.4666 -0.5216
vn -0.8069 -0.0000 -0.5907
vn -0.7143 0.4666 -0.5216
vn -0.4581 0.8238 -0.3338
vn -0.2723 -0.4649 -0.8425
vn -0.2723 0.4649 -0.8425
vn -0.0000 0.6613 -0.7501
vn -0.0000 0.2384 -0.9712
vn -0.0000 -0.2384 -0.9712
vn -0.0000 -0.6613 -0.7501
vn 0.1710 0.9564 -0.2366
vn 0.1710 -0.9564 -0.2366
vn 0.2723 -0.4649 -0.8425
vn 0.2723 0.4649 -0.8425
vn 0.2795 0.9558 -0.0913
vn 0.2795 -0.9558 -0.0913
vn 0.2795 0.9558 0.0913
vn 0.2795 -0.9558 0.0913
vn 0.1710 0.9564 0.2366
vn 0.1710 -0.9564 0.2366
vn -0.0000 0.9569 0.2904
vn -0.0000 -0.9569 0.2904
vn -0.1710 0.9564 0.2366
vn -0.1710 -0.9564 0.2366
vn -0.2795 0.9558 0.0913
vn -0.2795 -0.9558 0.0913
vn -0.2795 0.9558 -0.0913
vn -0.2795 -0.9558 -0.0913
vn -0.1710 0.9564 -0.2366
vn -0.1710 -0.9564 -0.2366
vn -0.1754 -0.8223 -0.5413
vn -0.3067 -0.0000 -0.9518
vn -0.1754 0.8223 -0.5413
vn 0.7112 -0.6638 -0.2315
vn 0.7112 -0.6638 0.2315
vn -0.7112 -0.6638 0.2316
vn -0.7112 -0.6638 -0.2316
vn 0.0981 -0.5527 -0.8276
vn 0.0981 0.5527 -0.8276
vn 0.0839 -0.7014 -0.7078
vn 0.1080 0.3966 -0.9116
vn 0.0650 -0.8336 -0.5485
vn 0.1143 0.2382 -0.9645
vn 0.0424 -0.9328 -0.3578
vn 0.1173 0.0794 -0.9899
vn 0.0214 0.9833 -0.1805
vn 0.0214 -0.9833 -0.1805
vn 0.1173 -0.0794 -0.9899
vn 0.0424 0.9328 -0.3578
vn 0.1143 -0.2382 -0.9645
vn 0.0650 0.8336 -0.5485
vn 0.1080 -0.3966 -0.9116
vn 0.0839 0.7014 -0.7078
vn 0.3200 -0.4008 -0.8584
vn 0.2474 0.7059 -0.6637
vn 0.2900 -0.5575 -0.7779
vn 0.2900 0.5575 -0.7779
vn 0.2474 -0.7059 -0.6637
vn 0.3200 0.4008 -0.8584
vn 0.1913 -0.8368 -0.5130
vn 0.3390 0.2410 -0.9094
vn 0.1245 -0.9343 -0.3340
vn 0.3482 0.0804 -0.9340
vn 0.0627 0.9837 -0.1683
vn 0.0627 -0.9837 -0.1683
vn 0.3482 -0.0804 -0.9340
vn 0.1245 0.9343 -0.3340
vn 0.3390 -0.2410 -0.9094
vn 0.1913 0.8368 -0.5130
vn 0.1986 -0.9369 -0.2876
vn 0.5663 0.0822 -0.8201
vn 0.0999 0.9844 -0.1446
vn 0.0999 -0.9844 -0.1446
vn 0.5663 -0.0822 -0.8201
vn 0.1986 0.9369 -0.2876
vn 0.5508 -0.2462 -0.7975
vn 0.3063 0.8423 -0.4435
vn 0.5187 -0.4084 -0.7511
vn 0.3980 0.7138 -0.5763
vn 0.4684 -0.5661 -0.6783
vn 0.4684 0.5661 -0.6783
vn 0.3980 -0.7138 -0.5763
vn 0.5187 0.4084 -0.7511
vn 0.3063 -0.8423 -0.4435
vn 0.5508 0.2462 -0.7975
vn 0.5256 0.7232 -0.4481
vn 0.6217 -0.5766 -0.5301
vn 0.6217 0.5766 -0.5301
vn 0.5256 -0.7232 -0.4481
vn 0.6914 0.4177 -0.5895
vn 0.4022 -0.8489 -0.3429
vn 0.7363 0.2525 -0.6278
vn 0.2597 -0.9400 -0.2214
vn 0.7582 0.0844 -0.6465
vn 0.1303 0.9852 -0.1111
vn 0.1303 -0.9852 -0.1111
vn 0.7583 -0.0844 -0.6465
vn 0.2597 0.9400 -0.2214
vn 0.7363 -0.2525 -0.6278
vn 0.4022 0.8489 -0.3429
vn 0.6914 -0.4177 -0.5895
vn 0.9050 0.0865 -0.4165
vn 0.1518 0.9859 -0.0699
vn 0.1518 -0.9859 -0.0699
vn 0.9050 -0.0865 -0.4165
vn 0.3033 0.9426 -0.1396
vn 0.8775 -0.2584 -0.4039
vn 0.4716 0.8547 -0.2171
vn 0.8217 -0.4263 -0.3782
vn 0.6192 0.7317 -0.2850
vn 0.7360 -0.5861 -0.3387
vn 0.7360 0.5861 -0.3387
vn 0.6192 -0.7317 -0.2850
vn 0.8217 0.4263 -0.3782
vn 0.4716 -0.8547 -0.2171
vn 0.8775 0.2584 -0.4039
vn 0.3033 -0.9426 -0.1396
vn 0.7976 -0.5918 -0.1167
vn 0.7976 0.5918 -0.1167
vn 0.6691 -0.7367 -0.0979
vn 0.8926 0.4315 -0.1306
vn 0.5081 -0.8581 -0.0743
vn 0.9549 0.2620 -0.1397
vn 0.3260 -0.9442 -0.0477
vn 0.9856 0.0878 -0.1442
vn 0.1630 0.9863 -0.0238
vn 0.1630 -0.9863 -0.0238
vn 0.9856 -0.0878 -0.1442
vn 0.3260 0.9442 -0.0477
vn 0.9549 -0.2620 -0.1397
vn 0.5081 0.8581 -0.0743
vn 0.8926 -0.4315 -0.1306
vn 0.6691 0.7367 -0.0979
vn 0.1630 -0.9863 0.0238
vn 0.9856 -0.0878 0.1442
vn 0.3260 0.9442 0.0477
vn 0.9549 -0.2620 0.1397
vn 0.5081 0.8581 0.0743
vn 0.8926 -0.4315 0.1306
vn 0.6691 0.7367 0.0979
vn 0.7976 -0.5918 0.1167
vn 0.7976 0.5918 0.1167
vn 0.6691 -0.7367 0.0979
vn 0.8926 0.4315 0.1306
vn 0.5081 -0.8581 0.0743
vn 0.9549 0.2620 0.1397
vn 0.3260 -0.9442 0.0477
vn 0.9856 0.0878 0.1442
vn 0.1630 0.9863 0.0238
vn 0.6192 -0.7317 0.2850
vn 0.8217 0.4263 0.3782
vn 0.4716 -0.8547 0.2171
vn 0.8775 0.2584 0.4039
vn 0.3033 -0.9426 0.1396
vn 0.9050 0.0865 0.4165
vn 0.1518 0.9859 0.0699
vn 0.1518 -0.9859 0.0699
vn 0.9050 -0.0865 0.4165
vn 0.3033 0.9426 0.1396
vn 0.8775 -0.2584 0.4039
vn 0.4716 0.8547 0.2171
vn 0.8217 -0.4263 0.3782
vn 0.6192 0.7317 0.2850
vn 0.7360 -0.5861 0.3387
vn 0.7360 0.5861 0.3387
vn 0.2597 0.9400 0.2214
vn 0.7363 -0.2525 0.6278
vn 0.4022 0.8489 0.3429
vn 0.6914 -0.4177 0.5895
vn 0.5256 0.7232 0.4481
vn 0.6217 -0.5766 0.5301
vn 0.6217 0.5766 0.5301
vn 0.5256 -0.7232 0.4481
vn 0.6914 0.4177 0.5895
vn 0.4022 -0.8489 0.3429
vn 0.7363 0.2525 0.6278
vn 0.2597 -0.9400 0.2214
vn 0.7582 0.0844 0.6465
vn 0.1303 0.9852 0.1111
vn 0.1303 -0.9852 0.1111
vn 0.7582 -0.0844 0.6465
vn 0.5187 0.4084 0.7511
vn 0.3063 -0.8423 0.4435
vn 0.5508 0.2462 0.7975
vn 0.1986 -0.9369 0.2876
vn 0.5663 0.0822 0.8201
vn 0.0999 0.9844 0.1446
vn 0.0999 -0.9844 0.1446
vn 0.5663 -0.0822 0.8201
vn 0.1986 0.9369 0.2876
vn 0.5508 -0.2462 0.7975
vn 0.3063 0.8423 0.4435
vn 0.5187 -0.4084 0.7511
vn 0.3980 0.7138 0.5763
vn 0.4684 -0.5661 0.6783
vn 0.4684 0.5661 0.6783
vn 0.3980 -0.7138 0.5763
vn 0.3390 -0.2410 0.9094
vn 0.1913 0.8368 0.5130
vn 0.3200 -0.4008 0.8584
vn 0.2474 0.7059 0.6637
vn 0.2900 -0.5575 0.7779
vn 0.2900 0.5575 0.7779
vn 0.2474 -0.7059 0.6637
vn 0.3200 0.4008 0.8584
vn 0.1913 -0.8368 0.5130
vn 0.3390 0.2410 0.9094
vn 0.1245 -0.9343 0.3340
vn 0.3482 0.0804 0.9340
vn 0.0627 0.9837 0.1683
vn 0.0627 -0.9837 0.1683
vn 0.3482 -0.0804 0.9340
vn 0.1245 0.9343 0.3340
vn 0.0650 -0.8336 0.5485
vn 0.1143 0.2382 0.9645
vn 0.0424 -0.9328 0.3578
vn 0.1173 0.0794 0.9899
vn 0.0214 0.9833 0.1805
vn 0.0214 -0.9833 0.1805
vn 0.1173 -0.0794 0.9899
vn 0.0424 0.9328 0.3578
vn 0.1143 -0.2382 0.9645
vn 0.0650 0.8336 0.5485
vn 0.1080 -0.3966 0.9116
vn 0.0839 0.7014 0.7078
vn 0.0981 -0.5527 0.8276
vn 0.0981 0.5527 0.8276
vn 0.0839 -0.7014 0.7078
vn 0.1080 0.3966 0.9116
vn -0.0650 0.8336 0.5485
vn -0.1080 -0.3966 0.9116
vn -0.0839 0.7014 0.7078
vn -0.0981 -0.5527 0.8276
vn -0.0981 0.5527 0.8276
vn -0.0839 -0.7014 0.7078
vn -0.1080 0.3966 0.9116
vn -0.0650 -0.8336 0.5485
vn -0.1143 0.2382 0.9645
vn -0.0424 -0.9328 0.3578
vn -0.1173 0.0794 0.9899
vn -0.0214 0.9833 0.1805
vn -0.0214 -0.9833 0.1805
vn -0.1173 -0.0794 0.9899
vn -0.0424 0.9328 0.3578
vn -0.1143 -0.2382 0.9645
vn -0.3390 0.2410 0.9094
vn -0.1245 -0.9343 0.3340
vn -0.3482 0.0804 0.9340
vn -0.0627 0.9837 0.1683
vn -0.0627 -0.9837 0.1683
vn -0.3482 -0.0804 0.9340
vn -0.1245 0.9343 0.3340
vn -0.3390 -0.2410 0.9094
vn -0.1913 0.8368 0.5130
vn -0.3200 -0.4008 0.8584
vn -0.2474 0.7059 0.6637
vn -0.2900 -0.5575 0.7779
vn -0.2900 0.5575 0.7779
vn -0.2474 -0.7059 0.6637
vn -0.3200 0.4008 0.8584
vn -0.1913 -0.8368 0.5130
vn -0.5187 -0.4084 0.7511
vn -0.3980 0.7138 0.5763
vn -0.4684 -0.5661 0.6783
vn -0.4684 0.5661 0.6783
vn -0.3980 -0.7138 0.5763
vn -0.5187 0.4084 0.7511
vn -0.3063 -0.8423 0.4435
vn -0.5508 0.2462 0.7975
vn -0.1986 -0.9369 0.2876
vn -0.5663 0.0822 0.8201
vn -0.0999 0.9844 0.1446
vn -0.0999 -0.9844 0.1446
vn -0.5663 -0.0822 0.8201
vn -0.1986 0.9369 0.2876
vn -0.5508 -0.2462 0.7975
vn -0.3063 0.8423 0.4435
vn -0.2597 -0.9400 0.2214
vn -0.7583 0.0844 0.6465
vn -0.1303 0.9852 0.1111
vn -0.1303 -0.9852 0.1111
vn -0.7583 -0.0844 0.6465
vn -0.2597 0.9400 0.2214
vn -0.7363 -0.2525 0.6278
vn -0.4022 0.8489 0.3429
vn -0.6914 -0.4177 0.5895
vn -0.5256 0.7232 0.4481
vn -0.6217 -0.5766 0.5301
vn -0.6217 0.5766 0.5301
vn -0.5256 -0.7232 0.4481
vn -0.6914 0.4177 0.5895
vn -0.4022 -0.8489 0.3429
vn -0.7363 0.2525 0.6278
vn -0.7360 -0.5861 0.3387
vn -0.7360 0.5861 0.3387
vn -0.6192 -0.7317 0.2850
vn -0.8217 0.4263 0.3782
vn -0.4716 -0.8547 0.2171
vn -0.8775 0.2584 0.4039
vn -0.3033 -0.9426 0.1396
vn -0.9050 0.0865 0.4165
vn -0.1518 0.9859 0.0699
vn -0.1518 -0.9859 0.0699
vn -0.9050 -0.0865 0.4165
vn -0.3033 0.9426 0.1396
vn -0.8775 -0.2584 0.4039
vn -0.4716 0.8547 0.2170
vn -0.8217 -0.4263 0.3782
vn -0.6192 0.7317 0.2850
vn -0.1630 0.9863 0.0238
vn -0.1630 -0.9863 0.0238
vn -0.9856 -0.0878 0.1442
vn -0.3260 0.9442 0.0477
vn -0.9549 -0.2620 0.1397
vn -0.5081 0.8581 0.0743
vn -0.8926 -0.4315 0.1306
vn -0.6691 0.7367 0.0979
vn -0.7976 -0.5918 0.1167
vn -0.7976 0.5918 0.1167
vn -0.6691 -0.7367 0.0979
vn -0.8926 0.4315 0.1306
vn -0.5081 -0.8581 0.0743
vn -0.9549 0.2620 0.1397
vn -0.3260 -0.9442 0.0477
vn -0.9856 0.0878 0.1442
vn -0.7976 0.5918 -0.1167
vn -0.6691 -0.7367 -0.0979
vn -0.8926 0.4315 -0.1306
vn -0.5081 -0.8581 -0.0743
vn -0.9549 0.2620 -0.1397
vn -0.3260 -0.9442 -0.0477
vn -0.9856 0.0878 -0.1442
vn -0.1630 0.9863 -0.0238
vn -0.1630 -0.9863 -0.0238
vn -0.9856 -0.0878 -0.1442
vn -0.3260 0.9442 -0.0477
vn -0.9549 -0.2620 -0.1397
vn -0.5081 0.8581 -0.0743
vn -0.8926 -0.4315 -0.1306
vn -0.6691 0.7367 -0.0979
vn -0.7976 -0.5918 -0.1167
vn -0.9050 -0.0865 -0.4165
vn -0.3033 0.9426 -0.1396
vn -0.8775 -0.2584 -0.4039
vn -0.4716 0.8547 -0.2170
vn -0.8217 -0.4263 -0.3782
vn -0.6192 0.7317 -0.2850
vn -0.7360 -0.5861 -0.3387
vn -0.7360 0.5861 -0.3387
vn -0.6192 -0.7317 -0.2850
vn -0.8217 0.4263 -0.3782
vn -0.4716 -0.8547 -0.2171
vn -0.8775 0.2584 -0.4039
vn -0.3033 -0.9426 -0.1396
vn -0.9050 0.0865 -0.4165
vn -0.1518 0.9859 -0.0699
vn -0.1518 -0.9859 -0.0699
vn -0.5256 -0.7232 -0.4481
vn -0.6914 0.4177 -0.5895
vn -0.4022 -0.8489 -0.3429
vn -0.7363 0.2525 -0.6278
vn -0.2597 -0.9400 -0.2214
vn -0.7582 0.0844 -0.6465
vn -0.1303 0.9852 -0.1111
vn -0.1303 -0.9852 -0.1111
vn -0.7582 -0.0844 -0.6465
vn -0.2597 0.9400 -0.2214
vn -0.7363 -0.2525 -0.6278
vn -0.4022 0.8489 -0.3429
vn -0.6914 -0.4177 -0.5895
vn -0.5256 0.7232 -0.4481
vn -0.6217 -0.5766 -0.5301
vn -0.6217 0.5766 -0.5301
vn -0.1986 0.9369 -0.2876
vn -0.5508 -0.2462 -0.7975
vn -0.3063 0.8423 -0.4435
vn -0.5187 -0.4084 -0.7511
vn -0.3980 0.7138 -0.5763
vn -0.4684 -0.5661 -0.6783
vn -0.4684 0.5661 -0.6783
vn -0.3980 -0.7138 -0.5763
vn -0.5187 0.4084 -0.7511
vn -0.3063 -0.8423 -0.4435
vn -0.5508 0.2462 -0.7975
vn -0.1986 -0.9369 -0.2876
vn -0.5663 0.0822 -0.8201
vn -0.0999 0.9844 -0.1446
vn -0.0999 -0.9844 -0.1446
vn -0.5663 -0.0822 -0.8201
vn -0.3200 0.4008 -0.8584
vn -0.1913 -0.8368 -0.5130
vn -0.3390 0.2410 -0.9094
vn -0.1245 -0.9343 -0.3340
vn -0.3482 0.0804 -0.9340
vn -0.0627 0.9837 -0.1683
vn -0.0627 -0.9837 -0.1683
vn -0.3482 -0.0804 -0.9340
vn -0.1245 0.9343 -0.3340
vn -0.3390 -0.2410 -0.9094
vn -0.1913 0.8368 -0.5130
vn -0.3200 -0.4008 -0.8584
vn -0.2474 0.7059 -0.6637
vn -0.2900 -0.5575 -0.7779
vn -0.2900 0.5575 -0.7779
vn -0.2474 -0.7059 -0.6637
vn -0.1143 -0.2382 -0.9645
vn -0.0650 0.8336 -0.5485
vn -0.1080 -0.3966 -0.9116
vn -0.0839 0.7014 -0.7078
vn -0.0981 -0.5527 -0.8276
vn -0.0981 0.5527 -0.8276
vn -0.0839 -0.7014 -0.7078
vn -0.1080 0.3966 -0.9116
vn -0.0650 -0.8336 -0.5485
vn -0.1143 0.2382 -0.9645
vn -0.0424 -0.9328 -0.3578
vn -0.1173 0.0794 -0.9899
vn -0.0214 0.9833 -0.1805
vn -0.0214 -0.9833 -0.1805
vn -0.1173 -0.0794 -0.9899
vn -0.0424 0.9328 -0.3578
vn 0.1548 0.1277 -0.9797
vn 0.0967 0.7862 -0.6104
vn 0.0967 -0.7862 -0.6104
vn 0.1548 -0.1277 -0.9797
vn 0.1251 0.5999 -0.7902
vn 0.0626 -0.9165 -0.3951
vn 0.0311 0.9803 -0.1952
vn 0.1448 -0.3753 -0.9155
vn 0.1448 0.3753 -0.9155
vn 0.0311 -0.9803 -0.1952
vn 0.0626 0.9165 -0.3951
vn 0.1251 -0.5999 -0.7902
vn 0.1816 -0.9166 -0.3563
vn 0.0899 0.9804 -0.1753
vn 0.4202 -0.3755 -0.8261
vn 0.4202 0.3755 -0.8261
vn 0.0899 -0.9804 -0.1753
vn 0.1816 0.9166 -0.3563
vn 0.3629 -0.6001 -0.7129
vn 0.4495 0.1277 -0.8841
vn 0.2805 0.7863 -0.5505
vn 0.2805 -0.7863 -0.5505
vn 0.4495 -0.1277 -0.8841
vn 0.3629 0.6001 -0.7129
vn 0.4367 0.7865 -0.4367
vn 0.4367 -0.7865 -0.4367
vn 0.7006 -0.1278 -0.7020
vn 0.5653 0.6003 -0.5658
vn 0.2826 -0.9167 -0.2825
vn 0.1390 0.9806 -0.1380
vn 0.6548 -0.3757 -0.6558
vn 0.6548 0.3757 -0.6558
vn 0.1390 -0.9806 -0.1381
vn 0.2826 0.9167 -0.2825
vn 0.5653 -0.6003 -0.5658
vn 0.7006 0.1278 -0.7020
vn 0.1739 -0.9808 -0.0879
vn 0.3559 0.9168 -0.1813
vn 0.7123 -0.6006 -0.3633
vn 0.8833 0.1279 -0.4509
vn 0.5501 0.7867 -0.2803
vn 0.5501 -0.7867 -0.2803
vn 0.8833 -0.1279 -0.4509
vn 0.7123 0.6006 -0.3633
vn 0.3559 -0.9168 -0.1813
vn 0.1739 0.9808 -0.0879
vn 0.8254 -0.3759 -0.4212
vn 0.8254 0.3759 -0.4212
vn 0.7896 0.6007 -0.1252
vn 0.3943 -0.9168 -0.0624
vn 0.1918 0.9810 -0.0301
vn 0.9152 -0.3760 -0.1452
vn 0.9152 0.3760 -0.1452
vn 0.1918 -0.9810 -0.0301
vn 0.3943 0.9168 -0.0624
vn 0.7896 -0.6007 -0.1252
vn 0.9795 0.1279 -0.1554
vn 0.6096 0.7868 -0.0966
vn 0.6096 -0.7868 -0.0966
vn 0.9795 -0.1279 -0.1554
vn 0.6096 0.7868 0.0966
vn 0.6096 -0.7868 0.0966
vn 0.9795 -0.1279 0.1554
vn 0.7896 0.6007 0.1252
vn 0.3943 -0.9168 0.0624
vn 0.1918 0.9810 0.0301
vn 0.9152 -0.3760 0.1452
vn 0.9152 0.3760 0.1452
vn 0.1918 -0.9810 0.0301
vn 0.3943 0.9168 0.0624
vn 0.7896 -0.6007 0.1252
vn 0.9795 0.1279 0.1554
vn 0.8254 0.3759 0.4212
vn 0.1739 -0.9808 0.0879
vn 0.3559 0.9168 0.1813
vn 0.7123 -0.6006 0.3633
vn 0.8833 0.1279 0.4509
vn 0.5501 0.7867 0.2803
vn 0.5501 -0.7867 0.2803
vn 0.8833 -0.1279 0.4509
vn 0.7123 0.6006 0.3633
vn 0.3559 -0.9168 0.1813
vn 0.1738 0.9808 0.0879
vn 0.8254 -0.3759 0.4212
vn 0.5653 0.6003 0.5658
vn 0.2826 -0.9167 0.2825
vn 0.1390 0.9806 0.1380
vn 0.6548 -0.3757 0.6558
vn 0.6548 0.3757 0.6558
vn 0.1390 -0.9806 0.1381
vn 0.2826 0.9167 0.2825
vn 0.5653 -0.6003 0.5658
vn 0.7006 0.1278 0.7020
vn 0.4367 0.7865 0.4367
vn 0.4367 -0.7865 0.4367
vn 0.7006 -0.1278 0.7020
vn 0.4495 0.1277 0.8841
vn 0.2805 0.7863 0.5505
vn 0.2805 -0.7863 0.5505
vn 0.4495 -0.1277 0.8841
vn 0.3629 0.6001 0.7129
vn 0.1816 -0.9166 0.3563
vn 0.0899 0.9804 0.1753
vn 0.4202 -0.3755 0.8261
vn 0.4202 0.3755 0.8261
vn 0.0899 -0.9804 0.1753
vn 0.1816 0.9166 0.3563
vn 0.3629 -0.6001 0.7129
vn 0.1448 0.3753 0.9155
vn 0.0311 -0.9803 0.1952
vn 0.0626 0.9165 0.3951
vn 0.1251 -0.5999 0.7902
vn 0.1548 0.1277 0.9797
vn 0.0967 0.7862 0.6104
vn 0.0967 -0.7862 0.6104
vn 0.1548 -0.1277 0.9797
vn 0.1251 0.5999 0.7902
vn 0.0626 -0.9165 0.3951
vn 0.0311 0.9803 0.1952
vn 0.1448 -0.3753 0.9155
vn -0.1548 -0.1277 0.9797
vn -0.1251 0.5999 0.7902
vn -0.0626 -0.9165 0.3951
vn -0.0311 0.9803 0.1952
vn -0.1448 -0.3753 0.9155
vn -0.1448 0.3753 0.9155
vn -0.0311 -0.9803 0.1952
vn -0.0626 0.9165 0.3951
vn -0.1251 -0.5999 0.7902
vn -0.1548 0.1277 0.9797
vn -0.0967 0.7862 0.6104
vn -0.0967 -0.7862 0.6104
vn -0.4495 0.1277 0.8841
vn -0.2805 0.7863 0.5505
vn -0.2805 -0.7863 0.5505
vn -0.4495 -0.1277 0.8841
vn -0.3629 0.6001 0.7129
vn -0.1816 -0.9166 0.3563
vn -0.0899 0.9804 0.1753
vn -0.4202 -0.3755 0.8261
vn -0.4202 0.3755 0.8261
vn -0.0899 -0.9804 0.1753
vn -0.1816 0.9166 0.3563
vn -0.3629 -0.6001 0.7129
vn -0.6548 -0.3757 0.6558
vn -0.6548 0.3757 0.6558
vn -0.1390 -0.9806 0.1381
vn -0.2826 0.9167 0.2825
vn -0.5653 -0.6003 0.5658
vn -0.7006 0.1278 0.7020
vn -0.4367 0.7865 0.4367
vn -0.4367 -0.7865 0.4367
vn -0.7006 -0.1278 0.7020
vn -0.5653 0.6003 0.5658
vn -0.2826 -0.9167 0.2825
vn -0.1390 0.9806 0.1380
vn -0.8833 -0.1279 0.4509
vn -0.7123 0.6006 0.3633
vn -0.3559 -0.9168 0.1813
vn -0.1738 0.9808 0.0879
vn -0.8254 -0.3759 0.4212
vn -0.8254 0.3759 0.4212
vn -0.1739 -0.9808 0.0879
vn -0.3559 0.9168 0.1813
vn -0.7123 -0.6006 0.3633
vn -0.8833 0.1279 0.4509
vn -0.5501 0.7867 0.2803
vn -0.5501 -0.7867 0.2803
vn -0.7896 -0.6007 0.1252
vn -0.9795 0.1279 0.1554
vn -0.6096 0.7868 0.0966
vn -0.6096 -0.7868 0.0966
vn -0.9795 -0.1279 0.1554
vn -0.7896 0.6007 0.1252
vn -0.3943 -0.9168 0.0624
vn -0.1918 0.9810 0.0301
vn -0.9152 -0.3760 0.1452
vn -0.9152 0.3760 0.1452
vn -0.1918 -0.9810 0.0301
vn -0.3943 0.9168 0.0624
vn -0.1918 0.9810 -0.0301
vn -0.9152 -0.3760 -0.1452
vn -0.9152 0.3760 -0.1452
vn -0.1918 -0.9810 -0.0301
vn -0.3943 0.9168 -0.0624
vn -0.7896 -0.6007 -0.1252
vn -0.9795 0.1279 -0.1554
vn -0.6096 0.7868 -0.0966
vn -0.6096 -0.7868 -0.0966
vn -0.9795 -0.1279 -0.1554
vn -0.7896 0.6007 -0.1252
vn -0.3943 -0.9168 -0.0624
vn -0.5501 -0.7867 -0.2803
vn -0.8833 -0.1279 -0.4509
vn -0.7123 0.6006 -0.3633
vn -0.3559 -0.9168 -0.1813
vn -0.1738 0.9808 -0.0879
vn -0.8254 -0.3759 -0.4212
vn -0.8254 0.3759 -0.4212
vn -0.1739 -0.9808 -0.0879
vn -0.3559 0.9168 -0.1813
vn -0.7123 -0.6006 -0.3633
vn -0.8833 0.1279 -0.4509
vn -0.5501 0.7867 -0.2803
vn -0.2826 0.9167 -0.2825
vn -0.5653 -0.6003 -0.5658
vn -0.7006 0.1278 -0.7020
vn -0.4367 0.7865 -0.4367
vn -0.4367 -0.7865 -0.4367
vn -0.7006 -0.1278 -0.7020
vn -0.5653 0.6003 -0.5658
vn -0.2826 -0.9167 -0.2825
vn -0.1390 0.9806 -0.1381
vn -0.6548 -0.3757 -0.6558
vn -0.6548 0.3757 -0.6558
vn -0.1390 -0.9806 -0.1381
vn -0.1816 -0.9166 -0.3563
vn -0.0899 0.9804 -0.1753
vn -0.4202 -0.3755 -0.8261
vn -0.4202 0.3755 -0.8261
vn -0.0899 -0.9804 -0.1753
vn -0.1816 0.9166 -0.3563
vn -0.3629 -0.6001 -0.7129
vn -0.4495 0.1277 -0.8841
vn -0.2805 0.7863 -0.5505
vn -0.2805 -0.7863 -0.5505
vn -0.4495 -0.1277 -0.8841
vn -0.3629 0.6001 -0.7129
vn -0.0967 0.7862 -0.6104
vn -0.0967 -0.7862 -0.6104
vn -0.1548 -0.1277 -0.9797
vn -0.1251 0.5999 -0.7902
vn -0.0626 -0.9165 -0.3951
vn -0.0311 0.9803 -0.1952
vn -0.1448 -0.3753 -0.9155
vn -0.1448 0.3753 -0.9155
vn -0.0311 -0.9803 -0.1952
vn -0.0626 0.9165 -0.3951
vn -0.1251 -0.5999 -0.7902
vn -0.1548 0.1277 -0.9797
vn 0.2589 -0.0000 -0.9659
vn 0.7072 -0.0000 -0.7070
vn 0.9659 -0.0000 -0.2588
vn 0.9659 -0.0000 0.2588
vn 0.7072 -0.0000 0.7070
vn 0.2589 -0.0000 0.9659
vn -0.2589 -0.0000 0.9659
vn -0.7072 -0.0000 0.7070
vn -0.9659 -0.0000 0.2588
vn -0.9659 -0.0000 -0.2588
vn -0.7072 -0.0000 -0.7070
vn -0.2589 -0.0000 -0.9659
vn 0.7073 -0.0000 -0.7069
vn 0.9660 -0.0000 -0.2587
vn 0.9660 -0.0000 0.2587
vn 0.7073 -0.0000 0.7069
vn -0.7073 -0.0000 0.7069
vn -0.9660 -0.0000 0.2587
vn -0.9660 -0.0000 -0.2587
vn -0.7073 -0.0000 -0.7069
vn 0.1150 -0.9294 -0.3506
vn 0.2980 -0.2386 -0.9242
vn 0.2310 0.6619 -0.7131
vn 0.2310 -0.6619 -0.7131
vn 0.2980 0.2386 -0.9242
vn 0.1150 0.9294 -0.3506
vn 0.6047 0.6635 -0.4407
vn 0.6047 -0.6635 -0.4407
vn 0.7835 0.2397 -0.5733
vn 0.2957 0.9313 -0.2126
vn 0.2957 -0.9313 -0.2126
vn 0.7835 -0.2397 -0.5733
vn 0.7475 -0.6643 -0.0000
vn 0.9707 0.2403 -0.0000
vn 0.3614 0.9324 -0.0000
vn 0.3614 -0.9324 -0.0000
vn 0.9707 -0.2403 -0.0000
vn 0.7475 0.6643 -0.0000
vn 0.6047 -0.6635 0.4407
vn 0.7835 0.2397 0.5733
vn 0.2957 0.9313 0.2126
vn 0.2957 -0.9313 0.2126
vn 0.7835 -0.2397 0.5733
vn 0.6047 0.6635 0.4407
vn 0.2310 -0.6619 0.7131
vn 0.2980 0.2386 0.9242
vn 0.1150 0.9294 0.3506
vn 0.1150 -0.9294 0.3506
vn 0.2980 -0.2386 0.9242
vn 0.2310 0.6619 0.7131
vn -0.2310 -0.6619 0.7131
vn -0.2980 0.2386 0.9242
vn -0.1150 0.9294 0.3506
vn -0.1150 -0.9294 0.3506
vn -0.2980 -0.2386 0.9242
vn -0.2310 0.6619 0.7131
vn -0.7835 0.2397 0.5733
vn -0.2957 0.9313 0.2126
vn -0.2957 -0.9313 0.2126
vn -0.7835 -0.2397 0.5733
vn -0.6047 0.6635 0.4407
vn -0.6047 -0.6635 0.4407
vn -0.3614 0.9324 -0.0000
vn -0.3614 -0.9324 -0.0000
vn -0.9707 -0.2403 -0.0000
vn -0.7475 0.6643 -0.0000
vn -0.7475 -0.6643 -0.0000
vn -0.9707 0.2403 -0.0000
vn -0.2957 -0.9313 -0.2126
vn -0.7835 -0.2397 -0.5733
vn -0.6047 0.6635 -0.4407
vn -0.6047 -0.6635 -0.4407
vn -0.7835 0.2397 -0.5733
vn -0.2957 0.9313 -0.2126
vn -0.1150 -0.9294 -0.3506
vn -0.2980 -0.2386 -0.9242
vn -0.2310 0.6619 -0.7131
vn -0.2310 -0.6619 -0.7131
vn -0.2980 0.2386 -0.9242
vn -0.1150 0.9294 -0.3506
vt 0.750000 0.250000
vt 0.750000 0.281250
vt 0.729167 0.281250
vt 0.729167 0.250000
vt 0.750000 0.312500
vt 0.729167 0.312500
vt 0.708333 0.312500
vt 0.708333 0.281250
vt 0.708333 0.250000
vt 0.750000 0.687500
vt 0.750000 0.718750
vt 0.729167 0.718750
vt 0.729167 0.687500
vt 0.750000 0.750000
vt 0.729167 0.750000
vt 0.708333 0.750000
vt 0.708333 0.718750
vt 0.708333 0.687500
vt 0.750000 0.187500
vt 0.750000 0.218750
vt 0.729167 0.218750
vt 0.729167 0.187500
vt 0.708333 0.218750
vt 0.708333 0.187500
vt 0.750000 0.625000
vt 0.750000 0.656250
vt 0.729167 0.656250
vt 0.729167 0.625000
vt 0.708333 0.656250
vt 0.708333 0.625000
vt 0.750000 0.125000
vt 0.750000 0.156250
vt 0.729167 0.156250
vt 0.729167 0.125000
vt 0.708333 0.156250
vt 0.708333 0.125000
vt 0.750000 0.562500
vt 0.750000 0.593750
vt 0.729167 0.593750
vt 0.729167 0.562500
vt 0.708333 0.593750
vt 0.708333 0.562500
vt 0.750000 0.062500
vt 0.750000 0.093895
vt 0.729167 0.094039
vt 0.729167 0.064815
vt 0.750000 0.125000
vt 0.729167 0.125000
vt 0.708333 0.125000
vt 0.708333 0.093895
vt 0.708333 0.062500
vt 0.750000 0.500000
vt 0.750000 0.531250
vt 0.729167 0.531250
vt 0.729167 0.500000
vt 0.708333 0.531250
vt 0.708333 0.500000
vt 0.750000 0.937500
vt 0.739583 0.968750
vt 0.729167 0.957899
vt 0.729167 0.935185
vt 0.729167 1.000000
vt 0.718750 0.968750
vt 0.708333 0.937500
vt 0.729167 0.935185
vt 0.729167 0.000000
vt 0.739583 0.031250
vt 0.729167 0.042101
vt 0.718750 0.031250
vt 0.729167 0.064815
vt 0.750000 0.437500
vt 0.750000 0.468750
vt 0.729167 0.468750
vt 0.729167 0.437500
vt 0.708333 0.468750
vt 0.708333 0.437500
vt 0.750000 0.875000
vt 0.750000 0.906105
vt 0.729167 0.905961
vt 0.729167 0.875000
vt 0.708333 0.906105
vt 0.708333 0.875000
vt 0.750000 0.375000
vt 0.750000 0.406250
vt 0.729167 0.406250
vt 0.729167 0.375000
vt 0.708333 0.406250
vt 0.708333 0.375000
vt 0.750000 0.812500
vt 0.750000 0.843750
vt 0.729167 0.843750
vt 0.729167 0.812500
vt 0.729167 0.875000
vt 0.708333 0.843750
vt 0.708333 0.812500
vt 0.750000 0.343750
vt 0.729167 0.343750
vt 0.708333 0.343750
vt 0.750000 0.781250
vt 0.729167 0.781250
vt 0.708333 0.781250
vt 0.687500 0.343750
vt 0.687500 0.312500
vt 0.687500 0.375000
vt 0.666667 0.375000
vt 0.666667 0.343750
vt 0.666667 0.312500
vt 0.687500 0.781250
vt 0.687500 0.750000
vt 0.687500 0.812500
vt 0.666667 0.812500
vt 0.666667 0.781250
vt 0.666667 0.750000
vt 0.687500 0.281250
vt 0.687500 0.250000
vt 0.666667 0.281250
vt 0.666667 0.250000
vt 0.687500 0.718750
vt 0.687500 0.687500
vt 0.666667 0.718750
vt 0.666667 0.687500
vt 0.687500 0.218750
vt 0.687500 0.187500
vt 0.666667 0.218750
vt 0.666667 0.187500
vt 0.687500 0.656250
vt 0.687500 0.625000
vt 0.666667 0.656250
vt 0.666667 0.625000
vt 0.687500 0.156250
vt 0.687500 0.125000
vt 0.666667 0.156250
vt 0.666667 0.125000
vt 0.687500 0.593750
vt 0.687500 0.562500
vt 0.666667 0.593750
vt 0.666667 0.562500
vt 0.687500 0.094039
vt 0.687500 0.064815
vt 0.687500 0.125000
vt 0.666667 0.125000
vt 0.666667 0.093895
vt 0.666667 0.062500
vt 0.687500 0.531250
vt 0.687500 0.500000
vt 0.666667 0.531250
vt 0.666667 0.500000
vt 0.697917 0.968750
vt 0.687500 0.957899
vt 0.687500 0.935185
vt 0.687500 1.000000
vt 0.677083 0.968750
vt 0.666667 0.937500
vt 0.687500 0.935185
vt 0.687500 0.000000
vt 0.697917 0.031250
vt 0.687500 0.042101
vt 0.677083 0.031250
vt 0.687500 0.468750
vt 0.687500 0.437500
vt 0.666667 0.468750
vt 0.666667 0.437500
vt 0.687500 0.905961
vt 0.687500 0.875000
vt 0.666667 0.906105
vt 0.666667 0.875000
vt 0.687500 0.406250
vt 0.666667 0.406250
vt 0.687500 0.843750
vt 0.687500 0.875000
vt 0.666667 0.843750
vt 0.645833 0.094039
vt 0.645833 0.064815
vt 0.645833 0.125000
vt 0.625000 0.125000
vt 0.625000 0.093895
vt 0.625000 0.062500
vt 0.645833 0.531250
vt 0.645833 0.500000
vt 0.645833 0.562500
vt 0.625000 0.562500
vt 0.625000 0.531250
vt 0.625000 0.500000
vt 0.656250 0.968750
vt 0.645833 0.957899
vt 0.645833 0.935185
vt 0.645833 1.000000
vt 0.635417 0.968750
vt 0.625000 0.937500
vt 0.645833 0.935185
vt 0.635417 0.968750
vt 0.645833 0.000000
vt 0.656250 0.031250
vt 0.645833 0.042101
vt 0.635417 0.031250
vt 0.635417 0.031250
vt 0.645833 0.064815
vt 0.645833 0.468750
vt 0.645833 0.437500
vt 0.625000 0.468750
vt 0.625000 0.437500
vt 0.645833 0.905961
vt 0.645833 0.875000
vt 0.625000 0.906105
vt 0.625000 0.875000
vt 0.645833 0.406250
vt 0.645833 0.375000
vt 0.625000 0.406250
vt 0.625000 0.375000
vt 0.645833 0.843750
vt 0.645833 0.812500
vt 0.645833 0.875000
vt 0.625000 0.843750
vt 0.625000 0.812500
vt 0.645833 0.343750
vt 0.645833 0.312500
vt 0.625000 0.343750
vt 0.625000 0.312500
vt 0.645833 0.781250
vt 0.645833 0.750000
vt 0.625000 0.781250
vt 0.625000 0.750000
vt 0.645833 0.281250
vt 0.645833 0.250000
vt 0.625000 0.281250
vt 0.625000 0.250000
vt 0.645833 0.718750
vt 0.645833 0.687500
vt 0.625000 0.718750
vt 0.625000 0.687500
vt 0.645833 0.218750
vt 0.645833 0.187500
vt 0.625000 0.218750
vt 0.625000 0.187500
vt 0.645833 0.656250
vt 0.645833 0.625000
vt 0.625000 0.656250
vt 0.625000 0.625000
vt 0.645833 0.156250
vt 0.645833 0.125000
vt 0.625000 0.156250
vt 0.625000 0.125000
vt 0.645833 0.593750
vt 0.625000 0.593750
vt 0.604167 0.781250
vt 0.604167 0.750000
vt 0.604167 0.812500
vt 0.583333 0.812500
vt 0.583333 0.781250
vt 0.583333 0.750000
vt 0.604167 0.281250
vt 0.604167 0.250000
vt 0.604167 0.312500
vt 0.583333 0.312500
vt 0.583333 0.281250
vt 0.583333 0.250000
vt 0.604167 0.718750
vt 0.604167 0.687500
vt 0.583333 0.718750
vt 0.583333 0.687500
vt 0.604167 0.218750
vt 0.604167 0.187500
vt 0.583333 0.218750
vt 0.583333 0.187500
vt 0.604167 0.656250
vt 0.604167 0.625000
vt 0.583333 0.656250
vt 0.583333 0.625000
vt 0.604167 0.156250
vt 0.604167 0.125000
vt 0.583333 0.156250
vt 0.583333 0.125000
vt 0.604167 0.593750
vt 0.604167 0.562500
vt 0.583333 0.593750
vt 0.583333 0.562500
vt 0.604167 0.094039
vt 0.604167 0.064815
vt 0.604167 0.125000
vt 0.583333 0.125000
vt 0.583333 0.093895
vt 0.583333 0.062500
vt 0.604167 0.531250
vt 0.604167 0.500000
vt 0.583333 0.531250
vt 0.583333 0.500000
vt 0.614583 0.968750
vt 0.604167 0.957899
vt 0.604167 0.935185
vt 0.604167 1.000000
vt 0.593750 0.968750
vt 0.583333 0.937500
vt 0.604167 0.935185
vt 0.604167 0.000000
vt 0.614583 0.031250
vt 0.604167 0.042101
vt 0.593750 0.031250
vt 0.604167 0.064815
vt 0.604167 0.468750
vt 0.604167 0.437500
vt 0.583333 0.468750
vt 0.583333 0.437500
vt 0.604167 0.905961
vt 0.604167 0.875000
vt 0.583333 0.906105
vt 0.583333 0.875000
vt 0.604167 0.406250
vt 0.604167 0.375000
vt 0.583333 0.406250
vt 0.583333 0.375000
vt 0.604167 0.843750
vt 0.604167 0.875000
vt 0.583333 0.843750
vt 0.604167 0.343750
vt 0.583333 0.343750
vt 0.562500 0.531250
vt 0.562500 0.500000
vt 0.562500 0.562500
vt 0.541667 0.562500
vt 0.541667 0.531250
vt 0.541667 0.500000
vt 0.572917 0.968750
vt 0.562500 0.957899
vt 0.562500 0.935185
vt 0.562500 1.000000
vt 0.552083 0.968750
vt 0.541667 0.937500
vt 0.562500 0.935185
vt 0.562500 0.000000
vt 0.572917 0.031250
vt 0.562500 0.042101
vt 0.552083 0.031250
vt 0.562500 0.064815
vt 0.541667 0.062500
vt 0.562500 0.468750
vt 0.562500 0.437500
vt 0.541667 0.468750
vt 0.541667 0.437500
vt 0.562500 0.905961
vt 0.562500 0.875000
vt 0.541667 0.906105
vt 0.541667 0.875000
vt 0.562500 0.406250
vt 0.562500 0.375000
vt 0.541667 0.406250
vt 0.541667 0.375000
vt 0.562500 0.843750
vt 0.562500 0.812500
vt 0.562500 0.875000
vt 0.541667 0.875000
vt 0.541667 0.843750
vt 0.541667 0.812500
vt 0.562500 0.343750
vt 0.562500 0.312500
vt 0.541667 0.343750
vt 0.541667 0.312500
vt 0.562500 0.781250
vt 0.562500 0.750000
vt 0.541667 0.781250
vt 0.541667 0.750000
vt 0.562500 0.281250
vt 0.562500 0.250000
vt 0.541667 0.281250
vt 0.541667 0.250000
vt 0.562500 0.718750
vt 0.562500 0.687500
vt 0.541667 0.718750
vt 0.541667 0.687500
vt 0.562500 0.218750
vt 0.562500 0.187500
vt 0.541667 0.218750
vt 0.541667 0.187500
vt 0.562500 0.656250
vt 0.562500 0.625000
vt 0.541667 0.656250
vt 0.541667 0.625000
vt 0.562500 0.156250
vt 0.562500 0.125000
vt 0.541667 0.156250
vt 0.541667 0.125000
vt 0.562500 0.593750
vt 0.541667 0.593750
vt 0.562500 0.094039
vt 0.562500 0.064815
vt 0.541667 0.125000
vt 0.541667 0.093895
vt 0.520833 0.281250
vt 0.520833 0.250000
vt 0.520833 0.312500
vt 0.500000 0.312500
vt 0.500000 0.281250
vt 0.500000 0.250000
vt 0.520833 0.718750
vt 0.520833 0.687500
vt 0.520833 0.750000
vt 0.500000 0.750000
vt 0.500000 0.718750
vt 0.500000 0.687500
vt 0.520833 0.218750
vt 0.520833 0.187500
vt 0.500000 0.218750
vt 0.500000 0.187500
vt 0.520833 0.656250
vt 0.520833 0.625000
vt 0.500000 0.656250
vt 0.500000 0.625000
vt 0.520833 0.156250
vt 0.520833 0.125000
vt 0.500000 0.156250
vt 0.500000 0.125000
vt 0.520833 0.593750
vt 0.520833 0.562500
vt 0.500000 0.593750
vt 0.500000 0.562500
vt 0.520833 0.094039
vt 0.520833 0.064815
vt 0.500000 0.125000
vt 0.500000 0.093895
vt 0.500000 0.062500
vt 0.520833 0.531250
vt 0.520833 0.500000
vt 0.500000 0.531250
vt 0.500000 0.500000
vt 0.531250 0.968750
vt 0.520833 0.957899
vt 0.520833 0.935185
vt 0.520833 1.000000
vt 0.510417 0.968750
vt 0.500000 0.937500
vt 0.520833 0.935185
vt 0.520833 0.000000
vt 0.531250 0.031250
vt 0.520833 0.042101
vt 0.510417 0.031250
vt 0.520833 0.064815
vt 0.520833 0.064815
vt 0.520833 0.468750
vt 0.520833 0.437500
vt 0.500000 0.468750
vt 0.500000 0.437500
vt 0.520833 0.905961
vt 0.520833 0.875000
vt 0.500000 0.906105
vt 0.500000 0.875000
vt 0.520833 0.406250
vt 0.520833 0.375000
vt 0.500000 0.406250
vt 0.500000 0.375000
vt 0.520833 0.843750
vt 0.520833 0.812500
vt 0.520833 0.875000
vt 0.500000 0.843750
vt 0.500000 0.812500
vt 0.520833 0.343750
vt 0.500000 0.343750
vt 0.520833 0.781250
vt 0.500000 0.781250
vt 0.479167 0.000000
vt 0.489583 0.031250
vt 0.479167 0.042101
vt 0.468750 0.031250
vt 0.479167 0.064815
vt 0.458333 0.062500
vt 0.479167 0.468750
vt 0.479167 0.437500
vt 0.479167 0.500000
vt 0.458333 0.500000
vt 0.458333 0.468750
vt 0.458333 0.437500
vt 0.479167 0.905961
vt 0.479167 0.875000
vt 0.479167 0.935185
vt 0.458333 0.937500
vt 0.458333 0.906105
vt 0.458333 0.875000
vt 0.479167 0.406250
vt 0.479167 0.375000
vt 0.458333 0.406250
vt 0.458333 0.375000
vt 0.479167 0.843750
vt 0.479167 0.812500
vt 0.479167 0.875000
vt 0.458333 0.875000
vt 0.458333 0.843750
vt 0.458333 0.812500
vt 0.479167 0.343750
vt 0.479167 0.312500
vt 0.458333 0.343750
vt 0.458333 0.312500
vt 0.479167 0.781250
vt 0.479167 0.750000
vt 0.458333 0.781250
vt 0.458333 0.750000
vt 0.479167 0.281250
vt 0.479167 0.250000
vt 0.458333 0.281250
vt 0.458333 0.250000
vt 0.479167 0.718750
vt 0.479167 0.687500
vt 0.458333 0.718750
vt 0.458333 0.687500
vt 0.479167 0.218750
vt 0.479167 0.187500
vt 0.458333 0.218750
vt 0.458333 0.187500
vt 0.479167 0.656250
vt 0.479167 0.625000
vt 0.458333 0.656250
vt 0.458333 0.625000
vt 0.479167 0.156250
vt 0.479167 0.125000
vt 0.458333 0.156250
vt 0.458333 0.125000
vt 0.479167 0.593750
vt 0.479167 0.562500
vt 0.458333 0.593750
vt 0.458333 0.562500
vt 0.479167 0.094039
vt 0.479167 0.125000
vt 0.458333 0.125000
vt 0.458333 0.093895
vt 0.479167 0.531250
vt 0.458333 0.531250
vt 0.489583 0.968750
vt 0.479167 0.957899
vt 0.479167 1.000000
vt 0.468750 0.968750
vt 0.479167 0.935185
vt 0.437500 0.218750
vt 0.437500 0.187500
vt 0.437500 0.250000
vt 0.416667 0.250000
vt 0.416667 0.218750
vt 0.416667 0.187500
vt 0.437500 0.656250
vt 0.437500 0.625000
vt 0.437500 0.687500
vt 0.416667 0.687500
vt 0.416667 0.656250
vt 0.416667 0.625000
vt 0.437500 0.156250
vt 0.437500 0.125000
vt 0.416667 0.156250
vt 0.416667 0.125000
vt 0.437500 0.593750
vt 0.437500 0.562500
vt 0.416667 0.593750
vt 0.416667 0.562500
vt 0.437500 0.094039
vt 0.437500 0.064815
vt 0.416667 0.125000
vt 0.416667 0.093895
vt 0.416667 0.062500
vt 0.437500 0.531250
vt 0.437500 0.500000
vt 0.416667 0.531250
vt 0.416667 0.500000
vt 0.447917 0.968750
vt 0.437500 0.957899
vt 0.437500 0.935185
vt 0.437500 1.000000
vt 0.427083 0.968750
vt 0.416667 0.937500
vt 0.437500 0.935185
vt 0.437500 0.000000
vt 0.447917 0.031250
vt 0.437500 0.042101
vt 0.427083 0.031250
vt 0.437500 0.064815
vt 0.437500 0.468750
vt 0.437500 0.437500
vt 0.416667 0.468750
vt 0.416667 0.437500
vt 0.437500 0.905961
vt 0.437500 0.875000
vt 0.416667 0.906105
vt 0.416667 0.875000
vt 0.437500 0.406250
vt 0.437500 0.375000
vt 0.416667 0.406250
vt 0.416667 0.375000
vt 0.437500 0.843750
vt 0.437500 0.812500
vt 0.437500 0.875000
vt 0.416667 0.875000
vt 0.416667 0.843750
vt 0.416667 0.812500
vt 0.437500 0.343750
vt 0.437500 0.312500
vt 0.416667 0.343750
vt 0.416667 0.312500
vt 0.437500 0.781250
vt 0.437500 0.750000
vt 0.416667 0.781250
vt 0.416667 0.750000
vt 0.437500 0.281250
vt 0.416667 0.281250
vt 0.437500 0.718750
vt 0.416667 0.718750
vt 0.395833 0.905961
vt 0.395833 0.875000
vt 0.395833 0.935185
vt 0.375000 0.937500
vt 0.375000 0.906105
vt 0.375000 0.875000
vt 0.395833 0.406250
vt 0.395833 0.375000
vt 0.395833 0.437500
vt 0.375000 0.437500
vt 0.375000 0.406250
vt 0.375000 0.375000
vt 0.395833 0.843750
vt 0.395833 0.812500
vt 0.395833 0.875000
vt 0.375000 0.843750
vt 0.375000 0.812500
vt 0.395833 0.343750
vt 0.395833 0.312500
vt 0.375000 0.343750
vt 0.375000 0.312500
vt 0.395833 0.781250
vt 0.395833 0.750000
vt 0.375000 0.781250
vt 0.375000 0.750000
vt 0.395833 0.281250
vt 0.395833 0.250000
vt 0.375000 0.281250
vt 0.375000 0.250000
vt 0.395833 0.718750
vt 0.395833 0.687500
vt 0.375000 0.718750
vt 0.375000 0.687500
vt 0.395833 0.218750
vt 0.395833 0.187500
vt 0.375000 0.218750
vt 0.375000 0.187500
vt 0.395833 0.656250
vt 0.395833 0.625000
vt 0.375000 0.656250
vt 0.375000 0.625000
vt 0.395833 0.156250
vt 0.395833 0.125000
vt 0.375000 0.156250
vt 0.375000 0.125000
vt 0.395833 0.593750
vt 0.395833 0.562500
vt 0.375000 0.593750
vt 0.375000 0.562500
vt 0.395833 0.094039
vt 0.395833 0.064815
vt 0.395833 0.125000
vt 0.375000 0.125000
vt 0.375000 0.093895
vt 0.375000 0.062500
vt 0.395833 0.531250
vt 0.395833 0.500000
vt 0.375000 0.531250
vt 0.375000 0.500000
vt 0.406250 0.968750
vt 0.395833 0.957899
vt 0.395833 1.000000
vt 0.385417 0.968750
vt 0.395833 0.935185
vt 0.385417 0.968750
vt 0.395833 0.000000
vt 0.406250 0.031250
vt 0.395833 0.042101
vt 0.385417 0.031250
vt 0.385417 0.031250
vt 0.395833 0.468750
vt 0.375000 0.468750
vt 0.354167 0.656250
vt 0.354167 0.625000
vt 0.354167 0.687500
vt 0.333333 0.687500
vt 0.333333 0.656250
vt 0.333333 0.625000
vt 0.354167 0.156250
vt 0.354167 0.125000
vt 0.354167 0.187500
vt 0.333333 0.187500
vt 0.333333 0.156250
vt 0.333333 0.125000
vt 0.354167 0.593750
vt 0.354167 0.562500
vt 0.333333 0.593750
vt 0.333333 0.562500
vt 0.354167 0.094039
vt 0.354167 0.064815
vt 0.354167 0.125000
vt 0.333333 0.125000
vt 0.333333 0.093895
vt 0.333333 0.062500
vt 0.354167 0.531250
vt 0.354167 0.500000
vt 0.333333 0.531250
vt 0.333333 0.500000
vt 0.364583 0.968750
vt 0.354167 0.957899
vt 0.354167 0.935185
vt 0.354167 1.000000
vt 0.343750 0.968750
vt 0.364583 0.968750
vt 0.333333 0.937500
vt 0.354167 0.935185
vt 0.354167 0.000000
vt 0.364583 0.031250
vt 0.354167 0.042101
vt 0.343750 0.031250
vt 0.364583 0.031250
vt 0.354167 0.064815
vt 0.354167 0.468750
vt 0.354167 0.437500
vt 0.333333 0.468750
vt 0.333333 0.437500
vt 0.354167 0.905961
vt 0.354167 0.875000
vt 0.333333 0.906105
vt 0.333333 0.875000
vt 0.354167 0.406250
vt 0.354167 0.375000
vt 0.333333 0.406250
vt 0.333333 0.375000
vt 0.354167 0.843750
vt 0.354167 0.812500
vt 0.354167 0.875000
vt 0.333333 0.843750
vt 0.333333 0.812500
vt 0.354167 0.343750
vt 0.354167 0.312500
vt 0.333333 0.343750
vt 0.333333 0.312500
vt 0.354167 0.781250
vt 0.354167 0.750000
vt 0.333333 0.781250
vt 0.333333 0.750000
vt 0.354167 0.281250
vt 0.354167 0.250000
vt 0.333333 0.281250
vt 0.333333 0.250000
vt 0.354167 0.718750
vt 0.333333 0.718750
vt 0.354167 0.218750
vt 0.333333 0.218750
vt 0.312500 0.406250
vt 0.312500 0.375000
vt 0.312500 0.437500
vt 0.291667 0.437500
vt 0.291667 0.406250
vt 0.291667 0.375000
vt 0.312500 0.843750
vt 0.312500 0.812500
vt 0.312500 0.875000
vt 0.291667 0.875000
vt 0.291667 0.843750
vt 0.291667 0.812500
vt 0.312500 0.343750
vt 0.312500 0.312500
vt 0.291667 0.343750
vt 0.291667 0.312500
vt 0.312500 0.781250
vt 0.312500 0.750000
vt 0.291667 0.781250
vt 0.291667 0.750000
vt 0.312500 0.281250
vt 0.312500 0.250000
vt 0.291667 0.281250
vt 0.291667 0.250000
vt 0.312500 0.718750
vt 0.312500 0.687500
vt 0.291667 0.718750
vt 0.291667 0.687500
vt 0.312500 0.218750
vt 0.312500 0.187500
vt 0.291667 0.218750
vt 0.291667 0.187500
vt 0.312500 0.656250
vt 0.312500 0.625000
vt 0.291667 0.656250
vt 0.291667 0.625000
vt 0.312500 0.156250
vt 0.312500 0.125000
vt 0.291667 0.156250
vt 0.291667 0.125000
vt 0.312500 0.593750
vt 0.312500 0.562500
vt 0.291667 0.593750
vt 0.291667 0.562500
vt 0.312500 0.094039
vt 0.312500 0.064815
vt 0.291667 0.125000
vt 0.291667 0.093895
vt 0.291667 0.062500
vt 0.312500 0.531250
vt 0.312500 0.500000
vt 0.291667 0.531250
vt 0.291667 0.500000
vt 0.322917 0.968750
vt 0.312500 0.957899
vt 0.312500 0.935185
vt 0.312500 1.000000
vt 0.302083 0.968750
vt 0.291667 0.937500
vt 0.312500 0.935185
vt 0.312500 0.000000
vt 0.322917 0.031250
vt 0.312500 0.042101
vt 0.302083 0.031250
vt 0.312500 0.064815
vt 0.312500 0.468750
vt 0.291667 0.468750
vt 0.312500 0.905961
vt 0.312500 0.875000
vt 0.291667 0.906105
vt 0.291667 0.875000
vt 0.270833 0.156250
vt 0.270833 0.125000
vt 0.270833 0.187500
vt 0.250000 0.187500
vt 0.250000 0.156250
vt 0.250000 0.125000
vt 0.270833 0.593750
vt 0.270833 0.562500
vt 0.270833 0.625000
vt 0.250000 0.625000
vt 0.250000 0.593750
vt 0.250000 0.562500
vt 0.270833 0.094039
vt 0.270833 0.064815
vt 0.250000 0.125000
vt 0.250000 0.093895
vt 0.250000 0.062500
vt 0.270833 0.531250
vt 0.270833 0.500000
vt 0.250000 0.531250
vt 0.250000 0.500000
vt 0.281250 0.968750
vt 0.270833 0.957899
vt 0.270833 0.935185
vt 0.270833 1.000000
vt 0.260417 0.968750
vt 0.250000 0.937500
vt 0.270833 0.935185
vt 0.270833 0.000000
vt 0.281250 0.031250
vt 0.270833 0.042101
vt 0.260417 0.031250
vt 0.270833 0.064815
vt 0.270833 0.468750
vt 0.270833 0.437500
vt 0.250000 0.468750
vt 0.250000 0.437500
vt 0.270833 0.905961
vt 0.270833 0.875000
vt 0.250000 0.906105
vt 0.250000 0.875000
vt 0.270833 0.406250
vt 0.270833 0.375000
vt 0.250000 0.406250
vt 0.250000 0.375000
vt 0.270833 0.843750
vt 0.270833 0.812500
vt 0.270833 0.875000
vt 0.250000 0.843750
vt 0.250000 0.812500
vt 0.270833 0.343750
vt 0.270833 0.312500
vt 0.250000 0.343750
vt 0.250000 0.312500
vt 0.270833 0.781250
vt 0.270833 0.750000
vt 0.250000 0.781250
vt 0.250000 0.750000
vt 0.270833 0.281250
vt 0.270833 0.250000
vt 0.250000 0.281250
vt 0.250000 0.250000
vt 0.270833 0.718750
vt 0.270833 0.687500
vt 0.250000 0.718750
vt 0.250000 0.687500
vt 0.270833 0.218750
vt 0.250000 0.218750
vt 0.270833 0.656250
vt 0.250000 0.656250
vt 0.229167 0.843750
vt 0.229167 0.812500
vt 0.229167 0.875000
vt 0.208333 0.875000
vt 0.208333 0.843750
vt 0.208333 0.812500
vt 0.229167 0.343750
vt 0.229167 0.312500
vt 0.229167 0.375000
vt 0.208333 0.375000
vt 0.208333 0.343750
vt 0.208333 0.312500
vt 0.229167 0.781250
vt 0.229167 0.750000
vt 0.208333 0.781250
vt 0.208333 0.750000
vt 0.229167 0.281250
vt 0.229167 0.250000
vt 0.208333 0.281250
vt 0.208333 0.250000
vt 0.229167 0.718750
vt 0.229167 0.687500
vt 0.208333 0.718750
vt 0.208333 0.687500
vt 0.229167 0.218750
vt 0.229167 0.187500
vt 0.208333 0.218750
vt 0.208333 0.187500
vt 0.229167 0.656250
vt 0.229167 0.625000
vt 0.208333 0.656250
vt 0.208333 0.625000
vt 0.229167 0.156250
vt 0.229167 0.125000
vt 0.208333 0.156250
vt 0.208333 0.125000
vt 0.229167 0.593750
vt 0.229167 0.562500
vt 0.208333 0.593750
vt 0.208333 0.562500
vt 0.229167 0.094039
vt 0.229167 0.064815
vt 0.229167 0.125000
vt 0.208333 0.125000
vt 0.208333 0.093895
vt 0.208333 0.062500
vt 0.229167 0.531250
vt 0.229167 0.500000
vt 0.208333 0.531250
vt 0.208333 0.500000
vt 0.239583 0.968750
vt 0.229167 0.957899
vt 0.229167 0.935185
vt 0.229167 1.000000
vt 0.218750 0.968750
vt 0.208333 0.937500
vt 0.229167 0.935185
vt 0.229167 0.000000
vt 0.239583 0.031250
vt 0.229167 0.042101
vt 0.218750 0.031250
vt 0.229167 0.064815
vt 0.229167 0.468750
vt 0.229167 0.437500
vt 0.208333 0.468750
vt 0.208333 0.437500
vt 0.229167 0.905961
vt 0.229167 0.875000
vt 0.208333 0.906105
vt 0.229167 0.406250
vt 0.208333 0.406250
vt 0.187500 0.593750
vt 0.187500 0.562500
vt 0.187500 0.625000
vt 0.166667 0.625000
vt 0.166667 0.593750
vt 0.166667 0.562500
vt 0.187500 0.094039
vt 0.187500 0.064815
vt 0.187500 0.125000
vt 0.166667 0.125000
vt 0.166667 0.093895
vt 0.166667 0.062500
vt 0.187500 0.531250
vt 0.187500 0.500000
vt 0.166667 0.531250
vt 0.166667 0.500000
vt 0.197917 0.968750
vt 0.187500 0.957899
vt 0.187500 0.935185
vt 0.187500 1.000000
vt 0.177083 0.968750
vt 0.197917 0.968750
vt 0.166667 0.937500
vt 0.187500 0.935185
vt 0.187500 0.000000
vt 0.197917 0.031250
vt 0.187500 0.042101
vt 0.177083 0.031250
vt 0.197917 0.031250
vt 0.187500 0.064815
vt 0.187500 0.468750
vt 0.187500 0.437500
vt 0.166667 0.468750
vt 0.166667 0.437500
vt 0.187500 0.905961
vt 0.187500 0.875000
vt 0.166667 0.906105
vt 0.166667 0.875000
vt 0.187500 0.406250
vt 0.187500 0.375000
vt 0.166667 0.406250
vt 0.166667 0.375000
vt 0.187500 0.843750
vt 0.187500 0.812500
vt 0.187500 0.875000
vt 0.166667 0.843750
vt 0.166667 0.812500
vt 0.187500 0.343750
vt 0.187500 0.312500
vt 0.166667 0.343750
vt 0.166667 0.312500
vt 0.187500 0.781250
vt 0.187500 0.750000
vt 0.166667 0.781250
vt 0.166667 0.750000
vt 0.187500 0.281250
vt 0.187500 0.250000
vt 0.166667 0.281250
vt 0.166667 0.250000
vt 0.187500 0.718750
vt 0.187500 0.687500
vt 0.166667 0.718750
vt 0.166667 0.687500
vt 0.187500 0.218750
vt 0.187500 0.187500
vt 0.166667 0.218750
vt 0.166667 0.187500
vt 0.187500 0.656250
vt 0.166667 0.656250
vt 0.187500 0.156250
vt 0.187500 0.125000
vt 0.166667 0.156250
vt 0.166667 0.125000
vt 0.145833 0.343750
vt 0.145833 0.312500
vt 0.145833 0.375000
vt 0.125000 0.375000
vt 0.125000 0.343750
vt 0.125000 0.312500
vt 0.145833 0.781250
vt 0.145833 0.750000
vt 0.145833 0.812500
vt 0.125000 0.812500
vt 0.125000 0.781250
vt 0.125000 0.750000
vt 0.145833 0.281250
vt 0.145833 0.250000
vt 0.125000 0.281250
vt 0.125000 0.250000
vt 0.145833 0.718750
vt 0.145833 0.687500
vt 0.125000 0.718750
vt 0.125000 0.687500
vt 0.145833 0.218750
vt 0.145833 0.187500
vt 0.125000 0.218750
vt 0.125000 0.187500
vt 0.145833 0.656250
vt 0.145833 0.625000
vt 0.125000 0.656250
vt 0.125000 0.625000
vt 0.145833 0.156250
vt 0.145833 0.125000
vt 0.125000 0.156250
vt 0.125000 0.125000
vt 0.145833 0.593750
vt 0.145833 0.562500
vt 0.125000 0.593750
vt 0.125000 0.562500
vt 0.145833 0.094039
vt 0.145833 0.064815
vt 0.145833 0.125000
vt 0.125000 0.125000
vt 0.125000 0.093895
vt 0.125000 0.062500
vt 0.145833 0.531250
vt 0.145833 0.500000
vt 0.125000 0.531250
vt 0.125000 0.500000
vt 0.156250 0.968750
vt 0.145833 0.957899
vt 0.145833 0.935185
vt 0.145833 1.000000
vt 0.135417 0.968750
vt 0.125000 0.937500
vt 0.145833 0.935185
vt 0.145833 0.000000
vt 0.156250 0.031250
vt 0.145833 0.042101
vt 0.135417 0.031250
vt 0.145833 0.064815
vt 0.145833 0.468750
vt 0.145833 0.437500
vt 0.125000 0.468750
vt 0.125000 0.437500
vt 0.145833 0.905961
vt 0.145833 0.875000
vt 0.125000 0.906105
vt 0.125000 0.875000
vt 0.145833 0.406250
vt 0.125000 0.406250
vt 0.145833 0.843750
vt 0.145833 0.875000
vt 0.125000 0.875000
vt 0.125000 0.843750
vt 0.104167 0.094039
vt 0.104167 0.064815
vt 0.104167 0.125000
vt 0.083333 0.125000
vt 0.083333 0.093895
vt 0.083333 0.062500
vt 0.104167 0.531250
vt 0.104167 0.500000
vt 0.104167 0.562500
vt 0.083333 0.562500
vt 0.083333 0.531250
vt 0.083333 0.500000
vt 0.114583 0.968750
vt 0.104167 0.957899
vt 0.104167 0.935185
vt 0.104167 1.000000
vt 0.093750 0.968750
vt 0.083333 0.937500
vt 0.104167 0.935185
vt 0.104167 0.000000
vt 0.114583 0.031250
vt 0.104167 0.042101
vt 0.093750 0.031250
vt 0.104167 0.064815
vt 0.104167 0.468750
vt 0.104167 0.437500
vt 0.083333 0.468750
vt 0.083333 0.437500
vt 0.104167 0.905961
vt 0.104167 0.875000
vt 0.083333 0.906105
vt 0.083333 0.875000
vt 0.104167 0.406250
vt 0.104167 0.375000
vt 0.083333 0.406250
vt 0.083333 0.375000
vt 0.104167 0.843750
vt 0.104167 0.812500
vt 0.104167 0.875000
vt 0.083333 0.875000
vt 0.083333 0.843750
vt 0.083333 0.812500
vt 0.104167 0.343750
vt 0.104167 0.312500
vt 0.083333 0.343750
vt 0.083333 0.312500
vt 0.104167 0.781250
vt 0.104167 0.750000
vt 0.083333 0.781250
vt 0.083333 0.750000
vt 0.104167 0.281250
vt 0.104167 0.250000
vt 0.083333 0.281250
vt 0.083333 0.250000
vt 0.104167 0.718750
vt 0.104167 0.687500
vt 0.083333 0.718750
vt 0.083333 0.687500
vt 0.104167 0.218750
vt 0.104167 0.187500
vt 0.083333 0.218750
vt 0.083333 0.187500
vt 0.104167 0.656250
vt 0.104167 0.625000
vt 0.083333 0.656250
vt 0.083333 0.625000
vt 0.104167 0.156250
vt 0.083333 0.156250
vt 0.083333 0.125000
vt 0.104167 0.593750
vt 0.083333 0.593750
vt 0.062500 0.281250
vt 0.062500 0.250000
vt 0.062500 0.312500
vt 0.041667 0.312500
vt 0.041667 0.281250
vt 0.041667 0.250000
vt 0.062500 0.718750
vt 0.062500 0.687500
vt 0.062500 0.750000
vt 0.041667 0.750000
vt 0.041667 0.718750
vt 0.041667 0.687500
vt 0.062500 0.218750
vt 0.062500 0.187500
vt 0.041667 0.218750
vt 0.041667 0.187500
vt 0.062500 0.656250
vt 0.062500 0.625000
vt 0.041667 0.656250
vt 0.041667 0.625000
vt 0.062500 0.156250
vt 0.062500 0.125000
vt 0.041667 0.156250
vt 0.041667 0.125000
vt 0.062500 0.593750
vt 0.062500 0.562500
vt 0.041667 0.593750
vt 0.041667 0.562500
vt 0.062500 0.094039
vt 0.062500 0.064815
vt 0.062500 0.125000
vt 0.041667 0.125000
vt 0.041667 0.093895
vt 0.041667 0.062500
vt 0.062500 0.531250
vt 0.062500 0.500000
vt 0.041667 0.531250
vt 0.041667 0.500000
vt 0.072917 0.968750
vt 0.062500 0.957899
vt 0.062500 0.935185
vt 0.062500 1.000000
vt 0.052083 0.968750
vt 0.041667 0.937500
vt 0.062500 0.935185
vt 0.062500 0.000000
vt 0.072917 0.031250
vt 0.062500 0.042101
vt 0.052083 0.031250
vt 0.062500 0.064815
vt 0.062500 0.468750
vt 0.062500 0.437500
vt 0.041667 0.468750
vt 0.041667 0.437500
vt 0.062500 0.905961
vt 0.062500 0.875000
vt 0.041667 0.906105
vt 0.041667 0.875000
vt 0.062500 0.406250
vt 0.062500 0.375000
vt 0.041667 0.406250
vt 0.041667 0.375000
vt 0.062500 0.843750
vt 0.062500 0.812500
vt 0.062500 0.875000
vt 0.041667 0.843750
vt 0.041667 0.812500
vt 0.062500 0.343750
vt 0.041667 0.343750
vt 0.062500 0.781250
vt 0.041667 0.781250
vt 0.031250 0.968750
vt 0.020833 0.957899
vt 0.020833 0.935185
vt 0.020833 1.000000
vt 0.010417 0.968750
vt 0.000000 0.937500
vt 0.020833 0.935185
vt 0.020833 0.000000
vt 0.031250 0.031250
vt 0.020833 0.042101
vt 0.010417 0.031250
vt 0.020833 0.064815
vt 0.000000 0.062500
vt 0.020833 0.064815
vt 0.041667 0.437500
vt 0.020833 0.468750
vt 0.020833 0.437500
vt 0.020833 0.500000
vt 0.000000 0.500000
vt 0.000000 0.468750
vt 0.000000 0.437500
vt 0.020833 0.905961
vt 0.020833 0.875000
vt 0.000000 0.906250
vt 0.000000 0.875000
vt 0.041667 0.406250
vt 0.020833 0.406250
vt 0.020833 0.375000
vt 0.000000 0.406250
vt 0.000000 0.375000
vt 0.041667 0.812500
vt 0.041667 0.843750
vt 0.020833 0.843750
vt 0.020833 0.812500
vt 0.000000 0.843750
vt 0.000000 0.812500
vt 0.041667 0.312500
vt 0.041667 0.343750
vt 0.020833 0.343750
vt 0.020833 0.312500
vt 0.000000 0.343750
vt 0.000000 0.312500
vt 0.041667 0.750000
vt 0.041667 0.781250
vt 0.020833 0.781250
vt 0.020833 0.750000
vt 0.000000 0.781250
vt 0.000000 0.750000
vt 0.041667 0.250000
vt 0.020833 0.281250
vt 0.020833 0.250000
vt 0.000000 0.281250
vt 0.000000 0.250000
vt 0.041667 0.687500
vt 0.041667 0.718750
vt 0.020833 0.718750
vt 0.020833 0.687500
vt 0.000000 0.718750
vt 0.000000 0.687500
vt 0.041667 0.187500
vt 0.020833 0.218750
vt 0.020833 0.187500
vt 0.000000 0.218750
vt 0.000000 0.187500
vt 0.041667 0.625000
vt 0.041667 0.656250
vt 0.020833 0.656250
vt 0.020833 0.625000
vt 0.000000 0.656250
vt 0.000000 0.625000
vt 0.020833 0.156250
vt 0.020833 0.125000
vt 0.000000 0.156250
vt 0.000000 0.125000
vt 0.041667 0.562500
vt 0.041667 0.593750
vt 0.020833 0.593750
vt 0.020833 0.562500
vt 0.000000 0.593750
vt 0.000000 0.562500
vt 0.020833 0.094039
vt 0.000000 0.093750
vt 0.041667 0.531250
vt 0.020833 0.531250
vt 0.000000 0.531250
vt 1.000000 0.687500
vt 1.000000 0.718750
vt 0.979167 0.718750
vt 0.979167 0.687500
vt 1.000000 0.750000
vt 0.979167 0.750000
vt 0.958333 0.750000
vt 0.958333 0.718750
vt 0.958333 0.687500
vt 1.000000 0.187500
vt 1.000000 0.218750
vt 0.979167 0.218750
vt 0.979167 0.187500
vt 1.000000 0.250000
vt 0.979167 0.250000
vt 0.958333 0.250000
vt 0.958333 0.218750
vt 0.958333 0.187500
vt 1.000000 0.625000
vt 1.000000 0.656250
vt 0.979167 0.656250
vt 0.979167 0.625000
vt 0.958333 0.656250
vt 0.958333 0.625000
vt 1.000000 0.125000
vt 1.000000 0.156250
vt 0.979167 0.156250
vt 0.979167 0.125000
vt 0.958333 0.156250
vt 0.958333 0.125000
vt 1.000000 0.562500
vt 1.000000 0.593750
vt 0.979167 0.593750
vt 0.979167 0.562500
vt 0.958333 0.593750
vt 0.958333 0.562500
vt 1.000000 0.062500
vt 1.000000 0.093750
vt 0.979167 0.094039
vt 0.979167 0.064815
vt 0.958333 0.093895
vt 0.958333 0.062500
vt 1.000000 0.500000
vt 1.000000 0.531250
vt 0.979167 0.531250
vt 0.979167 0.500000
vt 0.958333 0.531250
vt 0.958333 0.500000
vt 1.000000 0.937500
vt 0.989583 0.968750
vt 0.979167 0.957899
vt 0.979167 0.935185
vt 0.979167 1.000000
vt 0.968750 0.968750
vt 0.958333 0.937500
vt 0.979167 0.935185
vt 0.979167 0.000000
vt 0.989583 0.031250
vt 0.979167 0.042101
vt 0.968750 0.031250
vt 0.979167 0.064815
vt 0.979167 0.064815
vt 1.000000 0.437500
vt 1.000000 0.468750
vt 0.979167 0.468750
vt 0.979167 0.437500
vt 0.958333 0.468750
vt 0.958333 0.437500
vt 1.000000 0.875000
vt 1.000000 0.906250
vt 0.979167 0.905961
vt 0.979167 0.875000
vt 0.958333 0.906105
vt 0.958333 0.875000
vt 1.000000 0.375000
vt 1.000000 0.406250
vt 0.979167 0.406250
vt 0.979167 0.375000
vt 0.958333 0.406250
vt 0.958333 0.375000
vt 1.000000 0.812500
vt 1.000000 0.843750
vt 0.979167 0.843750
vt 0.979167 0.812500
vt 0.958333 0.843750
vt 0.958333 0.812500
vt 1.000000 0.312500
vt 1.000000 0.343750
vt 0.979167 0.343750
vt 0.979167 0.312500
vt 0.958333 0.343750
vt 0.958333 0.312500
vt 1.000000 0.781250
vt 0.979167 0.781250
vt 0.958333 0.781250
vt 1.000000 0.281250
vt 0.979167 0.281250
vt 0.958333 0.281250
vt 0.958333 0.437500
vt 0.958333 0.468750
vt 0.937500 0.468750
vt 0.937500 0.437500
vt 0.958333 0.500000
vt 0.937500 0.500000
vt 0.916667 0.500000
vt 0.916667 0.468750
vt 0.916667 0.437500
vt 0.937500 0.905961
vt 0.937500 0.875000
vt 0.937500 0.935185
vt 0.916667 0.937500
vt 0.916667 0.906105
vt 0.916667 0.875000
vt 0.958333 0.375000
vt 0.958333 0.406250
vt 0.937500 0.406250
vt 0.937500 0.375000
vt 0.916667 0.406250
vt 0.916667 0.375000
vt 0.958333 0.812500
vt 0.958333 0.843750
vt 0.937500 0.843750
vt 0.937500 0.812500
vt 0.958333 0.875000
vt 0.937500 0.875000
vt 0.916667 0.875000
vt 0.916667 0.843750
vt 0.916667 0.812500
vt 0.958333 0.312500
vt 0.958333 0.343750
vt 0.937500 0.343750
vt 0.937500 0.312500
vt 0.916667 0.343750
vt 0.916667 0.312500
vt 0.958333 0.750000
vt 0.958333 0.781250
vt 0.937500 0.781250
vt 0.937500 0.750000
vt 0.916667 0.781250
vt 0.916667 0.750000
vt 0.958333 0.250000
vt 0.937500 0.281250
vt 0.937500 0.250000
vt 0.916667 0.281250
vt 0.916667 0.250000
vt 0.958333 0.687500
vt 0.958333 0.718750
vt 0.937500 0.718750
vt 0.937500 0.687500
vt 0.916667 0.718750
vt 0.916667 0.687500
vt 0.958333 0.187500
vt 0.958333 0.218750
vt 0.937500 0.218750
vt 0.937500 0.187500
vt 0.916667 0.218750
vt 0.916667 0.187500
vt 0.958333 0.625000
vt 0.958333 0.656250
vt 0.937500 0.656250
vt 0.937500 0.625000
vt 0.916667 0.656250
vt 0.916667 0.625000
vt 0.958333 0.125000
vt 0.958333 0.156250
vt 0.937500 0.156250
vt 0.937500 0.125000
vt 0.916667 0.156250
vt 0.916667 0.125000
vt 0.958333 0.562500
vt 0.958333 0.593750
vt 0.937500 0.593750
vt 0.937500 0.562500
vt 0.916667 0.593750
vt 0.916667 0.562500
vt 0.937500 0.094039
vt 0.937500 0.064815
vt 0.937500 0.125000
vt 0.916667 0.125000
vt 0.916667 0.093895
vt 0.916667 0.062500
vt 0.958333 0.531250
vt 0.937500 0.531250
vt 0.916667 0.531250
vt 0.947917 0.968750
vt 0.937500 0.957899
vt 0.937500 1.000000
vt 0.927083 0.968750
vt 0.937500 0.935185
vt 0.937500 0.000000
vt 0.947917 0.031250
vt 0.937500 0.042101
vt 0.927083 0.031250
vt 0.937500 0.064815
vt 0.895833 0.218750
vt 0.895833 0.187500
vt 0.895833 0.250000
vt 0.875000 0.250000
vt 0.875000 0.218750
vt 0.875000 0.187500
vt 0.895833 0.656250
vt 0.895833 0.625000
vt 0.895833 0.687500
vt 0.875000 0.687500
vt 0.875000 0.656250
vt 0.875000 0.625000
vt 0.895833 0.156250
vt 0.895833 0.125000
vt 0.875000 0.156250
vt 0.875000 0.125000
vt 0.895833 0.593750
vt 0.895833 0.562500
vt 0.875000 0.593750
vt 0.875000 0.562500
vt 0.895833 0.094039
vt 0.895833 0.064815
vt 0.895833 0.125000
vt 0.875000 0.125000
vt 0.875000 0.093895
vt 0.875000 0.062500
vt 0.895833 0.531250
vt 0.895833 0.500000
vt 0.875000 0.531250
vt 0.875000 0.500000
vt 0.906250 0.968750
vt 0.895833 0.957899
vt 0.895833 0.935185
vt 0.895833 1.000000
vt 0.885417 0.968750
vt 0.906250 0.968750
vt 0.875000 0.937500
vt 0.895833 0.935185
vt 0.895833 0.000000
vt 0.906250 0.031250
vt 0.895833 0.042101
vt 0.885417 0.031250
vt 0.906250 0.031250
vt 0.895833 0.468750
vt 0.895833 0.437500
vt 0.875000 0.468750
vt 0.875000 0.437500
vt 0.895833 0.905961
vt 0.895833 0.875000
vt 0.875000 0.906105
vt 0.875000 0.875000
vt 0.895833 0.406250
vt 0.895833 0.375000
vt 0.875000 0.406250
vt 0.875000 0.375000
vt 0.895833 0.843750
vt 0.895833 0.812500
vt 0.895833 0.875000
vt 0.875000 0.875000
vt 0.875000 0.843750
vt 0.875000 0.812500
vt 0.895833 0.343750
vt 0.895833 0.312500
vt 0.875000 0.343750
vt 0.875000 0.312500
vt 0.895833 0.781250
vt 0.895833 0.750000
vt 0.875000 0.781250
vt 0.875000 0.750000
vt 0.895833 0.281250
vt 0.875000 0.281250
vt 0.895833 0.718750
vt 0.875000 0.718750
vt 0.854167 0.905961
vt 0.854167 0.875000
vt 0.854167 0.935185
vt 0.833333 0.937500
vt 0.833333 0.906105
vt 0.833333 0.875000
vt 0.854167 0.406250
vt 0.854167 0.375000
vt 0.854167 0.437500
vt 0.833333 0.437500
vt 0.833333 0.406250
vt 0.833333 0.375000
vt 0.854167 0.843750
vt 0.854167 0.812500
vt 0.854167 0.875000
vt 0.833333 0.843750
vt 0.833333 0.812500
vt 0.854167 0.343750
vt 0.854167 0.312500
vt 0.833333 0.343750
vt 0.833333 0.312500
vt 0.854167 0.781250
vt 0.854167 0.750000
vt 0.833333 0.781250
vt 0.833333 0.750000
vt 0.854167 0.281250
vt 0.854167 0.250000
vt 0.833333 0.281250
vt 0.833333 0.250000
vt 0.854167 0.718750
vt 0.854167 0.687500
vt 0.833333 0.718750
vt 0.833333 0.687500
vt 0.854167 0.218750
vt 0.854167 0.187500
vt 0.833333 0.218750
vt 0.833333 0.187500
vt 0.854167 0.656250
vt 0.854167 0.625000
vt 0.833333 0.656250
vt 0.833333 0.625000
vt 0.854167 0.156250
vt 0.854167 0.125000
vt 0.833333 0.156250
vt 0.833333 0.125000
vt 0.854167 0.593750
vt 0.854167 0.562500
vt 0.833333 0.593750
vt 0.833333 0.562500
vt 0.854167 0.094039
vt 0.854167 0.064815
vt 0.854167 0.125000
vt 0.833333 0.125000
vt 0.833333 0.093895
vt 0.833333 0.062500
vt 0.854167 0.531250
vt 0.854167 0.500000
vt 0.833333 0.531250
vt 0.833333 0.500000
vt 0.864583 0.968750
vt 0.854167 0.957899
vt 0.854167 1.000000
vt 0.843750 0.968750
vt 0.854167 0.935185
vt 0.854167 0.000000
vt 0.864583 0.031250
vt 0.854167 0.042101
vt 0.843750 0.031250
vt 0.854167 0.064815
vt 0.854167 0.468750
vt 0.833333 0.468750
vt 0.812500 0.656250
vt 0.812500 0.625000
vt 0.812500 0.687500
vt 0.791667 0.687500
vt 0.791667 0.656250
vt 0.791667 0.625000
vt 0.812500 0.156250
vt 0.812500 0.125000
vt 0.812500 0.187500
vt 0.791667 0.187500
vt 0.791667 0.156250
vt 0.791667 0.125000
vt 0.812500 0.593750
vt 0.812500 0.562500
vt 0.791667 0.593750
vt 0.791667 0.562500
vt 0.812500 0.094039
vt 0.812500 0.064815
vt 0.812500 0.125000
vt 0.791667 0.125000
vt 0.791667 0.093895
vt 0.791667 0.062500
vt 0.812500 0.531250
vt 0.812500 0.500000
vt 0.791667 0.531250
vt 0.791667 0.500000
vt 0.822917 0.968750
vt 0.812500 0.957899
vt 0.812500 0.935185
vt 0.812500 1.000000
vt 0.802083 0.968750
vt 0.791667 0.937500
vt 0.812500 0.935185
vt 0.812500 0.000000
vt 0.822917 0.031250
vt 0.812500 0.042101
vt 0.802083 0.031250
vt 0.812500 0.064815
vt 0.812500 0.064815
vt 0.812500 0.468750
vt 0.812500 0.437500
vt 0.791667 0.468750
vt 0.791667 0.437500
vt 0.812500 0.905961
vt 0.812500 0.875000
vt 0.791667 0.906105
vt 0.791667 0.875000
vt 0.812500 0.406250
vt 0.812500 0.375000
vt 0.791667 0.406250
vt 0.791667 0.375000
vt 0.812500 0.843750
vt 0.812500 0.812500
vt 0.812500 0.875000
vt 0.791667 0.843750
vt 0.791667 0.812500
vt 0.812500 0.343750
vt 0.812500 0.312500
vt 0.791667 0.343750
vt 0.791667 0.312500
vt 0.812500 0.781250
vt 0.812500 0.750000
vt 0.791667 0.781250
vt 0.791667 0.750000
vt 0.812500 0.281250
vt 0.812500 0.250000
vt 0.791667 0.281250
vt 0.791667 0.250000
vt 0.812500 0.718750
vt 0.791667 0.718750
vt 0.812500 0.218750
vt 0.791667 0.218750
vt 0.770833 0.406250
vt 0.770833 0.375000
vt 0.770833 0.437500
vt 0.770833 0.843750
vt 0.770833 0.812500
vt 0.770833 0.875000
vt 0.770833 0.343750
vt 0.770833 0.312500
vt 0.770833 0.781250
vt 0.770833 0.750000
vt 0.770833 0.281250
vt 0.770833 0.250000
vt 0.770833 0.718750
vt 0.770833 0.687500
vt 0.770833 0.218750
vt 0.770833 0.187500
vt 0.770833 0.656250
vt 0.770833 0.625000
vt 0.770833 0.156250
vt 0.770833 0.125000
vt 0.770833 0.593750
vt 0.770833 0.562500
vt 0.770833 0.094039
vt 0.770833 0.064815
vt 0.770833 0.125000
vt 0.770833 0.531250
vt 0.770833 0.500000
vt 0.781250 0.968750
vt 0.770833 0.957899
vt 0.770833 0.935185
vt 0.770833 1.000000
vt 0.760417 0.968750
vt 0.770833 0.935185
vt 0.770833 0.000000
vt 0.781250 0.031250
vt 0.770833 0.042101
vt 0.760417 0.031250
vt 0.770833 0.064815
vt 0.770833 0.468750
vt 0.770833 0.905961
vt 0.770833 0.875000
vt 0.750000 0.500000
vt 0.750000 0.541667
vt 0.725000 0.541667
vt 0.725000 0.500000
vt 0.750000 0.583333
vt 0.725000 0.583333
vt 0.700000 0.583333
vt 0.700000 0.541667
vt 0.700000 0.500000
vt 0.750000 0.750000
vt 0.750000 0.791667
vt 0.725000 0.791667
vt 0.725000 0.750000
vt 0.750000 0.833333
vt 0.725000 0.833333
vt 0.700000 0.833333
vt 0.700000 0.791667
vt 0.700000 0.750000
vt 0.750000 0.166667
vt 0.750000 0.208333
vt 0.725000 0.208333
vt 0.725000 0.166667
vt 0.750000 0.250000
vt 0.725000 0.250000
vt 0.700000 0.250000
vt 0.700000 0.208333
vt 0.700000 0.166667
vt 0.750000 0.416667
vt 0.750000 0.458333
vt 0.725000 0.458333
vt 0.725000 0.416667
vt 0.700000 0.458333
vt 0.700000 0.416667
vt 0.750000 0.666667
vt 0.750000 0.708333
vt 0.725000 0.708333
vt 0.725000 0.666667
vt 0.700000 0.708333
vt 0.700000 0.666667
vt 0.750000 0.083333
vt 0.750000 0.125193
vt 0.725000 0.125386
vt 0.725000 0.086420
vt 0.750000 0.166667
vt 0.725000 0.166667
vt 0.700000 0.166667
vt 0.700000 0.125193
vt 0.700000 0.083333
vt 0.750000 0.916667
vt 0.737500 0.958334
vt 0.725000 0.943866
vt 0.725000 0.913580
vt 0.725000 1.000000
vt 0.712500 0.958333
vt 0.737500 0.958333
vt 0.700000 0.916667
vt 0.712500 0.958334
vt 0.750000 0.333333
vt 0.750000 0.375000
vt 0.725000 0.375000
vt 0.725000 0.333333
vt 0.700000 0.375000
vt 0.700000 0.333333
vt 0.750000 0.625000
vt 0.725000 0.625000
vt 0.700000 0.625000
vt 0.725000 0.000000
vt 0.737500 0.041667
vt 0.725000 0.056134
vt 0.712500 0.041667
vt 0.750000 0.833333
vt 0.750000 0.874807
vt 0.725000 0.874614
vt 0.725000 0.833333
vt 0.700000 0.874807
vt 0.700000 0.833333
vt 0.750000 0.291667
vt 0.725000 0.291667
vt 0.700000 0.291667
vt 0.675000 0.125386
vt 0.675000 0.086420
vt 0.675000 0.166667
vt 0.650000 0.166667
vt 0.650000 0.125193
vt 0.650000 0.083333
vt 0.687500 0.958334
vt 0.675000 0.943866
vt 0.675000 0.913580
vt 0.675000 1.000000
vt 0.662500 0.958333
vt 0.687500 0.958333
vt 0.650000 0.916667
vt 0.662500 0.958334
vt 0.675000 0.375000
vt 0.675000 0.333333
vt 0.675000 0.416667
vt 0.650000 0.416667
vt 0.650000 0.375000
vt 0.650000 0.333333
vt 0.675000 0.625000
vt 0.675000 0.583333
vt 0.675000 0.666667
vt 0.650000 0.666667
vt 0.650000 0.625000
vt 0.650000 0.583333
vt 0.675000 0.000000
vt 0.687500 0.041667
vt 0.675000 0.056134
vt 0.662500 0.041667
vt 0.675000 0.086420
vt 0.675000 0.874614
vt 0.675000 0.833333
vt 0.650000 0.874807
vt 0.650000 0.833333
vt 0.675000 0.291667
vt 0.675000 0.250000
vt 0.650000 0.291667
vt 0.650000 0.250000
vt 0.675000 0.541667
vt 0.675000 0.500000
vt 0.650000 0.541667
vt 0.650000 0.500000
vt 0.675000 0.791667
vt 0.675000 0.750000
vt 0.675000 0.833333
vt 0.650000 0.833333
vt 0.650000 0.791667
vt 0.650000 0.750000
vt 0.675000 0.208333
vt 0.675000 0.166667
vt 0.650000 0.208333
vt 0.650000 0.166667
vt 0.675000 0.458333
vt 0.650000 0.458333
vt 0.675000 0.708333
vt 0.650000 0.708333
vt 0.625000 0.791667
vt 0.625000 0.750000
vt 0.625000 0.833333
vt 0.600000 0.833333
vt 0.600000 0.791667
vt 0.600000 0.750000
vt 0.625000 0.208333
vt 0.625000 0.166667
vt 0.625000 0.250000
vt 0.600000 0.250000
vt 0.600000 0.208333
vt 0.600000 0.166667
vt 0.625000 0.458333
vt 0.625000 0.416667
vt 0.625000 0.500000
vt 0.600000 0.500000
vt 0.600000 0.458333
vt 0.600000 0.416667
vt 0.625000 0.708333
vt 0.625000 0.666667
vt 0.600000 0.708333
vt 0.600000 0.666667
vt 0.625000 0.125386
vt 0.625000 0.086420
vt 0.625000 0.166667
vt 0.600000 0.166667
vt 0.600000 0.125193
vt 0.600000 0.083333
vt 0.637500 0.958334
vt 0.625000 0.943866
vt 0.625000 0.913580
vt 0.625000 1.000000
vt 0.612500 0.958333
vt 0.637500 0.958333
vt 0.600000 0.916667
vt 0.625000 0.913580
vt 0.612500 0.958334
vt 0.625000 0.375000
vt 0.625000 0.333333
vt 0.600000 0.375000
vt 0.600000 0.333333
vt 0.625000 0.625000
vt 0.625000 0.583333
vt 0.600000 0.625000
vt 0.600000 0.583333
vt 0.625000 0.000000
vt 0.637500 0.041667
vt 0.625000 0.056134
vt 0.612500 0.041667
vt 0.625000 0.086420
vt 0.625000 0.874614
vt 0.625000 0.833333
vt 0.600000 0.874807
vt 0.600000 0.833333
vt 0.625000 0.291667
vt 0.600000 0.291667
vt 0.625000 0.541667
vt 0.600000 0.541667
vt 0.575000 0.000000
vt 0.587500 0.041667
vt 0.575000 0.056134
vt 0.562500 0.041667
vt 0.575000 0.086420
vt 0.587500 0.041667
vt 0.550000 0.083333
vt 0.562500 0.041667
vt 0.575000 0.086420
vt 0.575000 0.874614
vt 0.575000 0.833333
vt 0.575000 0.913580
vt 0.550000 0.916667
vt 0.550000 0.874807
vt 0.550000 0.833333
vt 0.575000 0.291667
vt 0.575000 0.250000
vt 0.575000 0.333333
vt 0.550000 0.333333
vt 0.550000 0.291667
vt 0.550000 0.250000
vt 0.575000 0.541667
vt 0.575000 0.500000
vt 0.575000 0.583333
vt 0.550000 0.583333
vt 0.550000 0.541667
vt 0.550000 0.500000
vt 0.575000 0.791667
vt 0.575000 0.750000
vt 0.575000 0.833333
vt 0.550000 0.791667
vt 0.550000 0.750000
vt 0.575000 0.208333
vt 0.575000 0.166667
vt 0.550000 0.208333
vt 0.550000 0.166667
vt 0.575000 0.458333
vt 0.575000 0.416667
vt 0.550000 0.458333
vt 0.550000 0.416667
vt 0.575000 0.708333
vt 0.575000 0.666667
vt 0.550000 0.708333
vt 0.550000 0.666667
vt 0.575000 0.125386
vt 0.575000 0.166667
vt 0.550000 0.125193
vt 0.587500 0.958334
vt 0.575000 0.943866
vt 0.575000 1.000000
vt 0.562500 0.958333
vt 0.587500 0.958333
vt 0.575000 0.913580
vt 0.562500 0.958334
vt 0.575000 0.375000
vt 0.550000 0.375000
vt 0.575000 0.625000
vt 0.550000 0.625000
vt 0.525000 0.708333
vt 0.525000 0.666667
vt 0.525000 0.750000
vt 0.500000 0.750000
vt 0.500000 0.708333
vt 0.500000 0.666667
vt 0.525000 0.125386
vt 0.525000 0.086420
vt 0.525000 0.166667
vt 0.500000 0.166667
vt 0.500000 0.125193
vt 0.500000 0.083333
vt 0.537500 0.958334
vt 0.525000 0.943866
vt 0.525000 0.913580
vt 0.525000 1.000000
vt 0.512500 0.958333
vt 0.537500 0.958333
vt 0.500000 0.916667
vt 0.525000 0.913580
vt 0.512500 0.958334
vt 0.525000 0.375000
vt 0.525000 0.333333
vt 0.525000 0.416667
vt 0.500000 0.416667
vt 0.500000 0.375000
vt 0.500000 0.333333
vt 0.525000 0.625000
vt 0.525000 0.583333
vt 0.500000 0.625000
vt 0.500000 0.583333
vt 0.525000 0.000000
vt 0.537500 0.041667
vt 0.525000 0.056134
vt 0.512500 0.041667
vt 0.525000 0.086420
vt 0.525000 0.874614
vt 0.525000 0.833333
vt 0.500000 0.874807
vt 0.500000 0.833333
vt 0.525000 0.291667
vt 0.525000 0.250000
vt 0.500000 0.291667
vt 0.500000 0.250000
vt 0.525000 0.541667
vt 0.525000 0.500000
vt 0.500000 0.541667
vt 0.525000 0.791667
vt 0.525000 0.833333
vt 0.500000 0.833333
vt 0.500000 0.791667
vt 0.525000 0.208333
vt 0.525000 0.166667
vt 0.500000 0.208333
vt 0.500000 0.166667
vt 0.525000 0.458333
vt 0.500000 0.458333
vt 0.475000 0.791667
vt 0.475000 0.750000
vt 0.475000 0.833333
vt 0.450000 0.833333
vt 0.450000 0.791667
vt 0.450000 0.750000
vt 0.475000 0.208333
vt 0.475000 0.166667
vt 0.475000 0.250000
vt 0.450000 0.250000
vt 0.450000 0.208333
vt 0.450000 0.166667
vt 0.475000 0.458333
vt 0.475000 0.416667
vt 0.475000 0.500000
vt 0.450000 0.500000
vt 0.450000 0.458333
vt 0.450000 0.416667
vt 0.475000 0.708333
vt 0.475000 0.666667
vt 0.450000 0.708333
vt 0.450000 0.666667
vt 0.475000 0.125386
vt 0.475000 0.086420
vt 0.450000 0.166667
vt 0.450000 0.125193
vt 0.450000 0.083333
vt 0.487500 0.958334
vt 0.475000 0.943866
vt 0.475000 0.913580
vt 0.475000 1.000000
vt 0.462500 0.958333
vt 0.487500 0.958333
vt 0.450000 0.916667
vt 0.462500 0.958334
vt 0.475000 0.375000
vt 0.475000 0.333333
vt 0.450000 0.375000
vt 0.450000 0.333333
vt 0.475000 0.625000
vt 0.475000 0.583333
vt 0.450000 0.625000
vt 0.450000 0.583333
vt 0.475000 0.000000
vt 0.487500 0.041667
vt 0.475000 0.056134
vt 0.462500 0.041667
vt 0.487500 0.041667
vt 0.475000 0.874614
vt 0.475000 0.833333
vt 0.450000 0.874807
vt 0.450000 0.833333
vt 0.475000 0.291667
vt 0.450000 0.291667
vt 0.475000 0.541667
vt 0.450000 0.541667
vt 0.425000 0.625000
vt 0.425000 0.583333
vt 0.425000 0.666667
vt 0.400000 0.666667
vt 0.400000 0.625000
vt 0.400000 0.583333
vt 0.425000 0.000000
vt 0.437500 0.041667
vt 0.425000 0.056134
vt 0.412500 0.041667
vt 0.425000 0.086420
vt 0.400000 0.083333
vt 0.425000 0.086420
vt 0.425000 0.874614
vt 0.425000 0.833333
vt 0.425000 0.913580
vt 0.400000 0.916667
vt 0.400000 0.874807
vt 0.400000 0.833333
vt 0.425000 0.291667
vt 0.425000 0.250000
vt 0.425000 0.333333
vt 0.400000 0.333333
vt 0.400000 0.291667
vt 0.400000 0.250000
vt 0.425000 0.541667
vt 0.425000 0.500000
vt 0.400000 0.541667
vt 0.400000 0.500000
vt 0.425000 0.791667
vt 0.425000 0.750000
vt 0.425000 0.833333
vt 0.400000 0.833333
vt 0.400000 0.791667
vt 0.400000 0.750000
vt 0.425000 0.208333
vt 0.425000 0.166667
vt 0.400000 0.208333
vt 0.400000 0.166667
vt 0.425000 0.458333
vt 0.425000 0.416667
vt 0.400000 0.458333
vt 0.400000 0.416667
vt 0.425000 0.708333
vt 0.400000 0.708333
vt 0.425000 0.125386
vt 0.425000 0.086420
vt 0.425000 0.166667
vt 0.400000 0.166667
vt 0.400000 0.125193
vt 0.437500 0.958334
vt 0.425000 0.943866
vt 0.425000 1.000000
vt 0.412500 0.958333
vt 0.437500 0.958333
vt 0.412500 0.958334
vt 0.425000 0.375000
vt 0.400000 0.375000
vt 0.375000 0.708333
vt 0.375000 0.666667
vt 0.375000 0.750000
vt 0.350000 0.750000
vt 0.350000 0.708333
vt 0.350000 0.666667
vt 0.375000 0.125386
vt 0.375000 0.086420
vt 0.375000 0.166667
vt 0.350000 0.166667
vt 0.350000 0.125193
vt 0.350000 0.083333
vt 0.387500 0.958334
vt 0.375000 0.943866
vt 0.375000 0.913580
vt 0.375000 1.000000
vt 0.362500 0.958333
vt 0.387500 0.958333
vt 0.350000 0.916667
vt 0.375000 0.913580
vt 0.362500 0.958334
vt 0.375000 0.375000
vt 0.375000 0.333333
vt 0.375000 0.416667
vt 0.350000 0.416667
vt 0.350000 0.375000
vt 0.350000 0.333333
vt 0.375000 0.625000
vt 0.375000 0.583333
vt 0.350000 0.625000
vt 0.350000 0.583333
vt 0.375000 0.000000
vt 0.387500 0.041667
vt 0.375000 0.056134
vt 0.362500 0.041667
vt 0.375000 0.086420
vt 0.375000 0.086420
vt 0.375000 0.874614
vt 0.375000 0.833333
vt 0.350000 0.874807
vt 0.350000 0.833333
vt 0.375000 0.291667
vt 0.375000 0.250000
vt 0.350000 0.291667
vt 0.350000 0.250000
vt 0.375000 0.541667
vt 0.375000 0.500000
vt 0.350000 0.541667
vt 0.350000 0.500000
vt 0.375000 0.791667
vt 0.375000 0.833333
vt 0.350000 0.791667
vt 0.375000 0.208333
vt 0.350000 0.208333
vt 0.375000 0.458333
vt 0.350000 0.458333
vt 0.325000 0.541667
vt 0.325000 0.500000
vt 0.325000 0.583333
vt 0.300000 0.583333
vt 0.300000 0.541667
vt 0.300000 0.500000
vt 0.325000 0.791667
vt 0.325000 0.750000
vt 0.325000 0.833333
vt 0.300000 0.833333
vt 0.300000 0.791667
vt 0.300000 0.750000
vt 0.325000 0.208333
vt 0.325000 0.166667
vt 0.325000 0.250000
vt 0.300000 0.250000
vt 0.300000 0.208333
vt 0.300000 0.166667
vt 0.325000 0.458333
vt 0.325000 0.416667
vt 0.300000 0.458333
vt 0.300000 0.416667
vt 0.325000 0.708333
vt 0.325000 0.666667
vt 0.300000 0.708333
vt 0.300000 0.666667
vt 0.325000 0.125386
vt 0.325000 0.086420
vt 0.325000 0.166667
vt 0.300000 0.125193
vt 0.300000 0.083333
vt 0.337500 0.958334
vt 0.325000 0.943866
vt 0.325000 0.913580
vt 0.325000 1.000000
vt 0.312500 0.958333
vt 0.337500 0.958333
vt 0.300000 0.916667
vt 0.312500 0.958334
vt 0.325000 0.375000
vt 0.325000 0.333333
vt 0.300000 0.375000
vt 0.300000 0.333333
vt 0.325000 0.625000
vt 0.300000 0.625000
vt 0.325000 0.000000
vt 0.337500 0.041667
vt 0.325000 0.056134
vt 0.312500 0.041667
vt 0.325000 0.874614
vt 0.325000 0.833333
vt 0.300000 0.874807
vt 0.325000 0.291667
vt 0.300000 0.291667
vt 0.275000 0.625000
vt 0.275000 0.583333
vt 0.275000 0.666667
vt 0.250000 0.666667
vt 0.250000 0.625000
vt 0.250000 0.583333
vt 0.275000 0.000000
vt 0.287500 0.041667
vt 0.275000 0.056134
vt 0.262500 0.041667
vt 0.275000 0.086420
vt 0.250000 0.083333
vt 0.275000 0.874614
vt 0.275000 0.833333
vt 0.275000 0.913580
vt 0.250000 0.916667
vt 0.250000 0.874807
vt 0.250000 0.833333
vt 0.275000 0.291667
vt 0.275000 0.250000
vt 0.275000 0.333333
vt 0.250000 0.333333
vt 0.250000 0.291667
vt 0.250000 0.250000
vt 0.275000 0.541667
vt 0.275000 0.500000
vt 0.250000 0.541667
vt 0.275000 0.791667
vt 0.275000 0.750000
vt 0.275000 0.833333
vt 0.250000 0.791667
vt 0.275000 0.208333
vt 0.275000 0.166667
vt 0.250000 0.208333
vt 0.250000 0.166667
vt 0.275000 0.458333
vt 0.275000 0.416667
vt 0.250000 0.458333
vt 0.250000 0.416667
vt 0.275000 0.708333
vt 0.250000 0.708333
vt 0.275000 0.125386
vt 0.275000 0.086420
vt 0.275000 0.166667
vt 0.250000 0.125193
vt 0.287500 0.958334
vt 0.275000 0.943866
vt 0.275000 1.000000
vt 0.262500 0.958333
vt 0.287500 0.958333
vt 0.262500 0.958334
vt 0.275000 0.375000
vt 0.250000 0.375000
vt 0.225000 0.458333
vt 0.225000 0.416667
vt 0.225000 0.500000
vt 0.200000 0.500000
vt 0.200000 0.458333
vt 0.200000 0.416667
vt 0.225000 0.708333
vt 0.225000 0.666667
vt 0.225000 0.750000
vt 0.200000 0.750000
vt 0.200000 0.708333
vt 0.200000 0.666667
vt 0.225000 0.125386
vt 0.225000 0.086420
vt 0.225000 0.166667
vt 0.200000 0.166667
vt 0.200000 0.125193
vt 0.200000 0.083333
vt 0.237500 0.958334
vt 0.225000 0.943866
vt 0.225000 0.913580
vt 0.225000 1.000000
vt 0.212500 0.958333
vt 0.237500 0.958333
vt 0.200000 0.916667
vt 0.212500 0.958334
vt 0.225000 0.375000
vt 0.225000 0.333333
vt 0.200000 0.375000
vt 0.200000 0.333333
vt 0.225000 0.625000
vt 0.225000 0.583333
vt 0.200000 0.625000
vt 0.200000 0.583333
vt 0.225000 0.000000
vt 0.237500 0.041667
vt 0.225000 0.056134
vt 0.212500 0.041667
vt 0.225000 0.874614
vt 0.225000 0.833333
vt 0.200000 0.874807
vt 0.200000 0.833333
vt 0.225000 0.291667
vt 0.225000 0.250000
vt 0.200000 0.291667
vt 0.200000 0.250000
vt 0.225000 0.541667
vt 0.200000 0.541667
vt 0.225000 0.791667
vt 0.225000 0.833333
vt 0.200000 0.833333
vt 0.200000 0.791667
vt 0.225000 0.208333
vt 0.225000 0.166667
vt 0.200000 0.208333
vt 0.200000 0.166667
vt 0.175000 0.541667
vt 0.175000 0.500000
vt 0.175000 0.583333
vt 0.150000 0.583333
vt 0.150000 0.541667
vt 0.150000 0.500000
vt 0.175000 0.791667
vt 0.175000 0.750000
vt 0.175000 0.833333
vt 0.150000 0.833333
vt 0.150000 0.791667
vt 0.150000 0.750000
vt 0.175000 0.208333
vt 0.175000 0.166667
vt 0.175000 0.250000
vt 0.150000 0.250000
vt 0.150000 0.208333
vt 0.150000 0.166667
vt 0.175000 0.458333
vt 0.175000 0.416667
vt 0.150000 0.458333
vt 0.150000 0.416667
vt 0.175000 0.708333
vt 0.175000 0.666667
vt 0.150000 0.708333
vt 0.150000 0.666667
vt 0.175000 0.125386
vt 0.175000 0.086420
vt 0.175000 0.166667
vt 0.150000 0.125193
vt 0.150000 0.083333
vt 0.187500 0.958334
vt 0.175000 0.943866
vt 0.175000 0.913580
vt 0.175000 1.000000
vt 0.162500 0.958333
vt 0.187500 0.958333
vt 0.150000 0.916667
vt 0.162500 0.958334
vt 0.175000 0.375000
vt 0.175000 0.333333
vt 0.150000 0.375000
vt 0.150000 0.333333
vt 0.175000 0.625000
vt 0.150000 0.625000
vt 0.175000 0.000000
vt 0.187500 0.041667
vt 0.175000 0.056134
vt 0.162500 0.041667
vt 0.175000 0.874614
vt 0.175000 0.833333
vt 0.150000 0.874807
vt 0.175000 0.291667
vt 0.150000 0.291667
vt 0.125000 0.375000
vt 0.125000 0.333333
vt 0.125000 0.416667
vt 0.100000 0.416667
vt 0.100000 0.375000
vt 0.100000 0.333333
vt 0.125000 0.625000
vt 0.125000 0.583333
vt 0.125000 0.666667
vt 0.100000 0.666667
vt 0.100000 0.625000
vt 0.100000 0.583333
vt 0.125000 0.000000
vt 0.137500 0.041667
vt 0.125000 0.056134
vt 0.112500 0.041667
vt 0.125000 0.086420
vt 0.100000 0.083333
vt 0.112500 0.041667
vt 0.125000 0.874614
vt 0.125000 0.833333
vt 0.125000 0.913580
vt 0.100000 0.916667
vt 0.100000 0.874807
vt 0.100000 0.833333
vt 0.125000 0.291667
vt 0.125000 0.250000
vt 0.100000 0.291667
vt 0.100000 0.250000
vt 0.125000 0.541667
vt 0.100000 0.541667
vt 0.100000 0.500000
vt 0.125000 0.791667
vt 0.125000 0.750000
vt 0.125000 0.833333
vt 0.100000 0.791667
vt 0.100000 0.750000
vt 0.125000 0.208333
vt 0.125000 0.166667
vt 0.100000 0.208333
vt 0.100000 0.166667
vt 0.125000 0.458333
vt 0.100000 0.458333
vt 0.125000 0.708333
vt 0.100000 0.708333
vt 0.125000 0.125386
vt 0.100000 0.166667
vt 0.100000 0.125193
vt 0.137500 0.958334
vt 0.125000 0.943866
vt 0.125000 1.000000
vt 0.112500 0.958333
vt 0.137500 0.958333
vt 0.112500 0.958334
vt 0.075000 0.458333
vt 0.075000 0.416667
vt 0.075000 0.500000
vt 0.050000 0.500000
vt 0.050000 0.458333
vt 0.050000 0.416667
vt 0.075000 0.708333
vt 0.075000 0.666667
vt 0.075000 0.750000
vt 0.050000 0.750000
vt 0.050000 0.708333
vt 0.050000 0.666667
vt 0.075000 0.125386
vt 0.075000 0.086420
vt 0.075000 0.166667
vt 0.050000 0.166667
vt 0.050000 0.125193
vt 0.050000 0.083333
vt 0.087500 0.958334
vt 0.075000 0.943866
vt 0.075000 0.913580
vt 0.075000 1.000000
vt 0.062500 0.958333
vt 0.087500 0.958333
vt 0.050000 0.916667
vt 0.062500 0.958334
vt 0.075000 0.375000
vt 0.075000 0.333333
vt 0.050000 0.375000
vt 0.050000 0.333333
vt 0.075000 0.625000
vt 0.075000 0.583333
vt 0.050000 0.625000
vt 0.050000 0.583333
vt 0.075000 0.000000
vt 0.087500 0.041667
vt 0.075000 0.056134
vt 0.062500 0.041667
vt 0.075000 0.086420
vt 0.075000 0.874614
vt 0.075000 0.833333
vt 0.050000 0.874807
vt 0.050000 0.833333
vt 0.075000 0.291667
vt 0.075000 0.250000
vt 0.050000 0.291667
vt 0.050000 0.250000
vt 0.075000 0.541667
vt 0.050000 0.541667
vt 0.075000 0.791667
vt 0.075000 0.833333
vt 0.050000 0.791667
vt 0.075000 0.208333
vt 0.075000 0.166667
vt 0.050000 0.208333
vt 0.050000 0.291667
vt 0.025000 0.291667
vt 0.025000 0.250000
vt 0.050000 0.333333
vt 0.025000 0.333333
vt 0.000000 0.333333
vt 0.000000 0.291667
vt 0.000000 0.250000
vt 0.050000 0.500000
vt 0.050000 0.541667
vt 0.025000 0.541667
vt 0.025000 0.500000
vt 0.050000 0.583333
vt 0.025000 0.583333
vt 0.000000 0.583333
vt 0.000000 0.541667
vt 0.050000 0.750000
vt 0.050000 0.791667
vt 0.025000 0.791667
vt 0.025000 0.750000
vt 0.025000 0.833333
vt 0.000000 0.833333
vt 0.000000 0.791667
vt 0.000000 0.750000
vt 0.050000 0.208333
vt 0.025000 0.208333
vt 0.025000 0.166667
vt 0.000000 0.208333
vt 0.000000 0.166667
vt 0.050000 0.458333
vt 0.025000 0.458333
vt 0.025000 0.416667
vt 0.000000 0.458333
vt 0.000000 0.416667
vt 0.050000 0.666667
vt 0.050000 0.708333
vt 0.025000 0.708333
vt 0.025000 0.666667
vt 0.000000 0.708333
vt 0.000000 0.666667
vt 0.025000 0.125386
vt 0.025000 0.086420
vt 0.000000 0.125000
vt 0.000000 0.083333
vt 0.037500 0.958334
vt 0.025000 0.943866
vt 0.025000 0.913580
vt 0.025000 1.000000
vt 0.012500 0.958333
vt 0.037500 0.958333
vt 0.000000 0.916667
vt 0.025000 0.913580
vt 0.012500 0.958334
vt 0.025000 0.375000
vt 0.000000 0.375000
vt 0.050000 0.625000
vt 0.025000 0.625000
vt 0.025000 0.000000
vt 0.037500 0.041667
vt 0.025000 0.056134
vt 0.012500 0.041667
vt 0.025000 0.086420
vt 0.025000 0.874614
vt 0.000000 0.875000
vt 1.000000 0.916667
vt 0.987500 0.958334
vt 0.975000 0.943866
vt 0.975000 0.913580
vt 0.975000 1.000000
vt 0.962500 0.958333
vt 0.987500 0.958333
vt 0.950000 0.916667
vt 0.975000 0.913580
vt 0.962500 0.958334
vt 1.000000 0.333333
vt 1.000000 0.375000
vt 0.975000 0.375000
vt 0.975000 0.333333
vt 1.000000 0.416667
vt 0.975000 0.416667
vt 0.950000 0.416667
vt 0.950000 0.375000
vt 0.950000 0.333333
vt 1.000000 0.583333
vt 1.000000 0.625000
vt 0.975000 0.625000
vt 0.975000 0.583333
vt 1.000000 0.666667
vt 0.975000 0.666667
vt 0.950000 0.666667
vt 0.950000 0.625000
vt 0.950000 0.583333
vt 0.975000 0.000000
vt 0.987500 0.041667
vt 0.975000 0.056134
vt 0.962500 0.041667
vt 1.000000 0.083333
vt 0.975000 0.086420
vt 0.950000 0.083333
vt 0.975000 0.086420
vt 1.000000 0.833333
vt 1.000000 0.875000
vt 0.975000 0.874614
vt 0.975000 0.833333
vt 0.950000 0.874807
vt 0.950000 0.833333
vt 1.000000 0.250000
vt 1.000000 0.291667
vt 0.975000 0.291667
vt 0.975000 0.250000
vt 0.950000 0.291667
vt 0.950000 0.250000
vt 1.000000 0.541667
vt 0.975000 0.541667
vt 0.975000 0.500000
vt 0.950000 0.541667
vt 0.950000 0.500000
vt 1.000000 0.750000
vt 1.000000 0.791667
vt 0.975000 0.791667
vt 0.975000 0.750000
vt 0.950000 0.791667
vt 0.950000 0.750000
vt 1.000000 0.166667
vt 1.000000 0.208333
vt 0.975000 0.208333
vt 0.975000 0.166667
vt 0.950000 0.208333
vt 0.950000 0.166667
vt 1.000000 0.458333
vt 0.975000 0.458333
vt 0.950000 0.458333
vt 1.000000 0.708333
vt 0.975000 0.708333
vt 0.950000 0.708333
vt 1.000000 0.125000
vt 0.975000 0.125386
vt 0.975000 0.086420
vt 0.950000 0.125193
vt 0.950000 0.208333
vt 0.925000 0.208333
vt 0.925000 0.166667
vt 0.925000 0.250000
vt 0.900000 0.250000
vt 0.900000 0.208333
vt 0.900000 0.166667
vt 0.950000 0.416667
vt 0.950000 0.458333
vt 0.925000 0.458333
vt 0.925000 0.416667
vt 0.950000 0.500000
vt 0.925000 0.500000
vt 0.900000 0.500000
vt 0.900000 0.458333
vt 0.900000 0.416667
vt 0.950000 0.666667
vt 0.950000 0.708333
vt 0.925000 0.708333
vt 0.925000 0.666667
vt 0.925000 0.750000
vt 0.900000 0.750000
vt 0.900000 0.708333
vt 0.900000 0.666667
vt 0.925000 0.125386
vt 0.925000 0.086420
vt 0.925000 0.166667
vt 0.900000 0.125193
vt 0.900000 0.083333
vt 0.937500 0.958334
vt 0.925000 0.943866
vt 0.925000 0.913580
vt 0.925000 1.000000
vt 0.912500 0.958333
vt 0.937500 0.958333
vt 0.900000 0.916667
vt 0.925000 0.913580
vt 0.912500 0.958334
vt 0.950000 0.333333
vt 0.950000 0.375000
vt 0.925000 0.375000
vt 0.925000 0.333333
vt 0.900000 0.375000
vt 0.900000 0.333333
vt 0.950000 0.583333
vt 0.950000 0.625000
vt 0.925000 0.625000
vt 0.925000 0.583333
vt 0.900000 0.625000
vt 0.900000 0.583333
vt 0.925000 0.000000
vt 0.937500 0.041667
vt 0.925000 0.056134
vt 0.912500 0.041667
vt 0.925000 0.086420
vt 0.925000 0.874614
vt 0.925000 0.833333
vt 0.900000 0.874807
vt 0.900000 0.833333
vt 0.950000 0.291667
vt 0.925000 0.291667
vt 0.900000 0.291667
vt 0.950000 0.541667
vt 0.925000 0.541667
vt 0.900000 0.541667
vt 0.950000 0.791667
vt 0.925000 0.791667
vt 0.925000 0.833333
vt 0.900000 0.791667
vt 0.875000 0.874614
vt 0.875000 0.833333
vt 0.875000 0.913580
vt 0.850000 0.916667
vt 0.850000 0.874807
vt 0.850000 0.833333
vt 0.875000 0.291667
vt 0.875000 0.250000
vt 0.875000 0.333333
vt 0.850000 0.333333
vt 0.850000 0.291667
vt 0.850000 0.250000
vt 0.875000 0.541667
vt 0.875000 0.500000
vt 0.875000 0.583333
vt 0.850000 0.583333
vt 0.850000 0.541667
vt 0.850000 0.500000
vt 0.875000 0.791667
vt 0.875000 0.750000
vt 0.875000 0.833333
vt 0.850000 0.791667
vt 0.850000 0.750000
vt 0.875000 0.208333
vt 0.875000 0.166667
vt 0.850000 0.208333
vt 0.850000 0.166667
vt 0.875000 0.458333
vt 0.875000 0.416667
vt 0.850000 0.458333
vt 0.850000 0.416667
vt 0.875000 0.708333
vt 0.875000 0.666667
vt 0.850000 0.708333
vt 0.850000 0.666667
vt 0.875000 0.125386
vt 0.875000 0.086420
vt 0.850000 0.125193
vt 0.850000 0.083333
vt 0.887500 0.958334
vt 0.875000 0.943866
vt 0.875000 1.000000
vt 0.862500 0.958333
vt 0.887500 0.958333
vt 0.862500 0.958334
vt 0.875000 0.375000
vt 0.850000 0.375000
vt 0.875000 0.625000
vt 0.850000 0.625000
vt 0.875000 0.000000
vt 0.887500 0.041667
vt 0.875000 0.056134
vt 0.862500 0.041667
vt 0.825000 0.125386
vt 0.825000 0.086420
vt 0.825000 0.166667
vt 0.800000 0.166667
vt 0.800000 0.125193
vt 0.800000 0.083333
vt 0.837500 0.958334
vt 0.825000 0.943866
vt 0.825000 0.913580
vt 0.825000 1.000000
vt 0.812500 0.958333
vt 0.837500 0.958333
vt 0.800000 0.916667
vt 0.812500 0.958334
vt 0.825000 0.375000
vt 0.825000 0.333333
vt 0.825000 0.416667
vt 0.800000 0.416667
vt 0.800000 0.375000
vt 0.800000 0.333333
vt 0.825000 0.625000
vt 0.825000 0.583333
vt 0.825000 0.666667
vt 0.800000 0.666667
vt 0.800000 0.625000
vt 0.800000 0.583333
vt 0.825000 0.000000
vt 0.837500 0.041667
vt 0.825000 0.056134
vt 0.812500 0.041667
vt 0.825000 0.086420
vt 0.825000 0.874614
vt 0.825000 0.833333
vt 0.800000 0.874807
vt 0.800000 0.833333
vt 0.825000 0.291667
vt 0.825000 0.250000
vt 0.800000 0.291667
vt 0.800000 0.250000
vt 0.825000 0.541667
vt 0.825000 0.500000
vt 0.800000 0.541667
vt 0.800000 0.500000
vt 0.825000 0.791667
vt 0.825000 0.750000
vt 0.825000 0.833333
vt 0.800000 0.833333
vt 0.800000 0.791667
vt 0.800000 0.750000
vt 0.825000 0.208333
vt 0.825000 0.166667
vt 0.800000 0.208333
vt 0.825000 0.458333
vt 0.800000 0.458333
vt 0.825000 0.708333
vt 0.800000 0.708333
vt 0.775000 0.791667
vt 0.775000 0.750000
vt 0.775000 0.833333
vt 0.775000 0.208333
vt 0.775000 0.166667
vt 0.775000 0.250000
vt 0.775000 0.458333
vt 0.775000 0.416667
vt 0.775000 0.500000
vt 0.775000 0.708333
vt 0.775000 0.666667
vt 0.775000 0.125386
vt 0.775000 0.086420
vt 0.775000 0.166667
vt 0.787500 0.958334
vt 0.775000 0.943866
vt 0.775000 0.913580
vt 0.775000 1.000000
vt 0.762500 0.958333
vt 0.787500 0.958333
vt 0.762500 0.958334
vt 0.775000 0.375000
vt 0.775000 0.333333
vt 0.775000 0.625000
vt 0.775000 0.583333
vt 0.775000 0.000000
vt 0.787500 0.041667
vt 0.775000 0.056134
vt 0.762500 0.041667
vt 0.762500 0.041667
vt 0.775000 0.086420
vt 0.775000 0.874614
vt 0.775000 0.833333
vt 0.775000 0.291667
vt 0.775000 0.541667
vt 1.000000 0.500000
vt 1.000000 0.750000
vt 0.958333 0.750000
vt 1.000000 1.000000
vt 0.958333 1.000000
vt 0.916667 1.000000
vt 0.916667 0.750000
vt 0.916667 0.500000
vt 0.875000 0.750000
vt 0.833333 1.000000
vt 0.833333 0.750000
vt 0.833333 0.500000
vt 0.791667 0.750000
vt 0.791667 0.500000
vt 0.791667 1.000000
vt 0.750000 1.000000
vt 0.750000 0.750000
vt 0.750000 0.500000
vt 0.708333 0.750000
vt 0.708333 0.500000
vt 0.708333 1.000000
vt 0.666667 1.000000
vt 0.666667 0.750000
vt 0.666667 0.500000
vt 0.625000 0.750000
vt 0.625000 0.500000
vt 0.625000 1.000000
vt 0.583333 1.000000
vt 0.583333 0.750000
vt 0.583333 0.500000
vt 0.541667 0.750000
vt 0.541667 0.500000
vt 0.541667 1.000000
vt 0.500000 1.000000
vt 0.500000 0.750000
vt 0.500000 0.500000
vt 0.458333 0.750000
vt 0.458333 0.500000
vt 0.458333 1.000000
vt 0.416667 1.000000
vt 0.416667 0.750000
vt 0.416667 0.500000
vt 0.375000 0.750000
vt 0.375000 0.500000
vt 0.375000 1.000000
vt 0.333333 1.000000
vt 0.333333 0.750000
vt 0.333333 0.500000
vt 0.291667 0.750000
vt 0.291667 0.500000
vt 0.291667 1.000000
vt 0.250000 1.000000
vt 0.250000 0.750000
vt 0.250000 0.500000
vt 0.208333 0.750000
vt 0.208333 0.500000
vt 0.208333 1.000000
vt 0.166667 1.000000
vt 0.166667 0.750000
vt 0.166667 0.500000
vt 0.370000 0.457846
vt 0.310000 0.473923
vt 0.413923 0.413923
vt 0.250000 0.490000
vt 0.190000 0.473923
vt 0.310000 0.473923
vt 0.130000 0.457846
vt 0.086077 0.413923
vt 0.042154 0.370000
vt 0.026077 0.310000
vt 0.086077 0.413923
vt 0.010000 0.250000
vt 0.026077 0.190000
vt 0.026077 0.310000
vt 0.042154 0.130000
vt 0.086077 0.086077
vt 0.130000 0.042154
vt 0.190000 0.026077
vt 0.086077 0.086077
vt 0.250000 0.010000
vt 0.310000 0.026077
vt 0.370000 0.042154
vt 0.413923 0.086077
vt 0.310000 0.026077
vt 0.457846 0.130000
vt 0.473923 0.190000
vt 0.413923 0.086077
vt 0.490000 0.250000
vt 0.473923 0.310000
vt 0.457846 0.370000
vt 0.473923 0.310000
vt 0.125000 0.750000
vt 0.125000 0.500000
vt 0.125000 1.000000
vt 0.083333 1.000000
vt 0.083333 0.750000
vt 0.083333 0.500000
vt 0.041667 0.750000
vt 0.041667 0.500000
vt 0.041667 1.000000
vt 0.000000 1.000000
vt 0.000000 0.750000
vt 0.000000 0.500000
vt 0.750000 0.490000
vt 0.810000 0.473923
vt 0.750000 0.250000
vt 0.690000 0.473923
vt 0.870000 0.457846
vt 0.913923 0.413923
vt 0.957846 0.370000
vt 0.973923 0.310000
vt 0.990000 0.250000
vt 0.973923 0.190000
vt 0.973923 0.310000
vt 0.957846 0.130000
vt 0.913923 0.086077
vt 0.870000 0.042154
vt 0.810000 0.026077
vt 0.913923 0.086077
vt 0.750000 0.010000
vt 0.690000 0.026077
vt 0.630000 0.042154
vt 0.586077 0.086077
vt 0.690000 0.026077
vt 0.542154 0.130000
vt 0.526077 0.190000
vt 0.586077 0.086077
vt 0.510000 0.250000
vt 0.526077 0.310000
vt 0.542154 0.370000
vt 0.586077 0.413923
vt 0.526077 0.310000
vt 0.630000 0.457846
vt 0.690000 0.473923
vt 0.650000 0.000000
vt 0.675000 0.083333
vt 0.650000 0.112269
vt 0.625000 0.083333
vt 0.700000 0.166667
vt 0.650000 0.172840
vt 0.675000 0.083333
vt 0.600000 0.166667
vt 0.650000 0.172840
vt 0.700000 0.333333
vt 0.700000 0.416667
vt 0.700000 0.500000
vt 0.600000 0.500000
vt 0.600000 0.416667
vt 0.700000 0.666667
vt 0.700000 0.749614
vt 0.650000 0.749228
vt 0.650000 0.666667
vt 0.650000 0.827161
vt 0.600000 0.833333
vt 0.600000 0.749614
vt 0.700000 0.250386
vt 0.650000 0.250772
vt 0.700000 0.333333
vt 0.650000 0.333333
vt 0.600000 0.333333
vt 0.600000 0.250386
vt 0.650000 0.583333
vt 0.700000 0.666667
vt 0.600000 0.666667
vt 0.675000 0.916667
vt 0.650000 0.887732
vt 0.650000 1.000000
vt 0.625000 0.916667
vt 0.675000 0.916667
vt 0.625000 0.916667
vt 0.550000 0.749228
vt 0.550000 0.827161
vt 0.500000 0.749614
vt 0.550000 0.250772
vt 0.550000 0.172840
vt 0.550000 0.333333
vt 0.500000 0.333333
vt 0.500000 0.250386
vt 0.500000 0.166667
vt 0.550000 0.583333
vt 0.550000 0.500000
vt 0.550000 0.666667
vt 0.500000 0.666667
vt 0.500000 0.500000
vt 0.575000 0.916667
vt 0.550000 0.887732
vt 0.550000 1.000000
vt 0.525000 0.916667
vt 0.575000 0.916667
vt 0.525000 0.916667
vt 0.550000 0.000000
vt 0.575000 0.083333
vt 0.550000 0.112269
vt 0.525000 0.083333
vt 0.550000 0.172840
vt 0.550000 0.172840
vt 0.550000 0.416667
vt 0.550000 0.333333
vt 0.500000 0.416667
vt 0.450000 0.250772
vt 0.450000 0.172840
vt 0.450000 0.333333
vt 0.400000 0.333333
vt 0.400000 0.250386
vt 0.400000 0.166667
vt 0.450000 0.583333
vt 0.450000 0.500000
vt 0.450000 0.666667
vt 0.400000 0.666667
vt 0.400000 0.500000
vt 0.475000 0.916667
vt 0.450000 0.887732
vt 0.450000 0.827161
vt 0.450000 1.000000
vt 0.425000 0.916667
vt 0.475000 0.916667
vt 0.400000 0.833333
vt 0.425000 0.916667
vt 0.450000 0.000000
vt 0.475000 0.083333
vt 0.450000 0.112269
vt 0.425000 0.083333
vt 0.450000 0.172840
vt 0.425000 0.083333
vt 0.450000 0.172840
vt 0.450000 0.416667
vt 0.450000 0.333333
vt 0.400000 0.416667
vt 0.400000 0.333333
vt 0.450000 0.749228
vt 0.450000 0.666667
vt 0.400000 0.749614
vt 0.350000 0.250772
vt 0.350000 0.172840
vt 0.350000 0.333333
vt 0.300000 0.333333
vt 0.300000 0.250386
vt 0.300000 0.166667
vt 0.350000 0.583333
vt 0.350000 0.500000
vt 0.350000 0.666667
vt 0.300000 0.666667
vt 0.300000 0.583333
vt 0.300000 0.500000
vt 0.375000 0.916667
vt 0.350000 0.887732
vt 0.350000 0.827161
vt 0.350000 1.000000
vt 0.325000 0.916667
vt 0.375000 0.916667
vt 0.300000 0.833333
vt 0.350000 0.827161
vt 0.325000 0.916667
vt 0.350000 0.000000
vt 0.375000 0.083333
vt 0.350000 0.112269
vt 0.325000 0.083333
vt 0.350000 0.416667
vt 0.350000 0.333333
vt 0.300000 0.416667
vt 0.300000 0.333333
vt 0.350000 0.749228
vt 0.350000 0.666667
vt 0.300000 0.749614
vt 0.300000 0.666667
vt 0.250000 0.250772
vt 0.250000 0.172840
vt 0.250000 0.333333
vt 0.200000 0.333333
vt 0.200000 0.250386
vt 0.200000 0.166667
vt 0.250000 0.583333
vt 0.200000 0.666667
vt 0.200000 0.583333
vt 0.200000 0.500000
vt 0.275000 0.916667
vt 0.250000 0.887732
vt 0.250000 0.827161
vt 0.250000 1.000000
vt 0.225000 0.916667
vt 0.275000 0.916667
vt 0.200000 0.833333
vt 0.225000 0.916667
vt 0.250000 0.000000
vt 0.275000 0.083333
vt 0.250000 0.112269
vt 0.225000 0.083333
vt 0.225000 0.083333
vt 0.250000 0.172840
vt 0.250000 0.416667
vt 0.250000 0.333333
vt 0.200000 0.416667
vt 0.200000 0.333333
vt 0.250000 0.749228
vt 0.250000 0.666667
vt 0.200000 0.749614
vt 0.150000 0.250772
vt 0.150000 0.172840
vt 0.150000 0.333333
vt 0.100000 0.333333
vt 0.100000 0.250386
vt 0.100000 0.166667
vt 0.150000 0.583333
vt 0.150000 0.500000
vt 0.150000 0.666667
vt 0.100000 0.666667
vt 0.100000 0.583333
vt 0.100000 0.500000
vt 0.175000 0.916667
vt 0.150000 0.887732
vt 0.150000 0.827161
vt 0.150000 1.000000
vt 0.125000 0.916667
vt 0.175000 0.916667
vt 0.100000 0.833333
vt 0.150000 0.827161
vt 0.125000 0.916667
vt 0.150000 0.000000
vt 0.175000 0.083333
vt 0.150000 0.112269
vt 0.125000 0.083333
vt 0.150000 0.172840
vt 0.175000 0.083333
vt 0.150000 0.172840
vt 0.150000 0.416667
vt 0.100000 0.416667
vt 0.100000 0.333333
vt 0.150000 0.749228
vt 0.100000 0.749614
vt 0.100000 0.500000
vt 0.050000 0.583333
vt 0.050000 0.500000
vt 0.050000 0.666667
vt 0.075000 0.916667
vt 0.050000 0.887732
vt 0.050000 0.827161
vt 0.050000 1.000000
vt 0.025000 0.916667
vt 0.075000 0.916667
vt 0.000000 0.833333
vt 0.050000 0.827161
vt 0.025000 0.916667
vt 0.050000 0.000000
vt 0.075000 0.083333
vt 0.050000 0.112269
vt 0.025000 0.083333
vt 0.050000 0.172840
vt 0.025000 0.083333
vt 0.050000 0.172840
vt 0.100000 0.416667
vt 0.050000 0.416667
vt 0.050000 0.333333
vt 0.000000 0.333333
vt 0.050000 0.749228
vt 0.000000 0.750000
vt 0.050000 0.250772
vt 0.000000 0.250000
vt 1.000000 0.833333
vt 0.975000 0.916667
vt 0.950000 0.887732
vt 0.950000 0.827161
vt 0.950000 1.000000
vt 0.925000 0.916667
vt 0.975000 0.916667
vt 0.900000 0.833333
vt 0.925000 0.916667
vt 0.950000 0.000000
vt 0.975000 0.083333
vt 0.950000 0.112269
vt 0.925000 0.083333
vt 1.000000 0.166667
vt 0.950000 0.172840
vt 0.900000 0.166667
vt 0.950000 0.172840
vt 1.000000 0.333333
vt 0.950000 0.416667
vt 0.950000 0.333333
vt 1.000000 0.500000
vt 0.950000 0.500000
vt 0.900000 0.500000
vt 0.900000 0.416667
vt 0.900000 0.333333
vt 1.000000 0.666667
vt 1.000000 0.750000
vt 0.950000 0.749228
vt 0.950000 0.666667
vt 0.900000 0.749614
vt 1.000000 0.250000
vt 0.950000 0.250772
vt 0.900000 0.250386
vt 0.950000 0.583333
vt 0.850000 0.000000
vt 0.875000 0.083333
vt 0.850000 0.112269
vt 0.825000 0.083333
vt 0.850000 0.172840
vt 0.800000 0.166667
vt 0.850000 0.172840
vt 0.900000 0.333333
vt 0.900000 0.416667
vt 0.850000 0.416667
vt 0.850000 0.333333
vt 0.850000 0.500000
vt 0.800000 0.500000
vt 0.800000 0.416667
vt 0.800000 0.333333
vt 0.850000 0.749228
vt 0.850000 0.827161
vt 0.800000 0.749614
vt 0.850000 0.250772
vt 0.850000 0.172840
vt 0.850000 0.333333
vt 0.800000 0.333333
vt 0.800000 0.250386
vt 0.850000 0.583333
vt 0.900000 0.666667
vt 0.850000 0.666667
vt 0.800000 0.666667
vt 0.800000 0.583333
vt 0.875000 0.916667
vt 0.850000 0.887732
vt 0.850000 1.000000
vt 0.825000 0.916667
vt 0.875000 0.916667
vt 0.825000 0.916667
vt 0.750000 0.000000
vt 0.775000 0.083333
vt 0.750000 0.112269
vt 0.725000 0.083333
vt 0.750000 0.172840
vt 0.750000 0.172840
vt 0.750000 0.416667
vt 0.750000 0.333333
vt 0.750000 0.500000
vt 0.750000 0.749228
vt 0.750000 0.666667
vt 0.750000 0.827161
vt 0.750000 0.250772
vt 0.750000 0.583333
vt 0.775000 0.916667
vt 0.750000 0.887732
vt 0.750000 1.000000
vt 0.725000 0.916667
vt 0.775000 0.916667
vt 0.750000 0.827161
vt 0.725000 0.916667
vt 0.650000 0.172840
vt 0.700000 0.333333
vt 0.650000 0.827161
vt 0.700000 0.666667
vt 0.550000 0.827161
vt 0.550000 0.749228
vt 0.450000 0.749228
vt 0.400000 0.666667
vt 0.400000 0.333333
vt 0.350000 0.172840
vt 0.350000 0.172840
vt 0.350000 0.749228
vt 0.350000 0.827161
vt 0.350000 0.172840
vt 0.250000 0.827161
vt 0.150000 0.827161
vt 0.150000 0.250772
vt 0.150000 0.827161
vt 0.050000 0.416667
vt 0.050000 0.333333
vt 0.050000 0.172840
vt 0.050000 0.583333
vt 0.950000 0.827161
vt 0.850000 0.827161
vt 0.750000 0.827161
vt 0.750000 0.827161
s 1
f 5/1/5 1465/2/1356 2353/3/2056 800/4/691
f 1465/2/1356 360/5/360 1470/6/1361 2353/3/2056
f 2353/3/2056 1470/6/1361 18/7/18 796/8/687
f 800/4/691 2353/3/2056 796/8/687 19/9/19
f 356/10/356 1460/11/1351 2354/12/2057 1471/13/1362
f 1460/11/1351 2/14/2 801/15/692 2354/12/2057
f 2354/12/2057 801/15/692 11/16/11 789/17/680
f 1471/13/1362 2354/12/2057 789/17/680 12/18/12
f 361/19/361 1466/20/1357 2355/21/2058 1472/22/1363
f 1466/20/1357 5/1/5 800/4/691 2355/21/2058
f 2355/21/2058 800/4/691 19/9/19 797/23/688
f 1472/22/1363 2355/21/2058 797/23/688 20/24/20
f 3/25/3 1461/26/1352 2356/27/2059 802/28/693
f 1461/26/1352 356/10/356 1471/13/1362 2356/27/2059
f 2356/27/2059 1471/13/1362 12/18/12 790/29/681
f 802/28/693 2356/27/2059 790/29/681 13/30/13
f 362/31/362 1447/32/1338 2357/33/2060 1473/34/1364
f 1447/32/1338 361/19/361 1472/22/1363 2357/33/2060
f 2357/33/2060 1472/22/1363 20/24/20 798/35/689
f 1473/34/1364 2357/33/2060 798/35/689 21/36/21
f 357/37/357 1462/38/1353 2358/39/2061 1474/40/1365
f 1462/38/1353 3/25/3 802/28/693 2358/39/2061
f 2358/39/2061 802/28/693 13/30/13 791/41/682
f 1474/40/1365 2358/39/2061 791/41/682 14/42/14
f 6/43/6 1467/44/1358 2359/45/2062 803/46/694
f 1467/44/1358 362/47/362 1473/48/1364 2359/45/2062
f 2359/45/2062 1473/48/1364 21/49/21 799/50/690
f 803/46/694 2359/45/2062 799/50/690 22/51/22
f 358/52/358 1445/53/1336 2360/54/2063 1475/55/1366
f 1445/53/1336 357/37/357 1474/40/1365 2360/54/2063
f 2360/54/2063 1474/40/1365 14/42/14 792/56/683
f 1475/55/1366 2360/54/2063 792/56/683 15/57/15
f 353/58/353 1458/59/1349 2361/60/2064 1476/61/1367
f 1/62/1 1468/63/1359 2361/60/2064 1458/59/1349
f 8/64/8 1476/65/1367 2361/60/2064 1468/63/1359
f 7/66/7 785/67/676 2362/68/2065 1469/69/1360
f 6/43/6 803/70/694 2362/68/2065 785/67/676
f 22/51/22 1469/69/1360 2362/68/2065 803/70/694
f 359/71/359 1446/72/1337 2363/73/2066 1477/74/1368
f 1446/72/1337 358/52/358 1475/55/1366 2363/73/2066
f 2363/73/2066 1475/55/1366 15/57/15 793/75/684
f 1477/74/1368 2363/73/2066 793/75/684 16/76/16
f 354/77/354 1443/78/1334 2364/79/2067 1478/80/1369
f 1443/78/1334 353/58/353 1476/61/1367 2364/79/2067
f 2364/79/2067 1476/61/1367 8/64/8 786/81/677
f 1478/80/1369 2364/79/2067 786/81/677 9/82/9
f 4/83/4 1463/84/1354 2365/85/2068 804/86/695
f 1463/84/1354 359/71/359 1477/74/1368 2365/85/2068
f 2365/85/2068 1477/74/1368 16/76/16 794/87/685
f 804/86/695 2365/85/2068 794/87/685 17/88/17
f 355/89/355 1444/90/1335 2366/91/2069 1479/92/1370
f 1444/90/1335 354/77/354 1478/93/1369 2366/91/2069
f 2366/91/2069 1478/93/1369 9/82/9 787/94/678
f 1479/92/1370 2366/91/2069 787/94/678 10/95/10
f 360/5/360 1464/96/1355 2367/97/2070 1470/6/1361
f 1464/96/1355 4/83/4 804/86/695 2367/97/2070
f 2367/97/2070 804/86/695 17/88/17 795/98/686
f 1470/6/1361 2367/97/2070 795/98/686 18/7/18
f 2/14/2 1459/99/1350 2368/100/2071 801/15/692
f 1459/99/1350 355/89/355 1479/92/1370 2368/100/2071
f 2368/100/2071 1479/92/1370 10/95/10 788/101/679
f 801/15/692 2368/100/2071 788/101/679 11/16/11
f 18/7/18 795/98/686 2369/102/2072 819/103/710
f 795/98/686 17/88/17 820/104/711 2369/102/2072
f 2369/102/2072 820/104/711 32/105/32 814/106/705
f 819/103/710 2369/102/2072 814/106/705 33/107/33
f 11/16/11 788/101/679 2370/108/2073 821/109/712
f 788/101/679 10/95/10 822/110/713 2370/108/2073
f 2370/108/2073 822/110/713 25/111/25 807/112/698
f 821/109/712 2370/108/2073 807/112/698 26/113/26
f 19/9/19 796/8/687 2371/114/2074 823/115/714
f 796/8/687 18/7/18 819/103/710 2371/114/2074
f 2371/114/2074 819/103/710 33/107/33 815/116/706
f 823/115/714 2371/114/2074 815/116/706 34/117/34
f 12/18/12 789/17/680 2372/118/2075 824/119/715
f 789/17/680 11/16/11 821/109/712 2372/118/2075
f 2372/118/2075 821/109/712 26/113/26 808/120/699
f 824/119/715 2372/118/2075 808/120/699 27/121/27
f 20/24/20 797/23/688 2373/122/2076 825/123/716
f 797/23/688 19/9/19 823/115/714 2373/122/2076
f 2373/122/2076 823/115/714 34/117/34 816/124/707
f 825/123/716 2373/122/2076 816/124/707 35/125/35
f 13/30/13 790/29/681 2374/126/2077 826/127/717
f 790/29/681 12/18/12 824/119/715 2374/126/2077
f 2374/126/2077 824/119/715 27/121/27 809/128/700
f 826/127/717 2374/126/2077 809/128/700 28/129/28
f 21/36/21 798/35/689 2375/130/2078 827/131/718
f 798/35/689 20/24/20 825/123/716 2375/130/2078
f 2375/130/2078 825/123/716 35/125/35 817/132/708
f 827/131/718 2375/130/2078 817/132/708 36/133/36
f 14/42/14 791/41/682 2376/134/2079 828/135/719
f 791/41/682 13/30/13 826/127/717 2376/134/2079
f 2376/134/2079 826/127/717 28/129/28 810/136/701
f 828/135/719 2376/134/2079 810/136/701 29/137/29
f 22/51/22 799/50/690 2377/138/2080 829/139/720
f 799/50/690 21/49/21 827/140/718 2377/138/2080
f 2377/138/2080 827/140/718 36/141/36 818/142/709
f 829/139/720 2377/138/2080 818/142/709 37/143/37
f 15/57/15 792/56/683 2378/144/2081 830/145/721
f 792/56/683 14/42/14 828/135/719 2378/144/2081
f 2378/144/2081 828/135/719 29/137/29 811/146/702
f 830/145/721 2378/144/2081 811/146/702 30/147/30
f 8/64/8 1468/148/1359 2379/149/2082 831/150/722
f 1/151/1 1480/152/1371 2379/149/2082 1468/148/1359
f 23/153/23 831/154/722 2379/149/2082 1480/152/1371
f 7/155/7 1469/156/1360 2380/157/2083 1481/158/1372
f 22/51/22 829/139/720 2380/157/2083 1469/156/1360
f 37/143/37 1481/158/1372 2380/157/2083 829/139/720
f 16/76/16 793/75/684 2381/159/2084 832/160/723
f 793/75/684 15/57/15 830/145/721 2381/159/2084
f 2381/159/2084 830/145/721 30/147/30 812/161/703
f 832/160/723 2381/159/2084 812/161/703 31/162/31
f 9/82/9 786/81/677 2382/163/2085 833/164/724
f 786/81/677 8/64/8 831/150/722 2382/163/2085
f 2382/163/2085 831/150/722 23/153/23 805/165/696
f 833/164/724 2382/163/2085 805/165/696 24/166/24
f 17/88/17 794/87/685 2383/167/2086 820/104/711
f 794/87/685 16/76/16 832/160/723 2383/167/2086
f 2383/167/2086 832/160/723 31/162/31 813/168/704
f 820/104/711 2383/167/2086 813/168/704 32/105/32
f 10/95/10 787/94/678 2384/169/2087 822/110/713
f 787/94/678 9/82/9 833/170/724 2384/169/2087
f 2384/169/2087 833/170/724 24/166/24 806/171/697
f 822/110/713 2384/169/2087 806/171/697 25/111/25
f 37/143/37 818/142/709 2385/172/2088 848/173/739
f 818/142/709 36/141/36 849/174/740 2385/172/2088
f 2385/172/2088 849/174/740 51/175/51 847/176/738
f 848/173/739 2385/172/2088 847/176/738 52/177/52
f 30/147/30 811/146/702 2386/178/2089 850/179/741
f 811/146/702 29/137/29 851/180/742 2386/178/2089
f 2386/178/2089 851/180/742 44/181/44 840/182/731
f 850/179/741 2386/178/2089 840/182/731 45/183/45
f 23/153/23 1480/184/1371 2387/185/2090 852/186/743
f 1/187/1 1482/188/1373 2387/185/2090 1480/184/1371
f 38/189/38 852/190/743 2387/185/2090 1482/191/1373
f 7/192/7 1481/193/1372 2388/194/2091 1483/195/1374
f 37/143/37 848/173/739 2388/194/2091 1481/193/1372
f 52/177/52 1483/196/1374 2388/194/2091 848/197/739
f 31/162/31 812/161/703 2389/198/2092 853/199/744
f 812/161/703 30/147/30 850/179/741 2389/198/2092
f 2389/198/2092 850/179/741 45/183/45 841/200/732
f 853/199/744 2389/198/2092 841/200/732 46/201/46
f 24/166/24 805/165/696 2390/202/2093 854/203/745
f 805/165/696 23/153/23 852/186/743 2390/202/2093
f 2390/202/2093 852/186/743 38/189/38 834/204/725
f 854/203/745 2390/202/2093 834/204/725 39/205/39
f 32/105/32 813/168/704 2391/206/2094 855/207/746
f 813/168/704 31/162/31 853/199/744 2391/206/2094
f 2391/206/2094 853/199/744 46/201/46 842/208/733
f 855/207/746 2391/206/2094 842/208/733 47/209/47
f 25/111/25 806/171/697 2392/210/2095 856/211/747
f 806/171/697 24/166/24 854/212/745 2392/210/2095
f 2392/210/2095 854/212/745 39/205/39 835/213/726
f 856/211/747 2392/210/2095 835/213/726 40/214/40
f 33/107/33 814/106/705 2393/215/2096 857/216/748
f 814/106/705 32/105/32 855/207/746 2393/215/2096
f 2393/215/2096 855/207/746 47/209/47 843/217/734
f 857/216/748 2393/215/2096 843/217/734 48/218/48
f 26/113/26 807/112/698 2394/219/2097 858/220/749
f 807/112/698 25/111/25 856/211/747 2394/219/2097
f 2394/219/2097 856/211/747 40/214/40 836/221/727
f 858/220/749 2394/219/2097 836/221/727 41/222/41
f 34/117/34 815/116/706 2395/223/2098 859/224/750
f 815/116/706 33/107/33 857/216/748 2395/223/2098
f 2395/223/2098 857/216/748 48/218/48 844/225/735
f 859/224/750 2395/223/2098 844/225/735 49/226/49
f 27/121/27 808/120/699 2396/227/2099 860/228/751
f 808/120/699 26/113/26 858/220/749 2396/227/2099
f 2396/227/2099 858/220/749 41/222/41 837/229/728
f 860/228/751 2396/227/2099 837/229/728 42/230/42
f 35/125/35 816/124/707 2397/231/2100 861/232/752
f 816/124/707 34/117/34 859/224/750 2397/231/2100
f 2397/231/2100 859/224/750 49/226/49 845/233/736
f 861/232/752 2397/231/2100 845/233/736 50/234/50
f 28/129/28 809/128/700 2398/235/2101 862/236/753
f 809/128/700 27/121/27 860/228/751 2398/235/2101
f 2398/235/2101 860/228/751 42/230/42 838/237/729
f 862/236/753 2398/235/2101 838/237/729 43/238/43
f 36/133/36 817/132/708 2399/239/2102 849/240/740
f 817/132/708 35/125/35 861/232/752 2399/239/2102
f 2399/239/2102 861/232/752 50/234/50 846/241/737
f 849/240/740 2399/239/2102 846/241/737 51/242/51
f 29/137/29 810/136/701 2400/243/2103 851/180/742
f 810/136/701 28/129/28 862/236/753 2400/243/2103
f 2400/243/2103 862/236/753 43/238/43 839/244/730
f 851/180/742 2400/243/2103 839/244/730 44/181/44
f 41/222/41 836/221/727 2401/245/2104 877/246/768
f 836/221/727 40/214/40 878/247/769 2401/245/2104
f 2401/245/2104 878/247/769 55/248/55 865/249/756
f 877/246/768 2401/245/2104 865/249/756 56/250/56
f 49/226/49 844/225/735 2402/251/2105 879/252/770
f 844/225/735 48/218/48 880/253/771 2402/251/2105
f 2402/251/2105 880/253/771 63/254/63 873/255/764
f 879/252/770 2402/251/2105 873/255/764 64/256/64
f 42/230/42 837/229/728 2403/257/2106 881/258/772
f 837/229/728 41/222/41 877/246/768 2403/257/2106
f 2403/257/2106 877/246/768 56/250/56 866/259/757
f 881/258/772 2403/257/2106 866/259/757 57/260/57
f 50/234/50 845/233/736 2404/261/2107 882/262/773
f 845/233/736 49/226/49 879/252/770 2404/261/2107
f 2404/261/2107 879/252/770 64/256/64 874/263/765
f 882/262/773 2404/261/2107 874/263/765 65/264/65
f 43/238/43 838/237/729 2405/265/2108 883/266/774
f 838/237/729 42/230/42 881/258/772 2405/265/2108
f 2405/265/2108 881/258/772 57/260/57 867/267/758
f 883/266/774 2405/265/2108 867/267/758 58/268/58
f 51/242/51 846/241/737 2406/269/2109 884/270/775
f 846/241/737 50/234/50 882/262/773 2406/269/2109
f 2406/269/2109 882/262/773 65/264/65 875/271/766
f 884/270/775 2406/269/2109 875/271/766 66/272/66
f 44/181/44 839/244/730 2407/273/2110 885/274/776
f 839/244/730 43/238/43 883/266/774 2407/273/2110
f 2407/273/2110 883/266/774 58/268/58 868/275/759
f 885/274/776 2407/273/2110 868/275/759 59/276/59
f 52/177/52 847/176/738 2408/277/2111 886/278/777
f 847/176/738 51/175/51 884/279/775 2408/277/2111
f 2408/277/2111 884/279/775 66/280/66 876/281/767
f 886/278/777 2408/277/2111 876/281/767 67/282/67
f 45/183/45 840/182/731 2409/283/2112 887/284/778
f 840/182/731 44/181/44 885/274/776 2409/283/2112
f 2409/283/2112 885/274/776 59/276/59 869/285/760
f 887/284/778 2409/283/2112 869/285/760 60/286/60
f 38/189/38 1482/287/1373 2410/288/2113 888/289/779
f 1/290/1 1484/291/1375 2410/288/2113 1482/287/1373
f 53/292/53 888/293/779 2410/288/2113 1484/291/1375
f 7/294/7 1483/295/1374 2411/296/2114 1485/297/1376
f 52/177/52 886/298/777 2411/296/2114 1483/295/1374
f 67/282/67 1485/297/1376 2411/296/2114 886/278/777
f 46/201/46 841/200/732 2412/299/2115 889/300/780
f 841/200/732 45/183/45 887/284/778 2412/299/2115
f 2412/299/2115 887/284/778 60/286/60 870/301/761
f 889/300/780 2412/299/2115 870/301/761 61/302/61
f 39/205/39 834/204/725 2413/303/2116 890/304/781
f 834/204/725 38/189/38 888/289/779 2413/303/2116
f 2413/303/2116 888/289/779 53/292/53 863/305/754
f 890/304/781 2413/303/2116 863/305/754 54/306/54
f 47/209/47 842/208/733 2414/307/2117 891/308/782
f 842/208/733 46/201/46 889/300/780 2414/307/2117
f 2414/307/2117 889/300/780 61/302/61 871/309/762
f 891/308/782 2414/307/2117 871/309/762 62/310/62
f 40/214/40 835/213/726 2415/311/2118 878/247/769
f 835/213/726 39/205/39 890/312/781 2415/311/2118
f 2415/311/2118 890/312/781 54/306/54 864/313/755
f 878/247/769 2415/311/2118 864/313/755 55/248/55
f 48/218/48 843/217/734 2416/314/2119 880/253/771
f 843/217/734 47/209/47 891/308/782 2416/314/2119
f 2416/314/2119 891/308/782 62/310/62 872/315/763
f 880/253/771 2416/314/2119 872/315/763 63/254/63
f 60/286/60 869/285/760 2417/316/2120 906/317/797
f 869/285/760 59/276/59 907/318/798 2417/316/2120
f 2417/316/2120 907/318/798 74/319/74 898/320/789
f 906/317/797 2417/316/2120 898/320/789 75/321/75
f 53/292/53 1484/322/1375 2418/323/2121 908/324/799
f 1/325/1 1486/326/1377 2418/323/2121 1484/322/1375
f 68/327/68 908/328/799 2418/323/2121 1486/326/1377
f 7/329/7 1485/330/1376 2419/331/2122 1487/332/1378
f 67/282/67 909/333/800 2419/331/2122 1485/330/1376
f 82/334/82 1487/332/1378 2419/331/2122 909/333/800
f 61/302/61 870/301/761 2420/335/2123 910/336/801
f 870/301/761 60/286/60 906/317/797 2420/335/2123
f 2420/335/2123 906/317/797 75/321/75 899/337/790
f 910/336/801 2420/335/2123 899/337/790 76/338/76
f 54/306/54 863/305/754 2421/339/2124 911/340/802
f 863/305/754 53/292/53 908/324/799 2421/339/2124
f 2421/339/2124 908/324/799 68/327/68 892/341/783
f 911/340/802 2421/339/2124 892/341/783 69/342/69
f 62/310/62 871/309/762 2422/343/2125 912/344/803
f 871/309/762 61/302/61 910/336/801 2422/343/2125
f 2422/343/2125 910/336/801 76/338/76 900/345/791
f 912/344/803 2422/343/2125 900/345/791 77/346/77
f 55/248/55 864/313/755 2423/347/2126 913/348/804
f 864/313/755 54/306/54 911/349/802 2423/347/2126
f 2423/347/2126 911/349/802 69/350/69 893/351/784
f 913/348/804 2423/347/2126 893/351/784 70/352/70
f 63/254/63 872/315/763 2424/353/2127 914/354/805
f 872/315/763 62/310/62 912/344/803 2424/353/2127
f 2424/353/2127 912/344/803 77/346/77 901/355/792
f 914/354/805 2424/353/2127 901/355/792 78/356/78
f 56/250/56 865/249/756 2425/357/2128 915/358/806
f 865/249/756 55/248/55 913/348/804 2425/357/2128
f 2425/357/2128 913/348/804 70/352/70 894/359/785
f 915/358/806 2425/357/2128 894/359/785 71/360/71
f 64/256/64 873/255/764 2426/361/2129 916/362/807
f 873/255/764 63/254/63 914/354/805 2426/361/2129
f 2426/361/2129 914/354/805 78/356/78 902/363/793
f 916/362/807 2426/361/2129 902/363/793 79/364/79
f 57/260/57 866/259/757 2427/365/2130 917/366/808
f 866/259/757 56/250/56 915/358/806 2427/365/2130
f 2427/365/2130 915/358/806 71/360/71 895/367/786
f 917/366/808 2427/365/2130 895/367/786 72/368/72
f 65/264/65 874/263/765 2428/369/2131 918/370/809
f 874/263/765 64/256/64 916/362/807 2428/369/2131
f 2428/369/2131 916/362/807 79/364/79 903/371/794
f 918/370/809 2428/369/2131 903/371/794 80/372/80
f 58/268/58 867/267/758 2429/373/2132 919/374/810
f 867/267/758 57/260/57 917/366/808 2429/373/2132
f 2429/373/2132 917/366/808 72/368/72 896/375/787
f 919/374/810 2429/373/2132 896/375/787 73/376/73
f 66/272/66 875/271/766 2430/377/2133 920/378/811
f 875/271/766 65/264/65 918/370/809 2430/377/2133
f 2430/377/2133 918/370/809 80/372/80 904/379/795
f 920/378/811 2430/377/2133 904/379/795 81/380/81
f 59/276/59 868/275/759 2431/381/2134 907/318/798
f 868/275/759 58/268/58 919/374/810 2431/381/2134
f 2431/381/2134 919/374/810 73/376/73 897/382/788
f 907/318/798 2431/381/2134 897/382/788 74/319/74
f 67/282/67 876/281/767 2432/383/2135 909/384/800
f 876/281/767 66/280/66 920/378/811 2432/383/2135
f 2432/383/2135 920/378/811 81/385/81 905/386/796
f 909/384/800 2432/383/2135 905/386/796 82/334/82
f 79/364/79 902/363/793 2433/387/2136 935/388/826
f 902/363/793 78/356/78 936/389/827 2433/387/2136
f 2433/387/2136 936/389/827 93/390/93 931/391/822
f 935/388/826 2433/387/2136 931/391/822 94/392/94
f 72/368/72 895/367/786 2434/393/2137 937/394/828
f 895/367/786 71/360/71 938/395/829 2434/393/2137
f 2434/393/2137 938/395/829 86/396/86 924/397/815
f 937/394/828 2434/393/2137 924/397/815 87/398/87
f 80/372/80 903/371/794 2435/399/2138 939/400/830
f 903/371/794 79/364/79 935/388/826 2435/399/2138
f 2435/399/2138 935/388/826 94/392/94 932/401/823
f 939/400/830 2435/399/2138 932/401/823 95/402/95
f 73/376/73 896/375/787 2436/403/2139 940/404/831
f 896/375/787 72/368/72 937/394/828 2436/403/2139
f 2436/403/2139 937/394/828 87/398/87 925/405/816
f 940/404/831 2436/403/2139 925/405/816 88/406/88
f 81/380/81 904/379/795 2437/407/2140 941/408/832
f 904/379/795 80/372/80 939/400/830 2437/407/2140
f 2437/407/2140 939/400/830 95/402/95 933/409/824
f 941/408/832 2437/407/2140 933/409/824 96/410/96
f 74/319/74 897/382/788 2438/411/2141 942/412/833
f 897/382/788 73/376/73 940/404/831 2438/411/2141
f 2438/411/2141 940/404/831 88/406/88 926/413/817
f 942/412/833 2438/411/2141 926/413/817 89/414/89
f 82/334/82 905/386/796 2439/415/2142 943/416/834
f 905/386/796 81/385/81 941/408/832 2439/415/2142
f 2439/415/2142 941/408/832 96/417/96 934/418/825
f 943/416/834 2439/415/2142 934/418/825 97/419/97
f 75/321/75 898/320/789 2440/420/2143 944/421/835
f 898/320/789 74/319/74 942/412/833 2440/420/2143
f 2440/420/2143 942/412/833 89/414/89 927/422/818
f 944/421/835 2440/420/2143 927/422/818 90/423/90
f 68/327/68 1486/424/1377 2441/425/2144 945/426/836
f 1/427/1 1488/428/1379 2441/425/2144 1486/424/1377
f 83/429/83 945/430/836 2441/425/2144 1488/428/1379
f 7/431/7 1487/432/1378 2442/433/2145 1489/434/1380
f 82/334/82 943/435/834 2442/433/2145 1487/432/1378
f 97/419/97 1489/434/1380 2442/433/2145 943/436/834
f 76/338/76 899/337/790 2443/437/2146 946/438/837
f 899/337/790 75/321/75 944/421/835 2443/437/2146
f 2443/437/2146 944/421/835 90/423/90 928/439/819
f 946/438/837 2443/437/2146 928/439/819 91/440/91
f 69/342/69 892/341/783 2444/441/2147 947/442/838
f 892/341/783 68/327/68 945/426/836 2444/441/2147
f 2444/441/2147 945/426/836 83/429/83 921/443/812
f 947/442/838 2444/441/2147 921/443/812 84/444/84
f 77/346/77 900/345/791 2445/445/2148 948/446/839
f 900/345/791 76/338/76 946/438/837 2445/445/2148
f 2445/445/2148 946/438/837 91/440/91 929/447/820
f 948/446/839 2445/445/2148 929/447/820 92/448/92
f 70/352/70 893/351/784 2446/449/2149 949/450/840
f 893/351/784 69/350/69 947/451/838 2446/449/2149
f 2446/449/2149 947/451/838 84/444/84 922/452/813
f 949/450/840 2446/449/2149 922/452/813 85/453/85
f 78/356/78 901/355/792 2447/454/2150 936/389/827
f 901/355/792 77/346/77 948/446/839 2447/454/2150
f 2447/454/2150 948/446/839 92/448/92 930/455/821
f 936/389/827 2447/454/2150 930/455/821 93/390/93
f 71/360/71 894/359/785 2448/456/2151 938/395/829
f 894/359/785 70/352/70 949/450/840 2448/456/2151
f 2448/456/2151 949/450/840 85/453/85 923/457/814
f 938/395/829 2448/456/2151 923/457/814 86/396/86
f 7/458/7 1489/459/1380 2449/460/2152 1491/461/1382
f 97/419/97 964/462/855 2449/460/2152 1489/459/1380
f 112/463/112 1491/461/1382 2449/460/2152 964/462/855
f 91/440/91 928/439/819 2450/464/2153 965/465/856
f 928/439/819 90/423/90 966/466/857 2450/464/2153
f 2450/464/2153 966/466/857 105/467/105 957/468/848
f 965/465/856 2450/464/2153 957/468/848 106/469/106
f 84/444/84 921/443/812 2451/470/2154 967/471/858
f 921/443/812 83/429/83 968/472/859 2451/470/2154
f 2451/470/2154 968/472/859 98/473/98 950/474/841
f 967/471/858 2451/470/2154 950/474/841 99/475/99
f 92/448/92 929/447/820 2452/476/2155 969/477/860
f 929/447/820 91/440/91 965/465/856 2452/476/2155
f 2452/476/2155 965/465/856 106/469/106 958/478/849
f 969/477/860 2452/476/2155 958/478/849 107/479/107
f 85/453/85 922/452/813 2453/480/2156 970/481/861
f 922/452/813 84/444/84 967/482/858 2453/480/2156
f 2453/480/2156 967/482/858 99/483/99 951/484/842
f 970/481/861 2453/480/2156 951/484/842 100/485/100
f 93/390/93 930/455/821 2454/486/2157 971/487/862
f 930/455/821 92/448/92 969/477/860 2454/486/2157
f 2454/486/2157 969/477/860 107/479/107 959/488/850
f 971/487/862 2454/486/2157 959/488/850 108/489/108
f 86/396/86 923/457/814 2455/490/2158 972/491/863
f 923/457/814 85/453/85 970/481/861 2455/490/2158
f 2455/490/2158 970/481/861 100/485/100 952/492/843
f 972/491/863 2455/490/2158 952/492/843 101/493/101
f 94/392/94 931/391/822 2456/494/2159 973/495/864
f 931/391/822 93/390/93 971/487/862 2456/494/2159
f 2456/494/2159 971/487/862 108/489/108 960/496/851
f 973/495/864 2456/494/2159 960/496/851 109/497/109
f 87/398/87 924/397/815 2457/498/2160 974/499/865
f 924/397/815 86/396/86 972/491/863 2457/498/2160
f 2457/498/2160 972/491/863 101/493/101 953/500/844
f 974/499/865 2457/498/2160 953/500/844 102/501/102
f 95/402/95 932/401/823 2458/502/2161 975/503/866
f 932/401/823 94/392/94 973/495/864 2458/502/2161
f 2458/502/2161 973/495/864 109/497/109 961/504/852
f 975/503/866 2458/502/2161 961/504/852 110/505/110
f 88/406/88 925/405/816 2459/506/2162 976/507/867
f 925/405/816 87/398/87 974/499/865 2459/506/2162
f 2459/506/2162 974/499/865 102/501/102 954/508/845
f 976/507/867 2459/506/2162 954/508/845 103/509/103
f 96/410/96 933/409/824 2460/510/2163 977/511/868
f 933/409/824 95/402/95 975/503/866 2460/510/2163
f 2460/510/2163 975/503/866 110/505/110 962/512/853
f 977/511/868 2460/510/2163 962/512/853 111/513/111
f 89/414/89 926/413/817 2461/514/2164 978/515/869
f 926/413/817 88/406/88 976/507/867 2461/514/2164
f 2461/514/2164 976/507/867 103/509/103 955/516/846
f 978/515/869 2461/514/2164 955/516/846 104/517/104
f 97/419/97 934/418/825 2462/518/2165 964/462/855
f 934/418/825 96/417/96 977/519/868 2462/518/2165
f 2462/518/2165 977/519/868 111/520/111 963/521/854
f 964/462/855 2462/518/2165 963/521/854 112/463/112
f 90/423/90 927/422/818 2463/522/2166 966/466/857
f 927/422/818 89/414/89 978/515/869 2463/522/2166
f 2463/522/2166 978/515/869 104/517/104 956/523/847
f 966/466/857 2463/522/2166 956/523/847 105/467/105
f 83/429/83 1488/524/1379 2464/525/2167 968/472/859
f 1/526/1 1490/527/1381 2464/525/2167 1488/524/1379
f 98/473/98 968/528/859 2464/525/2167 1490/527/1381
f 110/505/110 961/504/852 2465/529/2168 993/530/884
f 961/504/852 109/497/109 994/531/885 2465/529/2168
f 2465/529/2168 994/531/885 124/532/124 990/533/881
f 993/530/884 2465/529/2168 990/533/881 125/534/125
f 103/509/103 954/508/845 2466/535/2169 995/536/886
f 954/508/845 102/501/102 996/537/887 2466/535/2169
f 2466/535/2169 996/537/887 117/538/117 983/539/874
f 995/536/886 2466/535/2169 983/539/874 118/540/118
f 111/513/111 962/512/853 2467/541/2170 997/542/888
f 962/512/853 110/505/110 993/530/884 2467/541/2170
f 2467/541/2170 993/530/884 125/534/125 991/543/882
f 997/542/888 2467/541/2170 991/543/882 126/544/126
f 104/517/104 955/516/846 2468/545/2171 998/546/889
f 955/516/846 103/509/103 995/536/886 2468/545/2171
f 2468/545/2171 995/536/886 118/540/118 984/547/875
f 998/546/889 2468/545/2171 984/547/875 119/548/119
f 112/463/112 963/521/854 2469/549/2172 999/550/890
f 963/521/854 111/520/111 997/542/888 2469/549/2172
f 2469/549/2172 997/542/888 126/551/126 992/552/883
f 999/550/890 2469/549/2172 992/552/883 127/553/127
f 105/467/105 956/523/847 2470/554/2173 1000/555/891
f 956/523/847 104/517/104 998/546/889 2470/554/2173
f 2470/554/2173 998/546/889 119/548/119 985/556/876
f 1000/555/891 2470/554/2173 985/556/876 120/557/120
f 98/473/98 1490/558/1381 2471/559/2174 1001/560/892
f 1/561/1 1492/562/1383 2471/559/2174 1490/558/1381
f 113/563/113 1001/564/892 2471/559/2174 1492/562/1383
f 7/565/7 1491/566/1382 2472/567/2175 1493/568/1384
f 112/463/112 999/569/890 2472/567/2175 1491/566/1382
f 127/553/127 1493/568/1384 2472/567/2175 999/569/890
f 106/469/106 957/468/848 2473/570/2176 1002/571/893
f 957/468/848 105/467/105 1000/555/891 2473/570/2176
f 2473/570/2176 1000/555/891 120/557/120 986/572/877
f 1002/571/893 2473/570/2176 986/572/877 121/573/121
f 99/475/99 950/474/841 2474/574/2177 1003/575/894
f 950/474/841 98/473/98 1001/560/892 2474/574/2177
f 2474/574/2177 1001/560/892 113/563/113 979/576/870
f 1003/575/894 2474/574/2177 979/576/870 114/577/114
f 107/479/107 958/478/849 2475/578/2178 1004/579/895
f 958/478/849 106/469/106 1002/571/893 2475/578/2178
f 2475/578/2178 1002/571/893 121/573/121 987/580/878
f 1004/579/895 2475/578/2178 987/580/878 122/581/122
f 100/485/100 951/484/842 2476/582/2179 1005/583/896
f 951/484/842 99/483/99 1003/584/894 2476/582/2179
f 2476/582/2179 1003/584/894 114/585/114 980/586/871
f 1005/583/896 2476/582/2179 980/586/871 115/587/115
f 108/489/108 959/488/850 2477/588/2180 1006/589/897
f 959/488/850 107/479/107 1004/579/895 2477/588/2180
f 2477/588/2180 1004/579/895 122/581/122 988/590/879
f 1006/589/897 2477/588/2180 988/590/879 123/591/123
f 101/493/101 952/492/843 2478/592/2181 1007/593/898
f 952/492/843 100/485/100 1005/583/896 2478/592/2181
f 2478/592/2181 1005/583/896 115/587/115 981/594/872
f 1007/593/898 2478/592/2181 981/594/872 116/595/116
f 109/497/109 960/496/851 2479/596/2182 994/531/885
f 960/496/851 108/489/108 1006/589/897 2479/596/2182
f 2479/596/2182 1006/589/897 123/591/123 989/597/880
f 994/531/885 2479/596/2182 989/597/880 124/532/124
f 102/501/102 953/500/844 2480/598/2183 996/537/887
f 953/500/844 101/493/101 1007/593/898 2480/598/2183
f 2480/598/2183 1007/593/898 116/595/116 982/599/873
f 996/537/887 2480/598/2183 982/599/873 117/538/117
f 114/577/114 979/576/870 2481/600/2184 1022/601/913
f 979/576/870 113/563/113 1023/602/914 2481/600/2184
f 2481/600/2184 1023/602/914 128/603/128 1008/604/899
f 1022/601/913 2481/600/2184 1008/604/899 129/605/129
f 122/581/122 987/580/878 2482/606/2185 1024/607/915
f 987/580/878 121/573/121 1025/608/916 2482/606/2185
f 2482/606/2185 1025/608/916 136/609/136 1016/610/907
f 1024/607/915 2482/606/2185 1016/610/907 137/611/137
f 115/587/115 980/586/871 2483/612/2186 1026/613/917
f 980/586/871 114/585/114 1022/614/913 2483/612/2186
f 2483/612/2186 1022/614/913 129/605/129 1009/615/900
f 1026/613/917 2483/612/2186 1009/615/900 130/616/130
f 123/591/123 988/590/879 2484/617/2187 1027/618/918
f 988/590/879 122/581/122 1024/607/915 2484/617/2187
f 2484/617/2187 1024/607/915 137/611/137 1017/619/908
f 1027/618/918 2484/617/2187 1017/619/908 138/620/138
f 116/595/116 981/594/872 2485/621/2188 1028/622/919
f 981/594/872 115/587/115 1026/613/917 2485/621/2188
f 2485/621/2188 1026/613/917 130/616/130 1010/623/901
f 1028/622/919 2485/621/2188 1010/623/901 131/624/131
f 124/532/124 989/597/880 2486/625/2189 1029/626/920
f 989/597/880 123/591/123 1027/618/918 2486/625/2189
f 2486/625/2189 1027/618/918 138/620/138 1018/627/909
f 1029/626/920 2486/625/2189 1018/627/909 139/628/139
f 117/538/117 982/599/873 2487/629/2190 1030/630/921
f 982/599/873 116/595/116 1028/622/919 2487/629/2190
f 2487/629/2190 1028/622/919 131/624/131 1011/631/902
f 1030/630/921 2487/629/2190 1011/631/902 132/632/132
f 125/534/125 990/533/881 2488/633/2191 1031/634/922
f 990/533/881 124/532/124 1029/626/920 2488/633/2191
f 2488/633/2191 1029/626/920 139/628/139 1019/635/910
f 1031/634/922 2488/633/2191 1019/635/910 140/636/140
f 118/540/118 983/539/874 2489/637/2192 1032/638/923
f 983/539/874 117/538/117 1030/630/921 2489/637/2192
f 2489/637/2192 1030/630/921 132/632/132 1012/639/903
f 1032/638/923 2489/637/2192 1012/639/903 133/640/133
f 126/544/126 991/543/882 2490/641/2193 1033/642/924
f 991/543/882 125/534/125 1031/634/922 2490/641/2193
f 2490/641/2193 1031/634/922 140/636/140 1020/643/911
f 1033/642/924 2490/641/2193 1020/643/911 141/644/141
f 119/548/119 984/547/875 2491/645/2194 1034/646/925
f 984/547/875 118/540/118 1032/638/923 2491/645/2194
f 2491/645/2194 1032/638/923 133/640/133 1013/647/904
f 1034/646/925 2491/645/2194 1013/647/904 134/648/134
f 127/553/127 992/552/883 2492/649/2195 1035/650/926
f 992/552/883 126/551/126 1033/651/924 2492/649/2195
f 2492/649/2195 1033/651/924 141/652/141 1021/653/912
f 1035/650/926 2492/649/2195 1021/653/912 142/654/142
f 120/557/120 985/556/876 2493/655/2196 1036/656/927
f 985/556/876 119/548/119 1034/646/925 2493/655/2196
f 2493/655/2196 1034/646/925 134/648/134 1014/657/905
f 1036/656/927 2493/655/2196 1014/657/905 135/658/135
f 113/563/113 1492/659/1383 2494/660/2197 1023/602/914
f 1/661/1 1494/662/1385 2494/660/2197 1492/659/1383
f 128/603/128 1023/663/914 2494/660/2197 1494/664/1385
f 7/665/7 1493/666/1384 2495/667/2198 1495/668/1386
f 127/553/127 1035/650/926 2495/667/2198 1493/666/1384
f 142/654/142 1495/669/1386 2495/667/2198 1035/650/926
f 121/573/121 986/572/877 2496/670/2199 1025/608/916
f 986/572/877 120/557/120 1036/656/927 2496/670/2199
f 2496/670/2199 1036/656/927 135/658/135 1015/671/906
f 1025/608/916 2496/670/2199 1015/671/906 136/609/136
f 133/640/133 1012/639/903 2497/672/2200 1051/673/942
f 1012/639/903 132/632/132 1052/674/943 2497/672/2200
f 2497/672/2200 1052/674/943 147/675/147 1041/676/932
f 1051/673/942 2497/672/2200 1041/676/932 148/677/148
f 141/644/141 1020/643/911 2498/678/2201 1053/679/944
f 1020/643/911 140/636/140 1054/680/945 2498/678/2201
f 2498/678/2201 1054/680/945 155/681/155 1049/682/940
f 1053/679/944 2498/678/2201 1049/682/940 156/683/156
f 134/648/134 1013/647/904 2499/684/2202 1055/685/946
f 1013/647/904 133/640/133 1051/673/942 2499/684/2202
f 2499/684/2202 1051/673/942 148/677/148 1042/686/933
f 1055/685/946 2499/684/2202 1042/686/933 149/687/149
f 142/654/142 1021/653/912 2500/688/2203 1056/689/947
f 1021/653/912 141/652/141 1053/690/944 2500/688/2203
f 2500/688/2203 1053/690/944 156/691/156 1050/692/941
f 1056/689/947 2500/688/2203 1050/692/941 157/693/157
f 135/658/135 1014/657/905 2501/694/2204 1057/695/948
f 1014/657/905 134/648/134 1055/685/946 2501/694/2204
f 2501/694/2204 1055/685/946 149/687/149 1043/696/934
f 1057/695/948 2501/694/2204 1043/696/934 150/697/150
f 128/603/128 1494/698/1385 2502/699/2205 1058/700/949
f 1/701/1 1496/702/1387 2502/699/2205 1494/703/1385
f 143/704/143 1058/705/949 2502/699/2205 1496/702/1387
f 7/706/7 1495/707/1386 2503/708/2206 1497/709/1388
f 142/654/142 1056/689/947 2503/708/2206 1495/710/1386
f 157/693/157 1497/709/1388 2503/708/2206 1056/711/947
f 136/609/136 1015/671/906 2504/712/2207 1059/713/950
f 1015/671/906 135/658/135 1057/695/948 2504/712/2207
f 2504/712/2207 1057/695/948 150/697/150 1044/714/935
f 1059/713/950 2504/712/2207 1044/714/935 151/715/151
f 129/605/129 1008/604/899 2505/716/2208 1060/717/951
f 1008/604/899 128/603/128 1058/700/949 2505/716/2208
f 2505/716/2208 1058/700/949 143/704/143 1037/718/928
f 1060/717/951 2505/716/2208 1037/718/928 144/719/144
f 137/611/137 1016/610/907 2506/720/2209 1061/721/952
f 1016/610/907 136/609/136 1059/713/950 2506/720/2209
f 2506/720/2209 1059/713/950 151/715/151 1045/722/936
f 1061/721/952 2506/720/2209 1045/722/936 152/723/152
f 130/616/130 1009/615/900 2507/724/2210 1062/725/953
f 1009/615/900 129/605/129 1060/726/951 2507/724/2210
f 2507/724/2210 1060/726/951 144/719/144 1038/727/929
f 1062/725/953 2507/724/2210 1038/727/929 145/728/145
f 138/620/138 1017/619/908 2508/729/2211 1063/730/954
f 1017/619/908 137/611/137 1061/721/952 2508/729/2211
f 2508/729/2211 1061/721/952 152/723/152 1046/731/937
f 1063/730/954 2508/729/2211 1046/731/937 153/732/153
f 131/624/131 1010/623/901 2509/733/2212 1064/734/955
f 1010/623/901 130/616/130 1062/725/953 2509/733/2212
f 2509/733/2212 1062/725/953 145/728/145 1039/735/930
f 1064/734/955 2509/733/2212 1039/735/930 146/736/146
f 139/628/139 1018/627/909 2510/737/2213 1065/738/956
f 1018/627/909 138/620/138 1063/730/954 2510/737/2213
f 2510/737/2213 1063/730/954 153/732/153 1047/739/938
f 1065/738/956 2510/737/2213 1047/739/938 154/740/154
f 132/632/132 1011/631/902 2511/741/2214 1052/674/943
f 1011/631/902 131/624/131 1064/734/955 2511/741/2214
f 2511/741/2214 1064/734/955 146/736/146 1040/742/931
f 1052/674/943 2511/741/2214 1040/742/931 147/675/147
f 140/636/140 1019/635/910 2512/743/2215 1054/680/945
f 1019/635/910 139/628/139 1065/738/956 2512/743/2215
f 2512/743/2215 1065/738/956 154/740/154 1048/744/939
f 1054/680/945 2512/743/2215 1048/744/939 155/681/155
f 152/723/152 1045/722/936 2513/745/2216 1080/746/971
f 1045/722/936 151/715/151 1081/747/972 2513/745/2216
f 2513/745/2216 1081/747/972 166/748/166 1074/749/965
f 1080/746/971 2513/745/2216 1074/749/965 167/750/167
f 145/728/145 1038/727/929 2514/751/2217 1082/752/973
f 1038/727/929 144/719/144 1083/753/974 2514/751/2217
f 2514/751/2217 1083/753/974 159/754/159 1067/755/958
f 1082/752/973 2514/751/2217 1067/755/958 160/756/160
f 153/732/153 1046/731/937 2515/757/2218 1084/758/975
f 1046/731/937 152/723/152 1080/746/971 2515/757/2218
f 2515/757/2218 1080/746/971 167/750/167 1075/759/966
f 1084/758/975 2515/757/2218 1075/759/966 168/760/168
f 146/736/146 1039/735/930 2516/761/2219 1085/762/976
f 1039/735/930 145/728/145 1082/752/973 2516/761/2219
f 2516/761/2219 1082/752/973 160/756/160 1068/763/959
f 1085/762/976 2516/761/2219 1068/763/959 161/764/161
f 154/740/154 1047/739/938 2517/765/2220 1086/766/977
f 1047/739/938 153/732/153 1084/758/975 2517/765/2220
f 2517/765/2220 1084/758/975 168/760/168 1076/767/967
f 1086/766/977 2517/765/2220 1076/767/967 169/768/169
f 147/675/147 1040/742/931 2518/769/2221 1087/770/978
f 1040/742/931 146/736/146 1085/762/976 2518/769/2221
f 2518/769/2221 1085/762/976 161/764/161 1069/771/960
f 1087/770/978 2518/769/2221 1069/771/960 162/772/162
f 155/681/155 1048/744/939 2519/773/2222 1088/774/979
f 1048/744/939 154/740/154 1086/766/977 2519/773/2222
f 2519/773/2222 1086/766/977 169/768/169 1077/775/968
f 1088/774/979 2519/773/2222 1077/775/968 170/776/170
f 148/677/148 1041/676/932 2520/777/2223 1089/778/980
f 1041/676/932 147/675/147 1087/770/978 2520/777/2223
f 2520/777/2223 1087/770/978 162/772/162 1070/779/961
f 1089/778/980 2520/777/2223 1070/779/961 163/780/163
f 156/683/156 1049/682/940 2521/781/2224 1090/782/981
f 1049/682/940 155/681/155 1088/774/979 2521/781/2224
f 2521/781/2224 1088/774/979 170/776/170 1078/783/969
f 1090/782/981 2521/781/2224 1078/783/969 171/784/171
f 149/687/149 1042/686/933 2522/785/2225 1091/786/982
f 1042/686/933 148/677/148 1089/778/980 2522/785/2225
f 2522/785/2225 1089/778/980 163/780/163 1071/787/962
f 1091/786/982 2522/785/2225 1071/787/962 164/788/164
f 157/693/157 1050/692/941 2523/789/2226 1092/790/983
f 1050/692/941 156/691/156 1090/782/981 2523/789/2226
f 2523/789/2226 1090/782/981 171/791/171 1079/792/970
f 1092/790/983 2523/789/2226 1079/792/970 172/793/172
f 150/697/150 1043/696/934 2524/794/2227 1093/795/984
f 1043/696/934 149/687/149 1091/786/982 2524/794/2227
f 2524/794/2227 1091/786/982 164/788/164 1072/796/963
f 1093/795/984 2524/794/2227 1072/796/963 165/797/165
f 143/704/143 1496/798/1387 2525/799/2228 1094/800/985
f 1/801/1 1498/802/1389 2525/799/2228 1496/798/1387
f 158/803/158 1094/804/985 2525/799/2228 1498/802/1389
f 7/805/7 1497/806/1388 2526/807/2229 1499/808/1390
f 157/693/157 1092/809/983 2526/807/2229 1497/806/1388
f 172/793/172 1499/808/1390 2526/807/2229 1092/809/983
f 151/715/151 1044/714/935 2527/810/2230 1081/747/972
f 1044/714/935 150/697/150 1093/795/984 2527/810/2230
f 2527/810/2230 1093/795/984 165/797/165 1073/811/964
f 1081/747/972 2527/810/2230 1073/811/964 166/748/166
f 144/719/144 1037/718/928 2528/812/2231 1083/813/974
f 1037/718/928 143/704/143 1094/800/985 2528/812/2231
f 2528/812/2231 1094/800/985 158/803/158 1066/814/957
f 1083/813/974 2528/812/2231 1066/814/957 159/815/159
f 171/784/171 1078/783/969 2529/816/2232 1109/817/1000
f 1078/783/969 170/776/170 1110/818/1001 2529/816/2232
f 2529/816/2232 1110/818/1001 185/819/185 1107/820/998
f 1109/817/1000 2529/816/2232 1107/820/998 186/821/186
f 164/788/164 1071/787/962 2530/822/2233 1111/823/1002
f 1071/787/962 163/780/163 1112/824/1003 2530/822/2233
f 2530/822/2233 1112/824/1003 178/825/178 1100/826/991
f 1111/823/1002 2530/822/2233 1100/826/991 179/827/179
f 172/793/172 1079/792/970 2531/828/2234 1113/829/1004
f 1079/792/970 171/791/171 1109/817/1000 2531/828/2234
f 2531/828/2234 1109/817/1000 186/830/186 1108/831/999
f 1113/829/1004 2531/828/2234 1108/831/999 187/832/187
f 165/797/165 1072/796/963 2532/833/2235 1114/834/1005
f 1072/796/963 164/788/164 1111/823/1002 2532/833/2235
f 2532/833/2235 1111/823/1002 179/827/179 1101/835/992
f 1114/834/1005 2532/833/2235 1101/835/992 180/836/180
f 158/803/158 1498/837/1389 2533/838/2236 1115/839/1006
f 1/840/1 1500/841/1391 2533/838/2236 1498/837/1389
f 173/842/173 1115/843/1006 2533/838/2236 1500/841/1391
f 7/844/7 1499/845/1390 2534/846/2237 1501/847/1392
f 172/793/172 1113/848/1004 2534/846/2237 1499/845/1390
f 187/832/187 1501/847/1392 2534/846/2237 1113/848/1004
f 166/748/166 1073/811/964 2535/849/2238 1116/850/1007
f 1073/811/964 165/797/165 1114/834/1005 2535/849/2238
f 2535/849/2238 1114/834/1005 180/836/180 1102/851/993
f 1116/850/1007 2535/849/2238 1102/851/993 181/852/181
f 159/815/159 1066/814/957 2536/853/2239 1117/854/1008
f 1066/814/957 158/803/158 1115/839/1006 2536/853/2239
f 2536/853/2239 1115/839/1006 173/842/173 1095/855/986
f 1117/854/1008 2536/853/2239 1095/855/986 174/856/174
f 167/750/167 1074/749/965 2537/857/2240 1118/858/1009
f 1074/749/965 166/748/166 1116/850/1007 2537/857/2240
f 2537/857/2240 1116/850/1007 181/852/181 1103/859/994
f 1118/858/1009 2537/857/2240 1103/859/994 182/860/182
f 160/756/160 1067/755/958 2538/861/2241 1119/862/1010
f 1067/755/958 159/754/159 1117/863/1008 2538/861/2241
f 2538/861/2241 1117/863/1008 174/856/174 1096/864/987
f 1119/862/1010 2538/861/2241 1096/864/987 175/865/175
f 168/760/168 1075/759/966 2539/866/2242 1120/867/1011
f 1075/759/966 167/750/167 1118/858/1009 2539/866/2242
f 2539/866/2242 1118/858/1009 182/860/182 1104/868/995
f 1120/867/1011 2539/866/2242 1104/868/995 183/869/183
f 161/764/161 1068/763/959 2540/870/2243 1121/871/1012
f 1068/763/959 160/756/160 1119/862/1010 2540/870/2243
f 2540/870/2243 1119/862/1010 175/865/175 1097/872/988
f 1121/871/1012 2540/870/2243 1097/872/988 176/873/176
f 169/768/169 1076/767/967 2541/874/2244 1122/875/1013
f 1076/767/967 168/760/168 1120/867/1011 2541/874/2244
f 2541/874/2244 1120/867/1011 183/869/183 1105/876/996
f 1122/875/1013 2541/874/2244 1105/876/996 184/877/184
f 162/772/162 1069/771/960 2542/878/2245 1123/879/1014
f 1069/771/960 161/764/161 1121/871/1012 2542/878/2245
f 2542/878/2245 1121/871/1012 176/873/176 1098/880/989
f 1123/879/1014 2542/878/2245 1098/880/989 177/881/177
f 170/776/170 1077/775/968 2543/882/2246 1110/818/1001
f 1077/775/968 169/768/169 1122/875/1013 2543/882/2246
f 2543/882/2246 1122/875/1013 184/877/184 1106/883/997
f 1110/818/1001 2543/882/2246 1106/883/997 185/819/185
f 163/780/163 1070/779/961 2544/884/2247 1112/824/1003
f 1070/779/961 162/772/162 1123/879/1014 2544/884/2247
f 2544/884/2247 1123/879/1014 177/881/177 1099/885/990
f 1112/824/1003 2544/884/2247 1099/885/990 178/825/178
f 175/865/175 1096/864/987 2545/886/2248 1138/887/1029
f 1096/864/987 174/856/174 1139/888/1030 2545/886/2248
f 2545/886/2248 1139/888/1030 189/889/189 1125/890/1016
f 1138/887/1029 2545/886/2248 1125/890/1016 190/891/190
f 183/869/183 1104/868/995 2546/892/2249 1140/893/1031
f 1104/868/995 182/860/182 1141/894/1032 2546/892/2249
f 2546/892/2249 1141/894/1032 197/895/197 1133/896/1024
f 1140/893/1031 2546/892/2249 1133/896/1024 198/897/198
f 176/873/176 1097/872/988 2547/898/2250 1142/899/1033
f 1097/872/988 175/865/175 1138/887/1029 2547/898/2250
f 2547/898/2250 1138/887/1029 190/891/190 1126/900/1017
f 1142/899/1033 2547/898/2250 1126/900/1017 191/901/191
f 184/877/184 1105/876/996 2548/902/2251 1143/903/1034
f 1105/876/996 183/869/183 1140/893/1031 2548/902/2251
f 2548/902/2251 1140/893/1031 198/897/198 1134/904/1025
f 1143/903/1034 2548/902/2251 1134/904/1025 199/905/199
f 177/881/177 1098/880/989 2549/906/2252 1144/907/1035
f 1098/880/989 176/873/176 1142/899/1033 2549/906/2252
f 2549/906/2252 1142/899/1033 191/901/191 1127/908/1018
f 1144/907/1035 2549/906/2252 1127/908/1018 192/909/192
f 185/819/185 1106/883/997 2550/910/2253 1145/911/1036
f 1106/883/997 184/877/184 1143/903/1034 2550/910/2253
f 2550/910/2253 1143/903/1034 199/905/199 1135/912/1026
f 1145/911/1036 2550/910/2253 1135/912/1026 200/913/200
f 178/825/178 1099/885/990 2551/914/2254 1146/915/1037
f 1099/885/990 177/881/177 1144/907/1035 2551/914/2254
f 2551/914/2254 1144/907/1035 192/909/192 1128/916/1019
f 1146/915/1037 2551/914/2254 1128/916/1019 193/917/193
f 186/821/186 1107/820/998 2552/918/2255 1147/919/1038
f 1107/820/998 185/819/185 1145/911/1036 2552/918/2255
f 2552/918/2255 1145/911/1036 200/913/200 1136/920/1027
f 1147/919/1038 2552/918/2255 1136/920/1027 201/921/201
f 179/827/179 1100/826/991 2553/922/2256 1148/923/1039
f 1100/826/991 178/825/178 1146/915/1037 2553/922/2256
f 2553/922/2256 1146/915/1037 193/917/193 1129/924/1020
f 1148/923/1039 2553/922/2256 1129/924/1020 194/925/194
f 187/832/187 1108/831/999 2554/926/2257 1149/927/1040
f 1108/831/999 186/830/186 1147/928/1038 2554/926/2257
f 2554/926/2257 1147/928/1038 201/929/201 1137/930/1028
f 1149/927/1040 2554/926/2257 1137/930/1028 202/931/202
f 180/836/180 1101/835/992 2555/932/2258 1150/933/1041
f 1101/835/992 179/827/179 1148/923/1039 2555/932/2258
f 2555/932/2258 1148/923/1039 194/925/194 1130/934/1021
f 1150/933/1041 2555/932/2258 1130/934/1021 195/935/195
f 173/842/173 1500/936/1391 2556/937/2259 1151/938/1042
f 1/939/1 1502/940/1393 2556/937/2259 1500/936/1391
f 188/941/188 1151/942/1042 2556/937/2259 1502/940/1393
f 7/943/7 1501/944/1392 2557/945/2260 1503/946/1394
f 187/832/187 1149/927/1040 2557/945/2260 1501/944/1392
f 202/931/202 1503/946/1394 2557/945/2260 1149/947/1040
f 181/852/181 1102/851/993 2558/948/2261 1152/949/1043
f 1102/851/993 180/836/180 1150/933/1041 2558/948/2261
f 2558/948/2261 1150/933/1041 195/935/195 1131/950/1022
f 1152/949/1043 2558/948/2261 1131/950/1022 196/951/196
f 174/856/174 1095/855/986 2559/952/2262 1139/953/1030
f 1095/855/986 173/842/173 1151/938/1042 2559/952/2262
f 2559/952/2262 1151/938/1042 188/941/188 1124/954/1015
f 1139/953/1030 2559/952/2262 1124/954/1015 189/889/189
f 182/860/182 1103/859/994 2560/955/2263 1141/894/1032
f 1103/859/994 181/852/181 1152/949/1043 2560/955/2263
f 2560/955/2263 1152/949/1043 196/951/196 1132/956/1023
f 1141/894/1032 2560/955/2263 1132/956/1023 197/895/197
f 194/925/194 1129/924/1020 2561/957/2264 1167/958/1058
f 1129/924/1020 193/917/193 1168/959/1059 2561/957/2264
f 2561/957/2264 1168/959/1059 208/960/208 1158/961/1049
f 1167/958/1058 2561/957/2264 1158/961/1049 209/962/209
f 202/931/202 1137/930/1028 2562/963/2265 1169/964/1060
f 1137/930/1028 201/929/201 1170/965/1061 2562/963/2265
f 2562/963/2265 1170/965/1061 216/966/216 1166/967/1057
f 1169/964/1060 2562/963/2265 1166/967/1057 217/968/217
f 195/935/195 1130/934/1021 2563/969/2266 1171/970/1062
f 1130/934/1021 194/925/194 1167/958/1058 2563/969/2266
f 2563/969/2266 1167/958/1058 209/962/209 1159/971/1050
f 1171/970/1062 2563/969/2266 1159/971/1050 210/972/210
f 188/941/188 1502/973/1393 2564/974/2267 1172/975/1063
f 1/976/1 1504/977/1395 2564/974/2267 1502/978/1393
f 203/979/203 1172/980/1063 2564/974/2267 1504/977/1395
f 7/981/7 1503/982/1394 2565/983/2268 1505/984/1396
f 202/931/202 1169/964/1060 2565/983/2268 1503/985/1394
f 217/968/217 1505/984/1396 2565/983/2268 1169/986/1060
f 196/951/196 1131/950/1022 2566/987/2269 1173/988/1064
f 1131/950/1022 195/935/195 1171/970/1062 2566/987/2269
f 2566/987/2269 1171/970/1062 210/972/210 1160/989/1051
f 1173/988/1064 2566/987/2269 1160/989/1051 211/990/211
f 189/889/189 1124/954/1015 2567/991/2270 1174/992/1065
f 1124/954/1015 188/941/188 1172/975/1063 2567/991/2270
f 2567/991/2270 1172/975/1063 203/979/203 1153/993/1044
f 1174/992/1065 2567/991/2270 1153/993/1044 204/994/204
f 197/895/197 1132/956/1023 2568/995/2271 1175/996/1066
f 1132/956/1023 196/951/196 1173/988/1064 2568/995/2271
f 2568/995/2271 1173/988/1064 211/990/211 1161/997/1052
f 1175/996/1066 2568/995/2271 1161/997/1052 212/998/212
f 190/891/190 1125/890/1016 2569/999/2272 1176/1000/1067
f 1125/890/1016 189/889/189 1174/1001/1065 2569/999/2272
f 2569/999/2272 1174/1001/1065 204/994/204 1154/1002/1045
f 1176/1000/1067 2569/999/2272 1154/1002/1045 205/1003/205
f 198/897/198 1133/896/1024 2570/1004/2273 1177/1005/1068
f 1133/896/1024 197/895/197 1175/996/1066 2570/1004/2273
f 2570/1004/2273 1175/996/1066 212/998/212 1162/1006/1053
f 1177/1005/1068 2570/1004/2273 1162/1006/1053 213/1007/213
f 191/901/191 1126/900/1017 2571/1008/2274 1178/1009/1069
f 1126/900/1017 190/891/190 1176/1000/1067 2571/1008/2274
f 2571/1008/2274 1176/1000/1067 205/1003/205 1155/1010/1046
f 1178/1009/1069 2571/1008/2274 1155/1010/1046 206/1011/206
f 199/905/199 1134/904/1025 2572/1012/2275 1179/1013/1070
f 1134/904/1025 198/897/198 1177/1005/1068 2572/1012/2275
f 2572/1012/2275 1177/1005/1068 213/1007/213 1163/1014/1054
f 1179/1013/1070 2572/1012/2275 1163/1014/1054 214/1015/214
f 192/909/192 1127/908/1018 2573/1016/2276 1180/1017/1071
f 1127/908/1018 191/901/191 1178/1009/1069 2573/1016/2276
f 2573/1016/2276 1178/1009/1069 206/1011/206 1156/1018/1047
f 1180/1017/1071 2573/1016/2276 1156/1018/1047 207/1019/207
f 200/913/200 1135/912/1026 2574/1020/2277 1181/1021/1072
f 1135/912/1026 199/905/199 1179/1013/1070 2574/1020/2277
f 2574/1020/2277 1179/1013/1070 214/1015/214 1164/1022/1055
f 1181/1021/1072 2574/1020/2277 1164/1022/1055 215/1023/215
f 193/917/193 1128/916/1019 2575/1024/2278 1168/959/1059
f 1128/916/1019 192/909/192 1180/1017/1071 2575/1024/2278
f 2575/1024/2278 1180/1017/1071 207/1019/207 1157/1025/1048
f 1168/959/1059 2575/1024/2278 1157/1025/1048 208/960/208
f 201/921/201 1136/920/1027 2576/1026/2279 1170/1027/1061
f 1136/920/1027 200/913/200 1181/1021/1072 2576/1026/2279
f 2576/1026/2279 1181/1021/1072 215/1023/215 1165/1028/1056
f 1170/1027/1061 2576/1026/2279 1165/1028/1056 216/1029/216
f 213/1007/213 1162/1006/1053 2577/1030/2280 1196/1031/1087
f 1162/1006/1053 212/998/212 1197/1032/1088 2577/1030/2280
f 2577/1030/2280 1197/1032/1088 227/1033/227 1191/1034/1082
f 1196/1031/1087 2577/1030/2280 1191/1034/1082 228/1035/228
f 206/1011/206 1155/1010/1046 2578/1036/2281 1198/1037/1089
f 1155/1010/1046 205/1003/205 1199/1038/1090 2578/1036/2281
f 2578/1036/2281 1199/1038/1090 220/1039/220 1184/1040/1075
f 1198/1037/1089 2578/1036/2281 1184/1040/1075 221/1041/221
f 214/1015/214 1163/1014/1054 2579/1042/2282 1200/1043/1091
f 1163/1014/1054 213/1007/213 1196/1031/1087 2579/1042/2282
f 2579/1042/2282 1196/1031/1087 228/1035/228 1192/1044/1083
f 1200/1043/1091 2579/1042/2282 1192/1044/1083 229/1045/229
f 207/1019/207 1156/1018/1047 2580/1046/2283 1201/1047/1092
f 1156/1018/1047 206/1011/206 1198/1037/1089 2580/1046/2283
f 2580/1046/2283 1198/1037/1089 221/1041/221 1185/1048/1076
f 1201/1047/1092 2580/1046/2283 1185/1048/1076 222/1049/222
f 215/1023/215 1164/1022/1055 2581/1050/2284 1202/1051/1093
f 1164/1022/1055 214/1015/214 1200/1043/1091 2581/1050/2284
f 2581/1050/2284 1200/1043/1091 229/1045/229 1193/1052/1084
f 1202/1051/1093 2581/1050/2284 1193/1052/1084 230/1053/230
f 208/960/208 1157/1025/1048 2582/1054/2285 1203/1055/1094
f 1157/1025/1048 207/1019/207 1201/1047/1092 2582/1054/2285
f 2582/1054/2285 1201/1047/1092 222/1049/222 1186/1056/1077
f 1203/1055/1094 2582/1054/2285 1186/1056/1077 223/1057/223
f 216/1029/216 1165/1028/1056 2583/1058/2286 1204/1059/1095
f 1165/1028/1056 215/1023/215 1202/1051/1093 2583/1058/2286
f 2583/1058/2286 1202/1051/1093 230/1053/230 1194/1060/1085
f 1204/1059/1095 2583/1058/2286 1194/1060/1085 231/1061/231
f 209/962/209 1158/961/1049 2584/1062/2287 1205/1063/1096
f 1158/961/1049 208/960/208 1203/1055/1094 2584/1062/2287
f 2584/1062/2287 1203/1055/1094 223/1057/223 1187/1064/1078
f 1205/1063/1096 2584/1062/2287 1187/1064/1078 224/1065/224
f 217/968/217 1166/967/1057 2585/1066/2288 1206/1067/1097
f 1166/967/1057 216/966/216 1204/1068/1095 2585/1066/2288
f 2585/1066/2288 1204/1068/1095 231/1069/231 1195/1070/1086
f 1206/1067/1097 2585/1066/2288 1195/1070/1086 232/1071/232
f 210/972/210 1159/971/1050 2586/1072/2289 1207/1073/1098
f 1159/971/1050 209/962/209 1205/1063/1096 2586/1072/2289
f 2586/1072/2289 1205/1063/1096 224/1065/224 1188/1074/1079
f 1207/1073/1098 2586/1072/2289 1188/1074/1079 225/1075/225
f 203/979/203 1504/1076/1395 2587/1077/2290 1208/1078/1099
f 1/1079/1 1506/1080/1397 2587/1077/2290 1504/1076/1395
f 218/1081/218 1208/1082/1099 2587/1077/2290 1506/1080/1397
f 7/1083/7 1505/1084/1396 2588/1085/2291 1507/1086/1398
f 217/968/217 1206/1087/1097 2588/1085/2291 1505/1084/1396
f 232/1071/232 1507/1086/1398 2588/1085/2291 1206/1087/1097
f 211/990/211 1160/989/1051 2589/1088/2292 1209/1089/1100
f 1160/989/1051 210/972/210 1207/1073/1098 2589/1088/2292
f 2589/1088/2292 1207/1073/1098 225/1075/225 1189/1090/1080
f 1209/1089/1100 2589/1088/2292 1189/1090/1080 226/1091/226
f 204/994/204 1153/993/1044 2590/1092/2293 1210/1093/1101
f 1153/993/1044 203/979/203 1208/1078/1099 2590/1092/2293
f 2590/1092/2293 1208/1078/1099 218/1081/218 1182/1094/1073
f 1210/1093/1101 2590/1092/2293 1182/1094/1073 219/1095/219
f 212/998/212 1161/997/1052 2591/1096/2294 1197/1032/1088
f 1161/997/1052 211/990/211 1209/1089/1100 2591/1096/2294
f 2591/1096/2294 1209/1089/1100 226/1091/226 1190/1097/1081
f 1197/1032/1088 2591/1096/2294 1190/1097/1081 227/1033/227
f 205/1003/205 1154/1002/1045 2592/1098/2295 1199/1038/1090
f 1154/1002/1045 204/994/204 1210/1099/1101 2592/1098/2295
f 2592/1098/2295 1210/1099/1101 219/1100/219 1183/1101/1074
f 1199/1038/1090 2592/1098/2295 1183/1101/1074 220/1039/220
f 232/1071/232 1195/1070/1086 2593/1102/2296 1225/1103/1116
f 1195/1070/1086 231/1069/231 1226/1104/1117 2593/1102/2296
f 2593/1102/2296 1226/1104/1117 246/1105/246 1224/1106/1115
f 1225/1103/1116 2593/1102/2296 1224/1106/1115 247/1107/247
f 225/1075/225 1188/1074/1079 2594/1108/2297 1227/1109/1118
f 1188/1074/1079 224/1065/224 1228/1110/1119 2594/1108/2297
f 2594/1108/2297 1228/1110/1119 239/1111/239 1217/1112/1108
f 1227/1109/1118 2594/1108/2297 1217/1112/1108 240/1113/240
f 218/1081/218 1506/1114/1397 2595/1115/2298 1229/1116/1120
f 1/1117/1 1508/1118/1399 2595/1115/2298 1506/1114/1397
f 233/1119/233 1229/1120/1120 2595/1115/2298 1508/1118/1399
f 7/1121/7 1507/1122/1398 2596/1123/2299 1509/1124/1400
f 232/1071/232 1225/1103/1116 2596/1123/2299 1507/1122/1398
f 247/1107/247 1509/1124/1400 2596/1123/2299 1225/1125/1116
f 226/1091/226 1189/1090/1080 2597/1126/2300 1230/1127/1121
f 1189/1090/1080 225/1075/225 1227/1109/1118 2597/1126/2300
f 2597/1126/2300 1227/1109/1118 240/1113/240 1218/1128/1109
f 1230/1127/1121 2597/1126/2300 1218/1128/1109 241/1129/241
f 219/1095/219 1182/1094/1073 2598/1130/2301 1231/1131/1122
f 1182/1094/1073 218/1081/218 1229/1116/1120 2598/1130/2301
f 2598/1130/2301 1229/1116/1120 233/1119/233 1211/1132/1102
f 1231/1131/1122 2598/1130/2301 1211/1132/1102 234/1133/234
f 227/1033/227 1190/1097/1081 2599/1134/2302 1232/1135/1123
f 1190/1097/1081 226/1091/226 1230/1127/1121 2599/1134/2302
f 2599/1134/2302 1230/1127/1121 241/1129/241 1219/1136/1110
f 1232/1135/1123 2599/1134/2302 1219/1136/1110 242/1137/242
f 220/1039/220 1183/1101/1074 2600/1138/2303 1233/1139/1124
f 1183/1101/1074 219/1100/219 1231/1140/1122 2600/1138/2303
f 2600/1138/2303 1231/1140/1122 234/1141/234 1212/1142/1103
f 1233/1139/1124 2600/1138/2303 1212/1142/1103 235/1143/235
f 228/1035/228 1191/1034/1082 2601/1144/2304 1234/1145/1125
f 1191/1034/1082 227/1033/227 1232/1135/1123 2601/1144/2304
f 2601/1144/2304 1232/1135/1123 242/1137/242 1220/1146/1111
f 1234/1145/1125 2601/1144/2304 1220/1146/1111 243/1147/243
f 221/1041/221 1184/1040/1075 2602/1148/2305 1235/1149/1126
f 1184/1040/1075 220/1039/220 1233/1139/1124 2602/1148/2305
f 2602/1148/2305 1233/1139/1124 235/1143/235 1213/1150/1104
f 1235/1149/1126 2602/1148/2305 1213/1150/1104 236/1151/236
f 229/1045/229 1192/1044/1083 2603/1152/2306 1236/1153/1127
f 1192/1044/1083 228/1035/228 1234/1145/1125 2603/1152/2306
f 2603/1152/2306 1234/1145/1125 243/1147/243 1221/1154/1112
f 1236/1153/1127 2603/1152/2306 1221/1154/1112 244/1155/244
f 222/1049/222 1185/1048/1076 2604/1156/2307 1237/1157/1128
f 1185/1048/1076 221/1041/221 1235/1149/1126 2604/1156/2307
f 2604/1156/2307 1235/1149/1126 236/1151/236 1214/1158/1105
f 1237/1157/1128 2604/1156/2307 1214/1158/1105 237/1159/237
f 230/1053/230 1193/1052/1084 2605/1160/2308 1238/1161/1129
f 1193/1052/1084 229/1045/229 1236/1153/1127 2605/1160/2308
f 2605/1160/2308 1236/1153/1127 244/1155/244 1222/1162/1113
f 1238/1161/1129 2605/1160/2308 1222/1162/1113 245/1163/245
f 223/1057/223 1186/1056/1077 2606/1164/2309 1239/1165/1130
f 1186/1056/1077 222/1049/222 1237/1157/1128 2606/1164/2309
f 2606/1164/2309 1237/1157/1128 237/1159/237 1215/1166/1106
f 1239/1165/1130 2606/1164/2309 1215/1166/1106 238/1167/238
f 231/1061/231 1194/1060/1085 2607/1168/2310 1226/1104/1117
f 1194/1060/1085 230/1053/230 1238/1161/1129 2607/1168/2310
f 2607/1168/2310 1238/1161/1129 245/1163/245 1223/1169/1114
f 1226/1104/1117 2607/1168/2310 1223/1169/1114 246/1170/246
f 224/1065/224 1187/1064/1078 2608/1171/2311 1228/1110/1119
f 1187/1064/1078 223/1057/223 1239/1165/1130 2608/1171/2311
f 2608/1171/2311 1239/1165/1130 238/1167/238 1216/1172/1107
f 1228/1110/1119 2608/1171/2311 1216/1172/1107 239/1111/239
f 244/1155/244 1221/1154/1112 2609/1173/2312 1254/1174/1145
f 1221/1154/1112 243/1147/243 1255/1175/1146 2609/1173/2312
f 2609/1173/2312 1255/1175/1146 258/1176/258 1250/1177/1141
f 1254/1174/1145 2609/1173/2312 1250/1177/1141 259/1178/259
f 237/1159/237 1214/1158/1105 2610/1179/2313 1256/1180/1147
f 1214/1158/1105 236/1151/236 1257/1181/1148 2610/1179/2313
f 2610/1179/2313 1257/1181/1148 251/1182/251 1243/1183/1134
f 1256/1180/1147 2610/1179/2313 1243/1183/1134 252/1184/252
f 245/1163/245 1222/1162/1113 2611/1185/2314 1258/1186/1149
f 1222/1162/1113 244/1155/244 1254/1174/1145 2611/1185/2314
f 2611/1185/2314 1254/1174/1145 259/1178/259 1251/1187/1142
f 1258/1186/1149 2611/1185/2314 1251/1187/1142 260/1188/260
f 238/1167/238 1215/1166/1106 2612/1189/2315 1259/1190/1150
f 1215/1166/1106 237/1159/237 1256/1180/1147 2612/1189/2315
f 2612/1189/2315 1256/1180/1147 252/1184/252 1244/1191/1135
f 1259/1190/1150 2612/1189/2315 1244/1191/1135 253/1192/253
f 246/1170/246 1223/1169/1114 2613/1193/2316 1260/1194/1151
f 1223/1169/1114 245/1163/245 1258/1186/1149 2613/1193/2316
f 2613/1193/2316 1258/1186/1149 260/1188/260 1252/1195/1143
f 1260/1194/1151 2613/1193/2316 1252/1195/1143 261/1196/261
f 239/1111/239 1216/1172/1107 2614/1197/2317 1261/1198/1152
f 1216/1172/1107 238/1167/238 1259/1190/1150 2614/1197/2317
f 2614/1197/2317 1259/1190/1150 253/1192/253 1245/1199/1136
f 1261/1198/1152 2614/1197/2317 1245/1199/1136 254/1200/254
f 247/1107/247 1224/1106/1115 2615/1201/2318 1262/1202/1153
f 1224/1106/1115 246/1105/246 1260/1203/1151 2615/1201/2318
f 2615/1201/2318 1260/1203/1151 261/1204/261 1253/1205/1144
f 1262/1202/1153 2615/1201/2318 1253/1205/1144 262/1206/262
f 240/1113/240 1217/1112/1108 2616/1207/2319 1263/1208/1154
f 1217/1112/1108 239/1111/239 1261/1198/1152 2616/1207/2319
f 2616/1207/2319 1261/1198/1152 254/1200/254 1246/1209/1137
f 1263/1208/1154 2616/1207/2319 1246/1209/1137 255/1210/255
f 233/1119/233 1508/1211/1399 2617/1212/2320 1264/1213/1155
f 1/1214/1 1510/1215/1401 2617/1212/2320 1508/1211/1399
f 248/1216/248 1264/1217/1155 2617/1212/2320 1510/1215/1401
f 7/1218/7 1509/1219/1400 2618/1220/2321 1511/1221/1402
f 247/1107/247 1262/1222/1153 2618/1220/2321 1509/1219/1400
f 262/1206/262 1511/1221/1402 2618/1220/2321 1262/1202/1153
f 241/1129/241 1218/1128/1109 2619/1223/2322 1265/1224/1156
f 1218/1128/1109 240/1113/240 1263/1208/1154 2619/1223/2322
f 2619/1223/2322 1263/1208/1154 255/1210/255 1247/1225/1138
f 1265/1224/1156 2619/1223/2322 1247/1225/1138 256/1226/256
f 234/1133/234 1211/1132/1102 2620/1227/2323 1266/1228/1157
f 1211/1132/1102 233/1119/233 1264/1213/1155 2620/1227/2323
f 2620/1227/2323 1264/1213/1155 248/1216/248 1240/1229/1131
f 1266/1228/1157 2620/1227/2323 1240/1229/1131 249/1230/249
f 242/1137/242 1219/1136/1110 2621/1231/2324 1267/1232/1158
f 1219/1136/1110 241/1129/241 1265/1224/1156 2621/1231/2324
f 2621/1231/2324 1265/1224/1156 256/1226/256 1248/1233/1139
f 1267/1232/1158 2621/1231/2324 1248/1233/1139 257/1234/257
f 235/1143/235 1212/1142/1103 2622/1235/2325 1268/1236/1159
f 1212/1142/1103 234/1141/234 1266/1237/1157 2622/1235/2325
f 2622/1235/2325 1266/1237/1157 249/1230/249 1241/1238/1132
f 1268/1236/1159 2622/1235/2325 1241/1238/1132 250/1239/250
f 243/1147/243 1220/1146/1111 2623/1240/2326 1255/1175/1146
f 1220/1146/1111 242/1137/242 1267/1232/1158 2623/1240/2326
f 2623/1240/2326 1267/1232/1158 257/1234/257 1249/1241/1140
f 1255/1175/1146 2623/1240/2326 1249/1241/1140 258/1176/258
f 236/1151/236 1213/1150/1104 2624/1242/2327 1257/1181/1148
f 1213/1150/1104 235/1143/235 1268/1236/1159 2624/1242/2327
f 2624/1242/2327 1268/1236/1159 250/1239/250 1242/1243/1133
f 1257/1181/1148 2624/1242/2327 1242/1243/1133 251/1182/251
f 248/1216/248 1510/1244/1401 2625/1245/2328 1283/1246/1174
f 1/1247/1 1512/1248/1403 2625/1245/2328 1510/1244/1401
f 263/1249/263 1283/1250/1174 2625/1245/2328 1512/1248/1403
f 7/1251/7 1511/1252/1402 2626/1253/2329 1513/1254/1404
f 262/1206/262 1284/1255/1175 2626/1253/2329 1511/1252/1402
f 277/1256/277 1513/1254/1404 2626/1253/2329 1284/1257/1175
f 256/1258/256 1247/1225/1138 2627/1259/2330 1285/1260/1176
f 1247/1225/1138 255/1210/255 1286/1261/1177 2627/1259/2330
f 2627/1259/2330 1286/1261/1177 270/1262/270 1276/1263/1167
f 1285/1260/1176 2627/1259/2330 1276/1263/1167 271/1264/271
f 249/1230/249 1240/1229/1131 2628/1265/2331 1287/1266/1178
f 1240/1229/1131 248/1216/248 1283/1246/1174 2628/1265/2331
f 2628/1265/2331 1283/1246/1174 263/1249/263 1269/1267/1160
f 1287/1266/1178 2628/1265/2331 1269/1267/1160 264/1268/264
f 257/1234/257 1248/1269/1139 2629/1270/2332 1288/1271/1179
f 1248/1269/1139 256/1258/256 1285/1260/1176 2629/1270/2332
f 2629/1270/2332 1285/1260/1176 271/1264/271 1277/1272/1168
f 1288/1271/1179 2629/1270/2332 1277/1272/1168 272/1273/272
f 250/1274/250 1241/1275/1132 2630/1276/2333 1289/1277/1180
f 1241/1275/1132 249/1230/249 1287/1266/1178 2630/1276/2333
f 2630/1276/2333 1287/1266/1178 264/1268/264 1270/1278/1161
f 1289/1277/1180 2630/1276/2333 1270/1278/1161 265/1279/265
f 258/1280/258 1249/1281/1140 2631/1282/2334 1290/1283/1181
f 1249/1281/1140 257/1234/257 1288/1271/1179 2631/1282/2334
f 2631/1282/2334 1288/1271/1179 272/1273/272 1278/1284/1169
f 1290/1283/1181 2631/1282/2334 1278/1284/1169 273/1285/273
f 251/1286/251 1242/1287/1133 2632/1288/2335 1291/1289/1182
f 1242/1287/1133 250/1274/250 1289/1277/1180 2632/1288/2335
f 2632/1288/2335 1289/1277/1180 265/1279/265 1271/1290/1162
f 1291/1289/1182 2632/1288/2335 1271/1290/1162 266/1291/266
f 259/1292/259 1250/1177/1141 2633/1293/2336 1292/1294/1183
f 1250/1177/1141 258/1280/258 1290/1283/1181 2633/1293/2336
f 2633/1293/2336 1290/1283/1181 273/1285/273 1279/1295/1170
f 1292/1294/1183 2633/1293/2336 1279/1295/1170 274/1296/274
f 252/1297/252 1243/1298/1134 2634/1299/2337 1293/1300/1184
f 1243/1298/1134 251/1286/251 1291/1289/1182 2634/1299/2337
f 2634/1299/2337 1291/1289/1182 266/1291/266 1272/1301/1163
f 1293/1300/1184 2634/1299/2337 1272/1301/1163 267/1302/267
f 260/1303/260 1251/1187/1142 2635/1304/2338 1294/1305/1185
f 1251/1187/1142 259/1292/259 1292/1294/1183 2635/1304/2338
f 2635/1304/2338 1292/1294/1183 274/1296/274 1280/1306/1171
f 1294/1305/1185 2635/1304/2338 1280/1306/1171 275/1307/275
f 253/1308/253 1244/1309/1135 2636/1310/2339 1295/1311/1186
f 1244/1309/1135 252/1297/252 1293/1300/1184 2636/1310/2339
f 2636/1310/2339 1293/1300/1184 267/1302/267 1273/1312/1164
f 1295/1311/1186 2636/1310/2339 1273/1312/1164 268/1313/268
f 261/1204/261 1252/1195/1143 2637/1314/2340 1296/1315/1187
f 1252/1195/1143 260/1303/260 1294/1305/1185 2637/1314/2340
f 2637/1314/2340 1294/1305/1185 275/1307/275 1281/1316/1172
f 1296/1315/1187 2637/1314/2340 1281/1316/1172 276/1317/276
f 254/1318/254 1245/1319/1136 2638/1320/2341 1297/1321/1188
f 1245/1319/1136 253/1308/253 1295/1311/1186 2638/1320/2341
f 2638/1320/2341 1295/1311/1186 268/1313/268 1274/1322/1165
f 1297/1321/1188 2638/1320/2341 1274/1322/1165 269/1323/269
f 262/1206/262 1253/1205/1144 2639/1324/2342 1284/1257/1175
f 1253/1205/1144 261/1204/261 1296/1315/1187 2639/1324/2342
f 2639/1324/2342 1296/1315/1187 276/1317/276 1282/1325/1173
f 1284/1257/1175 2639/1324/2342 1282/1325/1173 277/1256/277
f 255/1210/255 1246/1326/1137 2640/1327/2343 1286/1261/1177
f 1246/1326/1137 254/1318/254 1297/1321/1188 2640/1327/2343
f 2640/1327/2343 1297/1321/1188 269/1323/269 1275/1328/1166
f 1286/1261/1177 2640/1327/2343 1275/1328/1166 270/1262/270
f 267/1329/267 1272/1330/1163 2641/1331/2344 1312/1332/1203
f 1272/1330/1163 266/1333/266 1313/1334/1204 2641/1331/2344
f 2641/1331/2344 1313/1334/1204 281/1335/281 1301/1336/1192
f 1312/1332/1203 2641/1331/2344 1301/1336/1192 282/1337/282
f 275/1338/275 1280/1339/1171 2642/1340/2345 1314/1341/1205
f 1280/1339/1171 274/1342/274 1315/1343/1206 2642/1340/2345
f 2642/1340/2345 1315/1343/1206 289/1344/289 1309/1345/1200
f 1314/1341/1205 2642/1340/2345 1309/1345/1200 290/1346/290
f 268/1347/268 1273/1348/1164 2643/1349/2346 1316/1350/1207
f 1273/1348/1164 267/1329/267 1312/1332/1203 2643/1349/2346
f 2643/1349/2346 1312/1332/1203 282/1337/282 1302/1351/1193
f 1316/1350/1207 2643/1349/2346 1302/1351/1193 283/1352/283
f 276/1353/276 1281/1354/1172 2644/1355/2347 1317/1356/1208
f 1281/1354/1172 275/1338/275 1314/1341/1205 2644/1355/2347
f 2644/1355/2347 1314/1341/1205 290/1346/290 1310/1357/1201
f 1317/1356/1208 2644/1355/2347 1310/1357/1201 291/1358/291
f 269/1359/269 1274/1360/1165 2645/1361/2348 1318/1362/1209
f 1274/1360/1165 268/1347/268 1316/1350/1207 2645/1361/2348
f 2645/1361/2348 1316/1350/1207 283/1352/283 1303/1363/1194
f 1318/1362/1209 2645/1361/2348 1303/1363/1194 284/1364/284
f 277/1365/277 1282/1366/1173 2646/1367/2349 1319/1368/1210
f 1282/1366/1173 276/1353/276 1317/1356/1208 2646/1367/2349
f 2646/1367/2349 1317/1356/1208 291/1358/291 1311/1369/1202
f 1319/1368/1210 2646/1367/2349 1311/1369/1202 292/1370/292
f 270/1371/270 1275/1372/1166 2647/1373/2350 1320/1374/1211
f 1275/1372/1166 269/1359/269 1318/1362/1209 2647/1373/2350
f 2647/1373/2350 1318/1362/1209 284/1364/284 1304/1375/1195
f 1320/1374/1211 2647/1373/2350 1304/1375/1195 285/1376/285
f 263/1377/263 1512/1378/1403 2648/1379/2351 1321/1380/1212
f 1/1381/1 1514/1382/1405 2648/1379/2351 1512/1378/1403
f 278/1383/278 1321/1384/1212 2648/1379/2351 1514/1382/1405
f 7/1385/7 1513/1386/1404 2649/1387/2352 1515/1388/1406
f 277/1365/277 1319/1389/1210 2649/1387/2352 1513/1386/1404
f 292/1370/292 1515/1388/1406 2649/1387/2352 1319/1390/1210
f 271/1391/271 1276/1392/1167 2650/1393/2353 1322/1394/1213
f 1276/1392/1167 270/1371/270 1320/1374/1211 2650/1393/2353
f 2650/1393/2353 1320/1374/1211 285/1376/285 1305/1395/1196
f 1322/1394/1213 2650/1393/2353 1305/1395/1196 286/1396/286
f 264/1397/264 1269/1398/1160 2651/1399/2354 1323/1400/1214
f 1269/1398/1160 263/1377/263 1321/1380/1212 2651/1399/2354
f 2651/1399/2354 1321/1380/1212 278/1383/278 1298/1401/1189
f 1323/1400/1214 2651/1399/2354 1298/1401/1189 279/1402/279
f 272/1403/272 1277/1404/1168 2652/1405/2355 1324/1406/1215
f 1277/1404/1168 271/1391/271 1322/1394/1213 2652/1405/2355
f 2652/1405/2355 1322/1394/1213 286/1396/286 1306/1407/1197
f 1324/1406/1215 2652/1405/2355 1306/1407/1197 287/1408/287
f 265/1409/265 1270/1410/1161 2653/1411/2356 1325/1412/1216
f 1270/1410/1161 264/1397/264 1323/1400/1214 2653/1411/2356
f 2653/1411/2356 1323/1400/1214 279/1402/279 1299/1413/1190
f 1325/1412/1216 2653/1411/2356 1299/1413/1190 280/1414/280
f 273/1415/273 1278/1416/1169 2654/1417/2357 1326/1418/1217
f 1278/1416/1169 272/1403/272 1324/1406/1215 2654/1417/2357
f 2654/1417/2357 1324/1406/1215 287/1408/287 1307/1419/1198
f 1326/1418/1217 2654/1417/2357 1307/1419/1198 288/1420/288
f 266/1333/266 1271/1421/1162 2655/1422/2358 1313/1334/1204
f 1271/1421/1162 265/1409/265 1325/1412/1216 2655/1422/2358
f 2655/1422/2358 1325/1412/1216 280/1414/280 1300/1423/1191
f 1313/1334/1204 2655/1422/2358 1300/1423/1191 281/1335/281
f 274/1342/274 1279/1424/1170 2656/1425/2359 1315/1343/1206
f 1279/1424/1170 273/1415/273 1326/1418/1217 2656/1425/2359
f 2656/1425/2359 1326/1418/1217 288/1420/288 1308/1426/1199
f 1315/1343/1206 2656/1425/2359 1308/1426/1199 289/1344/289
f 286/1427/286 1305/1428/1196 2657/1429/2360 1341/1430/1232
f 1305/1428/1196 285/1431/285 1342/1432/1233 2657/1429/2360
f 2657/1429/2360 1342/1432/1233 300/1433/300 1334/1434/1225
f 1341/1430/1232 2657/1429/2360 1334/1434/1225 301/1435/301
f 279/1402/279 1298/1401/1189 2658/1436/2361 1343/1437/1234
f 1298/1401/1189 278/1383/278 1344/1438/1235 2658/1436/2361
f 2658/1436/2361 1344/1438/1235 293/1439/293 1327/1440/1218
f 1343/1437/1234 2658/1436/2361 1327/1440/1218 294/1441/294
f 287/1442/287 1306/1443/1197 2659/1444/2362 1345/1445/1236
f 1306/1443/1197 286/1427/286 1341/1430/1232 2659/1444/2362
f 2659/1444/2362 1341/1430/1232 301/1435/301 1335/1446/1226
f 1345/1445/1236 2659/1444/2362 1335/1446/1226 302/1447/302
f 280/1448/280 1299/1449/1190 2660/1450/2363 1346/1451/1237
f 1299/1449/1190 279/1452/279 1343/1453/1234 2660/1450/2363
f 2660/1450/2363 1343/1453/1234 294/1454/294 1328/1455/1219
f 1346/1451/1237 2660/1450/2363 1328/1455/1219 295/1456/295
f 288/1457/288 1307/1458/1198 2661/1459/2364 1347/1460/1238
f 1307/1458/1198 287/1442/287 1345/1445/1236 2661/1459/2364
f 2661/1459/2364 1345/1445/1236 302/1447/302 1336/1461/1227
f 1347/1460/1238 2661/1459/2364 1336/1461/1227 303/1462/303
f 281/1463/281 1300/1464/1191 2662/1465/2365 1348/1466/1239
f 1300/1464/1191 280/1448/280 1346/1451/1237 2662/1465/2365
f 2662/1465/2365 1346/1451/1237 295/1456/295 1329/1467/1220
f 1348/1466/1239 2662/1465/2365 1329/1467/1220 296/1468/296
f 289/1469/289 1308/1426/1199 2663/1470/2366 1349/1471/1240
f 1308/1426/1199 288/1457/288 1347/1460/1238 2663/1470/2366
f 2663/1470/2366 1347/1460/1238 303/1462/303 1337/1472/1228
f 1349/1471/1240 2663/1470/2366 1337/1472/1228 304/1473/304
f 282/1474/282 1301/1475/1192 2664/1476/2367 1350/1477/1241
f 1301/1475/1192 281/1463/281 1348/1466/1239 2664/1476/2367
f 2664/1476/2367 1348/1466/1239 296/1468/296 1330/1478/1221
f 1350/1477/1241 2664/1476/2367 1330/1478/1221 297/1479/297
f 290/1480/290 1309/1481/1200 2665/1482/2368 1351/1483/1242
f 1309/1481/1200 289/1469/289 1349/1471/1240 2665/1482/2368
f 2665/1482/2368 1349/1471/1240 304/1473/304 1338/1484/1229
f 1351/1483/1242 2665/1482/2368 1338/1484/1229 305/1485/305
f 283/1486/283 1302/1487/1193 2666/1488/2369 1352/1489/1243
f 1302/1487/1193 282/1474/282 1350/1477/1241 2666/1488/2369
f 2666/1488/2369 1350/1477/1241 297/1479/297 1331/1490/1222
f 1352/1489/1243 2666/1488/2369 1331/1490/1222 298/1491/298
f 291/1492/291 1310/1493/1201 2667/1494/2370 1353/1495/1244
f 1310/1493/1201 290/1480/290 1351/1483/1242 2667/1494/2370
f 2667/1494/2370 1351/1483/1242 305/1485/305 1339/1496/1230
f 1353/1495/1244 2667/1494/2370 1339/1496/1230 306/1497/306
f 284/1498/284 1303/1499/1194 2668/1500/2371 1354/1501/1245
f 1303/1499/1194 283/1486/283 1352/1489/1243 2668/1500/2371
f 2668/1500/2371 1352/1489/1243 298/1491/298 1332/1502/1223
f 1354/1501/1245 2668/1500/2371 1332/1502/1223 299/1503/299
f 292/1370/292 1311/1369/1202 2669/1504/2372 1355/1505/1246
f 1311/1369/1202 291/1358/291 1353/1506/1244 2669/1504/2372
f 2669/1504/2372 1353/1506/1244 306/1507/306 1340/1508/1231
f 1355/1505/1246 2669/1504/2372 1340/1508/1231 307/1509/307
f 285/1431/285 1304/1510/1195 2670/1511/2373 1342/1432/1233
f 1304/1510/1195 284/1498/284 1354/1501/1245 2670/1511/2373
f 2670/1511/2373 1354/1501/1245 299/1503/299 1333/1512/1224
f 1342/1432/1233 2670/1511/2373 1333/1512/1224 300/1433/300
f 278/1383/278 1514/1513/1405 2671/1514/2374 1344/1438/1235
f 1/1515/1 1516/1516/1407 2671/1514/2374 1514/1513/1405
f 293/1439/293 1344/1517/1235 2671/1514/2374 1516/1516/1407
f 7/1518/7 1515/1519/1406 2672/1520/2375 1517/1521/1408
f 292/1370/292 1355/1522/1246 2672/1520/2375 1515/1519/1406
f 307/1509/307 1517/1521/1408 2672/1520/2375 1355/1522/1246
f 305/1485/305 1338/1484/1229 2673/1523/2376 1370/1524/1261
f 1338/1484/1229 304/1473/304 1371/1525/1262 2673/1523/2376
f 2673/1523/2376 1371/1525/1262 319/1526/319 1367/1527/1258
f 1370/1524/1261 2673/1523/2376 1367/1527/1258 320/1528/320
f 298/1491/298 1331/1490/1222 2674/1529/2377 1372/1530/1263
f 1331/1490/1222 297/1479/297 1373/1531/1264 2674/1529/2377
f 2674/1529/2377 1373/1531/1264 312/1532/312 1360/1533/1251
f 1372/1530/1263 2674/1529/2377 1360/1533/1251 313/1534/313
f 306/1497/306 1339/1496/1230 2675/1535/2378 1374/1536/1265
f 1339/1496/1230 305/1485/305 1370/1524/1261 2675/1535/2378
f 2675/1535/2378 1370/1524/1261 320/1528/320 1368/1537/1259
f 1374/1536/1265 2675/1535/2378 1368/1537/1259 321/1538/321
f 299/1503/299 1332/1502/1223 2676/1539/2379 1375/1540/1266
f 1332/1502/1223 298/1491/298 1372/1530/1263 2676/1539/2379
f 2676/1539/2379 1372/1530/1263 313/1534/313 1361/1541/1252
f 1375/1540/1266 2676/1539/2379 1361/1541/1252 314/1542/314
f 307/1509/307 1340/1508/1231 2677/1543/2380 1376/1544/1267
f 1340/1508/1231 306/1507/306 1374/1545/1265 2677/1543/2380
f 2677/1543/2380 1374/1545/1265 321/1546/321 1369/1547/1260
f 1376/1544/1267 2677/1543/2380 1369/1547/1260 322/1548/322
f 300/1433/300 1333/1512/1224 2678/1549/2381 1377/1550/1268
f 1333/1512/1224 299/1503/299 1375/1540/1266 2678/1549/2381
f 2678/1549/2381 1375/1540/1266 314/1542/314 1362/1551/1253
f 1377/1550/1268 2678/1549/2381 1362/1551/1253 315/1552/315
f 293/1439/293 1516/1553/1407 2679/1554/2382 1378/1555/1269
f 1/1556/1 1518/1557/1409 2679/1554/2382 1516/1558/1407
f 308/1559/308 1378/1560/1269 2679/1554/2382 1518/1557/1409
f 7/1561/7 1517/1562/1408 2680/1563/2383 1519/1564/1410
f 307/1509/307 1376/1544/1267 2680/1563/2383 1517/1565/1408
f 322/1548/322 1519/1564/1410 2680/1563/2383 1376/1544/1267
f 301/1435/301 1334/1434/1225 2681/1566/2384 1379/1567/1270
f 1334/1434/1225 300/1433/300 1377/1550/1268 2681/1566/2384
f 2681/1566/2384 1377/1550/1268 315/1552/315 1363/1568/1254
f 1379/1567/1270 2681/1566/2384 1363/1568/1254 316/1569/316
f 294/1441/294 1327/1440/1218 2682/1570/2385 1380/1571/1271
f 1327/1440/1218 293/1439/293 1378/1555/1269 2682/1570/2385
f 2682/1570/2385 1378/1555/1269 308/1559/308 1356/1572/1247
f 1380/1571/1271 2682/1570/2385 1356/1572/1247 309/1573/309
f 302/1447/302 1335/1446/1226 2683/1574/2386 1381/1575/1272
f 1335/1446/1226 301/1435/301 1379/1567/1270 2683/1574/2386
f 2683/1574/2386 1379/1567/1270 316/1569/316 1364/1576/1255
f 1381/1575/1272 2683/1574/2386 1364/1576/1255 317/1577/317
f 295/1456/295 1328/1455/1219 2684/1578/2387 1382/1579/1273
f 1328/1455/1219 294/1454/294 1380/1580/1271 2684/1578/2387
f 2684/1578/2387 1380/1580/1271 309/1581/309 1357/1582/1248
f 1382/1579/1273 2684/1578/2387 1357/1582/1248 310/1583/310
f 303/1462/303 1336/1461/1227 2685/1584/2388 1383/1585/1274
f 1336/1461/1227 302/1447/302 1381/1575/1272 2685/1584/2388
f 2685/1584/2388 1381/1575/1272 317/1577/317 1365/1586/1256
f 1383/1585/1274 2685/1584/2388 1365/1586/1256 318/1587/318
f 296/1468/296 1329/1467/1220 2686/1588/2389 1384/1589/1275
f 1329/1467/1220 295/1456/295 1382/1579/1273 2686/1588/2389
f 2686/1588/2389 1382/1579/1273 310/1583/310 1358/1590/1249
f 1384/1589/1275 2686/1588/2389 1358/1590/1249 311/1591/311
f 304/1473/304 1337/1472/1228 2687/1592/2390 1371/1525/1262
f 1337/1472/1228 303/1462/303 1383/1585/1274 2687/1592/2390
f 2687/1592/2390 1383/1585/1274 318/1587/318 1366/1593/1257
f 1371/1525/1262 2687/1592/2390 1366/1593/1257 319/1526/319
f 297/1479/297 1330/1478/1221 2688/1594/2391 1373/1531/1264
f 1330/1478/1221 296/1468/296 1384/1589/1275 2688/1594/2391
f 2688/1594/2391 1384/1589/1275 311/1591/311 1359/1595/1250
f 1373/1531/1264 2688/1594/2391 1359/1595/1250 312/1532/312
f 309/1573/309 1356/1572/1247 2689/1596/2392 1399/1597/1290
f 1356/1572/1247 308/1559/308 1400/1598/1291 2689/1596/2392
f 2689/1596/2392 1400/1598/1291 323/1599/323 1385/1600/1276
f 1399/1597/1290 2689/1596/2392 1385/1600/1276 324/1601/324
f 317/1577/317 1364/1576/1255 2690/1602/2393 1401/1603/1292
f 1364/1576/1255 316/1569/316 1402/1604/1293 2690/1602/2393
f 2690/1602/2393 1402/1604/1293 331/1605/331 1393/1606/1284
f 1401/1603/1292 2690/1602/2393 1393/1606/1284 332/1607/332
f 310/1583/310 1357/1582/1248 2691/1608/2394 1403/1609/1294
f 1357/1582/1248 309/1581/309 1399/1610/1290 2691/1608/2394
f 2691/1608/2394 1399/1610/1290 324/1601/324 1386/1611/1277
f 1403/1609/1294 2691/1608/2394 1386/1611/1277 325/1612/325
f 318/1587/318 1365/1586/1256 2692/1613/2395 1404/1614/1295
f 1365/1586/1256 317/1577/317 1401/1603/1292 2692/1613/2395
f 2692/1613/2395 1401/1603/1292 332/1607/332 1394/1615/1285
f 1404/1614/1295 2692/1613/2395 1394/1615/1285 333/1616/333
f 311/1591/311 1358/1590/1249 2693/1617/2396 1405/1618/1296
f 1358/1590/1249 310/1583/310 1403/1609/1294 2693/1617/2396
f 2693/1617/2396 1403/1609/1294 325/1612/325 1387/1619/1278
f 1405/1618/1296 2693/1617/2396 1387/1619/1278 326/1620/326
f 319/1526/319 1366/1593/1257 2694/1621/2397 1406/1622/1297
f 1366/1593/1257 318/1587/318 1404/1614/1295 2694/1621/2397
f 2694/1621/2397 1404/1614/1295 333/1616/333 1395/1623/1286
f 1406/1622/1297 2694/1621/2397 1395/1623/1286 334/1624/334
f 312/1532/312 1359/1595/1250 2695/1625/2398 1407/1626/1298
f 1359/1595/1250 311/1591/311 1405/1618/1296 2695/1625/2398
f 2695/1625/2398 1405/1618/1296 326/1620/326 1388/1627/1279
f 1407/1626/1298 2695/1625/2398 1388/1627/1279 327/1628/327
f 320/1528/320 1367/1527/1258 2696/1629/2399 1408/1630/1299
f 1367/1527/1258 319/1526/319 1406/1622/1297 2696/1629/2399
f 2696/1629/2399 1406/1622/1297 334/1624/334 1396/1631/1287
f 1408/1630/1299 2696/1629/2399 1396/1631/1287 335/1632/335
f 313/1534/313 1360/1533/1251 2697/1633/2400 1409/1634/1300
f 1360/1533/1251 312/1532/312 1407/1626/1298 2697/1633/2400
f 2697/1633/2400 1407/1626/1298 327/1628/327 1389/1635/1280
f 1409/1634/1300 2697/1633/2400 1389/1635/1280 328/1636/328
f 321/1538/321 1368/1537/1259 2698/1637/2401 1410/1638/1301
f 1368/1537/1259 320/1528/320 1408/1630/1299 2698/1637/2401
f 2698/1637/2401 1408/1630/1299 335/1632/335 1397/1639/1288
f 1410/1638/1301 2698/1637/2401 1397/1639/1288 336/1640/336
f 314/1542/314 1361/1541/1252 2699/1641/2402 1411/1642/1302
f 1361/1541/1252 313/1534/313 1409/1634/1300 2699/1641/2402
f 2699/1641/2402 1409/1634/1300 328/1636/328 1390/1643/1281
f 1411/1642/1302 2699/1641/2402 1390/1643/1281 329/1644/329
f 322/1548/322 1369/1547/1260 2700/1645/2403 1412/1646/1303
f 1369/1547/1260 321/1546/321 1410/1647/1301 2700/1645/2403
f 2700/1645/2403 1410/1647/1301 336/1648/336 1398/1649/1289
f 1412/1646/1303 2700/1645/2403 1398/1649/1289 337/1650/337
f 315/1552/315 1362/1551/1253 2701/1651/2404 1413/1652/1304
f 1362/1551/1253 314/1542/314 1411/1642/1302 2701/1651/2404
f 2701/1651/2404 1411/1642/1302 329/1644/329 1391/1653/1282
f 1413/1652/1304 2701/1651/2404 1391/1653/1282 330/1654/330
f 308/1559/308 1518/1655/1409 2702/1656/2405 1400/1598/1291
f 1/1657/1 1520/1658/1411 2702/1656/2405 1518/1655/1409
f 323/1599/323 1400/1659/1291 2702/1656/2405 1520/1658/1411
f 7/1660/7 1519/1661/1410 2703/1662/2406 1521/1663/1412
f 322/1548/322 1412/1664/1303 2703/1662/2406 1519/1661/1410
f 337/1650/337 1521/1663/1412 2703/1662/2406 1412/1664/1303
f 316/1569/316 1363/1568/1254 2704/1665/2407 1402/1604/1293
f 1363/1568/1254 315/1552/315 1413/1652/1304 2704/1665/2407
f 2704/1665/2407 1413/1652/1304 330/1654/330 1392/1666/1283
f 1402/1604/1293 2704/1665/2407 1392/1666/1283 331/1605/331
f 328/1636/328 1389/1635/1280 2705/1667/2408 1428/1668/1319
f 1389/1635/1280 327/1628/327 1429/1669/1320 2705/1667/2408
f 2705/1667/2408 1429/1669/1320 342/1670/342 1418/1671/1309
f 1428/1668/1319 2705/1667/2408 1418/1671/1309 343/1672/343
f 336/1640/336 1397/1639/1288 2706/1673/2409 1430/1674/1321
f 1397/1639/1288 335/1632/335 1431/1675/1322 2706/1673/2409
f 2706/1673/2409 1431/1675/1322 350/1676/350 1426/1677/1317
f 1430/1674/1321 2706/1673/2409 1426/1677/1317 351/1678/351
f 329/1644/329 1390/1643/1281 2707/1679/2410 1432/1680/1323
f 1390/1643/1281 328/1636/328 1428/1668/1319 2707/1679/2410
f 2707/1679/2410 1428/1668/1319 343/1672/343 1419/1681/1310
f 1432/1680/1323 2707/1679/2410 1419/1681/1310 344/1682/344
f 337/1650/337 1398/1649/1289 2708/1683/2411 1433/1684/1324
f 1398/1649/1289 336/1648/336 1430/1685/1321 2708/1683/2411
f 2708/1683/2411 1430/1685/1321 351/1686/351 1427/1687/1318
f 1433/1684/1324 2708/1683/2411 1427/1687/1318 352/1688/352
f 330/1654/330 1391/1653/1282 2709/1689/2412 1434/1690/1325
f 1391/1653/1282 329/1644/329 1432/1680/1323 2709/1689/2412
f 2709/1689/2412 1432/1680/1323 344/1682/344 1420/1691/1311
f 1434/1690/1325 2709/1689/2412 1420/1691/1311 345/1692/345
f 323/1599/323 1520/1693/1411 2710/1694/2413 1435/1695/1326
f 1/1696/1 1522/1697/1413 2710/1694/2413 1520/1693/1411
f 338/1698/338 1435/1699/1326 2710/1694/2413 1522/1697/1413
f 7/1700/7 1521/1701/1412 2711/1702/2414 1523/1703/1414
f 337/1650/337 1433/1704/1324 2711/1702/2414 1521/1701/1412
f 352/1688/352 1523/1703/1414 2711/1702/2414 1433/1705/1324
f 331/1605/331 1392/1666/1283 2712/1706/2415 1436/1707/1327
f 1392/1666/1283 330/1654/330 1434/1690/1325 2712/1706/2415
f 2712/1706/2415 1434/1690/1325 345/1692/345 1421/1708/1312
f 1436/1707/1327 2712/1706/2415 1421/1708/1312 346/1709/346
f 324/1601/324 1385/1600/1276 2713/1710/2416 1437/1711/1328
f 1385/1600/1276 323/1599/323 1435/1695/1326 2713/1710/2416
f 2713/1710/2416 1435/1695/1326 338/1698/338 1414/1712/1305
f 1437/1711/1328 2713/1710/2416 1414/1712/1305 339/1713/339
f 332/1607/332 1393/1606/1284 2714/1714/2417 1438/1715/1329
f 1393/1606/1284 331/1605/331 1436/1707/1327 2714/1714/2417
f 2714/1714/2417 1436/1707/1327 346/1709/346 1422/1716/1313
f 1438/1715/1329 2714/1714/2417 1422/1716/1313 347/1717/347
f 325/1612/325 1386/1611/1277 2715/1718/2418 1439/1719/1330
f 1386/1611/1277 324/1601/324 1437/1720/1328 2715/1718/2418
f 2715/1718/2418 1437/1720/1328 339/1713/339 1415/1721/1306
f 1439/1719/1330 2715/1718/2418 1415/1721/1306 340/1722/340
f 333/1616/333 1394/1615/1285 2716/1723/2419 1440/1724/1331
f 1394/1615/1285 332/1607/332 1438/1715/1329 2716/1723/2419
f 2716/1723/2419 1438/1715/1329 347/1717/347 1423/1725/1314
f 1440/1724/1331 2716/1723/2419 1423/1725/1314 348/1726/348
f 326/1620/326 1387/1619/1278 2717/1727/2420 1441/1728/1332
f 1387/1619/1278 325/1612/325 1439/1719/1330 2717/1727/2420
f 2717/1727/2420 1439/1719/1330 340/1722/340 1416/1729/1307
f 1441/1728/1332 2717/1727/2420 1416/1729/1307 341/1730/341
f 334/1624/334 1395/1623/1286 2718/1731/2421 1442/1732/1333
f 1395/1623/1286 333/1616/333 1440/1724/1331 2718/1731/2421
f 2718/1731/2421 1440/1724/1331 348/1726/348 1424/1733/1315
f 1442/1732/1333 2718/1731/2421 1424/1733/1315 349/1734/349
f 327/1628/327 1388/1627/1279 2719/1735/2422 1429/1669/1320
f 1388/1627/1279 326/1620/326 1441/1728/1332 2719/1735/2422
f 2719/1735/2422 1441/1728/1332 341/1730/341 1417/1736/1308
f 1429/1669/1320 2719/1735/2422 1417/1736/1308 342/1670/342
f 335/1632/335 1396/1631/1287 2720/1737/2423 1431/1675/1322
f 1396/1631/1287 334/1624/334 1442/1732/1333 2720/1737/2423
f 2720/1737/2423 1442/1732/1333 349/1734/349 1425/1738/1316
f 1431/1675/1322 2720/1737/2423 1425/1738/1316 350/1676/350
f 347/1717/347 1422/1716/1313 2721/1739/2424 1524/1740/1415
f 1422/1716/1313 346/1709/346 1448/1741/1339 2721/1739/2424
f 2721/1739/2424 1448/1741/1339 359/71/359 1463/84/1354
f 1524/1740/1415 2721/1739/2424 1463/84/1354 4/83/4
f 340/1722/340 1415/1721/1306 2722/1742/2425 1449/1743/1340
f 1415/1721/1306 339/1713/339 1450/1744/1341 2722/1742/2425
f 2722/1742/2425 1450/1744/1341 354/77/354 1444/90/1335
f 1449/1743/1340 2722/1742/2425 1444/90/1335 355/89/355
f 348/1726/348 1423/1725/1314 2723/1745/2426 1451/1746/1342
f 1423/1725/1314 347/1717/347 1524/1740/1415 2723/1745/2426
f 2723/1745/2426 1524/1740/1415 4/83/4 1464/96/1355
f 1451/1746/1342 2723/1745/2426 1464/96/1355 360/5/360
f 341/1730/341 1416/1729/1307 2724/1747/2427 1525/1748/1416
f 1416/1729/1307 340/1722/340 1449/1743/1340 2724/1747/2427
f 2724/1747/2427 1449/1743/1340 355/89/355 1459/99/1350
f 1525/1748/1416 2724/1747/2427 1459/99/1350 2/14/2
f 349/1734/349 1424/1733/1315 2725/1749/2428 1526/1750/1417
f 1424/1733/1315 348/1726/348 1451/1746/1342 2725/1749/2428
f 2725/1749/2428 1451/1746/1342 360/5/360 1465/2/1356
f 1526/1750/1417 2725/1749/2428 1465/2/1356 5/1/5
f 342/1670/342 1417/1736/1308 2726/1751/2429 1452/1752/1343
f 1417/1736/1308 341/1730/341 1525/1748/1416 2726/1751/2429
f 2726/1751/2429 1525/1748/1416 2/14/2 1460/11/1351
f 1452/1752/1343 2726/1751/2429 1460/11/1351 356/10/356
f 350/1676/350 1425/1738/1316 2727/1753/2430 1453/1754/1344
f 1425/1738/1316 349/1734/349 1526/1750/1417 2727/1753/2430
f 2727/1753/2430 1526/1750/1417 5/1/5 1466/20/1357
f 1453/1754/1344 2727/1753/2430 1466/20/1357 361/19/361
f 343/1672/343 1418/1671/1309 2728/1755/2431 1527/1756/1418
f 1418/1671/1309 342/1670/342 1452/1752/1343 2728/1755/2431
f 2728/1755/2431 1452/1752/1343 356/10/356 1461/26/1352
f 1527/1756/1418 2728/1755/2431 1461/26/1352 3/25/3
f 351/1678/351 1426/1677/1317 2729/1757/2432 1454/1758/1345
f 1426/1677/1317 350/1676/350 1453/1754/1344 2729/1757/2432
f 2729/1757/2432 1453/1754/1344 361/19/361 1447/32/1338
f 1454/1758/1345 2729/1757/2432 1447/32/1338 362/31/362
f 344/1682/344 1419/1681/1310 2730/1759/2433 1455/1760/1346
f 1419/1681/1310 343/1672/343 1527/1756/1418 2730/1759/2433
f 2730/1759/2433 1527/1756/1418 3/25/3 1462/38/1353
f 1455/1760/1346 2730/1759/2433 1462/38/1353 357/37/357
f 352/1688/352 1427/1687/1318 2731/1761/2434 1528/1762/1419
f 1427/1687/1318 351/1686/351 1454/1763/1345 2731/1761/2434
f 2731/1761/2434 1454/1763/1345 362/47/362 1467/44/1358
f 1528/1762/1419 2731/1761/2434 1467/44/1358 6/43/6
f 345/1692/345 1420/1691/1311 2732/1764/2435 1456/1765/1347
f 1420/1691/1311 344/1682/344 1455/1760/1346 2732/1764/2435
f 2732/1764/2435 1455/1760/1346 357/37/357 1445/53/1336
f 1456/1765/1347 2732/1764/2435 1445/53/1336 358/52/358
f 338/1698/338 1522/1766/1413 2733/1767/2436 1457/1768/1348
f 1/1769/1 1458/1770/1349 2733/1767/2436 1522/1766/1413
f 353/58/353 1457/1771/1348 2733/1767/2436 1458/1770/1349
f 7/1772/7 1523/1773/1414 2734/1774/2437 785/1775/676
f 352/1688/352 1528/1776/1419 2734/1774/2437 1523/1773/1414
f 6/43/6 785/1775/676 2734/1774/2437 1528/1776/1419
f 346/1709/346 1421/1708/1312 2735/1777/2438 1448/1741/1339
f 1421/1708/1312 345/1692/345 1456/1765/1347 2735/1777/2438
f 2735/1777/2438 1456/1765/1347 358/52/358 1446/72/1337
f 1448/1741/1339 2735/1777/2438 1446/72/1337 359/71/359
f 339/1713/339 1414/1712/1305 2736/1778/2439 1450/1779/1341
f 1414/1712/1305 338/1698/338 1457/1768/1348 2736/1778/2439
f 2736/1778/2439 1457/1768/1348 353/58/353 1443/78/1334
f 1450/1779/1341 2736/1778/2439 1443/78/1334 354/77/354
f 580/1780/358 1936/1781/1827 2737/1782/2440 1942/1783/1833
f 1936/1781/1827 364/1784/363 1539/1785/1430 2737/1782/2440
f 2737/1782/2440 1539/1785/1430 371/1786/369 1533/1787/1424
f 1942/1783/1833 2737/1782/2440 1533/1787/1424 372/1788/370
f 578/1789/573 1920/1790/1811 2738/1791/2441 1943/1792/1834
f 1920/1790/1811 577/1793/572 1944/1794/1835 2738/1791/2441
f 2738/1791/2441 1944/1794/1835 368/1795/366 1530/1796/1421
f 1943/1792/1834 2738/1791/2441 1530/1796/1421 369/1797/367
f 583/1798/577 1923/1799/1814 2739/1800/2442 1945/1801/1836
f 1923/1799/1814 582/1802/576 1946/1803/1837 2739/1800/2442
f 2739/1800/2442 1946/1803/1837 375/1804/373 1537/1805/1428
f 1945/1801/1836 2739/1800/2442 1537/1805/1428 376/1806/374
f 365/1807/364 1937/1808/1828 2740/1809/2443 1540/1810/1431
f 1937/1808/1828 580/1780/358 1942/1783/1833 2740/1809/2443
f 2740/1809/2443 1942/1783/1833 372/1788/370 1534/1811/1425
f 1540/1810/1431 2740/1809/2443 1534/1811/1425 373/1812/371
f 579/1813/574 1921/1814/1812 2741/1815/2444 1947/1816/1838
f 1921/1814/1812 578/1789/573 1943/1792/1834 2741/1815/2444
f 2741/1815/2444 1943/1792/1834 369/1797/367 1531/1817/1422
f 1947/1816/1838 2741/1815/2444 1531/1817/1422 370/1818/368
f 584/1819/578 1924/1820/1815 2742/1821/2445 1948/1822/1839
f 1924/1820/1815 583/1823/577 1945/1824/1836 2742/1821/2445
f 2742/1821/2445 1945/1824/1836 376/1825/374 1538/1826/1429
f 1948/1822/1839 2742/1821/2445 1538/1826/1429 377/1827/375
f 576/1828/571 1934/1829/1825 2743/1830/2446 1949/1831/1840
f 363/1832/1 1940/1833/1831 2743/1830/2446 1934/1834/1825
f 367/1835/365 1949/1831/1840 2743/1830/2446 1940/1836/1831
f 581/1837/575 1938/1838/1829 2744/1839/2447 1950/1840/1841
f 1938/1838/1829 365/1807/364 1540/1810/1431 2744/1839/2447
f 2744/1839/2447 1540/1810/1431 373/1812/371 1535/1841/1426
f 1950/1840/1841 2744/1839/2447 1535/1841/1426 374/1842/372
f 364/1784/363 1935/1843/1826 2745/1844/2448 1539/1785/1430
f 1935/1843/1826 579/1813/574 1947/1816/1838 2745/1844/2448
f 2745/1844/2448 1947/1816/1838 370/1818/368 1532/1845/1423
f 1539/1785/1430 2745/1844/2448 1532/1845/1423 371/1786/369
f 366/1846/7 1939/1847/1830 2746/1848/2449 1941/1849/1832
f 584/1819/578 1948/1822/1839 2746/1848/2449 1939/1847/1830
f 377/1827/375 1941/1849/1832 2746/1848/2449 1948/1822/1839
f 577/1850/572 1919/1851/1810 2747/1852/2450 1944/1853/1835
f 1919/1851/1810 576/1828/571 1949/1831/1840 2747/1852/2450
f 2747/1852/2450 1949/1831/1840 367/1835/365 1529/1854/1420
f 1944/1853/1835 2747/1852/2450 1529/1854/1420 368/1855/366
f 582/1802/576 1922/1856/1813 2748/1857/2451 1946/1803/1837
f 1922/1856/1813 581/1837/575 1950/1840/1841 2748/1857/2451
f 2748/1857/2451 1950/1840/1841 374/1842/372 1536/1858/1427
f 1946/1803/1837 2748/1857/2451 1536/1858/1427 375/1804/373
f 377/1827/375 1538/1826/1429 2749/1859/2452 1551/1860/1442
f 1538/1826/1429 376/1825/374 1552/1861/1443 2749/1859/2452
f 2749/1859/2452 1552/1861/1443 387/1862/385 1550/1863/1441
f 1551/1860/1442 2749/1859/2452 1550/1863/1441 388/1864/386
f 367/1835/365 1940/1865/1831 2750/1866/2453 1553/1867/1444
f 363/1868/1 1951/1869/1842 2750/1866/2453 1940/1870/1831
f 378/1871/376 1553/1867/1444 2750/1866/2453 1951/1872/1842
f 374/1842/372 1535/1841/1426 2751/1873/2454 1554/1874/1445
f 1535/1841/1426 373/1812/371 1555/1875/1446 2751/1873/2454
f 2751/1873/2454 1555/1875/1446 384/1876/382 1547/1877/1438
f 1554/1874/1445 2751/1873/2454 1547/1877/1438 385/1878/383
f 371/1786/369 1532/1845/1423 2752/1879/2455 1556/1880/1447
f 1532/1845/1423 370/1818/368 1557/1881/1448 2752/1879/2455
f 2752/1879/2455 1557/1881/1448 381/1882/379 1544/1883/1435
f 1556/1880/1447 2752/1879/2455 1544/1883/1435 382/1884/380
f 366/1885/7 1941/1886/1832 2753/1887/2456 1952/1888/1843
f 377/1827/375 1551/1860/1442 2753/1887/2456 1941/1886/1832
f 388/1864/386 1952/1888/1843 2753/1887/2456 1551/1889/1442
f 368/1855/366 1529/1854/1420 2754/1890/2457 1558/1891/1449
f 1529/1854/1420 367/1835/365 1553/1867/1444 2754/1890/2457
f 2754/1890/2457 1553/1867/1444 378/1871/376 1541/1892/1432
f 1558/1891/1449 2754/1890/2457 1541/1892/1432 379/1893/377
f 375/1804/373 1536/1858/1427 2755/1894/2458 1559/1895/1450
f 1536/1858/1427 374/1842/372 1554/1874/1445 2755/1894/2458
f 2755/1894/2458 1554/1874/1445 385/1878/383 1548/1896/1439
f 1559/1895/1450 2755/1894/2458 1548/1896/1439 386/1897/384
f 372/1788/370 1533/1787/1424 2756/1898/2459 1560/1899/1451
f 1533/1787/1424 371/1786/369 1556/1880/1447 2756/1898/2459
f 2756/1898/2459 1556/1880/1447 382/1884/380 1545/1900/1436
f 1560/1899/1451 2756/1898/2459 1545/1900/1436 383/1901/381
f 369/1797/367 1530/1796/1421 2757/1902/2460 1561/1903/1452
f 1530/1796/1421 368/1795/366 1558/1904/1449 2757/1902/2460
f 2757/1902/2460 1558/1904/1449 379/1905/377 1542/1906/1433
f 1561/1903/1452 2757/1902/2460 1542/1906/1433 380/1907/378
f 376/1806/374 1537/1805/1428 2758/1908/2461 1552/1909/1443
f 1537/1805/1428 375/1804/373 1559/1895/1450 2758/1908/2461
f 2758/1908/2461 1559/1895/1450 386/1897/384 1549/1910/1440
f 1552/1909/1443 2758/1908/2461 1549/1910/1440 387/1911/385
f 373/1812/371 1534/1811/1425 2759/1912/2462 1555/1875/1446
f 1534/1811/1425 372/1788/370 1560/1899/1451 2759/1912/2462
f 2759/1912/2462 1560/1899/1451 383/1901/381 1546/1913/1437
f 1555/1875/1446 2759/1912/2462 1546/1913/1437 384/1876/382
f 370/1818/368 1531/1817/1422 2760/1914/2463 1557/1881/1448
f 1531/1817/1422 369/1797/367 1561/1903/1452 2760/1914/2463
f 2760/1914/2463 1561/1903/1452 380/1907/378 1543/1915/1434
f 1557/1881/1448 2760/1914/2463 1543/1915/1434 381/1882/379
f 380/1907/378 1542/1906/1433 2761/1916/2464 1572/1917/1463
f 1542/1906/1433 379/1905/377 1573/1918/1464 2761/1916/2464
f 2761/1916/2464 1573/1918/1464 390/1919/388 1563/1920/1454
f 1572/1917/1463 2761/1916/2464 1563/1920/1454 391/1921/389
f 387/1911/385 1549/1910/1440 2762/1922/2465 1574/1923/1465
f 1549/1910/1440 386/1897/384 1575/1924/1466 2762/1922/2465
f 2762/1922/2465 1575/1924/1466 397/1925/395 1570/1926/1461
f 1574/1923/1465 2762/1922/2465 1570/1926/1461 398/1927/396
f 384/1876/382 1546/1913/1437 2763/1928/2466 1576/1929/1467
f 1546/1913/1437 383/1901/381 1577/1930/1468 2763/1928/2466
f 2763/1928/2466 1577/1930/1468 394/1931/392 1567/1932/1458
f 1576/1929/1467 2763/1928/2466 1567/1932/1458 395/1933/393
f 381/1882/379 1543/1915/1434 2764/1934/2467 1578/1935/1469
f 1543/1915/1434 380/1907/378 1572/1917/1463 2764/1934/2467
f 2764/1934/2467 1572/1917/1463 391/1921/389 1564/1936/1455
f 1578/1935/1469 2764/1934/2467 1564/1936/1455 392/1937/390
f 388/1864/386 1550/1863/1441 2765/1938/2468 1579/1939/1470
f 1550/1863/1441 387/1862/385 1574/1940/1465 2765/1938/2468
f 2765/1938/2468 1574/1940/1465 398/1941/396 1571/1942/1462
f 1579/1939/1470 2765/1938/2468 1571/1942/1462 399/1943/397
f 378/1871/376 1951/1944/1842 2766/1945/2469 1580/1946/1471
f 363/1947/1 1953/1948/1844 2766/1945/2469 1951/1949/1842
f 389/1950/387 1580/1951/1471 2766/1945/2469 1953/1952/1844
f 385/1878/383 1547/1877/1438 2767/1953/2470 1581/1954/1472
f 1547/1877/1438 384/1876/382 1576/1929/1467 2767/1953/2470
f 2767/1953/2470 1576/1929/1467 395/1933/393 1568/1955/1459
f 1581/1954/1472 2767/1953/2470 1568/1955/1459 396/1956/394
f 382/1884/380 1544/1883/1435 2768/1957/2471 1582/1958/1473
f 1544/1883/1435 381/1882/379 1578/1935/1469 2768/1957/2471
f 2768/1957/2471 1578/1935/1469 392/1937/390 1565/1959/1456
f 1582/1958/1473 2768/1957/2471 1565/1959/1456 393/1960/391
f 366/1961/7 1952/1962/1843 2769/1963/2472 1954/1964/1845
f 388/1864/386 1579/1965/1470 2769/1963/2472 1952/1962/1843
f 399/1943/397 1954/1964/1845 2769/1963/2472 1579/1939/1470
f 379/1893/377 1541/1892/1432 2770/1966/2473 1573/1967/1464
f 1541/1892/1432 378/1871/376 1580/1946/1471 2770/1966/2473
f 2770/1966/2473 1580/1946/1471 389/1950/387 1562/1968/1453
f 1573/1967/1464 2770/1966/2473 1562/1968/1453 390/1969/388
f 386/1897/384 1548/1896/1439 2771/1970/2474 1575/1924/1466
f 1548/1896/1439 385/1878/383 1581/1954/1472 2771/1970/2474
f 2771/1970/2474 1581/1954/1472 396/1956/394 1569/1971/1460
f 1575/1924/1466 2771/1970/2474 1569/1971/1460 397/1925/395
f 383/1901/381 1545/1900/1436 2772/1972/2475 1577/1930/1468
f 1545/1900/1436 382/1884/380 1582/1958/1473 2772/1972/2475
f 2772/1972/2475 1582/1958/1473 393/1960/391 1566/1973/1457
f 1577/1930/1468 2772/1972/2475 1566/1973/1457 394/1931/392
f 366/1974/7 1954/1975/1845 2773/1976/2476 1956/1977/1847
f 399/1943/397 1593/1978/1484 2773/1976/2476 1954/1979/1845
f 410/1980/408 1956/1981/1847 2773/1976/2476 1593/1982/1484
f 390/1969/388 1562/1968/1453 2774/1983/2477 1594/1984/1485
f 1562/1968/1453 389/1950/387 1595/1985/1486 2774/1983/2477
f 2774/1983/2477 1595/1985/1486 400/1986/398 1583/1987/1474
f 1594/1984/1485 2774/1983/2477 1583/1987/1474 401/1988/399
f 397/1925/395 1569/1971/1460 2775/1989/2478 1596/1990/1487
f 1569/1971/1460 396/1956/394 1597/1991/1488 2775/1989/2478
f 2775/1989/2478 1597/1991/1488 407/1992/405 1590/1993/1481
f 1596/1990/1487 2775/1989/2478 1590/1993/1481 408/1994/406
f 394/1931/392 1566/1973/1457 2776/1995/2479 1598/1996/1489
f 1566/1973/1457 393/1960/391 1599/1997/1490 2776/1995/2479
f 2776/1995/2479 1599/1997/1490 404/1998/402 1587/1999/1478
f 1598/1996/1489 2776/1995/2479 1587/1999/1478 405/2000/403
f 391/1921/389 1563/1920/1454 2777/2001/2480 1600/2002/1491
f 1563/1920/1454 390/1919/388 1594/2003/1485 2777/2001/2480
f 2777/2001/2480 1594/2003/1485 401/1988/399 1584/2004/1475
f 1600/2002/1491 2777/2001/2480 1584/2004/1475 402/2005/400
f 398/1927/396 1570/1926/1461 2778/2006/2481 1601/2007/1492
f 1570/1926/1461 397/1925/395 1596/1990/1487 2778/2006/2481
f 2778/2006/2481 1596/1990/1487 408/1994/406 1591/2008/1482
f 1601/2007/1492 2778/2006/2481 1591/2008/1482 409/2009/407
f 395/1933/393 1567/1932/1458 2779/2010/2482 1602/2011/1493
f 1567/1932/1458 394/1931/392 1598/1996/1489 2779/2010/2482
f 2779/2010/2482 1598/1996/1489 405/2000/403 1588/2012/1479
f 1602/2011/1493 2779/2010/2482 1588/2012/1479 406/2013/404
f 392/1937/390 1564/1936/1455 2780/2014/2483 1603/2015/1494
f 1564/1936/1455 391/1921/389 1600/2002/1491 2780/2014/2483
f 2780/2014/2483 1600/2002/1491 402/2005/400 1585/2016/1476
f 1603/2015/1494 2780/2014/2483 1585/2016/1476 403/2017/401
f 399/1943/397 1571/1942/1462 2781/2018/2484 1593/1982/1484
f 1571/1942/1462 398/1941/396 1601/2019/1492 2781/2018/2484
f 2781/2018/2484 1601/2019/1492 409/2009/407 1592/2020/1483
f 1593/1982/1484 2781/2018/2484 1592/2020/1483 410/1980/408
f 389/1950/387 1953/2021/1844 2782/2022/2485 1595/1985/1486
f 363/2023/1 1955/2024/1846 2782/2022/2485 1953/2025/1844
f 400/1986/398 1595/2026/1486 2782/2022/2485 1955/2027/1846
f 396/1956/394 1568/1955/1459 2783/2028/2486 1597/1991/1488
f 1568/1955/1459 395/1933/393 1602/2011/1493 2783/2028/2486
f 2783/2028/2486 1602/2011/1493 406/2013/404 1589/2029/1480
f 1597/1991/1488 2783/2028/2486 1589/2029/1480 407/1992/405
f 393/1960/391 1565/1959/1456 2784/2030/2487 1599/1997/1490
f 1565/1959/1456 392/1937/390 1603/2015/1494 2784/2030/2487
f 2784/2030/2487 1603/2015/1494 403/2017/401 1586/2031/1477
f 1599/1997/1490 2784/2030/2487 1586/2031/1477 404/1998/402
f 403/2017/401 1585/2016/1476 2785/2032/2488 1614/2033/1505
f 1585/2016/1476 402/2005/400 1615/2034/1506 2785/2032/2488
f 2785/2032/2488 1615/2034/1506 413/2035/411 1606/2036/1497
f 1614/2033/1505 2785/2032/2488 1606/2036/1497 414/2037/412
f 410/1980/408 1592/2020/1483 2786/2038/2489 1616/2039/1507
f 1592/2020/1483 409/2009/407 1617/2040/1508 2786/2038/2489
f 2786/2038/2489 1617/2040/1508 420/2041/417 1613/2042/1504
f 1616/2039/1507 2786/2038/2489 1613/2042/1504 421/2043/418
f 400/1986/398 1955/2044/1846 2787/2045/2490 1618/2046/1509
f 363/2047/1 1957/2048/1848 2787/2045/2490 1955/2049/1846
f 411/2050/409 1618/2051/1509 2787/2045/2490 1957/2052/1848
f 407/1992/405 1589/2029/1480 2788/2053/2491 1619/2054/1510
f 1589/2029/1480 406/2013/404 1620/2055/1511 2788/2053/2491
f 2788/2053/2491 1620/2055/1511 417/2056/414 1610/2057/1501
f 1619/2054/1510 2788/2053/2491 1610/2057/1501 418/2058/415
f 404/1998/402 1586/2031/1477 2789/2059/2492 1621/2060/1512
f 1586/2031/1477 403/2017/401 1614/2033/1505 2789/2059/2492
f 2789/2059/2492 1614/2033/1505 414/2037/412 1607/2061/1498
f 1621/2060/1512 2789/2059/2492 1607/2061/1498 415/2062/413
f 366/2063/7 1956/2064/1847 2790/2065/2493 1958/2066/1849
f 410/1980/408 1616/2067/1507 2790/2065/2493 1956/2064/1847
f 421/2043/418 1958/2066/1849 2790/2065/2493 1616/2039/1507
f 401/1988/399 1583/1987/1474 2791/2068/2494 1622/2069/1513
f 1583/1987/1474 400/1986/398 1618/2046/1509 2791/2068/2494
f 2791/2068/2494 1618/2046/1509 411/2050/409 1604/2070/1495
f 1622/2069/1513 2791/2068/2494 1604/2070/1495 412/2071/410
f 408/1994/406 1590/1993/1481 2792/2072/2495 1623/2073/1514
f 1590/1993/1481 407/1992/405 1619/2054/1510 2792/2072/2495
f 2792/2072/2495 1619/2054/1510 418/2058/415 1611/2074/1502
f 1623/2073/1514 2792/2072/2495 1611/2074/1502 419/2075/416
f 405/2000/403 1587/1999/1478 2793/2076/2496 1624/2077/1515
f 1587/1999/1478 404/1998/402 1621/2060/1512 2793/2076/2496
f 2793/2076/2496 1621/2060/1512 415/2062/413 1608/2078/1499
f 1624/2077/1515 2793/2076/2496 1608/2078/1499 416/423/90
f 402/2005/400 1584/2004/1475 2794/2079/2497 1615/2034/1506
f 1584/2004/1475 401/1988/399 1622/2080/1513 2794/2079/2497
f 2794/2079/2497 1622/2080/1513 412/2081/410 1605/2082/1496
f 1615/2034/1506 2794/2079/2497 1605/2082/1496 413/2035/411
f 409/2009/407 1591/2008/1482 2795/2083/2498 1617/2084/1508
f 1591/2008/1482 408/1994/406 1623/2073/1514 2795/2083/2498
f 2795/2083/2498 1623/2073/1514 419/2075/416 1612/2085/1503
f 1617/2084/1508 2795/2083/2498 1612/2085/1503 420/2086/417
f 406/2013/404 1588/2012/1479 2796/2087/2499 1620/2055/1511
f 1588/2012/1479 405/2000/403 1624/2077/1515 2796/2087/2499
f 2796/2087/2499 1624/2077/1515 416/423/90 1609/2088/1500
f 1620/2055/1511 2796/2087/2499 1609/2088/1500 417/2056/414
f 413/2035/411 1605/2082/1496 2797/2089/2500 1635/2090/1526
f 1605/2082/1496 412/2081/410 1636/2091/1527 2797/2089/2500
f 2797/2089/2500 1636/2091/1527 423/2092/420 1626/2093/1517
f 1635/2090/1526 2797/2089/2500 1626/2093/1517 424/2094/421
f 420/2086/417 1612/2085/1503 2798/2095/2501 1637/2096/1528
f 1612/2085/1503 419/2075/416 1638/2097/1529 2798/2095/2501
f 2798/2095/2501 1638/2097/1529 430/2098/427 1633/2099/1524
f 1637/2096/1528 2798/2095/2501 1633/2099/1524 431/2100/428
f 417/2056/414 1609/2088/1500 2799/2101/2502 1639/2102/1530
f 1609/2088/1500 416/423/90 1640/2103/1531 2799/2101/2502
f 2799/2101/2502 1640/2103/1531 427/2104/424 1630/2105/1521
f 1639/2102/1530 2799/2101/2502 1630/2105/1521 428/2106/425
f 414/2037/412 1606/2036/1497 2800/2107/2503 1641/2108/1532
f 1606/2036/1497 413/2035/411 1635/2090/1526 2800/2107/2503
f 2800/2107/2503 1635/2090/1526 424/2094/421 1627/2109/1518
f 1641/2108/1532 2800/2107/2503 1627/2109/1518 425/2110/422
f 421/2043/418 1613/2042/1504 2801/2111/2504 1642/2112/1533
f 1613/2042/1504 420/2041/417 1637/2096/1528 2801/2111/2504
f 2801/2111/2504 1637/2096/1528 431/2113/428 1634/2114/1525
f 1642/2112/1533 2801/2111/2504 1634/2114/1525 432/2115/429
f 411/2050/409 1957/2116/1848 2802/2117/2505 1643/2118/1534
f 363/2119/1 1959/2120/1850 2802/2117/2505 1957/2121/1848
f 422/2122/419 1643/2118/1534 2802/2117/2505 1959/2123/1850
f 418/2058/415 1610/2057/1501 2803/2124/2506 1644/2125/1535
f 1610/2057/1501 417/2056/414 1639/2102/1530 2803/2124/2506
f 2803/2124/2506 1639/2102/1530 428/2106/425 1631/2126/1522
f 1644/2125/1535 2803/2124/2506 1631/2126/1522 429/2127/426
f 415/2062/413 1607/2061/1498 2804/2128/2507 1645/2129/1536
f 1607/2061/1498 414/2037/412 1641/2108/1532 2804/2128/2507
f 2804/2128/2507 1641/2108/1532 425/2110/422 1628/2130/1519
f 1645/2129/1536 2804/2128/2507 1628/2130/1519 426/2131/423
f 366/2132/7 1958/2133/1849 2805/2134/2508 1960/2135/1851
f 421/2043/418 1642/2112/1533 2805/2134/2508 1958/2136/1849
f 432/2115/429 1960/2135/1851 2805/2134/2508 1642/2112/1533
f 412/2071/410 1604/2070/1495 2806/2137/2509 1636/2138/1527
f 1604/2070/1495 411/2050/409 1643/2118/1534 2806/2137/2509
f 2806/2137/2509 1643/2118/1534 422/2122/419 1625/2139/1516
f 1636/2138/1527 2806/2137/2509 1625/2139/1516 423/2140/420
f 419/2075/416 1611/2074/1502 2807/2141/2510 1638/2097/1529
f 1611/2074/1502 418/2058/415 1644/2125/1535 2807/2141/2510
f 2807/2141/2510 1644/2125/1535 429/2127/426 1632/2142/1523
f 1638/2097/1529 2807/2141/2510 1632/2142/1523 430/2098/427
f 416/423/90 1608/2078/1499 2808/2143/2511 1640/2103/1531
f 1608/2078/1499 415/2062/413 1645/2129/1536 2808/2143/2511
f 2808/2143/2511 1645/2129/1536 426/2131/423 1629/2144/1520
f 1640/2103/1531 2808/2143/2511 1629/2144/1520 427/2104/424
f 426/2131/423 1628/2130/1519 2809/2145/2512 1656/2146/1547
f 1628/2130/1519 425/2110/422 1657/2147/1548 2809/2145/2512
f 2809/2145/2512 1657/2147/1548 436/2148/433 1649/2149/1540
f 1656/2146/1547 2809/2145/2512 1649/2149/1540 437/2150/434
f 366/2151/7 1960/2152/1851 2810/2153/2513 1962/2154/1853
f 432/2115/429 1658/2155/1549 2810/2153/2513 1960/2152/1851
f 443/2156/440 1962/2154/1853 2810/2153/2513 1658/2157/1549
f 423/2140/420 1625/2139/1516 2811/2158/2514 1659/2159/1550
f 1625/2139/1516 422/2122/419 1660/2160/1551 2811/2158/2514
f 2811/2158/2514 1660/2160/1551 433/2161/430 1646/2162/1537
f 1659/2159/1550 2811/2158/2514 1646/2162/1537 434/2163/431
f 430/2098/427 1632/2142/1523 2812/2164/2515 1661/2165/1552
f 1632/2142/1523 429/2127/426 1662/2166/1553 2812/2164/2515
f 2812/2164/2515 1662/2166/1553 440/2167/437 1653/2168/1544
f 1661/2165/1552 2812/2164/2515 1653/2168/1544 441/2169/438
f 427/2104/424 1629/2144/1520 2813/2170/2516 1663/2171/1554
f 1629/2144/1520 426/2131/423 1656/2146/1547 2813/2170/2516
f 2813/2170/2516 1656/2146/1547 437/2150/434 1650/2172/1541
f 1663/2171/1554 2813/2170/2516 1650/2172/1541 438/2173/435
f 424/2094/421 1626/2093/1517 2814/2174/2517 1664/2175/1555
f 1626/2093/1517 423/2092/420 1659/2176/1550 2814/2174/2517
f 2814/2174/2517 1659/2176/1550 434/2177/431 1647/2178/1538
f 1664/2175/1555 2814/2174/2517 1647/2178/1538 435/2179/432
f 431/2100/428 1633/2099/1524 2815/2180/2518 1665/2181/1556
f 1633/2099/1524 430/2098/427 1661/2165/1552 2815/2180/2518
f 2815/2180/2518 1661/2165/1552 441/2169/438 1654/2182/1545
f 1665/2181/1556 2815/2180/2518 1654/2182/1545 442/2183/439
f 428/2106/425 1630/2105/1521 2816/2184/2519 1666/2185/1557
f 1630/2105/1521 427/2104/424 1663/2171/1554 2816/2184/2519
f 2816/2184/2519 1663/2171/1554 438/2173/435 1651/2186/1542
f 1666/2185/1557 2816/2184/2519 1651/2186/1542 439/2187/436
f 425/2110/422 1627/2109/1518 2817/2188/2520 1657/2147/1548
f 1627/2109/1518 424/2094/421 1664/2175/1555 2817/2188/2520
f 2817/2188/2520 1664/2175/1555 435/2179/432 1648/2189/1539
f 1657/2147/1548 2817/2188/2520 1648/2189/1539 436/2148/433
f 432/2115/429 1634/2114/1525 2818/2190/2521 1658/2191/1549
f 1634/2114/1525 431/2113/428 1665/2192/1556 2818/2190/2521
f 2818/2190/2521 1665/2192/1556 442/2193/439 1655/2194/1546
f 1658/2191/1549 2818/2190/2521 1655/2194/1546 443/2156/440
f 422/2122/419 1959/2195/1850 2819/2196/2522 1660/2160/1551
f 363/2197/1 1961/2198/1852 2819/2196/2522 1959/2199/1850
f 433/2161/430 1660/2160/1551 2819/2196/2522 1961/2200/1852
f 429/2127/426 1631/2126/1522 2820/2201/2523 1662/2166/1553
f 1631/2126/1522 428/2106/425 1666/2185/1557 2820/2201/2523
f 2820/2201/2523 1666/2185/1557 439/2187/436 1652/2202/1543
f 1662/2166/1553 2820/2201/2523 1652/2202/1543 440/2167/437
f 436/2148/433 1648/2189/1539 2821/2203/2524 1677/2204/1568
f 1648/2189/1539 435/2179/432 1678/2205/1569 2821/2203/2524
f 2821/2203/2524 1678/2205/1569 446/2206/443 1669/2207/1560
f 1677/2204/1568 2821/2203/2524 1669/2207/1560 447/2208/444
f 443/2156/440 1655/2194/1546 2822/2209/2525 1679/2210/1570
f 1655/2194/1546 442/2193/439 1680/2211/1571 2822/2209/2525
f 2822/2209/2525 1680/2211/1571 453/2212/450 1676/2213/1567
f 1679/2210/1570 2822/2209/2525 1676/2213/1567 454/2214/451
f 433/2161/430 1961/2215/1852 2823/2216/2526 1681/2217/1572
f 363/2218/1 1963/2219/1854 2823/2216/2526 1961/2220/1852
f 444/2221/441 1681/2222/1572 2823/2216/2526 1963/2223/1854
f 440/2167/437 1652/2202/1543 2824/2224/2527 1682/2225/1573
f 1652/2202/1543 439/2187/436 1683/2226/1574 2824/2224/2527
f 2824/2224/2527 1683/2226/1574 450/2227/447 1673/2228/1564
f 1682/2225/1573 2824/2224/2527 1673/2228/1564 451/2229/448
f 437/2150/434 1649/2149/1540 2825/2230/2528 1684/2231/1575
f 1649/2149/1540 436/2148/433 1677/2204/1568 2825/2230/2528
f 2825/2230/2528 1677/2204/1568 447/2208/444 1670/2232/1561
f 1684/2231/1575 2825/2230/2528 1670/2232/1561 448/2233/445
f 366/2234/7 1962/2235/1853 2826/2236/2529 1964/2237/1855
f 443/2156/440 1679/2238/1570 2826/2236/2529 1962/2235/1853
f 454/2214/451 1964/2237/1855 2826/2236/2529 1679/2239/1570
f 434/2163/431 1646/2162/1537 2827/2240/2530 1685/2241/1576
f 1646/2162/1537 433/2161/430 1681/2217/1572 2827/2240/2530
f 2827/2240/2530 1681/2217/1572 444/2221/441 1667/2242/1558
f 1685/2241/1576 2827/2240/2530 1667/2242/1558 445/2243/442
f 441/2169/438 1653/2168/1544 2828/2244/2531 1686/2245/1577
f 1653/2168/1544 440/2167/437 1682/2225/1573 2828/2244/2531
f 2828/2244/2531 1682/2225/1573 451/2229/448 1674/2246/1565
f 1686/2245/1577 2828/2244/2531 1674/2246/1565 452/2247/449
f 438/2173/435 1650/2172/1541 2829/2248/2532 1687/2249/1578
f 1650/2172/1541 437/2150/434 1684/2231/1575 2829/2248/2532
f 2829/2248/2532 1684/2231/1575 448/2233/445 1671/2250/1562
f 1687/2249/1578 2829/2248/2532 1671/2250/1562 449/2251/446
f 435/2179/432 1647/2178/1538 2830/2252/2533 1678/2205/1569
f 1647/2178/1538 434/2177/431 1685/2253/1576 2830/2252/2533
f 2830/2252/2533 1685/2253/1576 445/2243/442 1668/2254/1559
f 1678/2205/1569 2830/2252/2533 1668/2254/1559 446/2206/443
f 442/2183/439 1654/2182/1545 2831/2255/2534 1680/2211/1571
f 1654/2182/1545 441/2169/438 1686/2245/1577 2831/2255/2534
f 2831/2255/2534 1686/2245/1577 452/2247/449 1675/2256/1566
f 1680/2211/1571 2831/2255/2534 1675/2256/1566 453/2212/450
f 439/2187/436 1651/2186/1542 2832/2257/2535 1683/2226/1574
f 1651/2186/1542 438/2173/435 1687/2249/1578 2832/2257/2535
f 2832/2257/2535 1687/2249/1578 449/2251/446 1672/2258/1563
f 1683/2226/1574 2832/2257/2535 1672/2258/1563 450/2227/447
f 449/2251/446 1671/2250/1562 2833/2259/2536 1698/2260/1589
f 1671/2250/1562 448/2233/445 1699/2261/1590 2833/2259/2536
f 2833/2259/2536 1699/2261/1590 459/2262/456 1692/2263/1583
f 1698/2260/1589 2833/2259/2536 1692/2263/1583 460/2264/457
f 446/2206/443 1668/2254/1559 2834/2265/2537 1700/2266/1591
f 1668/2254/1559 445/2243/442 1701/2267/1592 2834/2265/2537
f 2834/2265/2537 1701/2267/1592 456/2268/453 1689/2269/1580
f 1700/2266/1591 2834/2265/2537 1689/2269/1580 457/2270/454
f 453/2212/450 1675/2256/1566 2835/2271/2538 1702/2272/1593
f 1675/2256/1566 452/2247/449 1703/2273/1594 2835/2271/2538
f 2835/2271/2538 1703/2273/1594 463/2274/460 1696/2275/1587
f 1702/2272/1593 2835/2271/2538 1696/2275/1587 464/2276/461
f 450/2227/447 1672/2258/1563 2836/2277/2539 1704/2278/1595
f 1672/2258/1563 449/2251/446 1698/2260/1589 2836/2277/2539
f 2836/2277/2539 1698/2260/1589 460/2264/457 1693/2279/1584
f 1704/2278/1595 2836/2277/2539 1693/2279/1584 461/2280/458
f 447/2208/444 1669/2207/1560 2837/2281/2540 1705/2282/1596
f 1669/2207/1560 446/2206/443 1700/2266/1591 2837/2281/2540
f 2837/2281/2540 1700/2266/1591 457/2270/454 1690/2283/1581
f 1705/2282/1596 2837/2281/2540 1690/2283/1581 458/2284/455
f 454/2214/451 1676/2213/1567 2838/2285/2541 1706/2286/1597
f 1676/2213/1567 453/2212/450 1702/2287/1593 2838/2285/2541
f 2838/2285/2541 1702/2287/1593 464/2276/461 1697/2288/1588
f 1706/2286/1597 2838/2285/2541 1697/2288/1588 465/2289/462
f 444/2221/441 1963/2290/1854 2839/2291/2542 1707/2292/1598
f 363/2293/1 1965/2294/1856 2839/2291/2542 1963/2295/1854
f 455/2296/452 1707/2292/1598 2839/2291/2542 1965/2297/1856
f 451/2229/448 1673/2228/1564 2840/2298/2543 1708/2299/1599
f 1673/2228/1564 450/2227/447 1704/2278/1595 2840/2298/2543
f 2840/2298/2543 1704/2278/1595 461/2280/458 1694/2300/1585
f 1708/2299/1599 2840/2298/2543 1694/2300/1585 462/2301/459
f 448/2233/445 1670/2232/1561 2841/2302/2544 1699/2261/1590
f 1670/2232/1561 447/2208/444 1705/2282/1596 2841/2302/2544
f 2841/2302/2544 1705/2282/1596 458/2284/455 1691/2303/1582
f 1699/2261/1590 2841/2302/2544 1691/2303/1582 459/2262/456
f 366/2304/7 1964/2305/1855 2842/2306/2545 1966/2307/1857
f 454/2214/451 1706/2286/1597 2842/2306/2545 1964/2305/1855
f 465/2289/462 1966/2307/1857 2842/2306/2545 1706/2286/1597
f 445/2243/442 1667/2242/1558 2843/2308/2546 1701/2309/1592
f 1667/2242/1558 444/2221/441 1707/2292/1598 2843/2308/2546
f 2843/2308/2546 1707/2292/1598 455/2296/452 1688/2310/1579
f 1701/2309/1592 2843/2308/2546 1688/2310/1579 456/2268/453
f 452/2247/449 1674/2246/1565 2844/2311/2547 1703/2273/1594
f 1674/2246/1565 451/2229/448 1708/2299/1599 2844/2311/2547
f 2844/2311/2547 1708/2299/1599 462/2301/459 1695/2312/1586
f 1703/2273/1594 2844/2311/2547 1695/2312/1586 463/2274/460
f 459/2262/456 1691/2303/1582 2845/2313/2548 1719/2314/1610
f 1691/2303/1582 458/2284/455 1720/2315/1611 2845/2313/2548
f 2845/2313/2548 1720/2315/1611 469/2316/466 1712/2317/1603
f 1719/2314/1610 2845/2313/2548 1712/2317/1603 470/2318/467
f 366/2319/7 1966/2320/1857 2846/2321/2549 1968/2322/1859
f 465/2289/462 1721/2323/1612 2846/2321/2549 1966/2320/1857
f 476/2324/472 1968/2322/1859 2846/2321/2549 1721/2323/1612
f 456/2268/453 1688/2310/1579 2847/2325/2550 1722/2326/1613
f 1688/2310/1579 455/2296/452 1723/2327/1614 2847/2325/2550
f 2847/2325/2550 1723/2327/1614 466/2328/463 1709/2329/1600
f 1722/2326/1613 2847/2325/2550 1709/2329/1600 467/2330/464
f 463/2274/460 1695/2312/1586 2848/2331/2551 1724/2332/1615
f 1695/2312/1586 462/2301/459 1725/2333/1616 2848/2331/2551
f 2848/2331/2551 1725/2333/1616 473/2334/469 1716/2335/1607
f 1724/2332/1615 2848/2331/2551 1716/2335/1607 474/2336/470
f 460/2264/457 1692/2263/1583 2849/2337/2552 1726/2338/1617
f 1692/2263/1583 459/2262/456 1719/2314/1610 2849/2337/2552
f 2849/2337/2552 1719/2314/1610 470/2318/467 1713/2339/1604
f 1726/2338/1617 2849/2337/2552 1713/2339/1604 471/836/180
f 457/2270/454 1689/2269/1580 2850/2340/2553 1727/2341/1618
f 1689/2269/1580 456/2268/453 1722/2342/1613 2850/2340/2553
f 2850/2340/2553 1722/2342/1613 467/2330/464 1710/2343/1601
f 1727/2341/1618 2850/2340/2553 1710/2343/1601 468/873/465
f 464/2276/461 1696/2275/1587 2851/2344/2554 1728/2345/1619
f 1696/2275/1587 463/2274/460 1724/2332/1615 2851/2344/2554
f 2851/2344/2554 1724/2332/1615 474/2336/470 1717/2346/1608
f 1728/2345/1619 2851/2344/2554 1717/2346/1608 475/2347/471
f 461/2280/458 1693/2279/1584 2852/2348/2555 1729/2349/1620
f 1693/2279/1584 460/2264/457 1726/2338/1617 2852/2348/2555
f 2852/2348/2555 1726/2338/1617 471/836/180 1714/2350/1605
f 1729/2349/1620 2852/2348/2555 1714/2350/1605 472/2351/468
f 458/2284/455 1690/2283/1581 2853/2352/2556 1720/2315/1611
f 1690/2283/1581 457/2270/454 1727/2341/1618 2853/2352/2556
f 2853/2352/2556 1727/2341/1618 468/873/465 1711/2353/1602
f 1720/2315/1611 2853/2352/2556 1711/2353/1602 469/2316/466
f 465/2289/462 1697/2288/1588 2854/2354/2557 1721/2355/1612
f 1697/2288/1588 464/2276/461 1728/2356/1619 2854/2354/2557
f 2854/2354/2557 1728/2356/1619 475/2347/471 1718/2357/1609
f 1721/2355/1612 2854/2354/2557 1718/2357/1609 476/2324/472
f 455/2296/452 1965/2358/1856 2855/2359/2558 1723/2327/1614
f 363/2360/1 1967/2361/1858 2855/2359/2558 1965/2362/1856
f 466/2328/463 1723/2327/1614 2855/2359/2558 1967/2363/1858
f 462/2301/459 1694/2300/1585 2856/2364/2559 1725/2333/1616
f 1694/2300/1585 461/2280/458 1729/2349/1620 2856/2364/2559
f 2856/2364/2559 1729/2349/1620 472/2351/468 1715/2365/1606
f 1725/2333/1616 2856/2364/2559 1715/2365/1606 473/2334/469
f 472/2351/468 1714/2350/1605 2857/2366/2560 1740/2367/1631
f 1714/2350/1605 471/836/180 1741/2368/1632 2857/2366/2560
f 2857/2366/2560 1741/2368/1632 482/2369/478 1735/2370/1626
f 1740/2367/1631 2857/2366/2560 1735/2370/1626 483/2371/479
f 469/2316/466 1711/2353/1602 2858/2372/2561 1742/2373/1633
f 1711/2353/1602 468/873/465 1743/2374/1634 2858/2372/2561
f 2858/2372/2561 1743/2374/1634 479/2375/475 1732/2376/1623
f 1742/2373/1633 2858/2372/2561 1732/2376/1623 480/2377/476
f 476/2324/472 1718/2357/1609 2859/2378/2562 1744/2379/1635
f 1718/2357/1609 475/2347/471 1745/2380/1636 2859/2378/2562
f 2859/2378/2562 1745/2380/1636 486/2381/482 1739/2382/1630
f 1744/2379/1635 2859/2378/2562 1739/2382/1630 487/2383/483
f 466/2328/463 1967/2384/1858 2860/2385/2563 1746/2386/1637
f 363/2387/1 1969/2388/1860 2860/2385/2563 1967/2389/1858
f 477/2390/473 1746/2386/1637 2860/2385/2563 1969/2391/1860
f 473/2334/469 1715/2365/1606 2861/2392/2564 1747/2393/1638
f 1715/2365/1606 472/2351/468 1740/2367/1631 2861/2392/2564
f 2861/2392/2564 1740/2367/1631 483/2371/479 1736/2394/1627
f 1747/2393/1638 2861/2392/2564 1736/2394/1627 484/2395/480
f 470/2318/467 1712/2317/1603 2862/2396/2565 1748/2397/1639
f 1712/2317/1603 469/2316/466 1742/2373/1633 2862/2396/2565
f 2862/2396/2565 1742/2373/1633 480/2377/476 1733/2398/1624
f 1748/2397/1639 2862/2396/2565 1733/2398/1624 481/2399/477
f 366/2400/7 1968/2401/1859 2863/2402/2566 1970/2403/1861
f 476/2324/472 1744/2379/1635 2863/2402/2566 1968/2401/1859
f 487/2383/483 1970/2403/1861 2863/2402/2566 1744/2379/1635
f 467/2330/464 1709/2329/1600 2864/2404/2567 1749/2405/1640
f 1709/2329/1600 466/2328/463 1746/2386/1637 2864/2404/2567
f 2864/2404/2567 1746/2386/1637 477/2390/473 1730/2406/1621
f 1749/2405/1640 2864/2404/2567 1730/2406/1621 478/2407/474
f 474/2336/470 1716/2335/1607 2865/2408/2568 1750/2409/1641
f 1716/2335/1607 473/2334/469 1747/2393/1638 2865/2408/2568
f 2865/2408/2568 1747/2393/1638 484/2395/480 1737/2410/1628
f 1750/2409/1641 2865/2408/2568 1737/2410/1628 485/2411/481
f 471/836/180 1713/2339/1604 2866/2412/2569 1741/2368/1632
f 1713/2339/1604 470/2318/467 1748/2397/1639 2866/2412/2569
f 2866/2412/2569 1748/2397/1639 481/2399/477 1734/2413/1625
f 1741/2368/1632 2866/2412/2569 1734/2413/1625 482/2369/478
f 468/873/465 1710/2343/1601 2867/2414/2570 1743/2374/1634
f 1710/2343/1601 467/2330/464 1749/2415/1640 2867/2414/2570
f 2867/2414/2570 1749/2415/1640 478/2416/474 1731/2417/1622
f 1743/2374/1634 2867/2414/2570 1731/2417/1622 479/2375/475
f 475/2347/471 1717/2346/1608 2868/2418/2571 1745/2419/1636
f 1717/2346/1608 474/2336/470 1750/2409/1641 2868/2418/2571
f 2868/2418/2571 1750/2409/1641 485/2411/481 1738/2420/1629
f 1745/2419/1636 2868/2418/2571 1738/2420/1629 486/2421/482
f 482/2369/478 1734/2413/1625 2869/2422/2572 1761/2423/1652
f 1734/2413/1625 481/2399/477 1762/2424/1653 2869/2422/2572
f 2869/2422/2572 1762/2424/1653 492/2425/488 1755/2426/1646
f 1761/2423/1652 2869/2422/2572 1755/2426/1646 493/2427/489
f 479/2375/475 1731/2417/1622 2870/2428/2573 1763/2429/1654
f 1731/2417/1622 478/2416/474 1764/2430/1655 2870/2428/2573
f 2870/2428/2573 1764/2430/1655 489/2431/485 1752/2432/1643
f 1763/2429/1654 2870/2428/2573 1752/2432/1643 490/2433/486
f 486/2421/482 1738/2420/1629 2871/2434/2574 1765/2435/1656
f 1738/2420/1629 485/2411/481 1766/2436/1657 2871/2434/2574
f 2871/2434/2574 1766/2436/1657 496/2437/492 1759/2438/1650
f 1765/2435/1656 2871/2434/2574 1759/2438/1650 497/2439/493
f 483/2371/479 1735/2370/1626 2872/2440/2575 1767/2441/1658
f 1735/2370/1626 482/2369/478 1761/2423/1652 2872/2440/2575
f 2872/2440/2575 1761/2423/1652 493/2427/489 1756/2442/1647
f 1767/2441/1658 2872/2440/2575 1756/2442/1647 494/2443/490
f 480/2377/476 1732/2376/1623 2873/2444/2576 1768/2445/1659
f 1732/2376/1623 479/2375/475 1763/2429/1654 2873/2444/2576
f 2873/2444/2576 1763/2429/1654 490/2433/486 1753/2446/1644
f 1768/2445/1659 2873/2444/2576 1753/2446/1644 491/2447/487
f 487/2383/483 1739/2382/1630 2874/2448/2577 1769/2449/1660
f 1739/2382/1630 486/2381/482 1765/2450/1656 2874/2448/2577
f 2874/2448/2577 1765/2450/1656 497/2439/493 1760/2451/1651
f 1769/2449/1660 2874/2448/2577 1760/2451/1651 498/2452/494
f 477/2390/473 1969/2453/1860 2875/2454/2578 1770/2455/1661
f 363/2456/1 1971/2457/1862 2875/2454/2578 1969/2458/1860
f 488/2459/484 1770/2455/1661 2875/2454/2578 1971/2460/1862
f 484/2395/480 1736/2394/1627 2876/2461/2579 1771/2462/1662
f 1736/2394/1627 483/2371/479 1767/2441/1658 2876/2461/2579
f 2876/2461/2579 1767/2441/1658 494/2443/490 1757/2463/1648
f 1771/2462/1662 2876/2461/2579 1757/2463/1648 495/2464/491
f 481/2399/477 1733/2398/1624 2877/2465/2580 1762/2424/1653
f 1733/2398/1624 480/2377/476 1768/2445/1659 2877/2465/2580
f 2877/2465/2580 1768/2445/1659 491/2447/487 1754/2466/1645
f 1762/2424/1653 2877/2465/2580 1754/2466/1645 492/2425/488
f 366/2467/7 1970/2468/1861 2878/2469/2581 1972/2470/1863
f 487/2383/483 1769/2449/1660 2878/2469/2581 1970/2468/1861
f 498/2452/494 1972/2470/1863 2878/2469/2581 1769/2449/1660
f 478/2407/474 1730/2406/1621 2879/2471/2582 1764/2472/1655
f 1730/2406/1621 477/2390/473 1770/2455/1661 2879/2471/2582
f 2879/2471/2582 1770/2455/1661 488/2459/484 1751/2473/1642
f 1764/2472/1655 2879/2471/2582 1751/2473/1642 489/2431/485
f 485/2411/481 1737/2410/1628 2880/2474/2583 1766/2436/1657
f 1737/2410/1628 484/2395/480 1771/2462/1662 2880/2474/2583
f 2880/2474/2583 1771/2462/1662 495/2464/491 1758/2475/1649
f 1766/2436/1657 2880/2474/2583 1758/2475/1649 496/2437/492
f 495/2464/491 1757/2463/1648 2881/2476/2584 1782/2477/1673
f 1757/2463/1648 494/2443/490 1783/2478/1674 2881/2476/2584
f 2881/2476/2584 1783/2478/1674 505/2479/501 1778/2480/1669
f 1782/2477/1673 2881/2476/2584 1778/2480/1669 506/2481/502
f 492/2425/488 1754/2466/1645 2882/2482/2585 1784/2483/1675
f 1754/2466/1645 491/2447/487 1785/2484/1676 2882/2482/2585
f 2882/2482/2585 1785/2484/1676 502/2485/498 1775/2486/1666
f 1784/2483/1675 2882/2482/2585 1775/2486/1666 503/2487/499
f 366/2488/7 1972/2489/1863 2883/2490/2586 1974/2491/1865
f 498/2452/494 1786/2492/1677 2883/2490/2586 1972/2489/1863
f 509/2493/505 1974/2494/1865 2883/2490/2586 1786/2492/1677
f 489/2431/485 1751/2473/1642 2884/2495/2587 1787/2496/1678
f 1751/2473/1642 488/2459/484 1788/2497/1679 2884/2495/2587
f 2884/2495/2587 1788/2497/1679 499/2498/495 1772/2499/1663
f 1787/2496/1678 2884/2495/2587 1772/2499/1663 500/2500/496
f 496/2437/492 1758/2475/1649 2885/2501/2588 1789/2502/1680
f 1758/2475/1649 495/2464/491 1782/2477/1673 2885/2501/2588
f 2885/2501/2588 1782/2477/1673 506/2481/502 1779/2503/1670
f 1789/2502/1680 2885/2501/2588 1779/2503/1670 507/2504/503
f 493/2427/489 1755/2426/1646 2886/2505/2589 1790/1075/1681
f 1755/2426/1646 492/2425/488 1784/2483/1675 2886/2505/2589
f 2886/2505/2589 1784/2483/1675 503/2487/499 1776/2506/1667
f 1790/1075/1681 2886/2505/2589 1776/2506/1667 504/2507/500
f 490/2433/486 1752/2432/1643 2887/2508/2590 1791/2509/1682
f 1752/2432/1643 489/2431/485 1787/2510/1678 2887/2508/2590
f 2887/2508/2590 1787/2510/1678 500/2500/496 1773/2511/1664
f 1791/2509/1682 2887/2508/2590 1773/2511/1664 501/2512/497
f 497/2439/493 1759/2438/1650 2888/2513/2591 1792/2514/1683
f 1759/2438/1650 496/2437/492 1789/2502/1680 2888/2513/2591
f 2888/2513/2591 1789/2502/1680 507/2504/503 1780/2515/1671
f 1792/2514/1683 2888/2513/2591 1780/2515/1671 508/2516/504
f 494/2443/490 1756/2442/1647 2889/2517/2592 1783/2478/1674
f 1756/2442/1647 493/2427/489 1790/1075/1681 2889/2517/2592
f 2889/2517/2592 1790/1075/1681 504/2507/500 1777/2518/1668
f 1783/2478/1674 2889/2517/2592 1777/2518/1668 505/2479/501
f 491/2447/487 1753/2446/1644 2890/2519/2593 1785/2484/1676
f 1753/2446/1644 490/2433/486 1791/2509/1682 2890/2519/2593
f 2890/2519/2593 1791/2509/1682 501/2512/497 1774/2520/1665
f 1785/2484/1676 2890/2519/2593 1774/2520/1665 502/2485/498
f 498/2452/494 1760/2451/1651 2891/2521/2594 1786/2492/1677
f 1760/2451/1651 497/2439/493 1792/2514/1683 2891/2521/2594
f 2891/2521/2594 1792/2514/1683 508/2522/504 1781/2523/1672
f 1786/2492/1677 2891/2521/2594 1781/2523/1672 509/2493/505
f 488/2459/484 1971/2524/1862 2892/2525/2595 1788/2497/1679
f 363/2526/1 1973/2527/1864 2892/2525/2595 1971/2528/1862
f 499/2498/495 1788/2497/1679 2892/2525/2595 1973/2529/1864
f 505/2479/501 1777/2518/1668 2893/2530/2596 1803/2531/1694
f 1777/2518/1668 504/2507/500 1804/2532/1695 2893/2530/2596
f 2893/2530/2596 1804/2532/1695 515/2533/511 1798/2534/1689
f 1803/2531/1694 2893/2530/2596 1798/2534/1689 516/2535/512
f 502/2485/498 1774/2520/1665 2894/2536/2597 1805/2537/1696
f 1774/2520/1665 501/2512/497 1806/2538/1697 2894/2536/2597
f 2894/2536/2597 1806/2538/1697 512/2539/508 1795/2540/1686
f 1805/2537/1696 2894/2536/2597 1795/2540/1686 513/2541/509
f 509/2493/505 1781/2523/1672 2895/2542/2598 1807/2543/1698
f 1781/2523/1672 508/2522/504 1808/2544/1699 2895/2542/2598
f 2895/2542/2598 1808/2544/1699 519/2545/515 1802/2546/1693
f 1807/2543/1698 2895/2542/2598 1802/2546/1693 520/2547/516
f 499/2498/495 1973/2548/1864 2896/2549/2599 1809/2550/1700
f 363/2551/1 1975/2552/1866 2896/2549/2599 1973/2553/1864
f 510/2554/506 1809/2550/1700 2896/2549/2599 1975/2555/1866
f 506/2481/502 1778/2480/1669 2897/2556/2600 1810/2557/1701
f 1778/2480/1669 505/2479/501 1803/2531/1694 2897/2556/2600
f 2897/2556/2600 1803/2531/1694 516/2535/512 1799/2558/1690
f 1810/2557/1701 2897/2556/2600 1799/2558/1690 517/2559/513
f 503/2487/499 1775/2486/1666 2898/2560/2601 1811/2561/1702
f 1775/2486/1666 502/2485/498 1805/2537/1696 2898/2560/2601
f 2898/2560/2601 1805/2537/1696 513/2541/509 1796/2562/1687
f 1811/2561/1702 2898/2560/2601 1796/2562/1687 514/2563/510
f 366/2564/7 1974/2565/1865 2899/2566/2602 1976/2567/1867
f 509/2493/505 1807/2568/1698 2899/2566/2602 1974/2565/1865
f 520/2547/516 1976/2567/1867 2899/2566/2602 1807/2543/1698
f 500/2500/496 1772/2499/1663 2900/2569/2603 1812/2570/1703
f 1772/2499/1663 499/2498/495 1809/2550/1700 2900/2569/2603
f 2900/2569/2603 1809/2550/1700 510/2554/506 1793/2571/1684
f 1812/2570/1703 2900/2569/2603 1793/2571/1684 511/2572/507
f 507/2504/503 1779/2503/1670 2901/2573/2604 1813/2574/1704
f 1779/2503/1670 506/2481/502 1810/2557/1701 2901/2573/2604
f 2901/2573/2604 1810/2557/1701 517/2559/513 1800/2575/1691
f 1813/2574/1704 2901/2573/2604 1800/2575/1691 518/2576/514
f 504/2507/500 1776/2506/1667 2902/2577/2605 1804/2532/1695
f 1776/2506/1667 503/2487/499 1811/2561/1702 2902/2577/2605
f 2902/2577/2605 1811/2561/1702 514/2563/510 1797/2578/1688
f 1804/2532/1695 2902/2577/2605 1797/2578/1688 515/2533/511
f 501/2512/497 1773/2511/1664 2903/2579/2606 1806/2538/1697
f 1773/2511/1664 500/2500/496 1812/2580/1703 2903/2579/2606
f 2903/2579/2606 1812/2580/1703 511/2572/507 1794/2581/1685
f 1806/2538/1697 2903/2579/2606 1794/2581/1685 512/2539/508
f 508/2516/504 1780/2515/1671 2904/2582/2607 1808/2583/1699
f 1780/2515/1671 507/2504/503 1813/2574/1704 2904/2582/2607
f 2904/2582/2607 1813/2574/1704 518/2576/514 1801/2584/1692
f 1808/2583/1699 2904/2582/2607 1801/2584/1692 519/2545/515
f 518/2576/514 1800/2585/1691 2905/2586/2608 1824/2587/1715
f 1800/2585/1691 517/2588/513 1825/2589/1716 2905/2586/2608
f 2905/2586/2608 1825/2589/1716 528/2590/523 1821/2591/1712
f 1824/2587/1715 2905/2586/2608 1821/2591/1712 529/2592/524
f 515/2593/511 1797/2594/1688 2906/2595/2609 1826/2596/1717
f 1797/2594/1688 514/2597/510 1827/2598/1718 2906/2595/2609
f 2906/2595/2609 1827/2598/1718 525/2599/521 1818/2600/1709
f 1826/2596/1717 2906/2595/2609 1818/2600/1709 526/1262/270
f 512/2601/508 1794/2602/1685 2907/2603/2610 1828/2604/1719
f 1794/2602/1685 511/2572/507 1829/2605/1720 2907/2603/2610
f 2907/2603/2610 1829/2605/1720 522/2606/518 1815/2607/1706
f 1828/2604/1719 2907/2603/2610 1815/2607/1706 523/2608/519
f 519/2545/515 1801/2609/1692 2908/2610/2611 1830/2611/1721
f 1801/2609/1692 518/2576/514 1824/2587/1715 2908/2610/2611
f 2908/2610/2611 1824/2587/1715 529/2592/524 1822/2612/1713
f 1830/2611/1721 2908/2610/2611 1822/2612/1713 530/2613/525
f 516/2535/512 1798/2614/1689 2909/2615/2612 1831/2616/1722
f 1798/2614/1689 515/2593/511 1826/2596/1717 2909/2615/2612
f 2909/2615/2612 1826/2596/1717 526/1262/270 1819/2617/1710
f 1831/2616/1722 2909/2615/2612 1819/2617/1710 527/2618/522
f 513/2619/509 1795/2620/1686 2910/2621/2613 1832/2622/1723
f 1795/2620/1686 512/2601/508 1828/2604/1719 2910/2621/2613
f 2910/2621/2613 1828/2604/1719 523/2608/519 1816/2623/1707
f 1832/2622/1723 2910/2621/2613 1816/2623/1707 524/2624/520
f 520/2547/516 1802/2546/1693 2911/2625/2614 1833/2626/1724
f 1802/2546/1693 519/2545/515 1830/2611/1721 2911/2625/2614
f 2911/2625/2614 1830/2611/1721 530/2613/525 1823/2627/1714
f 1833/2626/1724 2911/2625/2614 1823/2627/1714 531/2628/526
f 510/2554/506 1975/2629/1866 2912/2630/2615 1834/2631/1725
f 363/2632/1 1977/2633/1868 2912/2630/2615 1975/2634/1866
f 521/2635/517 1834/2636/1725 2912/2630/2615 1977/2637/1868
f 517/2588/513 1799/2558/1690 2913/2638/2616 1825/2589/1716
f 1799/2558/1690 516/2535/512 1831/2616/1722 2913/2638/2616
f 2913/2638/2616 1831/2616/1722 527/2618/522 1820/2639/1711
f 1825/2589/1716 2913/2638/2616 1820/2639/1711 528/2590/523
f 514/2597/510 1796/2640/1687 2914/2641/2617 1827/2598/1718
f 1796/2640/1687 513/2619/509 1832/2622/1723 2914/2641/2617
f 2914/2641/2617 1832/2622/1723 524/2624/520 1817/1313/1708
f 1827/2598/1718 2914/2641/2617 1817/1313/1708 525/2599/521
f 366/2642/7 1976/2643/1867 2915/2644/2618 1978/2645/1869
f 520/2547/516 1833/2646/1724 2915/2644/2618 1976/2643/1867
f 531/2628/526 1978/2645/1869 2915/2644/2618 1833/2646/1724
f 511/2572/507 1793/2571/1684 2916/2647/2619 1829/2605/1720
f 1793/2571/1684 510/2554/506 1834/2631/1725 2916/2647/2619
f 2916/2647/2619 1834/2631/1725 521/2635/517 1814/2648/1705
f 1829/2605/1720 2916/2647/2619 1814/2648/1705 522/2606/518
f 521/2649/517 1977/2650/1868 2917/2651/2620 1845/2652/1736
f 363/2653/1 1979/2654/1870 2917/2651/2620 1977/2655/1868
f 532/2656/527 1845/2657/1736 2917/2651/2620 1979/2658/1870
f 528/2659/523 1820/2660/1711 2918/2661/2621 1846/2662/1737
f 1820/2660/1711 527/2663/522 1847/2664/1738 2918/2661/2621
f 2918/2661/2621 1847/2664/1738 538/2665/533 1841/2666/1732
f 1846/2662/1737 2918/2661/2621 1841/2666/1732 539/2667/534
f 525/2668/521 1817/2669/1708 2919/2670/2622 1848/2671/1739
f 1817/2669/1708 524/2672/520 1849/2673/1740 2919/2670/2622
f 2919/2670/2622 1849/2673/1740 535/2674/530 1838/2675/1729
f 1848/2671/1739 2919/2670/2622 1838/2675/1729 536/2676/531
f 366/2677/7 1978/2678/1869 2920/2679/2623 1980/2680/1871
f 531/2681/526 1850/2682/1741 2920/2679/2623 1978/2678/1869
f 542/2683/537 1980/2680/1871 2920/2679/2623 1850/2684/1741
f 522/2685/518 1814/2686/1705 2921/2687/2624 1851/2688/1742
f 1814/2686/1705 521/2649/517 1845/2652/1736 2921/2687/2624
f 2921/2687/2624 1845/2652/1736 532/2656/527 1835/2689/1726
f 1851/2688/1742 2921/2687/2624 1835/2689/1726 533/2690/528
f 529/2691/524 1821/2692/1712 2922/2693/2625 1852/2694/1743
f 1821/2692/1712 528/2659/523 1846/2662/1737 2922/2693/2625
f 2922/2693/2625 1846/2662/1737 539/2667/534 1842/2695/1733
f 1852/2694/1743 2922/2693/2625 1842/2695/1733 540/2696/535
f 526/1371/270 1818/2697/1709 2923/2698/2626 1853/2699/1744
f 1818/2697/1709 525/2668/521 1848/2671/1739 2923/2698/2626
f 2923/2698/2626 1848/2671/1739 536/2676/531 1839/2700/1730
f 1853/2699/1744 2923/2698/2626 1839/2700/1730 537/2701/532
f 523/2702/519 1815/2703/1706 2924/2704/2627 1854/2705/1745
f 1815/2703/1706 522/2685/518 1851/2688/1742 2924/2704/2627
f 2924/2704/2627 1851/2688/1742 533/2690/528 1836/2706/1727
f 1854/2705/1745 2924/2704/2627 1836/2706/1727 534/2707/529
f 530/2708/525 1822/2709/1713 2925/2710/2628 1855/2711/1746
f 1822/2709/1713 529/2691/524 1852/2694/1743 2925/2710/2628
f 2925/2710/2628 1852/2694/1743 540/2696/535 1843/2712/1734
f 1855/2711/1746 2925/2710/2628 1843/2712/1734 541/2713/536
f 527/2663/522 1819/2714/1710 2926/2715/2629 1847/2664/1738
f 1819/2714/1710 526/1371/270 1853/2699/1744 2926/2715/2629
f 2926/2715/2629 1853/2699/1744 537/2701/532 1840/2716/1731
f 1847/2664/1738 2926/2715/2629 1840/2716/1731 538/2665/533
f 524/2672/520 1816/2717/1707 2927/2718/2630 1849/2673/1740
f 1816/2717/1707 523/2702/519 1854/2705/1745 2927/2718/2630
f 2927/2718/2630 1854/2705/1745 534/2707/529 1837/2719/1728
f 1849/2673/1740 2927/2718/2630 1837/2719/1728 535/2674/530
f 531/2681/526 1823/2720/1714 2928/2721/2631 1850/2722/1741
f 1823/2720/1714 530/2708/525 1855/2711/1746 2928/2721/2631
f 2928/2721/2631 1855/2711/1746 541/2713/536 1844/2723/1735
f 1850/2722/1741 2928/2721/2631 1844/2723/1735 542/2683/537
f 541/2713/536 1843/2724/1734 2929/2725/2632 1866/2726/1757
f 1843/2724/1734 540/2696/535 1867/2727/1758 2929/2725/2632
f 2929/2725/2632 1867/2727/1758 551/2728/546 1864/2729/1755
f 1866/2726/1757 2929/2725/2632 1864/2729/1755 552/2730/547
f 538/2731/533 1840/2732/1731 2930/2733/2633 1868/2734/1759
f 1840/2732/1731 537/2735/532 1869/2736/1760 2930/2733/2633
f 2930/2733/2633 1869/2736/1760 548/2737/543 1861/2738/1752
f 1868/2734/1759 2930/2733/2633 1861/2738/1752 549/2739/544
f 535/2740/530 1837/2741/1728 2931/2742/2634 1870/2743/1761
f 1837/2741/1728 534/2707/529 1871/2744/1762 2931/2742/2634
f 2931/2742/2634 1871/2744/1762 545/2745/540 1858/2746/1749
f 1870/2743/1761 2931/2742/2634 1858/2746/1749 546/2747/541
f 542/2683/537 1844/2723/1735 2932/2748/2635 1872/2749/1763
f 1844/2723/1735 541/2713/536 1866/2750/1757 2932/2748/2635
f 2932/2748/2635 1866/2750/1757 552/2730/547 1865/2751/1756
f 1872/2749/1763 2932/2748/2635 1865/2751/1756 553/2752/548
f 532/2656/527 1979/2753/1870 2933/2754/2636 1873/2755/1764
f 363/2756/1 1981/2757/1872 2933/2754/2636 1979/2758/1870
f 543/2759/538 1873/2760/1764 2933/2754/2636 1981/2761/1872
f 539/2762/534 1841/2763/1732 2934/2764/2637 1874/2765/1765
f 1841/2763/1732 538/2731/533 1868/2734/1759 2934/2764/2637
f 2934/2764/2637 1868/2734/1759 549/2739/544 1862/2766/1753
f 1874/2765/1765 2934/2764/2637 1862/2766/1753 550/2767/545
f 536/2768/531 1838/2769/1729 2935/2770/2638 1875/2771/1766
f 1838/2769/1729 535/2740/530 1870/2743/1761 2935/2770/2638
f 2935/2770/2638 1870/2743/1761 546/2747/541 1859/2772/1750
f 1875/2771/1766 2935/2770/2638 1859/2772/1750 547/2773/542
f 366/2774/7 1980/2775/1871 2936/2776/2639 1982/2777/1873
f 542/2683/537 1872/2749/1763 2936/2776/2639 1980/2775/1871
f 553/2752/548 1982/2777/1873 2936/2776/2639 1872/2778/1763
f 533/2690/528 1835/2689/1726 2937/2779/2640 1876/2780/1767
f 1835/2689/1726 532/2656/527 1873/2755/1764 2937/2779/2640
f 2937/2779/2640 1873/2755/1764 543/2759/538 1856/2781/1747
f 1876/2780/1767 2937/2779/2640 1856/2781/1747 544/2782/539
f 540/2696/535 1842/2783/1733 2938/2784/2641 1867/2727/1758
f 1842/2783/1733 539/2762/534 1874/2765/1765 2938/2784/2641
f 2938/2784/2641 1874/2765/1765 550/2767/545 1863/2785/1754
f 1867/2727/1758 2938/2784/2641 1863/2785/1754 551/2728/546
f 537/2735/532 1839/2786/1730 2939/2787/2642 1869/2736/1760
f 1839/2786/1730 536/2768/531 1875/2771/1766 2939/2787/2642
f 2939/2787/2642 1875/2771/1766 547/2773/542 1860/2788/1751
f 1869/2736/1760 2939/2787/2642 1860/2788/1751 548/2737/543
f 534/2707/529 1836/2789/1727 2940/2790/2643 1871/2744/1762
f 1836/2789/1727 533/2690/528 1876/2791/1767 2940/2790/2643
f 2940/2790/2643 1876/2791/1767 544/2782/539 1857/2792/1748
f 1871/2744/1762 2940/2790/2643 1857/2792/1748 545/2745/540
f 544/2782/539 1856/2781/1747 2941/2793/2644 1887/2794/1778
f 1856/2781/1747 543/2759/538 1888/2795/1779 2941/2793/2644
f 2941/2793/2644 1888/2795/1779 554/2796/549 1877/2797/1768
f 1887/2794/1778 2941/2793/2644 1877/2797/1768 555/2798/550
f 551/2728/546 1863/2785/1754 2942/2799/2645 1889/2800/1780
f 1863/2785/1754 550/2767/545 1890/2801/1781 2942/2799/2645
f 2942/2799/2645 1890/2801/1781 561/2802/556 1884/2803/1775
f 1889/2800/1780 2942/2799/2645 1884/2803/1775 562/2804/557
f 548/2737/543 1860/2788/1751 2943/2805/2646 1891/2806/1782
f 1860/2788/1751 547/2773/542 1892/2807/1783 2943/2805/2646
f 2943/2805/2646 1892/2807/1783 558/2808/553 1881/2809/1772
f 1891/2806/1782 2943/2805/2646 1881/2809/1772 559/2810/554
f 545/2745/540 1857/2792/1748 2944/2811/2647 1893/2812/1784
f 1857/2792/1748 544/2782/539 1887/2813/1778 2944/2811/2647
f 2944/2811/2647 1887/2813/1778 555/2798/550 1878/2814/1769
f 1893/2812/1784 2944/2811/2647 1878/2814/1769 556/2815/551
f 552/2730/547 1864/2729/1755 2945/2816/2648 1894/2817/1785
f 1864/2729/1755 551/2728/546 1889/2800/1780 2945/2816/2648
f 2945/2816/2648 1889/2800/1780 562/2804/557 1885/2818/1776
f 1894/2817/1785 2945/2816/2648 1885/2818/1776 563/2819/558
f 549/2739/544 1861/2738/1752 2946/2820/2649 1895/2821/1786
f 1861/2738/1752 548/2737/543 1891/2806/1782 2946/2820/2649
f 2946/2820/2649 1891/2806/1782 559/2810/554 1882/2822/1773
f 1895/2821/1786 2946/2820/2649 1882/2822/1773 560/2823/555
f 546/2747/541 1858/2746/1749 2947/2824/2650 1896/2825/1787
f 1858/2746/1749 545/2745/540 1893/2812/1784 2947/2824/2650
f 2947/2824/2650 1893/2812/1784 556/2815/551 1879/2826/1770
f 1896/2825/1787 2947/2824/2650 1879/2826/1770 557/2827/552
f 553/2752/548 1865/2751/1756 2948/2828/2651 1897/2829/1788
f 1865/2751/1756 552/2730/547 1894/2817/1785 2948/2828/2651
f 2948/2828/2651 1894/2817/1785 563/2819/558 1886/2830/1777
f 1897/2829/1788 2948/2828/2651 1886/2830/1777 564/2831/559
f 543/2759/538 1981/2832/1872 2949/2833/2652 1888/2795/1779
f 363/2834/1 1983/2835/1874 2949/2833/2652 1981/2836/1872
f 554/2796/549 1888/2795/1779 2949/2833/2652 1983/2837/1874
f 550/2767/545 1862/2766/1753 2950/2838/2653 1890/2801/1781
f 1862/2766/1753 549/2739/544 1895/2821/1786 2950/2838/2653
f 2950/2838/2653 1895/2821/1786 560/2823/555 1883/2839/1774
f 1890/2801/1781 2950/2838/2653 1883/2839/1774 561/2802/556
f 547/2773/542 1859/2772/1750 2951/2840/2654 1892/2807/1783
f 1859/2772/1750 546/2747/541 1896/2825/1787 2951/2840/2654
f 2951/2840/2654 1896/2825/1787 557/2827/552 1880/2841/1771
f 1892/2807/1783 2951/2840/2654 1880/2841/1771 558/2808/553
f 366/2842/7 1982/2843/1873 2952/2844/2655 1984/2845/1875
f 553/2752/548 1897/2829/1788 2952/2844/2655 1982/2843/1873
f 564/2831/559 1984/2845/1875 2952/2844/2655 1897/2829/1788
f 564/2831/559 1886/2830/1777 2953/2846/2656 1908/2847/1799
f 1886/2830/1777 563/2819/558 1909/2848/1800 2953/2846/2656
f 2953/2846/2656 1909/2848/1800 574/2849/569 1907/2850/1798
f 1908/2847/1799 2953/2846/2656 1907/2850/1798 575/2851/570
f 554/2796/549 1983/2852/1874 2954/2853/2657 1910/2854/1801
f 363/2855/1 1985/2856/1876 2954/2853/2657 1983/2857/1874
f 565/2858/560 1910/2854/1801 2954/2853/2657 1985/2859/1876
f 561/2802/556 1883/2839/1774 2955/2860/2658 1911/2861/1802
f 1883/2839/1774 560/2823/555 1912/2862/1803 2955/2860/2658
f 2955/2860/2658 1912/2862/1803 571/2863/566 1904/2864/1795
f 1911/2861/1802 2955/2860/2658 1904/2864/1795 572/2865/567
f 558/2808/553 1880/2841/1771 2956/2866/2659 1913/2867/1804
f 1880/2841/1771 557/2827/552 1914/2868/1805 2956/2866/2659
f 2956/2866/2659 1914/2868/1805 568/2869/563 1901/2870/1792
f 1913/2867/1804 2956/2866/2659 1901/2870/1792 569/2871/564
f 366/2872/7 1984/2873/1875 2957/2874/2660 1986/2875/1877
f 564/2831/559 1908/2847/1799 2957/2874/2660 1984/2873/1875
f 575/2851/570 1986/2875/1877 2957/2874/2660 1908/2876/1799
f 555/2798/550 1877/2797/1768 2958/2877/2661 1915/2878/1806
f 1877/2797/1768 554/2796/549 1910/2854/1801 2958/2877/2661
f 2958/2877/2661 1910/2854/1801 565/2858/560 1898/2879/1789
f 1915/2878/1806 2958/2877/2661 1898/2879/1789 566/2880/561
f 562/2804/557 1884/2803/1775 2959/2881/2662 1916/2882/1807
f 1884/2803/1775 561/2802/556 1911/2861/1802 2959/2881/2662
f 2959/2881/2662 1911/2861/1802 572/2865/567 1905/2883/1796
f 1916/2882/1807 2959/2881/2662 1905/2883/1796 573/2884/568
f 559/2810/554 1881/2809/1772 2960/2885/2663 1917/2886/1808
f 1881/2809/1772 558/2808/553 1913/2867/1804 2960/2885/2663
f 2960/2885/2663 1913/2867/1804 569/2871/564 1902/2887/1793
f 1917/2886/1808 2960/2885/2663 1902/2887/1793 570/2888/565
f 556/2815/551 1878/2814/1769 2961/2889/2664 1918/2890/1809
f 1878/2814/1769 555/2798/550 1915/2891/1806 2961/2889/2664
f 2961/2889/2664 1915/2891/1806 566/2892/561 1899/2893/1790
f 1918/2890/1809 2961/2889/2664 1899/2893/1790 567/2894/562
f 563/2819/558 1885/2818/1776 2962/2895/2665 1909/2896/1800
f 1885/2818/1776 562/2804/557 1916/2882/1807 2962/2895/2665
f 2962/2895/2665 1916/2882/1807 573/2884/568 1906/2897/1797
f 1909/2896/1800 2962/2895/2665 1906/2897/1797 574/2849/569
f 560/2823/555 1882/2822/1773 2963/2898/2666 1912/2862/1803
f 1882/2822/1773 559/2810/554 1917/2886/1808 2963/2898/2666
f 2963/2898/2666 1917/2886/1808 570/2888/565 1903/2899/1794
f 1912/2862/1803 2963/2898/2666 1903/2899/1794 571/2863/566
f 557/2827/552 1879/2826/1770 2964/2900/2667 1914/2868/1805
f 1879/2826/1770 556/2815/551 1918/2890/1809 2964/2900/2667
f 2964/2900/2667 1918/2890/1809 567/2894/562 1900/2901/1791
f 1914/2868/1805 2964/2900/2667 1900/2901/1791 568/2869/563
f 567/2894/562 1899/2893/1790 2965/2902/2668 1925/2903/1816
f 1899/2893/1790 566/2892/561 1926/2904/1817 2965/2902/2668
f 2965/2902/2668 1926/2904/1817 577/1793/572 1920/1790/1811
f 1925/2903/1816 2965/2902/2668 1920/1790/1811 578/1789/573
f 574/2849/569 1906/2897/1797 2966/2905/2669 1927/2906/1818
f 1906/2897/1797 573/2884/568 1928/2907/1819 2966/2905/2669
f 2966/2905/2669 1928/2907/1819 582/1802/576 1923/1799/1814
f 1927/2906/1818 2966/2905/2669 1923/1799/1814 583/1798/577
f 571/2863/566 1903/2899/1794 2967/2908/2670 1987/2909/1878
f 1903/2899/1794 570/2888/565 1929/2910/1820 2967/2908/2670
f 2967/2908/2670 1929/2910/1820 580/1780/358 1937/1808/1828
f 1987/2909/1878 2967/2908/2670 1937/1808/1828 365/1807/364
f 568/2869/563 1900/2901/1791 2968/2911/2671 1930/2912/1821
f 1900/2901/1791 567/2894/562 1925/2903/1816 2968/2911/2671
f 2968/2911/2671 1925/2903/1816 578/1789/573 1921/1814/1812
f 1930/2912/1821 2968/2911/2671 1921/1814/1812 579/1813/574
f 575/2851/570 1907/2850/1798 2969/2913/2672 1931/2914/1822
f 1907/2850/1798 574/2849/569 1927/2915/1818 2969/2913/2672
f 2969/2913/2672 1927/2915/1818 583/1823/577 1924/1820/1815
f 1931/2914/1822 2969/2913/2672 1924/1820/1815 584/1819/578
f 565/2858/560 1985/2916/1876 2970/2917/2673 1932/2918/1823
f 363/2919/1 1934/2920/1825 2970/2917/2673 1985/2921/1876
f 576/1828/571 1932/2918/1823 2970/2917/2673 1934/2922/1825
f 572/2865/567 1904/2864/1795 2971/2923/2674 1933/2924/1824
f 1904/2864/1795 571/2863/566 1987/2909/1878 2971/2923/2674
f 2971/2923/2674 1987/2909/1878 365/1807/364 1938/1838/1829
f 1933/2924/1824 2971/2923/2674 1938/1838/1829 581/1837/575
f 569/2871/564 1901/2870/1792 2972/2925/2675 1988/2926/1879
f 1901/2870/1792 568/2869/563 1930/2912/1821 2972/2925/2675
f 2972/2925/2675 1930/2912/1821 579/1813/574 1935/1843/1826
f 1988/2926/1879 2972/2925/2675 1935/1843/1826 364/1784/363
f 366/2927/7 1986/2928/1877 2973/2929/2676 1939/2930/1830
f 575/2851/570 1931/2914/1822 2973/2929/2676 1986/2928/1877
f 584/1819/578 1939/2931/1830 2973/2929/2676 1931/2932/1822
f 566/2880/561 1898/2879/1789 2974/2933/2677 1926/2934/1817
f 1898/2879/1789 565/2858/560 1932/2918/1823 2974/2933/2677
f 2974/2933/2677 1932/2918/1823 576/1828/571 1919/1851/1810
f 1926/2934/1817 2974/2933/2677 1919/1851/1810 577/1850/572
f 573/2884/568 1905/2883/1796 2975/2935/2678 1928/2907/1819
f 1905/2883/1796 572/2865/567 1933/2924/1824 2975/2935/2678
f 2975/2935/2678 1933/2924/1824 581/1837/575 1922/1856/1813
f 1928/2907/1819 2975/2935/2678 1922/1856/1813 582/1802/576
f 570/2888/565 1902/2887/1793 2976/2936/2679 1929/2910/1820
f 1902/2887/1793 569/2871/564 1988/2926/1879 2976/2936/2679
f 2976/2936/2679 1988/2926/1879 364/1784/363 1936/1781/1827
f 1929/2910/1820 2976/2936/2679 1936/1781/1827 580/1780/358
f 585/2937/579 1991/2938/358 2977/2939/2680 1989/1376/1880
f 1991/2938/358 586/2940/580 1990/2941/1881 2977/2939/2680
f 2977/2939/2680 1990/2941/1881 588/2942/582 1992/2943/1882
f 1989/1376/1880 2977/2939/2680 1992/2943/1882 587/2944/581
f 587/2944/581 1992/2943/1882 2978/2945/2681 1993/1552/1883
f 1992/2943/1882 588/2942/582 1994/2834/1884 2978/2945/2681
f 2978/2945/2681 1994/2834/1884 590/2946/584 1995/2947/1885
f 1993/1552/1883 2978/2945/2681 1995/2947/1885 589/2948/583
f 589/2948/583 1995/2947/1885 2979/2949/2682 1996/2950/1886
f 1995/2947/1885 590/2946/584 1997/2951/1887 2979/2949/2682
f 2979/2949/2682 1997/2951/1887 592/2952/586 1998/2953/90
f 1996/2950/1886 2979/2949/2682 1998/2953/90 591/2954/585
f 591/2954/585 1998/2953/90 2980/2955/2683 1999/2956/1888
f 1998/2953/90 592/2952/586 2000/2957/1889 2980/2955/2683
f 2980/2955/2683 2000/2957/1889 594/2958/588 2001/2959/1890
f 1999/2956/1888 2980/2955/2683 2001/2959/1890 593/2960/587
f 593/2960/587 2001/2959/1890 2981/2961/2684 2002/2962/1891
f 2001/2959/1890 594/2958/588 2003/2963/1892 2981/2961/2684
f 2981/2961/2684 2003/2963/1892 596/2964/590 2004/2965/1893
f 2002/2962/1891 2981/2961/2684 2004/2965/1893 595/2966/589
f 595/2966/589 2004/2965/1893 2982/2967/2685 2005/2968/1894
f 2004/2965/1893 596/2964/590 2006/2969/1895 2982/2967/2685
f 2982/2967/2685 2006/2969/1895 598/2970/592 2007/2971/180
f 2005/2968/1894 2982/2967/2685 2007/2971/180 597/2972/591
f 597/2972/591 2007/2971/180 2983/2973/2686 2008/2974/1896
f 2007/2971/180 598/2970/592 2009/2975/1897 2983/2973/2686
f 2983/2973/2686 2009/2975/1897 600/2976/594 2010/2977/1898
f 2008/2974/1896 2983/2973/2686 2010/2977/1898 599/2978/593
f 599/2978/593 2010/2977/1898 2984/2979/2687 2011/2980/1899
f 2010/2977/1898 600/2976/594 2012/2981/1900 2984/2979/2687
f 2984/2979/2687 2012/2981/1900 602/2982/596 2013/2983/1901
f 2011/2980/1899 2984/2979/2687 2013/2983/1901 601/2984/595
f 601/2984/595 2013/2983/1901 2985/2985/2688 2014/2986/1902
f 2013/2983/1901 602/2982/596 2015/2987/1903 2985/2985/2688
f 2985/2985/2688 2015/2987/1903 604/2988/598 2016/2989/270
f 2014/2986/1902 2985/2985/2688 2016/2989/270 603/2990/597
f 603/2990/597 2016/2989/270 2986/2991/2689 2017/2992/1904
f 2016/2989/270 604/2988/598 2018/2993/1905 2986/2991/2689
f 2986/2991/2689 2018/2993/1905 606/2994/600 2019/2995/1906
f 2017/2992/1904 2986/2991/2689 2019/2995/1906 605/2996/599
f 588/2997/582 1990/2998/1881 2987/877/1 1994/2999/1884
f 586/3000/580 2024/3001/1911 2987/877/1 1990/3002/1881
f 608/3003/602 2021/3004/1908 2987/877/1 2024/3001/1911
f 606/3005/600 2018/3006/1905 2987/877/1 2021/3007/1908
f 604/3008/598 2015/3009/1903 2987/877/1 2018/3010/1905
f 602/3011/596 2012/3012/1900 2987/877/1 2015/3009/1903
f 600/3013/594 2009/3014/1897 2987/877/1 2012/3015/1900
f 598/3016/592 2006/3017/1895 2987/877/1 2009/3014/1897
f 596/3018/590 2003/3019/1892 2987/877/1 2006/3020/1895
f 594/3021/588 2000/3022/1889 2987/877/1 2003/3023/1892
f 592/3024/586 1997/3025/1887 2987/877/1 2000/3022/1889
f 590/3026/584 1994/2999/1884 2987/877/1 1997/3027/1887
f 605/2996/599 2019/2995/1906 2988/3028/2690 2020/3029/1907
f 2019/2995/1906 606/2994/600 2021/3030/1908 2988/3028/2690
f 2988/3028/2690 2021/3030/1908 608/3031/602 2022/3032/1909
f 2020/3029/1907 2988/3028/2690 2022/3032/1909 607/3033/601
f 607/3033/601 2022/3032/1909 2989/3034/2691 2023/3035/1910
f 2022/3032/1909 608/3031/602 2024/3036/1911 2989/3034/2691
f 2989/3034/2691 2024/3036/1911 586/3037/580 1991/3038/358
f 2023/3035/1910 2989/3034/2691 1991/3038/358 585/3039/579
f 585/3040/579 1989/3041/1880 2990/3042/7 2023/3043/1910
f 587/3044/581 1993/3045/1883 2990/3042/7 1989/3041/1880
f 589/3046/583 1996/3047/1886 2990/3042/7 1993/3045/1883
f 591/3048/585 1999/3049/1888 2990/3042/7 1996/3050/1886
f 593/3051/587 2002/3052/1891 2990/3042/7 1999/3049/1888
f 595/3053/589 2005/3054/1894 2990/3042/7 2002/3055/1891
f 597/3056/591 2008/3057/1896 2990/3042/7 2005/3054/1894
f 599/3058/593 2011/3059/1899 2990/3042/7 2008/3060/1896
f 601/3061/595 2014/3062/1902 2990/3042/7 2011/3063/1899
f 603/3064/597 2017/3065/1904 2990/3042/7 2014/3062/1902
f 605/3066/599 2020/3067/1907 2990/3042/7 2017/3068/1904
f 607/3069/601 2023/3070/1910 2990/3042/7 2020/3067/1907
f 609/2937/579 2027/2938/358 2991/2939/2680 2025/1376/1880
f 2027/2938/358 610/2940/580 2026/2941/1881 2991/2939/2680
f 2991/2939/2680 2026/2941/1881 612/2942/582 2028/2943/1882
f 2025/1376/1880 2991/2939/2680 2028/2943/1882 611/2944/581
f 611/2944/581 2028/2943/1882 2992/2945/2681 2029/1552/1883
f 2028/2943/1882 612/2942/582 2030/2834/1884 2992/2945/2681
f 2992/2945/2681 2030/2834/1884 614/2946/584 2031/2947/1885
f 2029/1552/1883 2992/2945/2681 2031/2947/1885 613/2948/583
f 613/2948/583 2031/2947/1885 2993/2949/2682 2032/2950/1886
f 2031/2947/1885 614/2946/584 2033/2951/1887 2993/2949/2682
f 2993/2949/2682 2033/2951/1887 616/2952/586 2034/2953/90
f 2032/2950/1886 2993/2949/2682 2034/2953/90 615/2954/585
f 615/2954/585 2034/2953/90 2994/2955/2683 2035/2956/1888
f 2034/2953/90 616/2952/586 2036/2957/1889 2994/2955/2683
f 2994/2955/2683 2036/2957/1889 618/2958/588 2037/2959/1890
f 2035/2956/1888 2994/2955/2683 2037/2959/1890 617/2960/587
f 617/2960/587 2037/2959/1890 2995/2961/2684 2038/2962/1891
f 2037/2959/1890 618/2958/588 2039/2963/1892 2995/2961/2684
f 2995/2961/2684 2039/2963/1892 620/2964/590 2040/2965/1893
f 2038/2962/1891 2995/2961/2684 2040/2965/1893 619/2966/589
f 619/2966/589 2040/2965/1893 2996/2967/2685 2041/2968/1894
f 2040/2965/1893 620/2964/590 2042/2969/1895 2996/2967/2685
f 2996/2967/2685 2042/2969/1895 622/2970/592 2043/2971/180
f 2041/2968/1894 2996/2967/2685 2043/2971/180 621/2972/591
f 621/2972/591 2043/2971/180 2997/2973/2686 2044/2974/1896
f 2043/2971/180 622/2970/592 2045/2975/1897 2997/2973/2686
f 2997/2973/2686 2045/2975/1897 624/2976/594 2046/2977/1898
f 2044/2974/1896 2997/2973/2686 2046/2977/1898 623/2978/593
f 623/2978/593 2046/2977/1898 2998/2979/2687 2047/2980/1899
f 2046/2977/1898 624/2976/594 2048/2981/1900 2998/2979/2687
f 2998/2979/2687 2048/2981/1900 626/2982/596 2049/2983/1901
f 2047/2980/1899 2998/2979/2687 2049/2983/1901 625/2984/595
f 625/2984/595 2049/2983/1901 2999/2985/2688 2050/2986/1902
f 2049/2983/1901 626/2982/596 2051/2987/1903 2999/2985/2688
f 2999/2985/2688 2051/2987/1903 628/2988/598 2052/2989/270
f 2050/2986/1902 2999/2985/2688 2052/2989/270 627/2990/597
f 627/2990/597 2052/2989/270 3000/2991/2689 2053/2992/1904
f 2052/2989/270 628/2988/598 2054/2993/1905 3000/2991/2689
f 3000/2991/2689 2054/2993/1905 630/2994/600 2055/2995/1906
f 2053/2992/1904 3000/2991/2689 2055/2995/1906 629/2996/599
f 612/2997/582 2026/2998/1881 3001/877/1 2030/2999/1884
f 610/3000/580 2060/3001/1911 3001/877/1 2026/3002/1881
f 632/3003/602 2057/3004/1908 3001/877/1 2060/3001/1911
f 630/3005/600 2054/3006/1905 3001/877/1 2057/3007/1908
f 628/3008/598 2051/3009/1903 3001/877/1 2054/3010/1905
f 626/3011/596 2048/3012/1900 3001/877/1 2051/3009/1903
f 624/3013/594 2045/3014/1897 3001/877/1 2048/3015/1900
f 622/3016/592 2042/3017/1895 3001/877/1 2045/3014/1897
f 620/3018/590 2039/3019/1892 3001/877/1 2042/3020/1895
f 618/3021/588 2036/3022/1889 3001/877/1 2039/3023/1892
f 616/3024/586 2033/3025/1887 3001/877/1 2036/3022/1889
f 614/3026/584 2030/2999/1884 3001/877/1 2033/3027/1887
f 629/2996/599 2055/2995/1906 3002/3028/2690 2056/3029/1907
f 2055/2995/1906 630/2994/600 2057/3030/1908 3002/3028/2690
f 3002/3028/2690 2057/3030/1908 632/3031/602 2058/3032/1909
f 2056/3029/1907 3002/3028/2690 2058/3032/1909 631/3033/601
f 631/3033/601 2058/3032/1909 3003/3034/2691 2059/3035/1910
f 2058/3032/1909 632/3031/602 2060/3036/1911 3003/3034/2691
f 3003/3034/2691 2060/3036/1911 610/3037/580 2027/3038/358
f 2059/3035/1910 3003/3034/2691 2027/3038/358 609/3039/579
f 609/3040/579 2025/3041/1880 3004/3042/7 2059/3043/1910
f 611/3044/581 2029/3045/1883 3004/3042/7 2025/3041/1880
f 613/3046/583 2032/3047/1886 3004/3042/7 2029/3045/1883
f 615/3048/585 2035/3049/1888 3004/3042/7 2032/3050/1886
f 617/3051/587 2038/3052/1891 3004/3042/7 2035/3049/1888
f 619/3053/589 2041/3054/1894 3004/3042/7 2038/3055/1891
f 621/3056/591 2044/3057/1896 3004/3042/7 2041/3054/1894
f 623/3058/593 2047/3059/1899 3004/3042/7 2044/3060/1896
f 625/3061/595 2050/3062/1902 3004/3042/7 2047/3063/1899
f 627/3064/597 2053/3065/1904 3004/3042/7 2050/3062/1902
f 629/3066/599 2056/3067/1907 3004/3042/7 2053/3068/1904
f 631/3069/601 2059/3070/1910 3004/3042/7 2056/3067/1907
f 633/2937/603 2063/2938/358 3005/2939/2680 2061/1376/1912
f 2063/2938/358 634/2940/604 2062/2941/1913 3005/2939/2680
f 3005/2939/2680 2062/2941/1913 636/2942/606 2064/2943/1914
f 2061/1376/1912 3005/2939/2680 2064/2943/1914 635/2944/605
f 635/2944/605 2064/2943/1914 3006/2945/2692 2065/1552/1915
f 2064/2943/1914 636/2942/606 2066/2834/1916 3006/2945/2692
f 3006/2945/2692 2066/2834/1916 638/2946/608 2067/2947/1917
f 2065/1552/1915 3006/2945/2692 2067/2947/1917 637/2948/607
f 637/2948/607 2067/2947/1917 3007/2949/2693 2068/2950/1918
f 2067/2947/1917 638/2946/608 2069/2951/1919 3007/2949/2693
f 3007/2949/2693 2069/2951/1919 640/2952/610 2070/2953/90
f 2068/2950/1918 3007/2949/2693 2070/2953/90 639/2954/609
f 639/2954/609 2070/2953/90 3008/2955/2694 2071/2956/1920
f 2070/2953/90 640/2952/610 2072/2957/1921 3008/2955/2694
f 3008/2955/2694 2072/2957/1921 642/2958/612 2073/2959/1922
f 2071/2956/1920 3008/2955/2694 2073/2959/1922 641/2960/611
f 641/2960/611 2073/2959/1922 3009/2961/2695 2074/2962/1923
f 2073/2959/1922 642/2958/612 2075/2963/1924 3009/2961/2695
f 3009/2961/2695 2075/2963/1924 644/2964/614 2076/2965/1925
f 2074/2962/1923 3009/2961/2695 2076/2965/1925 643/2966/613
f 643/2966/613 2076/2965/1925 3010/2967/2685 2077/2968/1926
f 2076/2965/1925 644/2964/614 2078/2969/1927 3010/2967/2685
f 3010/2967/2685 2078/2969/1927 646/2970/616 2079/2971/180
f 2077/2968/1926 3010/2967/2685 2079/2971/180 645/2972/615
f 645/2972/615 2079/2971/180 3011/2973/2686 2080/2974/1928
f 2079/2971/180 646/2970/616 2081/2975/1929 3011/2973/2686
f 3011/2973/2686 2081/2975/1929 648/2976/618 2082/2977/1930
f 2080/2974/1928 3011/2973/2686 2082/2977/1930 647/2978/617
f 647/2978/617 2082/2977/1930 3012/2979/2696 2083/2980/1931
f 2082/2977/1930 648/2976/618 2084/2981/1932 3012/2979/2696
f 3012/2979/2696 2084/2981/1932 650/2982/620 2085/2983/1933
f 2083/2980/1931 3012/2979/2696 2085/2983/1933 649/2984/619
f 649/2984/619 2085/2983/1933 3013/2985/2697 2086/2986/1934
f 2085/2983/1933 650/2982/620 2087/2987/1935 3013/2985/2697
f 3013/2985/2697 2087/2987/1935 652/2988/622 2088/2989/270
f 2086/2986/1934 3013/2985/2697 2088/2989/270 651/2990/621
f 651/2990/621 2088/2989/270 3014/2991/2698 2089/2992/1936
f 2088/2989/270 652/2988/622 2090/2993/1937 3014/2991/2698
f 3014/2991/2698 2090/2993/1937 654/2994/624 2091/2995/1938
f 2089/2992/1936 3014/2991/2698 2091/2995/1938 653/2996/623
f 636/2997/606 2062/2998/1913 3015/877/1 2066/2999/1916
f 634/3000/604 2096/3001/1943 3015/877/1 2062/3002/1913
f 656/3003/626 2093/3004/1940 3015/877/1 2096/3001/1943
f 654/3005/624 2090/3006/1937 3015/877/1 2093/3007/1940
f 652/3008/622 2087/3009/1935 3015/877/1 2090/3010/1937
f 650/3011/620 2084/3012/1932 3015/877/1 2087/3009/1935
f 648/3013/618 2081/3014/1929 3015/877/1 2084/3015/1932
f 646/3016/616 2078/3017/1927 3015/877/1 2081/3014/1929
f 644/3018/614 2075/3019/1924 3015/877/1 2078/3020/1927
f 642/3021/612 2072/3022/1921 3015/877/1 2075/3023/1924
f 640/3024/610 2069/3025/1919 3015/877/1 2072/3022/1921
f 638/3026/608 2066/2999/1916 3015/877/1 2069/3027/1919
f 653/2996/623 2091/2995/1938 3016/3028/2699 2092/3029/1939
f 2091/2995/1938 654/2994/624 2093/3030/1940 3016/3028/2699
f 3016/3028/2699 2093/3030/1940 656/3031/626 2094/3032/1941
f 2092/3029/1939 3016/3028/2699 2094/3032/1941 655/3033/625
f 655/3033/625 2094/3032/1941 3017/3034/2691 2095/3035/1942
f 2094/3032/1941 656/3031/626 2096/3036/1943 3017/3034/2691
f 3017/3034/2691 2096/3036/1943 634/3037/604 2063/3038/358
f 2095/3035/1942 3017/3034/2691 2063/3038/358 633/3039/603
f 633/3040/603 2061/3041/1912 3018/3042/7 2095/3043/1942
f 635/3044/605 2065/3045/1915 3018/3042/7 2061/3041/1912
f 637/3046/607 2068/3047/1918 3018/3042/7 2065/3045/1915
f 639/3048/609 2071/3049/1920 3018/3042/7 2068/3050/1918
f 641/3051/611 2074/3052/1923 3018/3042/7 2071/3049/1920
f 643/3053/613 2077/3054/1926 3018/3042/7 2074/3055/1923
f 645/3056/615 2080/3057/1928 3018/3042/7 2077/3054/1926
f 647/3058/617 2083/3059/1931 3018/3042/7 2080/3060/1928
f 649/3061/619 2086/3062/1934 3018/3042/7 2083/3063/1931
f 651/3064/621 2089/3065/1936 3018/3042/7 2086/3062/1934
f 653/3066/623 2092/3067/1939 3018/3042/7 2089/3068/1936
f 655/3069/625 2095/3070/1942 3018/3042/7 2092/3067/1939
f 657/2937/627 2099/2938/358 3019/2939/2680 2097/1376/1912
f 2099/2938/358 658/2940/604 2098/2941/1913 3019/2939/2680
f 3019/2939/2680 2098/2941/1913 660/2942/606 2100/2943/1914
f 2097/1376/1912 3019/2939/2680 2100/2943/1914 659/2944/605
f 659/2944/605 2100/2943/1914 3020/2945/2692 2101/1552/1915
f 2100/2943/1914 660/2942/606 2102/2834/1916 3020/2945/2692
f 3020/2945/2692 2102/2834/1916 662/2946/608 2103/2947/1917
f 2101/1552/1915 3020/2945/2692 2103/2947/1917 661/2948/607
f 661/2948/607 2103/2947/1917 3021/2949/2693 2104/2950/1918
f 2103/2947/1917 662/2946/608 2105/2951/1919 3021/2949/2693
f 3021/2949/2693 2105/2951/1919 664/2952/610 2106/2953/90
f 2104/2950/1918 3021/2949/2693 2106/2953/90 663/2954/609
f 663/2954/609 2106/2953/90 3022/2955/2694 2107/2956/1920
f 2106/2953/90 664/2952/610 2108/2957/1921 3022/2955/2694
f 3022/2955/2694 2108/2957/1921 666/2958/612 2109/2959/1922
f 2107/2956/1920 3022/2955/2694 2109/2959/1922 665/2960/611
f 665/2960/611 2109/2959/1922 3023/2961/2695 2110/2962/1923
f 2109/2959/1922 666/2958/612 2111/2963/1924 3023/2961/2695
f 3023/2961/2695 2111/2963/1924 668/2964/614 2112/2965/1925
f 2110/2962/1923 3023/2961/2695 2112/2965/1925 667/2966/613
f 667/2966/613 2112/2965/1925 3024/2967/2685 2113/2968/1926
f 2112/2965/1925 668/2964/614 2114/2969/1927 3024/2967/2685
f 3024/2967/2685 2114/2969/1927 670/2970/616 2115/2971/180
f 2113/2968/1926 3024/2967/2685 2115/2971/180 669/2972/615
f 669/2972/615 2115/2971/180 3025/2973/2686 2116/2974/1928
f 2115/2971/180 670/2970/616 2117/2975/1929 3025/2973/2686
f 3025/2973/2686 2117/2975/1929 672/2976/618 2118/2977/1930
f 2116/2974/1928 3025/2973/2686 2118/2977/1930 671/2978/617
f 671/2978/617 2118/2977/1930 3026/2979/2696 2119/2980/1931
f 2118/2977/1930 672/2976/618 2120/2981/1932 3026/2979/2696
f 3026/2979/2696 2120/2981/1932 674/2982/620 2121/2983/1933
f 2119/2980/1931 3026/2979/2696 2121/2983/1933 673/2984/619
f 673/2984/619 2121/2983/1933 3027/2985/2697 2122/2986/1934
f 2121/2983/1933 674/2982/620 2123/2987/1935 3027/2985/2697
f 3027/2985/2697 2123/2987/1935 676/2988/622 2124/2989/270
f 2122/2986/1934 3027/2985/2697 2124/2989/270 675/2990/621
f 675/2990/621 2124/2989/270 3028/2991/2698 2125/2992/1936
f 2124/2989/270 676/2988/622 2126/2993/1937 3028/2991/2698
f 3028/2991/2698 2126/2993/1937 678/2994/624 2127/2995/1938
f 2125/2992/1936 3028/2991/2698 2127/2995/1938 677/2996/623
f 660/2997/606 2098/2998/1913 3029/877/1 2102/2999/1916
f 658/3000/604 2132/3001/1943 3029/877/1 2098/3002/1913
f 680/3003/626 2129/3004/1940 3029/877/1 2132/3001/1943
f 678/3005/624 2126/3006/1937 3029/877/1 2129/3007/1940
f 676/3008/622 2123/3009/1935 3029/877/1 2126/3010/1937
f 674/3011/620 2120/3012/1932 3029/877/1 2123/3009/1935
f 672/3013/618 2117/3014/1929 3029/877/1 2120/3015/1932
f 670/3016/616 2114/3017/1927 3029/877/1 2117/3014/1929
f 668/3018/614 2111/3019/1924 3029/877/1 2114/3020/1927
f 666/3021/612 2108/3022/1921 3029/877/1 2111/3023/1924
f 664/3024/610 2105/3025/1919 3029/877/1 2108/3022/1921
f 662/3026/608 2102/2999/1916 3029/877/1 2105/3027/1919
f 677/2996/623 2127/2995/1938 3030/3028/2699 2128/3029/1939
f 2127/2995/1938 678/2994/624 2129/3030/1940 3030/3028/2699
f 3030/3028/2699 2129/3030/1940 680/3031/626 2130/3032/1941
f 2128/3029/1939 3030/3028/2699 2130/3032/1941 679/3033/625
f 679/3033/625 2130/3032/1941 3031/3034/2691 2131/3035/1942
f 2130/3032/1941 680/3031/626 2132/3036/1943 3031/3034/2691
f 3031/3034/2691 2132/3036/1943 658/3037/604 2099/3038/358
f 2131/3035/1942 3031/3034/2691 2099/3038/358 657/3039/627
f 657/3040/627 2097/3041/1912 3032/3042/7 2131/3043/1942
f 659/3044/605 2101/3045/1915 3032/3042/7 2097/3041/1912
f 661/3046/607 2104/3047/1918 3032/3042/7 2101/3045/1915
f 663/3048/609 2107/3049/1920 3032/3042/7 2104/3050/1918
f 665/3051/611 2110/3052/1923 3032/3042/7 2107/3049/1920
f 667/3053/613 2113/3054/1926 3032/3042/7 2110/3055/1923
f 669/3056/615 2116/3057/1928 3032/3042/7 2113/3054/1926
f 671/3058/617 2119/3059/1931 3032/3042/7 2116/3060/1928
f 673/3061/619 2122/3062/1934 3032/3042/7 2119/3063/1931
f 675/3064/621 2125/3065/1936 3032/3042/7 2122/3062/1934
f 677/3066/623 2128/3067/1939 3032/3042/7 2125/3068/1936
f 679/3069/625 2131/3070/1942 3032/3042/7 2128/3067/1939
f 685/3071/7 2134/3072/1945 3033/3073/2700 2221/3074/2030
f 684/3075/629 2139/3076/1950 3033/3073/2700 2134/3077/1945
f 690/3078/634 2221/3074/2030 3033/3073/2700 2139/3079/1950
f 732/3080/675 2218/3081/2027 3034/1876/2701 2222/1878/2031
f 2218/3081/2027 683/3082/358 2140/1901/1951 3034/1876/2701
f 3034/1876/2701 2140/1901/1951 688/3083/632 2137/3084/1948
f 2222/1878/2031 3034/1876/2701 2137/3084/1948 689/1956/633
f 731/3085/674 2216/3086/2025 3035/3087/2702 2223/3088/2032
f 2216/3086/2025 682/1855/628 2141/3089/1952 3035/3087/2702
f 3035/3087/2702 2141/3089/1952 686/3090/630 2135/3091/1946
f 2223/3088/2032 3035/3087/2702 2135/3091/1946 687/1937/631
f 684/3075/629 2219/3092/2028 3036/3093/2703 2139/3076/1950
f 2219/3092/2028 732/3094/675 2222/3095/2031 3036/3093/2703
f 3036/3093/2703 2222/3095/2031 689/3096/633 2138/3097/1949
f 2139/3076/1950 3036/3093/2703 2138/3097/1949 690/3078/634
f 683/3082/358 2217/1786/2026 3037/3098/2704 2140/1901/1951
f 2217/1786/2026 731/3099/674 2223/1882/2032 3037/3098/2704
f 3037/3098/2704 2223/1882/2032 687/3100/631 2136/1960/1947
f 2140/1901/1951 3037/3098/2704 2136/1960/1947 688/3083/632
f 682/1855/628 2133/3101/1944 3038/3102/2705 2141/3089/1952
f 681/3103/1 2220/3104/2029 3038/3102/2705 2133/3105/1944
f 686/3090/630 2141/3089/1952 3038/3102/2705 2220/3106/2029
f 687/1937/631 2135/3091/1946 3039/3107/2706 2146/2017/1957
f 2135/3091/1946 686/3090/630 2147/3108/1958 3039/3107/2706
f 3039/3107/2706 2147/3108/1958 691/2071/635 2142/3109/1953
f 2146/2017/1957 3039/3107/2706 2142/3109/1953 692/2037/636
f 690/3078/634 2138/3097/1949 3040/3110/2707 2148/3111/1959
f 2138/3097/1949 689/3096/633 2149/3112/1960 3040/3110/2707
f 3040/3110/2707 2149/3112/1960 694/3113/638 2145/3114/1956
f 2148/3111/1959 3040/3110/2707 2145/3114/1956 695/3115/639
f 688/3083/632 2136/1960/1947 3041/3116/2708 2150/3117/1961
f 2136/1960/1947 687/3100/631 2146/3118/1957 3041/3116/2708
f 3041/3116/2708 2146/3118/1957 692/3119/636 2143/2062/1954
f 2150/3117/1961 3041/3116/2708 2143/2062/1954 693/3120/637
f 686/3090/630 2220/3121/2029 3042/3122/2709 2147/3108/1958
f 681/3123/1 2224/3124/2033 3042/3122/2709 2220/3125/2029
f 691/2071/635 2147/3108/1958 3042/3122/2709 2224/3126/2033
f 685/3127/7 2221/3128/2030 3043/3129/2710 2225/3130/2034
f 690/3078/634 2148/3131/1959 3043/3129/2710 2221/3128/2030
f 695/3115/639 2225/3130/2034 3043/3129/2710 2148/3132/1959
f 689/1956/633 2137/3084/1948 3044/3133/2711 2149/3134/1960
f 2137/3084/1948 688/3083/632 2150/3117/1961 3044/3133/2711
f 3044/3133/2711 2150/3117/1961 693/3120/637 2144/3135/1955
f 2149/3134/1960 3044/3133/2711 2144/3135/1955 694/3113/638
f 695/3115/639 2145/3114/1956 3045/3136/2712 2155/3137/1966
f 2145/3114/1956 694/3113/638 2156/3138/1967 3045/3136/2712
f 3045/3136/2712 2156/3138/1967 699/3139/643 2154/3140/1965
f 2155/3137/1966 3045/3136/2712 2154/3140/1965 700/3141/644
f 693/3120/637 2143/2062/1954 3046/3142/2713 2157/3143/90
f 2143/2062/1954 692/3119/636 2158/3144/1968 3046/3142/2713
f 3046/3142/2713 2158/3144/1968 697/3145/641 2152/2150/1963
f 2157/3143/90 3046/3142/2713 2152/2150/1963 698/3146/642
f 691/2071/635 2224/3147/2033 3047/3148/2714 2159/3149/1969
f 681/3150/1 2226/3151/2035 3047/3148/2714 2224/3152/2033
f 696/3153/640 2159/3149/1969 3047/3148/2714 2226/3154/2035
f 685/3155/7 2225/3156/2034 3048/3157/2715 2227/3158/2036
f 695/3115/639 2155/3159/1966 3048/3157/2715 2225/3156/2034
f 700/3141/644 2227/3160/2036 3048/3157/2715 2155/3161/1966
f 694/3113/638 2144/3135/1955 3049/3162/2716 2156/3163/1967
f 2144/3135/1955 693/3120/637 2157/3143/90 3049/3162/2716
f 3049/3162/2716 2157/3143/90 698/3146/642 2153/3164/1964
f 2156/3163/1967 3049/3162/2716 2153/3164/1964 699/3165/643
f 692/2037/636 2142/3109/1953 3050/3166/2717 2158/3167/1968
f 2142/3109/1953 691/2071/635 2159/3149/1969 3050/3166/2717
f 3050/3166/2717 2159/3149/1969 696/3153/640 2151/3168/1962
f 2158/3167/1968 3050/3166/2717 2151/3168/1962 697/2148/641
f 700/3141/644 2154/3140/1965 3051/3169/2718 2164/3170/1974
f 2154/3140/1965 699/3139/643 2165/3171/1975 3051/3169/2718
f 3051/3169/2718 2165/3171/1975 704/3172/648 2163/3173/1973
f 2164/3170/1974 3051/3169/2718 2163/3173/1973 705/3174/649
f 698/3146/642 2152/2150/1963 3052/3175/2719 2166/3176/1976
f 2152/2150/1963 697/3145/641 2167/3177/1977 3052/3175/2719
f 3052/3175/2719 2167/3177/1977 702/3178/646 2161/3179/1971
f 2166/3176/1976 3052/3175/2719 2161/3179/1971 703/3180/647
f 696/3153/640 2226/3181/2035 3053/3182/2720 2168/3183/1978
f 681/3184/1 2228/3185/2037 3053/3182/2720 2226/3186/2035
f 701/3187/645 2168/3188/1978 3053/3182/2720 2228/3189/2037
f 685/3190/7 2227/3191/2036 3054/3192/2721 2229/3193/2038
f 700/3141/644 2164/3170/1974 3054/3192/2721 2227/3191/2036
f 705/3174/649 2229/3193/2038 3054/3192/2721 2164/3170/1974
f 699/3165/643 2153/3164/1964 3055/3194/2722 2165/3195/1975
f 2153/3164/1964 698/3146/642 2166/3176/1976 3055/3194/2722
f 3055/3194/2722 2166/3176/1976 703/3180/647 2162/3196/1972
f 2165/3195/1975 3055/3194/2722 2162/3196/1972 704/3197/648
f 697/2148/641 2151/3168/1962 3056/3198/2723 2167/3199/1977
f 2151/3168/1962 696/3153/640 2168/3183/1978 3056/3198/2723
f 3056/3198/2723 2168/3183/1978 701/3187/645 2160/3200/1970
f 2167/3199/1977 3056/3198/2723 2160/3200/1970 702/3201/646
f 705/3174/649 2163/3173/1973 3057/3202/2724 2173/3203/1983
f 2163/3173/1973 704/3172/648 2174/3204/1984 3057/3202/2724
f 3057/3202/2724 2174/3204/1984 709/3205/652 2172/3206/1982
f 2173/3203/1983 3057/3202/2724 2172/3206/1982 710/3207/653
f 703/3180/647 2161/3179/1971 3058/3208/2725 2175/836/1985
f 2161/3179/1971 702/3178/646 2176/2316/1986 3058/3208/2725
f 3058/3208/2725 2176/2316/1986 707/3209/651 2170/3210/1980
f 2175/836/1985 3058/3208/2725 2170/3210/1980 708/3211/180
f 701/3187/645 2228/3212/2037 3059/3213/2726 2177/3214/1987
f 681/3215/1 2230/3216/2039 3059/3213/2726 2228/3217/2037
f 706/3218/650 2177/3214/1987 3059/3213/2726 2230/3219/2039
f 685/3220/7 2229/3221/2038 3060/3222/2727 2231/3223/2040
f 705/3174/649 2173/3203/1983 3060/3222/2727 2229/3221/2038
f 710/3207/653 2231/3224/2040 3060/3222/2727 2173/3225/1983
f 704/3197/648 2162/3196/1972 3061/3226/2728 2174/3227/1984
f 2162/3196/1972 703/3180/647 2175/836/1985 3061/3226/2728
f 3061/3226/2728 2175/836/1985 708/3211/180 2171/3228/1981
f 2174/3227/1984 3061/3226/2728 2171/3228/1981 709/3229/652
f 702/3201/646 2160/3200/1970 3062/3230/2729 2176/3231/1986
f 2160/3200/1970 701/3187/645 2177/3214/1987 3062/3230/2729
f 3062/3230/2729 2177/3214/1987 706/3218/650 2169/3232/1979
f 2176/3231/1986 3062/3230/2729 2169/3232/1979 707/2377/651
f 710/3207/653 2172/3206/1982 3063/3233/2730 2182/3234/1992
f 2172/3206/1982 709/3205/652 2183/3235/1993 3063/3233/2730
f 3063/3233/2730 2183/3235/1993 714/3236/657 2181/3237/1991
f 2182/3234/1992 3063/3233/2730 2181/3237/1991 715/3238/658
f 708/3211/180 2170/3210/1980 3064/3239/2731 2184/3240/1994
f 2170/3210/1980 707/3209/651 2185/3241/1995 3064/3239/2731
f 3064/3239/2731 2185/3241/1995 712/3242/655 2179/3243/1989
f 2184/3240/1994 3064/3239/2731 2179/3243/1989 713/3244/656
f 706/3218/650 2230/3245/2039 3065/3246/2732 2186/3247/1996
f 681/3248/1 2232/3249/2041 3065/3246/2732 2230/3250/2039
f 711/3251/654 2186/3252/1996 3065/3246/2732 2232/3253/2041
f 685/3254/7 2231/3255/2040 3066/3256/2733 2233/3257/2042
f 710/3207/653 2182/3258/1992 3066/3256/2733 2231/3259/2040
f 715/3238/658 2233/3257/2042 3066/3256/2733 2182/3260/1992
f 709/3229/652 2171/3228/1981 3067/3261/2734 2183/3235/1993
f 2171/3228/1981 708/3211/180 2184/3240/1994 3067/3261/2734
f 3067/3261/2734 2184/3240/1994 713/3244/656 2180/3262/1990
f 2183/3235/1993 3067/3261/2734 2180/3262/1990 714/3263/657
f 707/2377/651 2169/3232/1979 3068/3264/2735 2185/3241/1995
f 2169/3232/1979 706/3218/650 2186/3247/1996 3068/3264/2735
f 3068/3264/2735 2186/3247/1996 711/3251/654 2178/3265/1988
f 2185/3241/1995 3068/3264/2735 2178/3265/1988 712/2485/655
f 713/3266/656 2179/2487/1989 3069/3267/2736 2191/3268/2001
f 2179/2487/1989 712/2485/655 2192/3269/2002 3069/3267/2736
f 3069/3267/2736 2192/3269/2002 717/2624/660 2188/2599/1998
f 2191/3268/2001 3069/3267/2736 2188/2599/1998 718/1262/661
f 711/3251/654 2232/3270/2041 3070/3271/2737 2193/3272/2003
f 681/3273/1 2234/3274/2043 3070/3271/2737 2232/3275/2041
f 716/3276/659 2193/3277/2003 3070/3271/2737 2234/3278/2043
f 685/3279/7 2233/3280/2042 3071/3281/2738 2235/3282/2044
f 715/3238/658 2194/3283/2004 3071/3281/2738 2233/3280/2042
f 720/2613/663 2235/3284/2044 3071/3281/2738 2194/3285/2004
f 714/3236/657 2180/3286/1990 3072/3287/2739 2195/3288/2005
f 2180/3286/1990 713/3266/656 2191/3268/2001 3072/3287/2739
f 3072/3287/2739 2191/3268/2001 718/1262/661 2189/2618/1999
f 2195/3288/2005 3072/3287/2739 2189/2618/1999 719/3289/662
f 712/2485/655 2178/3265/1988 3073/3290/2740 2192/3269/2002
f 2178/3265/1988 711/3251/654 2193/3272/2003 3073/3290/2740
f 3073/3290/2740 2193/3272/2003 716/3276/659 2187/3291/1997
f 2192/3269/2002 3073/3290/2740 2187/3291/1997 717/2624/660
f 715/3238/658 2181/3237/1991 3074/3292/2741 2194/3283/2004
f 2181/3237/1991 714/3236/657 2195/3288/2005 3074/3292/2741
f 3074/3292/2741 2195/3288/2005 719/3289/662 2190/3293/2000
f 2194/3283/2004 3074/3292/2741 2190/3293/2000 720/2613/663
f 716/3294/659 2234/3295/2043 3075/3296/2742 2200/3297/2010
f 681/3298/1 2236/3299/2045 3075/3296/2742 2234/3300/2043
f 721/3301/664 2200/3297/2010 3075/3296/2742 2236/3302/2045
f 685/3303/7 2235/3304/2044 3076/3305/2743 2237/3306/2046
f 720/3307/663 2201/3308/2011 3076/3305/2743 2235/3304/2044
f 725/3309/668 2237/3306/2046 3076/3305/2743 2201/3310/2011
f 719/3311/662 2189/2663/1999 3077/3312/2744 2202/3313/2012
f 2189/2663/1999 718/3314/661 2203/3315/270 3077/3312/2744
f 3077/3312/2744 2203/3315/270 723/3316/666 2198/3317/2008
f 2202/3313/2012 3077/3312/2744 2198/3317/2008 724/3318/667
f 717/3319/660 2187/3320/1997 3078/3321/2745 2204/3322/2013
f 2187/3320/1997 716/3294/659 2200/3297/2010 3078/3321/2745
f 3078/3321/2745 2200/3297/2010 721/3301/664 2196/3323/2006
f 2204/3322/2013 3078/3321/2745 2196/3323/2006 722/2747/665
f 720/3307/663 2190/3324/2000 3079/3325/2746 2201/3308/2011
f 2190/3324/2000 719/3311/662 2202/3313/2012 3079/3325/2746
f 3079/3325/2746 2202/3313/2012 724/3318/667 2199/3326/2009
f 2201/3308/2011 3079/3325/2746 2199/3326/2009 725/3309/668
f 718/3314/661 2188/2668/1998 3080/3327/2747 2203/3315/270
f 2188/2668/1998 717/3319/660 2204/3322/2013 3080/3327/2747
f 3080/3327/2747 2204/3322/2013 722/2747/665 2197/2773/2007
f 2203/3315/270 3080/3327/2747 2197/2773/2007 723/3316/666
f 685/3328/7 2237/3329/2046 3081/3330/2748 2239/3331/2048
f 725/3309/668 2209/3332/2018 3081/3330/2748 2237/3329/2046
f 730/3333/673 2239/3331/2048 3081/3330/2748 2209/3334/2018
f 724/3335/667 2198/3336/2008 3082/3337/2749 2210/3338/2019
f 2198/3336/2008 723/3316/666 2211/3339/2020 3082/3337/2749
f 3082/3337/2749 2211/3339/2020 728/3340/671 2207/3341/2016
f 2210/3338/2019 3082/3337/2749 2207/3341/2016 729/3342/672
f 722/2747/665 2196/3323/2006 3083/3343/2750 2212/2827/2021
f 2196/3323/2006 721/3301/664 2213/3344/2022 3083/3343/2750
f 3083/3343/2750 2213/3344/2022 726/2892/669 2205/3345/2014
f 2212/2827/2021 3083/3343/2750 2205/3345/2014 727/2869/670
f 725/3309/668 2199/3326/2009 3084/3346/2751 2209/3347/2018
f 2199/3326/2009 724/3318/667 2210/3348/2019 3084/3346/2751
f 3084/3346/2751 2210/3348/2019 729/3349/672 2208/3350/2017
f 2209/3347/2018 3084/3346/2751 2208/3350/2017 730/3333/673
f 723/3316/666 2197/2773/2007 3085/3351/2752 2211/3339/2020
f 2197/2773/2007 722/3352/665 2212/3353/2021 3085/3351/2752
f 3085/3351/2752 2212/3353/2021 727/3354/670 2206/3355/2015
f 2211/3339/2020 3085/3351/2752 2206/3355/2015 728/3340/671
f 721/3301/664 2236/3356/2045 3086/3357/2753 2213/3344/2022
f 681/3358/1 2238/3359/2047 3086/3357/2753 2236/3360/2045
f 726/2892/669 2213/3344/2022 3086/3357/2753 2238/3361/2047
f 685/3362/7 2239/3363/2048 3087/3364/2754 2134/3365/1945
f 730/3333/673 2240/3366/2049 3087/3364/2754 2239/3363/2048
f 684/3075/629 2134/3365/1945 3087/3364/2754 2240/3367/2049
f 729/3342/672 2207/3341/2016 3088/3368/2755 2214/3369/2023
f 2207/3341/2016 728/3340/671 2241/3370/2050 3088/3368/2755
f 3088/3368/2755 2241/3370/2050 683/3082/358 2218/3081/2027
f 2214/3369/2023 3088/3368/2755 2218/3081/2027 732/3080/675
f 727/2869/670 2205/3345/2014 3089/3371/2756 2215/3372/2024
f 2205/3345/2014 726/2892/669 2242/3373/2051 3089/3371/2756
f 3089/3371/2756 2242/3373/2051 682/1855/628 2216/3086/2025
f 2215/3372/2024 3089/3371/2756 2216/3086/2025 731/3085/674
f 730/3333/673 2208/3350/2017 3090/3374/2757 2240/3366/2049
f 2208/3350/2017 729/3349/672 2214/3369/2023 3090/3374/2757
f 3090/3374/2757 2214/3369/2023 732/3094/675 2219/3092/2028
f 2240/3366/2049 3090/3374/2757 2219/3092/2028 684/3075/629
f 728/3340/671 2206/3355/2015 3091/3375/2758 2241/3370/2050
f 2206/3355/2015 727/3354/670 2215/3372/2024 3091/3375/2758
f 3091/3375/2758 2215/3372/2024 731/3099/674 2217/1786/2026
f 2241/3370/2050 3091/3375/2758 2217/1786/2026 683/3082/358
f 726/2892/669 2238/3376/2047 3092/3377/2759 2242/3373/2051
f 681/3378/1 2133/3379/1944 3092/3377/2759 2238/3380/2047
f 682/1855/628 2242/3381/2051 3092/3377/2759 2133/3382/1944
f 736/3075/629 2329/3092/2028 3093/3093/2703 2249/3383/1950
f 2329/3092/2028 784/3384/675 2332/1878/2031 3093/3093/2703
f 3093/3093/2703 2332/1878/2031 741/3096/633 2248/3097/1949
f 2249/3383/1950 3093/3093/2703 2248/3097/1949 742/3078/634
f 735/3082/358 2327/1786/2026 3094/3098/2704 2250/1901/1951
f 2327/1786/2026 783/3099/674 2333/1882/2032 3094/3098/2704
f 3094/3098/2704 2333/1882/2032 739/3100/631 2246/1960/1947
f 2250/1901/1951 3094/3098/2704 2246/1960/1947 740/3083/632
f 734/1855/628 2243/3101/1944 3095/3102/2705 2251/3385/1952
f 733/3103/1 2330/3104/2029 3095/3102/2705 2243/3105/1944
f 738/3090/630 2251/3385/1952 3095/3102/2705 2330/3106/2029
f 737/3071/7 2244/3072/1945 3096/3073/2700 2331/3074/2030
f 736/3075/629 2249/3383/1950 3096/3073/2700 2244/3077/1945
f 742/3078/634 2331/3074/2030 3096/3073/2700 2249/3079/1950
f 784/3080/675 2328/3081/2027 3097/1876/2701 2332/1878/2031
f 2328/3081/2027 735/3082/358 2250/1901/1951 3097/1876/2701
f 3097/1876/2701 2250/1901/1951 740/3083/632 2247/3084/1948
f 2332/1878/2031 3097/1876/2701 2247/3084/1948 741/1956/633
f 783/3386/674 2326/3086/2025 3098/3087/2702 2333/1882/2032
f 2326/3086/2025 734/1855/628 2251/3385/1952 3098/3087/2702
f 3098/3087/2702 2251/3385/1952 738/3090/630 2245/3091/1946
f 2333/1882/2032 3098/3087/2702 2245/3091/1946 739/1937/631
f 740/3083/632 2246/1960/1947 3099/3116/2708 2256/3117/1961
f 2246/1960/1947 739/3100/631 2257/3118/1957 3099/3116/2708
f 3099/3116/2708 2257/3118/1957 744/3119/636 2253/2062/1954
f 2256/3117/1961 3099/3116/2708 2253/2062/1954 745/3120/637
f 738/3090/630 2330/3121/2029 3100/3122/2709 2258/3387/1958
f 733/3123/1 2334/3124/2033 3100/3122/2709 2330/3125/2029
f 743/2071/635 2258/3387/1958 3100/3122/2709 2334/3126/2033
f 737/3127/7 2331/3128/2030 3101/3129/2710 2335/3130/2034
f 742/3078/634 2259/3131/1959 3101/3129/2710 2331/3128/2030
f 747/3115/639 2335/3130/2034 3101/3129/2710 2259/3132/1959
f 741/1956/633 2247/3084/1948 3102/3133/2711 2260/3134/1960
f 2247/3084/1948 740/3083/632 2256/3117/1961 3102/3133/2711
f 3102/3133/2711 2256/3117/1961 745/3120/637 2254/3135/1955
f 2260/3134/1960 3102/3133/2711 2254/3135/1955 746/3113/638
f 739/1937/631 2245/3091/1946 3103/3388/2706 2257/2017/1957
f 2245/3091/1946 738/3090/630 2258/3387/1958 3103/3388/2706
f 3103/3388/2706 2258/3387/1958 743/2071/635 2252/3109/1953
f 2257/2017/1957 3103/3388/2706 2252/3109/1953 744/2037/636
f 742/3078/634 2248/3097/1949 3104/3110/2707 2259/3111/1959
f 2248/3097/1949 741/3096/633 2260/3112/1960 3104/3110/2707
f 3104/3110/2707 2260/3112/1960 746/3113/638 2255/3114/2052
f 2259/3111/1959 3104/3110/2707 2255/3114/2052 747/3115/639
f 743/2071/635 2334/3147/2033 3105/3148/2714 2265/3149/1969
f 733/3150/1 2336/3151/2035 3105/3148/2714 2334/3152/2033
f 748/3153/640 2265/3149/1969 3105/3148/2714 2336/3154/2035
f 737/3155/7 2335/3156/2034 3106/3157/2715 2337/3158/2036
f 747/3115/639 2266/3159/1966 3106/3157/2715 2335/3156/2034
f 752/3141/644 2337/3160/2036 3106/3157/2715 2266/3161/1966
f 746/3113/638 2254/3135/1955 3107/3162/2716 2267/3163/1967
f 2254/3135/1955 745/3120/637 2268/3143/90 3107/3162/2716
f 3107/3162/2716 2268/3143/90 750/3146/642 2263/3164/1964
f 2267/3163/1967 3107/3162/2716 2263/3164/1964 751/3165/643
f 744/2037/636 2252/3109/1953 3108/3389/2717 2269/3167/1968
f 2252/3109/1953 743/2071/635 2265/3149/1969 3108/3389/2717
f 3108/3389/2717 2265/3149/1969 748/3153/640 2261/3168/1962
f 2269/3167/1968 3108/3389/2717 2261/3168/1962 749/3390/641
f 747/3115/639 2255/3114/2052 3109/3136/2712 2266/3137/1966
f 2255/3114/2052 746/3113/638 2267/3138/1967 3109/3136/2712
f 3109/3136/2712 2267/3138/1967 751/3391/643 2264/3140/2053
f 2266/3137/1966 3109/3136/2712 2264/3140/2053 752/3141/644
f 745/3120/637 2253/2062/1954 3110/3142/2713 2268/3143/90
f 2253/2062/1954 744/3119/636 2269/3144/1968 3110/3142/2713
f 3110/3142/2713 2269/3144/1968 749/3145/641 2262/2150/1963
f 2268/3143/90 3110/3142/2713 2262/2150/1963 750/3146/642
f 737/3190/7 2337/3191/2036 3111/3192/2721 2339/3193/2038
f 752/3141/644 2274/3392/1974 3111/3192/2721 2337/3191/2036
f 757/3174/649 2339/3193/2038 3111/3192/2721 2274/3393/1974
f 751/3165/643 2263/3164/1964 3112/3194/2722 2275/3195/1975
f 2263/3164/1964 750/3146/642 2276/3176/1976 3112/3194/2722
f 3112/3194/2722 2276/3176/1976 755/3180/647 2272/3196/1972
f 2275/3195/1975 3112/3194/2722 2272/3196/1972 756/3197/648
f 749/3390/641 2261/3168/1962 3113/3394/2723 2277/3199/1977
f 2261/3168/1962 748/3153/640 2278/3395/1978 3113/3394/2723
f 3113/3394/2723 2278/3395/1978 753/3187/645 2270/3200/1970
f 2277/3199/1977 3113/3394/2723 2270/3200/1970 754/3201/646
f 752/3141/644 2264/3140/2053 3114/3169/2718 2274/3396/1974
f 2264/3140/2053 751/3391/643 2275/3171/1975 3114/3169/2718
f 3114/3169/2718 2275/3171/1975 756/3172/648 2273/3173/1973
f 2274/3396/1974 3114/3169/2718 2273/3173/1973 757/3174/649
f 750/3146/642 2262/2150/1963 3115/3175/2719 2276/3176/1976
f 2262/2150/1963 749/3145/641 2277/3177/1977 3115/3175/2719
f 3115/3175/2719 2277/3177/1977 754/3178/646 2271/3179/1971
f 2276/3176/1976 3115/3175/2719 2271/3179/1971 755/3180/647
f 748/3153/640 2336/3181/2035 3116/3182/2720 2278/3395/1978
f 733/3184/1 2338/3185/2037 3116/3182/2720 2336/3186/2035
f 753/3187/645 2278/3395/1978 3116/3182/2720 2338/3189/2037
f 737/3220/7 2339/3221/2038 3117/3222/2727 2341/3223/2040
f 757/3174/649 2283/3203/1983 3117/3222/2727 2339/3221/2038
f 762/3207/653 2341/3224/2040 3117/3222/2727 2283/3225/1983
f 756/3197/648 2272/3196/1972 3118/3226/2728 2284/3227/1984
f 2272/3196/1972 755/3180/647 2285/836/1985 3118/3226/2728
f 3118/3226/2728 2285/836/1985 760/3211/180 2281/3228/1981
f 2284/3227/1984 3118/3226/2728 2281/3228/1981 761/3229/652
f 754/3201/646 2270/3200/1970 3119/3230/2729 2286/3231/1986
f 2270/3200/1970 753/3187/645 2287/3397/1987 3119/3230/2729
f 3119/3230/2729 2287/3397/1987 758/3218/650 2279/3232/1979
f 2286/3231/1986 3119/3230/2729 2279/3232/1979 759/2377/651
f 757/3174/649 2273/3173/1973 3120/3202/2724 2283/3203/1983
f 2273/3173/1973 756/3172/648 2284/3204/1984 3120/3202/2724
f 3120/3202/2724 2284/3204/1984 761/3205/652 2282/3206/1982
f 2283/3203/1983 3120/3202/2724 2282/3206/1982 762/3207/653
f 755/3180/647 2271/3179/1971 3121/3208/2725 2285/836/1985
f 2271/3179/1971 754/3178/646 2286/2316/1986 3121/3208/2725
f 3121/3208/2725 2286/2316/1986 759/3209/651 2280/3210/1980
f 2285/836/1985 3121/3208/2725 2280/3210/1980 760/3211/180
f 753/3187/645 2338/3212/2037 3122/3213/2726 2287/3397/1987
f 733/3215/1 2340/3216/2039 3122/3213/2726 2338/3217/2037
f 758/3218/650 2287/3397/1987 3122/3213/2726 2340/3219/2039
f 737/3254/7 2341/3255/2040 3123/3256/2733 2343/3257/2042
f 762/3207/653 2292/3258/1992 3123/3256/2733 2341/3259/2040
f 767/3238/658 2343/3257/2042 3123/3256/2733 2292/3260/1992
f 761/3229/652 2281/3228/1981 3124/3261/2734 2293/3235/1993
f 2281/3228/1981 760/3211/180 2294/3240/1994 3124/3261/2734
f 3124/3261/2734 2294/3240/1994 765/3244/656 2290/3262/1990
f 2293/3235/1993 3124/3261/2734 2290/3262/1990 766/3263/657
f 759/2377/651 2279/3232/1979 3125/3264/2735 2295/3241/1995
f 2279/3232/1979 758/3218/650 2296/3398/1996 3125/3264/2735
f 3125/3264/2735 2296/3398/1996 763/3251/654 2288/3265/1988
f 2295/3241/1995 3125/3264/2735 2288/3265/1988 764/2485/655
f 762/3207/653 2282/3206/1982 3126/3399/2730 2292/3234/1992
f 2282/3206/1982 761/3205/652 2293/3235/1993 3126/3399/2730
f 3126/3399/2730 2293/3235/1993 766/3236/657 2291/3237/1991
f 2292/3234/1992 3126/3399/2730 2291/3237/1991 767/3238/658
f 760/3211/180 2280/3210/1980 3127/3239/2731 2294/3240/1994
f 2280/3210/1980 759/3209/651 2295/3241/1995 3127/3239/2731
f 3127/3239/2731 2295/3241/1995 764/3242/655 2289/3243/1989
f 2294/3240/1994 3127/3239/2731 2289/3243/1989 765/3244/656
f 758/3218/650 2340/3245/2039 3128/3246/2732 2296/3398/1996
f 733/3248/1 2342/3249/2041 3128/3246/2732 2340/3250/2039
f 763/3251/654 2296/3400/1996 3128/3246/2732 2342/3253/2041
f 766/3236/657 2290/3286/1990 3129/3401/2739 2301/3402/2005
f 2290/3286/1990 765/3266/656 2302/3268/2001 3129/3401/2739
f 3129/3401/2739 2302/3268/2001 770/1262/661 2299/2618/1999
f 2301/3402/2005 3129/3401/2739 2299/2618/1999 771/3289/662
f 764/2485/655 2288/3265/1988 3130/3290/2740 2303/3269/2002
f 2288/3265/1988 763/3251/654 2304/3272/2003 3130/3290/2740
f 3130/3290/2740 2304/3272/2003 768/3276/659 2297/3291/1997
f 2303/3269/2002 3130/3290/2740 2297/3291/1997 769/2624/660
f 767/3238/658 2291/3237/1991 3131/3292/2741 2305/3403/2004
f 2291/3237/1991 766/3236/657 2301/3402/2005 3131/3292/2741
f 3131/3292/2741 2301/3402/2005 771/3289/662 2300/3293/2054
f 2305/3403/2004 3131/3292/2741 2300/3293/2054 772/2613/663
f 765/3266/656 2289/2487/1989 3132/3404/2736 2302/3268/2001
f 2289/2487/1989 764/2485/655 2303/3269/2002 3132/3404/2736
f 3132/3404/2736 2303/3269/2002 769/2624/660 2298/2599/1998
f 2302/3268/2001 3132/3404/2736 2298/2599/1998 770/1262/661
f 763/3251/654 2342/3270/2041 3133/3271/2737 2304/3272/2003
f 733/3273/1 2344/3274/2043 3133/3271/2737 2342/3275/2041
f 768/3276/659 2304/3277/2003 3133/3271/2737 2344/3278/2043
f 737/3279/7 2343/3280/2042 3134/3281/2738 2345/3282/2044
f 767/3238/658 2305/3283/2004 3134/3281/2738 2343/3280/2042
f 772/2613/663 2345/3284/2044 3134/3281/2738 2305/3285/2004
f 769/3319/660 2297/3320/1997 3135/3321/2745 2310/3322/2013
f 2297/3320/1997 768/3294/659 2311/3405/2010 3135/3321/2745
f 3135/3321/2745 2311/3405/2010 773/3301/664 2306/3323/2006
f 2310/3322/2013 3135/3321/2745 2306/3323/2006 774/2747/665
f 772/3307/663 2300/3324/2054 3136/3325/2746 2312/3308/2011
f 2300/3324/2054 771/3311/662 2313/3313/2012 3136/3325/2746
f 3136/3325/2746 2313/3313/2012 776/3318/667 2309/3326/2055
f 2312/3308/2011 3136/3325/2746 2309/3326/2055 777/3309/668
f 770/3314/661 2298/2668/1998 3137/3327/2747 2314/3315/270
f 2298/2668/1998 769/3319/660 2310/3322/2013 3137/3327/2747
f 3137/3327/2747 2310/3322/2013 774/2747/665 2307/2773/2007
f 2314/3315/270 3137/3327/2747 2307/2773/2007 775/3316/666
f 768/3294/659 2344/3295/2043 3138/3296/2742 2311/3405/2010
f 733/3298/1 2346/3299/2045 3138/3296/2742 2344/3300/2043
f 773/3301/664 2311/3405/2010 3138/3296/2742 2346/3302/2045
f 737/3303/7 2345/3304/2044 3139/3305/2743 2347/3306/2046
f 772/3307/663 2312/3308/2011 3139/3305/2743 2345/3304/2044
f 777/3309/668 2347/3306/2046 3139/3305/2743 2312/3310/2011
f 771/3311/662 2299/2663/1999 3140/3312/2744 2313/3313/2012
f 2299/2663/1999 770/3314/661 2314/3315/270 3140/3312/2744
f 3140/3312/2744 2314/3315/270 775/3316/666 2308/3317/2008
f 2313/3313/2012 3140/3312/2744 2308/3317/2008 776/3318/667
f 777/3309/668 2309/3326/2055 3141/3346/2751 2319/3332/2018
f 2309/3326/2055 776/3318/667 2320/3348/2019 3141/3346/2751
f 3141/3346/2751 2320/3348/2019 781/3349/672 2318/3350/2017
f 2319/3332/2018 3141/3346/2751 2318/3350/2017 782/3333/673
f 775/3316/666 2307/2773/2007 3142/3351/2752 2321/3339/2020
f 2307/2773/2007 774/3352/665 2322/3353/2021 3142/3351/2752
f 3142/3351/2752 2322/3353/2021 779/3354/670 2316/3355/2015
f 2321/3339/2020 3142/3351/2752 2316/3355/2015 780/3340/671
f 773/3301/664 2346/3356/2045 3143/3357/2753 2323/3406/2022
f 733/3358/1 2348/3359/2047 3143/3357/2753 2346/3360/2045
f 778/2892/669 2323/3406/2022 3143/3357/2753 2348/3361/2047
f 737/3328/7 2347/3329/2046 3144/3330/2748 2349/3331/2048
f 777/3309/668 2319/3332/2018 3144/3330/2748 2347/3329/2046
f 782/3333/673 2349/3331/2048 3144/3330/2748 2319/3334/2018
f 776/3335/667 2308/3336/2008 3145/3337/2749 2320/3338/2019
f 2308/3336/2008 775/3316/666 2321/3339/2020 3145/3337/2749
f 3145/3337/2749 2321/3339/2020 780/3340/671 2317/3341/2016
f 2320/3338/2019 3145/3337/2749 2317/3341/2016 781/3342/672
f 774/2747/665 2306/3323/2006 3146/3343/2750 2322/2827/2021
f 2306/3323/2006 773/3301/664 2323/3406/2022 3146/3343/2750
f 3146/3343/2750 2323/3406/2022 778/2892/669 2315/3345/2014
f 2322/2827/2021 3146/3343/2750 2315/3345/2014 779/2869/670
f 782/3333/673 2318/3350/2017 3147/3374/2757 2350/3366/2049
f 2318/3350/2017 781/3349/672 2324/3369/2023 3147/3374/2757
f 3147/3374/2757 2324/3369/2023 784/3384/675 2329/3092/2028
f 2350/3366/2049 3147/3374/2757 2329/3092/2028 736/3075/629
f 780/3340/671 2316/3355/2015 3148/3375/2758 2351/3370/2050
f 2316/3355/2015 779/3354/670 2325/3372/2024 3148/3375/2758
f 3148/3375/2758 2325/3372/2024 783/3099/674 2327/1786/2026
f 2351/3370/2050 3148/3375/2758 2327/1786/2026 735/3082/358
f 778/2892/669 2348/3376/2047 3149/3377/2759 2352/3407/2051
f 733/3378/1 2243/3379/1944 3149/3377/2759 2348/3380/2047
f 734/1855/628 2352/3408/2051 3149/3377/2759 2243/3382/1944
f 737/3362/7 2349/3363/2048 3150/3364/2754 2244/3365/1945
f 782/3333/673 2350/3366/2049 3150/3364/2754 2349/3363/2048
f 736/3075/629 2244/3365/1945 3150/3364/2754 2350/3367/2049
f 781/3342/672 2317/3341/2016 3151/3368/2755 2324/3369/2023
f 2317/3341/2016 780/3340/671 2351/3370/2050 3151/3368/2755
f 3151/3368/2755 2351/3370/2050 735/3082/358 2328/3081/2027
f 2324/3369/2023 3151/3368/2755 2328/3081/2027 784/3080/675
f 779/2869/670 2315/3345/2014 3152/3371/2756 2325/3372/2024
f 2315/3345/2014 778/2892/669 2352/3407/2051 3152/3371/2756
f 3152/3371/2756 2352/3407/2051 734/1855/628 2326/3086/2025
f 2325/3372/2024 3152/3371/2756 2326/3086/2025 783/3386/674
